art/arenas/arena-default.jpg	2	275399	2026-04-22T04:28:02+00:00
art/arenas/arena-mechronis.jpg	1	2619242	2026-04-22T04:28:07+00:00
art/arenas/arena-new-babylon.jpg	1	2225250	2026-04-22T04:28:03+00:00
art/arenas/arena-panopticon.jpg	1	3165804	2026-04-22T04:28:03+00:00
art/arenas/arena-shadow-sanctum.jpg	1	2512899	2026-04-22T04:28:06+00:00
art/arenas/arena-terminus.jpg	1	4316896	2026-04-22T04:28:04+00:00
art/arenas/arena-thaloria.jpg	1	4099318	2026-04-22T04:28:03+00:00
art/arenas/arena-the-blood-weave.jpg	1	3799234	2026-04-22T04:28:06+00:00
art/arenas/arena-the-crucible.jpg	1	3449629	2026-04-22T04:28:10+00:00
art/cades/characters/char-1a-iron-lion-portrait.png	1	7187258	2026-04-22T04:28:25+00:00
art/cades/characters/char-1b-iron-lion-full.png	1	1262457	2026-04-22T04:28:23+00:00
art/cades/characters/char-1c-iron-lion-sprite.png	1	1161918	2026-04-22T04:28:23+00:00
art/cades/characters/char-1d-elara.png	1	6491291	2026-04-22T04:28:25+00:00
art/cades/characters/char-1e-thoughtborn-leader-boss-splash.png	1	6785856	2026-04-22T04:28:25+00:00
art/cades/characters/char-1e-thoughtborn-leader.png	1	1617279	2026-04-22T04:28:24+00:00
art/cades/characters/char-1f-game-master-human.png	1	6523557	2026-04-22T04:28:26+00:00
art/cades/characters/char-1g-game-master-robot.png	1	5904086	2026-04-22T04:28:26+00:00
art/cades/enemies/enemy-2a-machine-scout.png	1	277183	2026-04-22T04:28:24+00:00
art/cades/enemies/enemy-2b-machine-soldier.png	1	445877	2026-04-22T04:28:24+00:00
art/cades/enemies/enemy-2c-machine-vanguard.png	1	887574	2026-04-22T04:28:25+00:00
art/cades/enemies/enemy-2d-machine-disruptor.png	1	617154	2026-04-22T04:28:25+00:00
art/cades/enemies/enemy-2e-machine-commander.png	1	4421242	2026-04-22T04:28:26+00:00
art/cades/enemies/enemy-2f-reclamation-enforcer.png	1	975707	2026-04-22T04:28:25+00:00
art/cades/enemies/enemy-2g-reclamation-commander.png	1	599866	2026-04-22T04:28:25+00:00
art/cades/enemies/enemy-2h-salvager.png	1	477832	2026-04-22T04:28:25+00:00
art/cades/enemies/enemy-2i-salvager-leader.png	1	379695	2026-04-22T04:28:25+00:00
art/cades/enemies/enemy-2j-thoughtborn-pilgrim.png	1	445595	2026-04-22T04:28:25+00:00
art/cades/enemies/enemy-2k-architect-construct.png	1	1055278	2026-04-22T04:28:26+00:00
art/cades/enemies/enemy-2l-hierarchy-assassin.png	1	266179	2026-04-22T04:28:26+00:00
art/cades/enemies/enemy-2m-collector-drone.png	1	5679595	2026-04-22T04:28:31+00:00
art/cades/enemies/enemy-2n-reality-shard.png	1	5481007	2026-04-22T04:28:31+00:00
art/cades/enemies/enemy-2o-hierarchy-strike.png	1	368927	2026-04-22T04:28:27+00:00
art/cades/environments/env-3a-bridge-skybox.png	1	4507299	2026-04-22T04:28:30+00:00
art/cades/environments/env-3b-bridge-floor.png	1	1778416	2026-04-22T04:28:27+00:00
art/cades/environments/env-3c-bridge-barricade.png	1	1600860	2026-04-22T04:28:27+00:00
art/cades/environments/env-3d-ark-engineering-wall.png	1	5233469	2026-04-22T04:28:31+00:00
art/cades/environments/env-3e-ark-cargo-wall.png	1	1538549	2026-04-22T04:28:28+00:00
art/cades/environments/env-3f-ark-starfield.png	1	2523782	2026-04-22T04:28:29+00:00
art/cades/environments/env-3g-matrix-void.png	1	1757681	2026-04-22T04:28:28+00:00
art/cades/environments/env-3h-matrix-pillar.png	1	329082	2026-04-22T04:28:27+00:00
art/cades/props/prop-4a-cades-inactive.png	1	6521421	2026-04-22T04:28:33+00:00
art/cades/props/prop-4b-cades-active.png	1	5976689	2026-04-22T04:28:32+00:00
art/cades/props/prop-4c-iron-lion-note.png	1	1455867	2026-04-22T04:28:30+00:00
art/cades/props/prop-4d-engineering-manifest.png	1	5714125	2026-04-22T04:28:32+00:00
art/cades/props/prop-4e-cargo-jacket.png	1	6086485	2026-04-22T04:28:33+00:00
art/cades/props/prop-4f-old-photograph.png	1	1425595	2026-04-22T04:28:31+00:00
art/cades/props/prop-4g-goggles.png	1	5706891	2026-04-22T04:28:33+00:00
art/cades/ui/ui-5a-mode-select-bg.png	1	2188393	2026-04-22T04:28:31+00:00
art/cades/ui/ui-5b-gm-transmission-bg.png	1	6332249	2026-04-22T04:28:33+00:00
art/cades/ui/ui-5c-open-channel-bg.png	1	1952620	2026-04-22T04:28:31+00:00
art/cades/ui/ui-5d-loop-reset-dawn.png	1	2238757	2026-04-22T04:28:33+00:00
art/cades/ui/ui-5e-shield-bar.png	1	5057327	2026-04-22T04:28:34+00:00
art/cades/video-frames/video-9a-loop-reset-end.jpg	1	5950765	2026-04-22T04:28:35+00:00
art/cades/video-frames/video-9a-loop-reset-start.png	1	2653608	2026-04-22T04:28:33+00:00
art/cades/video-frames/video-9b-cades-activation-end.png	1	3111146	2026-04-22T04:28:35+00:00
art/cades/video-frames/video-9b-cades-activation-start.png	1	3179468	2026-04-22T04:28:35+00:00
art/cades/video-frames/video-9c-iron-lion-salute-end.png	1	2581392	2026-04-22T04:28:35+00:00
art/cades/video-frames/video-9c-iron-lion-salute-start.png	1	6321352	2026-04-22T04:28:39+00:00
art/cades/video-frames/video-9d-game-master-betrayal-end.png	1	6516953	2026-04-22T04:28:42+00:00
art/cades/video-frames/video-9d-game-master-betrayal-start.png	1	3184432	2026-04-22T04:28:36+00:00
art/cades/video-frames/video-9e-thoughtborn-arrival-end.png	1	2814731	2026-04-22T04:28:36+00:00
art/cades/video-frames/video-9e-thoughtborn-arrival-start.png	1	2628758	2026-04-22T04:28:36+00:00
art/card-game/card-back-dischordia.png	4	1084421	2026-04-22T04:28:36+00:00
art/card-game/card-back-seer.png	1	5459369	2026-05-20T03:40:39+00:00
art/card-game/card-pack-opening-ceremony.png	3	8576336	2026-04-22T04:28:43+00:00
art/card-game/pack-convergence.png	2	888249	2026-04-22T04:28:36+00:00
art/card-game/pack-genesis.png	2	945884	2026-04-22T04:28:37+00:00
art/card-game/pack-schism.png	2	978858	2026-04-22T04:28:37+00:00
art/card_game/card_vfx/card_buff_glow.png	1	4625674	2026-05-10T20:02:46+00:00
art/card_game/card_vfx/card_combo_chain.png	1	4753958	2026-05-10T20:02:46+00:00
art/card_game/card_vfx/card_debuff_curse.png	1	4756434	2026-05-10T20:02:46+00:00
art/card_game/card_vfx/card_destroy_shatter.png	1	5106547	2026-05-10T20:02:46+00:00
art/card_game/card_vfx/card_draw_glow.png	1	4724690	2026-05-10T20:02:46+00:00
art/card_game/card_vfx/card_legendary_reveal.png	1	4504308	2026-05-10T20:02:46+00:00
art/card_game/card_vfx/card_summon_burst.png	1	4262305	2026-05-10T20:02:46+00:00
art/card_game/card_vfx/card_void_drain.png	1	5417894	2026-05-10T20:02:46+00:00
art/card_game/soul_stones/soul_stone_authority.png	1	5009461	2026-05-10T20:02:58+00:00
art/card_game/soul_stones/soul_stone_dreamer.png	1	4528425	2026-05-10T20:03:00+00:00
art/card_game/soul_stones/soul_stone_hierarchy.png	1	5177420	2026-05-10T20:03:01+00:00
art/card_game/soul_stones/soul_stone_insurgency.png	1	4697205	2026-05-10T20:03:10+00:00
art/card_game/soul_stones/soul_stone_mechronis.png	1	4787685	2026-05-10T20:03:11+00:00
art/card_game/soul_stones/soul_stone_terminus.png	1	5184289	2026-05-10T20:03:11+00:00
art/card_game/soul_stones/soul_stone_watcher.png	1	4174658	2026-05-10T20:03:12+00:00
art/cards/allegiance/antiquarian_apprentice_t1.webp	1	595432	2026-04-28T02:44:41+00:00
art/cards/allegiance/antiquarian_archivekeeper_t5.webp	1	424952	2026-04-28T02:44:41+00:00
art/cards/allegiance/antiquarian_champion_t6.webp	1	550430	2026-04-28T02:44:41+00:00
art/cards/allegiance/antiquarian_curator_t3.webp	1	252190	2026-04-28T02:44:41+00:00
art/cards/allegiance/antiquarian_lorekeeper_t4.webp	1	429626	2026-04-28T02:44:41+00:00
art/cards/allegiance/antiquarian_scholar_t2.webp	1	357080	2026-04-28T02:44:41+00:00
art/cards/allegiance/architect_champion_t6.webp	1	584816	2026-04-28T02:44:41+00:00
art/cards/allegiance/architect_elite_t5.webp	1	386258	2026-04-28T02:44:41+00:00
art/cards/allegiance/architect_initiate_t1.webp	1	559338	2026-04-28T02:44:41+00:00
art/cards/allegiance/architect_servant_t2.webp	1	582842	2026-04-28T02:44:41+00:00
art/cards/allegiance/architect_veteran_t3.webp	1	272630	2026-04-28T02:44:41+00:00
art/cards/allegiance/architect_victorious_t4.webp	1	264846	2026-04-28T02:44:41+00:00
art/cards/allegiance/babylon_champion_t6.webp	1	252230	2026-04-28T02:44:41+00:00
art/cards/allegiance/babylon_clerk_t1.webp	1	296516	2026-04-28T02:44:41+00:00
art/cards/allegiance/babylon_governor_t5.webp	1	412376	2026-04-28T02:44:41+00:00
art/cards/allegiance/babylon_magistrate_t2.webp	1	255314	2026-04-28T02:44:41+00:00
art/cards/allegiance/babylon_senator_t4.webp	1	394514	2026-04-28T02:44:41+00:00
art/cards/allegiance/babylon_tax_collector_t3.webp	1	465846	2026-04-28T02:44:41+00:00
art/cards/allegiance/dreamer_acolyte_t1.webp	1	303094	2026-04-28T02:44:41+00:00
art/cards/allegiance/dreamer_champion_t6.webp	1	493248	2026-04-28T02:44:41+00:00
art/cards/allegiance/dreamer_dreamwalker_t5.webp	1	691292	2026-04-28T02:44:41+00:00
art/cards/allegiance/dreamer_prophet_t4.webp	1	344004	2026-04-28T02:44:41+00:00
art/cards/allegiance/dreamer_seer_t2.webp	1	766002	2026-04-28T02:44:41+00:00
art/cards/allegiance/dreamer_visionary_t3.webp	1	617900	2026-04-28T02:44:41+00:00
art/cards/allegiance/insurgency_cell_leader_t3.webp	1	540394	2026-04-28T02:44:41+00:00
art/cards/allegiance/insurgency_champion_t6.webp	1	356898	2026-04-28T02:44:41+00:00
art/cards/allegiance/insurgency_commander_t4.webp	1	524236	2026-04-28T02:44:41+00:00
art/cards/allegiance/insurgency_operative_t2.webp	1	593600	2026-04-28T02:44:41+00:00
art/cards/allegiance/insurgency_recruit_t1.webp	1	533290	2026-04-28T02:44:41+00:00
art/cards/allegiance/insurgency_warlord_t5.webp	1	310262	2026-04-28T02:44:41+00:00
art/cards/allegiance/thought_virus_carrier_t1.webp	1	626560	2026-04-28T02:44:41+00:00
art/cards/allegiance/thought_virus_champion_t6.webp	1	563334	2026-04-28T02:44:41+00:00
art/cards/allegiance/thought_virus_evangelist_t2.webp	1	137194	2026-04-28T02:44:41+00:00
art/cards/allegiance/thought_virus_prime_vessel_t5.webp	1	566858	2026-04-28T02:44:41+00:00
art/cards/allegiance/thought_virus_strain_keeper_t3.webp	1	399844	2026-04-28T02:44:41+00:00
art/cards/allegiance/thought_virus_vector_t4.webp	1	561670	2026-04-28T02:44:41+00:00
art/cards/antiquarian/age_ender.webp	1	711678	2026-04-28T02:44:41+00:00
art/cards/antiquarian/age_of_reckoning.webp	1	569884	2026-04-28T02:44:41+00:00
art/cards/antiquarian/age_of_silence.webp	1	464110	2026-04-28T02:44:41+00:00
art/cards/antiquarian/age_walker.webp	1	702554	2026-04-28T02:44:41+00:00
art/cards/antiquarian/antiquarians_referendum.webp	1	584268	2026-04-28T02:44:41+00:00
art/cards/antiquarian/archaeological_dig.webp	1	677902	2026-04-28T02:44:41+00:00
art/cards/antiquarian/chrono_anchor.webp	1	520260	2026-04-28T02:44:41+00:00
art/cards/antiquarian/chrono_blade.webp	1	869832	2026-04-28T02:44:41+00:00
art/cards/antiquarian/chronoguard_sentinel.webp	1	957978	2026-04-28T02:44:41+00:00
art/cards/antiquarian/chronosplicer.webp	1	624130	2026-04-28T02:44:41+00:00
art/cards/antiquarian/complete_archive.webp	1	435534	2026-04-28T02:44:41+00:00
art/cards/antiquarian/epoch_rewind.webp	1	418846	2026-04-28T02:44:41+00:00
art/cards/antiquarian/epoch_walker.webp	1	845934	2026-04-28T02:44:41+00:00
art/cards/antiquarian/epoch_watcher.webp	1	1038988	2026-04-28T02:44:41+00:00
art/cards/antiquarian/era_guardian.webp	1	603542	2026-04-28T02:44:41+00:00
art/cards/antiquarian/era_shift.webp	1	792714	2026-04-28T02:44:41+00:00
art/cards/antiquarian/fossil_record.webp	1	651232	2026-04-28T02:44:41+00:00
art/cards/antiquarian/fossil_sentinel.webp	1	526820	2026-04-28T02:44:41+00:00
art/cards/antiquarian/hourglass_golem.webp	1	677810	2026-04-28T02:44:41+00:00
art/cards/antiquarian/knowledge_keeper.webp	1	820670	2026-04-28T02:44:41+00:00
art/cards/antiquarian/memory_splice.webp	1	664942	2026-04-28T02:44:41+00:00
art/cards/antiquarian/memory_thief.webp	1	658364	2026-04-28T02:44:41+00:00
art/cards/antiquarian/paradox_acolyte.webp	1	556748	2026-04-28T02:44:41+00:00
art/cards/antiquarian/preservation_field.webp	1	569094	2026-04-28T02:44:41+00:00
art/cards/antiquarian/questmaster.webp	1	776872	2026-04-28T02:44:41+00:00
art/cards/antiquarian/relic_keeper.webp	1	618474	2026-04-28T02:44:41+00:00
art/cards/antiquarian/relic_scholar.webp	1	479818	2026-04-28T02:44:41+00:00
art/cards/antiquarian/stoic_guardian.webp	1	778594	2026-04-28T02:44:41+00:00
art/cards/antiquarian/temporal_archivist.webp	1	290176	2026-04-28T02:44:41+00:00
art/cards/antiquarian/temporal_collapse.webp	1	737336	2026-04-28T02:44:41+00:00
art/cards/antiquarian/temporal_fracture.webp	1	240310	2026-04-28T02:44:41+00:00
art/cards/antiquarian/the_antiquarian_general.webp	1	345052	2026-04-28T02:44:41+00:00
art/cards/antiquarian/the_antiquarian_legendary.webp	1	760008	2026-04-28T02:44:41+00:00
art/cards/antiquarian/the_archivist_supreme.webp	1	768624	2026-04-28T02:44:41+00:00
art/cards/antiquarian/the_programmer.webp	1	743190	2026-04-28T02:44:41+00:00
art/cards/antiquarian/time_capsule.webp	1	476324	2026-04-28T02:44:41+00:00
art/cards/antiquarian/timeline_collapse.webp	1	675192	2026-04-28T02:44:41+00:00
art/cards/antiquarian/timeline_splitter.webp	1	924060	2026-04-28T02:44:41+00:00
art/cards/antiquarian/vaccine_protocol.webp	1	861694	2026-04-28T02:44:41+00:00
art/cards/architect/architects_mandate.webp	1	628976	2026-04-28T02:44:41+00:00
art/cards/architect/architects_mockery.webp	1	625116	2026-04-28T02:44:41+00:00
art/cards/architect/architects_schematic.webp	1	558250	2026-04-28T02:44:41+00:00
art/cards/architect/archive_wyrm.webp	1	678550	2026-04-28T02:44:41+00:00
art/cards/architect/arena_architect.webp	1	639032	2026-04-28T02:44:41+00:00
art/cards/architect/arena_enforcer.webp	1	790228	2026-04-28T02:44:41+00:00
art/cards/architect/arena_protocol.webp	1	727890	2026-04-28T02:44:41+00:00
art/cards/architect/bronze_scarab.webp	1	730682	2026-04-28T02:44:41+00:00
art/cards/architect/calculated_checkmate.webp	1	653566	2026-04-28T02:44:41+00:00
art/cards/architect/calculated_retreat.webp	1	834560	2026-04-28T02:44:41+00:00
art/cards/architect/chrome_archon.webp	1	676260	2026-04-28T02:44:41+00:00
art/cards/architect/cipher_logics_edge.webp	1	755838	2026-04-28T02:44:41+00:00
art/cards/architect/cipher_serpent.webp	1	486070	2026-04-28T02:44:41+00:00
art/cards/architect/collectors_trophy.webp	1	533784	2026-04-28T02:44:41+00:00
art/cards/architect/corrupted_ark_fragment.webp	1	190402	2026-04-28T02:44:41+00:00
art/cards/architect/data_hatchling.webp	1	743516	2026-04-28T02:44:41+00:00
art/cards/architect/dr_lyra_vox.webp	1	583874	2026-04-28T02:44:41+00:00
art/cards/architect/game_masters_challenge.webp	1	406596	2026-04-28T02:44:41+00:00
art/cards/architect/general_alarik.webp	1	549738	2026-04-28T02:44:41+00:00
art/cards/architect/general_binath_vii.webp	1	916830	2026-04-28T02:44:41+00:00
art/cards/architect/general_prometheus.webp	1	353548	2026-04-28T02:44:41+00:00
art/cards/architect/gilt_juggernaut.webp	1	639084	2026-04-28T02:44:41+00:00
art/cards/architect/grand_design.webp	1	670778	2026-04-28T02:44:41+00:00
art/cards/architect/grandmasters_gambit.webp	1	991426	2026-04-28T02:44:41+00:00
art/cards/architect/inception_ark_sentry.webp	1	914232	2026-04-28T02:44:41+00:00
art/cards/architect/iron_beetle.webp	1	701008	2026-04-28T02:44:41+00:00
art/cards/architect/master_engineer.webp	1	645926	2026-04-28T02:44:41+00:00
art/cards/architect/master_of_rlyeh.webp	1	471712	2026-04-28T02:44:41+00:00
art/cards/architect/module_integration.webp	1	912576	2026-04-28T02:44:41+00:00
art/cards/architect/panoptic_elara.webp	1	634644	2026-04-28T02:44:41+00:00
art/cards/architect/panoptic_lockdown.webp	1	356708	2026-04-28T02:44:41+00:00
art/cards/architect/panoptic_warden_foucault.webp	1	340946	2026-04-28T02:44:41+00:00
art/cards/architect/panopticon_override.webp	1	658592	2026-04-28T02:44:41+00:00
art/cards/architect/pazaak_champion.webp	1	295304	2026-04-28T02:44:41+00:00
art/cards/architect/perfect_clone.webp	1	604612	2026-04-28T02:44:41+00:00
art/cards/architect/predetermined_outcome.webp	1	580914	2026-04-28T02:44:41+00:00
art/cards/architect/protocol_enforcer.webp	1	295870	2026-04-28T02:44:41+00:00
art/cards/architect/protocol_override.webp	1	466440	2026-04-28T02:44:41+00:00
art/cards/architect/recursive_calibration.webp	1	557848	2026-04-28T02:44:41+00:00
art/cards/architect/schematic_override.webp	1	929420	2026-04-28T02:44:41+00:00
art/cards/architect/schematic_sentinel.webp	1	702806	2026-04-28T02:44:41+00:00
art/cards/architect/senator_elara_voss.webp	1	555628	2026-04-28T02:44:41+00:00
art/cards/architect/station_commander.webp	1	430574	2026-04-28T02:44:41+00:00
art/cards/architect/surveillance_probe.webp	1	539234	2026-04-28T02:44:41+00:00
art/cards/architect/system_purge.webp	1	532778	2026-04-28T02:44:41+00:00
art/cards/architect/terminus_bulwark.webp	1	624648	2026-04-28T02:44:41+00:00
art/cards/architect/the_architect_general.webp	1	501388	2026-04-28T02:44:42+00:00
art/cards/architect/the_architect_legendary.webp	1	511422	2026-04-28T02:44:42+00:00
art/cards/architect/the_authority.webp	1	409408	2026-04-28T02:44:42+00:00
art/cards/architect/the_collector_battle.webp	1	1084328	2026-04-28T02:44:42+00:00
art/cards/architect/the_collector_puppet.webp	1	1047416	2026-04-28T02:44:42+00:00
art/cards/architect/the_conexus.webp	1	284282	2026-04-28T02:44:42+00:00
art/cards/architect/the_detective_architect.webp	1	905936	2026-04-28T02:44:42+00:00
art/cards/architect/the_game_master.webp	1	846252	2026-04-28T02:44:42+00:00
art/cards/architect/the_humans_trust.webp	1	522406	2026-04-28T02:44:42+00:00
art/cards/architect/the_jailer_architect.webp	1	631692	2026-04-28T02:44:42+00:00
art/cards/architect/the_meme.webp	1	644288	2026-04-28T02:44:42+00:00
art/cards/architect/the_necromancer_architect.webp	1	623606	2026-04-28T02:44:42+00:00
art/cards/architect/the_politician.webp	1	785596	2026-04-28T02:44:42+00:00
art/cards/architect/the_twelfth_archon.webp	1	439716	2026-04-28T02:44:42+00:00
art/cards/architect/three_moves.webp	1	513416	2026-04-28T02:44:42+00:00
art/cards/architect/white_oracle.webp	1	739024	2026-04-28T02:44:42+00:00
art/cards/class/akai_shi_first_apprentice.webp	1	325166	2026-04-28T02:44:42+00:00
art/cards/class/auspex.webp	1	408306	2026-04-28T02:44:42+00:00
art/cards/class/burn_the_handler.webp	1	597502	2026-04-28T02:44:42+00:00
art/cards/class/cover_name.webp	1	558886	2026-04-28T02:44:42+00:00
art/cards/class/dead_drop.webp	1	304278	2026-04-28T02:44:42+00:00
art/cards/class/dual_discipline.webp	1	187414	2026-04-28T02:44:42+00:00
art/cards/class/engineers_apprentice.webp	1	225086	2026-04-28T02:44:42+00:00
art/cards/class/execute_protocol.webp	1	502130	2026-04-28T02:44:42+00:00
art/cards/class/field_modification.webp	1	574874	2026-04-28T02:44:42+00:00
art/cards/class/five_schools_avatar.webp	1	215012	2026-04-28T02:44:42+00:00
art/cards/class/glass_blade_initiate.webp	1	376990	2026-04-28T02:44:42+00:00
art/cards/class/hybrid_initiate.webp	1	516042	2026-04-28T02:44:42+00:00
art/cards/class/iron_vanguard.webp	1	472498	2026-04-28T02:44:42+00:00
art/cards/class/kinetic_containment_sink.webp	1	615670	2026-04-28T02:44:42+00:00
art/cards/class/last_regiment_standing.webp	1	191380	2026-04-28T02:44:42+00:00
art/cards/class/line_recruit.webp	1	734456	2026-04-28T02:44:42+00:00
art/cards/class/oracles_unbroken_signal.webp	1	282052	2026-04-28T02:44:42+00:00
art/cards/class/prescient_glyph.webp	1	467138	2026-04-28T02:44:42+00:00
art/cards/class/prototype_blueprint.webp	1	470952	2026-04-28T02:44:42+00:00
art/cards/class/rally_the_line.webp	1	670454	2026-04-28T02:44:42+00:00
art/cards/class/reader_of_tomorrows.webp	1	168502	2026-04-28T02:44:42+00:00
art/cards/class/second_sight.webp	1	159654	2026-04-28T02:44:42+00:00
art/cards/class/shieldwall.webp	1	575260	2026-04-28T02:44:42+00:00
art/cards/class/signal_ghost.webp	1	431176	2026-04-28T02:44:42+00:00
art/cards/class/silent_step.webp	1	615476	2026-04-28T02:44:42+00:00
art/cards/class/syncretic_adept.webp	1	482620	2026-04-28T02:44:42+00:00
art/cards/class/three_schools_master.webp	1	163444	2026-04-28T02:44:42+00:00
art/cards/class/twelfth_archon_apprentice.webp	1	672270	2026-04-28T02:44:42+00:00
art/cards/class/witness_remover.webp	1	369306	2026-04-28T02:44:42+00:00
art/cards/class/workshop_drone.webp	1	346052	2026-04-28T02:44:42+00:00
art/cards/dimension/bayes_adept.webp	1	300140	2026-04-28T02:44:42+00:00
art/cards/dimension/cartographer_of_elsewhere.webp	1	193516	2026-04-28T02:44:42+00:00
art/cards/dimension/consensus_weaver.webp	1	434536	2026-04-28T02:44:42+00:00
art/cards/dimension/folded_distance.webp	1	480550	2026-04-28T02:44:42+00:00
art/cards/dimension/ground_truth_witness.webp	1	459578	2026-04-28T02:44:42+00:00
art/cards/dimension/hour_unmaker.webp	1	500632	2026-04-28T02:44:42+00:00
art/cards/dimension/loop_walker.webp	1	411338	2026-04-28T02:44:42+00:00
art/cards/dimension/moment_keeper.webp	1	318680	2026-04-28T02:44:42+00:00
art/cards/dimension/outcome_gambler.webp	1	372096	2026-04-28T02:44:42+00:00
art/cards/dimension/parallax_walker.webp	1	533478	2026-04-28T02:44:42+00:00
art/cards/dimension/sum_over_histories.webp	1	148258	2026-04-28T02:44:42+00:00
art/cards/dimension/thing_actually_happening.webp	1	429942	2026-04-28T02:44:42+00:00
art/cards/dreamer/arcane_monarch.webp	1	467816	2026-04-28T02:44:42+00:00
art/cards/dreamer/astral_warden.webp	1	404746	2026-04-28T02:44:42+00:00
art/cards/dreamer/awakened_neyon.webp	1	714596	2026-04-28T02:44:42+00:00
art/cards/dreamer/chrono_kitten.webp	1	599492	2026-04-28T02:44:42+00:00
art/cards/dreamer/dawn_ascendant.webp	1	333560	2026-04-28T02:44:42+00:00
art/cards/dreamer/destiny.webp	1	462990	2026-04-28T02:44:42+00:00
art/cards/dreamer/dream_sentinel.webp	1	524540	2026-04-28T02:44:42+00:00
art/cards/dreamer/dream_walk.webp	1	698710	2026-04-28T02:44:42+00:00
art/cards/dreamer/dream_weave.webp	1	211910	2026-04-28T02:44:42+00:00
art/cards/dreamer/echoes_of_the_fall.webp	1	720444	2026-04-28T02:44:42+00:00
art/cards/dreamer/entropy_roll.webp	1	344936	2026-04-28T02:44:42+00:00
art/cards/dreamer/epoch_panther.webp	1	891022	2026-04-28T02:44:42+00:00
art/cards/dreamer/fates_edge.webp	1	770912	2026-04-28T02:44:42+00:00
art/cards/dreamer/fox_kit.webp	1	335926	2026-04-28T02:44:42+00:00
art/cards/dreamer/glyph_larva.webp	1	739420	2026-04-28T02:44:42+00:00
art/cards/dreamer/golden_prophecy_shard.webp	1	573902	2026-04-28T02:44:42+00:00
art/cards/dreamer/holographic_apex_fox.webp	1	564534	2026-04-28T02:44:42+00:00
art/cards/dreamer/investigators_lens.webp	1	722516	2026-04-28T02:44:42+00:00
art/cards/dreamer/lucid_clarity.webp	1	697348	2026-04-28T02:44:42+00:00
art/cards/dreamer/lux_the_light.webp	1	221796	2026-04-28T02:44:42+00:00
art/cards/dreamer/master_oracle.webp	1	243788	2026-04-28T02:44:42+00:00
art/cards/dreamer/minds_eye.webp	1	918550	2026-04-28T02:44:42+00:00
art/cards/dreamer/nythera.webp	1	936292	2026-04-28T02:44:42+00:00
art/cards/dreamer/oracles_blessing.webp	1	575012	2026-04-28T02:44:42+00:00
art/cards/dreamer/oracles_memory_fragment.webp	1	568600	2026-04-28T02:44:42+00:00
art/cards/dreamer/oracles_wrath.webp	1	548452	2026-04-28T02:44:42+00:00
art/cards/dreamer/precognition.webp	1	683184	2026-04-28T02:44:42+00:00
art/cards/dreamer/probability_storm.webp	1	662322	2026-04-28T02:44:42+00:00
art/cards/dreamer/probability_surge.webp	1	537456	2026-04-28T02:44:42+00:00
art/cards/dreamer/prophecy_incarnate.webp	1	1037972	2026-04-28T02:44:42+00:00
art/cards/dreamer/prophecy_keeper.webp	1	271436	2026-04-28T02:44:42+00:00
art/cards/dreamer/prophetic_collapse.webp	1	470688	2026-04-28T02:44:42+00:00
art/cards/dreamer/reality_anchor.webp	1	724608	2026-04-28T02:44:42+00:00
art/cards/dreamer/reality_fracture.webp	1	579936	2026-04-28T02:44:42+00:00
art/cards/dreamer/resurrection_protocol.webp	1	535594	2026-04-28T02:44:42+00:00
art/cards/dreamer/sigil_moth.webp	1	749924	2026-04-28T02:44:42+00:00
art/cards/dreamer/signal_bearer.webp	1	1020226	2026-04-28T02:44:42+00:00
art/cards/dreamer/spectral_fox.webp	1	668696	2026-04-28T02:44:42+00:00
art/cards/dreamer/starlight_familiar.webp	1	459026	2026-04-28T02:44:42+00:00
art/cards/dreamer/temporal_cat.webp	1	452954	2026-04-28T02:44:42+00:00
art/cards/dreamer/the_advocate.webp	1	388736	2026-04-28T02:44:42+00:00
art/cards/dreamer/the_ascended_oracle.webp	1	839234	2026-04-28T02:44:42+00:00
art/cards/dreamer/the_degen.webp	1	1115422	2026-04-28T02:44:42+00:00
art/cards/dreamer/the_dreamer_general.webp	1	310440	2026-04-28T02:44:42+00:00
art/cards/dreamer/the_dreamer_legendary.webp	1	820590	2026-04-28T02:44:42+00:00
art/cards/dreamer/the_enigma_epic.webp	1	594052	2026-04-28T02:44:42+00:00
art/cards/dreamer/the_enigma_legendary.webp	1	937606	2026-04-28T02:44:42+00:00
art/cards/dreamer/the_forgotten.webp	1	883332	2026-04-28T02:44:42+00:00
art/cards/dreamer/the_inventor.webp	1	552068	2026-04-28T02:44:42+00:00
art/cards/dreamer/the_judge.webp	1	644254	2026-04-28T02:44:42+00:00
art/cards/dreamer/the_knowledge.webp	1	1060486	2026-04-28T02:44:42+00:00
art/cards/dreamer/the_oracle_dreamer.webp	1	654466	2026-04-28T02:44:42+00:00
art/cards/dreamer/the_oracle_prophet.webp	1	591146	2026-04-28T02:44:42+00:00
art/cards/dreamer/the_prisoner.webp	1	707320	2026-04-28T02:44:42+00:00
art/cards/dreamer/the_resurrectionist.webp	1	533312	2026-04-28T02:44:42+00:00
art/cards/dreamer/the_seer.webp	1	679338	2026-04-28T02:44:42+00:00
art/cards/dreamer/top_floor_door.webp	1	541528	2026-04-28T02:44:42+00:00
art/cards/dreamer/vision_cascade.webp	1	645406	2026-04-28T02:44:42+00:00
art/cards/dreamer/vision_walker.webp	1	664054	2026-04-28T02:44:42+00:00
art/cards/dreamer/vision_weaver.webp	1	495998	2026-04-28T02:44:42+00:00
art/cards/dreamer/vortex_seal.webp	1	678650	2026-04-28T02:44:42+00:00
art/cards/dreamer/vortex_walker.webp	1	416930	2026-04-28T02:44:42+00:00
art/cards/element/abyssal_form.webp	1	801688	2026-04-28T02:44:42+00:00
art/cards/element/blaze_lancer.webp	1	804880	2026-04-28T02:44:42+00:00
art/cards/element/breath_before_language.webp	1	339860	2026-04-28T02:44:42+00:00
art/cards/element/breeze_whisper.webp	1	426132	2026-04-28T02:44:42+00:00
art/cards/element/conflagration.webp	1	516430	2026-04-28T02:44:42+00:00
art/cards/element/cyclone_herald.webp	1	490914	2026-04-28T02:44:42+00:00
art/cards/element/dissolving_wave.webp	1	699204	2026-04-28T02:44:42+00:00
art/cards/element/ember_scout.webp	1	664884	2026-04-28T02:44:42+00:00
art/cards/element/gale_chorus.webp	1	719652	2026-04-28T02:44:42+00:00
art/cards/element/mercy_current.webp	1	546838	2026-04-28T02:44:42+00:00
art/cards/element/mountain_vow.webp	1	798258	2026-04-28T02:44:42+00:00
art/cards/element/ocean_that_forgives.webp	1	770756	2026-04-28T02:44:42+00:00
art/cards/element/rooted_sentinel.webp	1	567264	2026-04-28T02:44:42+00:00
art/cards/element/skyrider.webp	1	316706	2026-04-28T02:44:42+00:00
art/cards/element/slate_golem.webp	1	603406	2026-04-28T02:44:42+00:00
art/cards/element/sleeping_continent.webp	1	559960	2026-04-28T02:44:42+00:00
art/cards/element/spark_fragment.webp	1	456104	2026-04-28T02:44:42+00:00
art/cards/element/tectonic_warden.webp	1	703938	2026-04-28T02:44:42+00:00
art/cards/element/the_first_flame.webp	1	603994	2026-04-28T02:44:42+00:00
art/cards/element/tide_keeper.webp	1	468048	2026-04-28T02:44:42+00:00
art/cards/gen_antiquarian.webp	1	154472	2026-04-22T04:28:43+00:00
art/cards/gen_architect.webp	1	425718	2026-04-22T04:28:43+00:00
art/cards/gen_dreamer.webp	1	76904	2026-04-22T04:28:43+00:00
art/cards/gen_insurgency.webp	1	101974	2026-04-22T04:28:43+00:00
art/cards/gen_neutral.webp	1	93904	2026-04-22T04:28:43+00:00
art/cards/gen_new_babylon.webp	1	99322	2026-04-22T04:28:43+00:00
art/cards/gen_thought_virus.webp	1	176178	2026-04-22T04:28:43+00:00
art/cards/imprint/agent_zero_t1.webp	2	303306	2026-04-28T02:44:43+00:00
art/cards/imprint/agent_zero_t2.webp	1	537248	2026-04-28T02:44:43+00:00
art/cards/imprint/agent_zero_t3.webp	1	487806	2026-04-28T02:44:43+00:00
art/cards/imprint/agent_zero_t4.webp	1	315500	2026-04-28T02:44:43+00:00
art/cards/imprint/agent_zero_t5.webp	1	382148	2026-04-28T02:44:43+00:00
art/cards/imprint/akai_shi_t1.webp	1	403704	2026-04-28T02:44:43+00:00
art/cards/imprint/akai_shi_t2.webp	1	488884	2026-04-28T02:44:43+00:00
art/cards/imprint/akai_shi_t3.webp	1	329182	2026-04-28T02:44:43+00:00
art/cards/imprint/akai_shi_t4.webp	1	555888	2026-04-28T02:44:43+00:00
art/cards/imprint/akai_shi_t5.webp	1	506702	2026-04-28T02:44:43+00:00
art/cards/imprint/antiquarian_t1.webp	1	499246	2026-04-28T02:44:43+00:00
art/cards/imprint/antiquarian_t2.webp	1	747844	2026-04-28T02:44:43+00:00
art/cards/imprint/antiquarian_t3.webp	1	384252	2026-04-28T02:44:43+00:00
art/cards/imprint/antiquarian_t4.webp	1	605644	2026-04-28T02:44:43+00:00
art/cards/imprint/antiquarian_t5.webp	1	367696	2026-04-28T02:44:43+00:00
art/cards/imprint/architect_t1.webp	1	417450	2026-04-28T02:44:43+00:00
art/cards/imprint/architect_t2.webp	1	341526	2026-04-28T02:44:43+00:00
art/cards/imprint/architect_t3.webp	1	721772	2026-04-28T02:44:43+00:00
art/cards/imprint/architect_t4.webp	1	450062	2026-04-28T02:44:43+00:00
art/cards/imprint/architect_t5.webp	1	347306	2026-04-28T02:44:43+00:00
art/cards/imprint/collector_t1.webp	1	508978	2026-04-28T02:44:43+00:00
art/cards/imprint/collector_t2.webp	1	177114	2026-04-28T02:44:43+00:00
art/cards/imprint/collector_t3.webp	1	438552	2026-04-28T02:44:43+00:00
art/cards/imprint/collector_t4.webp	1	426520	2026-04-28T02:44:43+00:00
art/cards/imprint/collector_t5.webp	1	634200	2026-04-28T02:44:43+00:00
art/cards/imprint/detective_t1.webp	1	481544	2026-04-28T02:44:43+00:00
art/cards/imprint/detective_t2.webp	1	419064	2026-04-28T02:44:43+00:00
art/cards/imprint/detective_t3.webp	1	368130	2026-04-28T02:44:43+00:00
art/cards/imprint/detective_t4.webp	1	673408	2026-04-28T02:44:43+00:00
art/cards/imprint/detective_t5.webp	1	297442	2026-04-28T02:44:43+00:00
art/cards/imprint/dreamer_t1.webp	1	457852	2026-04-28T02:44:43+00:00
art/cards/imprint/dreamer_t2.webp	1	381800	2026-04-28T02:44:43+00:00
art/cards/imprint/dreamer_t3.webp	1	229654	2026-04-28T02:44:43+00:00
art/cards/imprint/dreamer_t4.webp	1	244498	2026-04-28T02:44:43+00:00
art/cards/imprint/dreamer_t5.webp	1	312706	2026-04-28T02:44:43+00:00
art/cards/imprint/elara_t1.webp	1	349720	2026-04-28T02:44:43+00:00
art/cards/imprint/elara_t2.webp	1	401150	2026-04-28T02:44:43+00:00
art/cards/imprint/elara_t3.webp	1	553922	2026-04-28T02:44:43+00:00
art/cards/imprint/elara_t4.webp	1	502016	2026-04-28T02:44:43+00:00
art/cards/imprint/elara_t5.webp	1	556484	2026-04-28T02:44:43+00:00
art/cards/imprint/engineer_t1.webp	1	349320	2026-04-28T02:44:43+00:00
art/cards/imprint/engineer_t2.webp	1	586256	2026-04-28T02:44:43+00:00
art/cards/imprint/engineer_t3.webp	1	516754	2026-04-28T02:44:43+00:00
art/cards/imprint/engineer_t4.webp	1	644414	2026-04-28T02:44:43+00:00
art/cards/imprint/engineer_t5.webp	1	649894	2026-04-28T02:44:43+00:00
art/cards/imprint/enigma_t1.webp	1	539118	2026-04-28T02:44:43+00:00
art/cards/imprint/enigma_t2.webp	1	487200	2026-04-28T02:44:43+00:00
art/cards/imprint/enigma_t3.webp	1	400712	2026-04-28T02:44:43+00:00
art/cards/imprint/enigma_t4.webp	1	324102	2026-04-28T02:44:43+00:00
art/cards/imprint/enigma_t5.webp	1	605002	2026-04-28T02:44:43+00:00
art/cards/imprint/foucault_t1.webp	1	489196	2026-04-28T02:44:43+00:00
art/cards/imprint/foucault_t2.webp	1	506948	2026-04-28T02:44:43+00:00
art/cards/imprint/foucault_t3.webp	1	444868	2026-04-28T02:44:43+00:00
art/cards/imprint/foucault_t4.webp	1	508132	2026-04-28T02:44:43+00:00
art/cards/imprint/foucault_t5.webp	1	361718	2026-04-28T02:44:43+00:00
art/cards/imprint/human_t1.webp	1	520034	2026-04-28T02:44:43+00:00
art/cards/imprint/human_t2.webp	1	603406	2026-04-28T02:44:43+00:00
art/cards/imprint/human_t3.webp	1	512256	2026-04-28T02:44:43+00:00
art/cards/imprint/human_t4.webp	1	553542	2026-04-28T02:44:43+00:00
art/cards/imprint/human_t5.webp	1	430418	2026-04-28T02:44:43+00:00
art/cards/imprint/iron_lion_t1.webp	1	587016	2026-04-28T02:44:43+00:00
art/cards/imprint/iron_lion_t2.webp	1	684134	2026-04-28T02:44:43+00:00
art/cards/imprint/iron_lion_t3.webp	1	579486	2026-04-28T02:44:43+00:00
art/cards/imprint/iron_lion_t4.webp	1	720648	2026-04-28T02:44:43+00:00
art/cards/imprint/iron_lion_t5.webp	1	829926	2026-04-28T02:44:43+00:00
art/cards/imprint/jailer_t1.webp	1	512116	2026-04-28T02:44:43+00:00
art/cards/imprint/jailer_t2.webp	1	444764	2026-04-28T02:44:43+00:00
art/cards/imprint/jailer_t3.webp	1	518562	2026-04-28T02:44:43+00:00
art/cards/imprint/jailer_t4.webp	1	397258	2026-04-28T02:44:43+00:00
art/cards/imprint/jailer_t5.webp	1	791860	2026-04-28T02:44:43+00:00
art/cards/imprint/locke_t1.webp	1	275406	2026-04-28T02:44:43+00:00
art/cards/imprint/locke_t2.webp	1	599492	2026-04-28T02:44:43+00:00
art/cards/imprint/locke_t3.webp	1	257736	2026-04-28T02:44:43+00:00
art/cards/imprint/locke_t4.webp	1	228352	2026-04-28T02:44:43+00:00
art/cards/imprint/locke_t5.webp	1	517242	2026-04-28T02:44:43+00:00
art/cards/imprint/necromancer_t1.webp	1	422486	2026-04-28T02:44:43+00:00
art/cards/imprint/necromancer_t2.webp	1	304304	2026-04-28T02:44:43+00:00
art/cards/imprint/necromancer_t3.webp	1	584604	2026-04-28T02:44:43+00:00
art/cards/imprint/necromancer_t4.webp	1	394784	2026-04-28T02:44:43+00:00
art/cards/imprint/necromancer_t5.webp	1	442334	2026-04-28T02:44:43+00:00
art/cards/imprint/oracle_t1.webp	1	671062	2026-04-28T02:44:43+00:00
art/cards/imprint/oracle_t2.webp	1	361226	2026-04-28T02:44:43+00:00
art/cards/imprint/oracle_t3.webp	1	624950	2026-04-28T02:44:43+00:00
art/cards/imprint/oracle_t4.webp	1	244718	2026-04-28T02:44:43+00:00
art/cards/imprint/oracle_t5.webp	1	637026	2026-04-28T02:44:43+00:00
art/cards/imprint/source_t1.webp	1	649586	2026-04-28T02:44:43+00:00
art/cards/imprint/source_t2.webp	1	767110	2026-04-28T02:44:43+00:00
art/cards/imprint/source_t3.webp	1	466478	2026-04-28T02:44:43+00:00
art/cards/imprint/source_t4.webp	1	754810	2026-04-28T02:44:43+00:00
art/cards/imprint/source_t5.webp	1	568434	2026-04-28T02:44:43+00:00
art/cards/insurgency/agent_zero_general.webp	1	572508	2026-04-28T02:44:43+00:00
art/cards/insurgency/agent_zero_legendary.webp	1	606352	2026-04-28T02:44:43+00:00
art/cards/insurgency/agent_zero_reborn.webp	1	865466	2026-04-28T02:44:43+00:00
art/cards/insurgency/ambush_protocol.webp	1	601022	2026-04-28T02:44:43+00:00
art/cards/insurgency/covert_operative.webp	1	715754	2026-04-28T02:44:43+00:00
art/cards/insurgency/dead_frequency_jam.webp	1	801892	2026-04-28T02:44:43+00:00
art/cards/insurgency/dead_signal_burst.webp	1	663964	2026-04-28T02:44:43+00:00
art/cards/insurgency/echo_the_resonance.webp	1	743812	2026-04-28T02:44:43+00:00
art/cards/insurgency/encrypted_broadcast.webp	1	466580	2026-04-28T02:44:43+00:00
art/cards/insurgency/flicker_fiend.webp	1	939138	2026-04-28T02:44:43+00:00
art/cards/insurgency/fresh_recruit.webp	1	608146	2026-04-28T02:44:43+00:00
art/cards/insurgency/fungal_colossus.webp	1	687096	2026-04-28T02:44:43+00:00
art/cards/insurgency/guerrilla_cell.webp	1	921898	2026-04-28T02:44:43+00:00
art/cards/insurgency/guerrilla_strike.webp	1	545278	2026-04-28T02:44:43+00:00
art/cards/insurgency/i_love_war.webp	1	929366	2026-04-28T02:44:43+00:00
art/cards/insurgency/inferno_djinn.webp	1	928900	2026-04-28T02:44:43+00:00
art/cards/insurgency/insurgent_commander.webp	1	779182	2026-04-28T02:44:43+00:00
art/cards/insurgency/intel_leak.webp	1	710224	2026-04-28T02:44:43+00:00
art/cards/insurgency/iron_lion_general.webp	1	794244	2026-04-28T02:44:43+00:00
art/cards/insurgency/iron_lion_legendary.webp	1	636492	2026-04-28T02:44:43+00:00
art/cards/insurgency/jericho_jones.webp	1	1054328	2026-04-28T02:44:43+00:00
art/cards/insurgency/kael.webp	1	964200	2026-04-28T02:44:43+00:00
art/cards/insurgency/kael_the_recruiter.webp	1	1024708	2026-04-28T02:44:43+00:00
art/cards/insurgency/liberation_protocol.webp	1	945094	2026-04-28T02:44:43+00:00
art/cards/insurgency/master_spy.webp	1	646248	2026-04-28T02:44:43+00:00
art/cards/insurgency/mission_briefing.webp	1	737254	2026-04-28T02:44:43+00:00
art/cards/insurgency/mycelial_bloom.webp	1	784666	2026-04-28T02:44:43+00:00
art/cards/insurgency/rebel_arsenal.webp	1	758364	2026-04-28T02:44:43+00:00
art/cards/insurgency/rebel_yell.webp	1	786728	2026-04-28T02:44:43+00:00
art/cards/insurgency/rebels_conviction.webp	1	982478	2026-04-28T02:44:43+00:00
art/cards/insurgency/saboteur.webp	1	927394	2026-04-28T02:44:43+00:00
art/cards/insurgency/safe_house.webp	1	580106	2026-04-28T02:44:43+00:00
art/cards/insurgency/scorched_earth.webp	1	856226	2026-04-28T02:44:43+00:00
art/cards/insurgency/signal_booster.webp	1	740296	2026-04-28T02:44:43+00:00
art/cards/insurgency/signal_intercept.webp	1	766688	2026-04-28T02:44:43+00:00
art/cards/insurgency/signal_operative.webp	1	822020	2026-04-28T02:44:43+00:00
art/cards/insurgency/signal_repeater.webp	1	756230	2026-04-28T02:44:43+00:00
art/cards/insurgency/smugglers_cache.webp	1	686322	2026-04-28T02:44:43+00:00
art/cards/insurgency/spark_imp.webp	1	632100	2026-04-28T02:44:43+00:00
art/cards/insurgency/spore_seedling.webp	1	589192	2026-04-28T02:44:43+00:00
art/cards/insurgency/supply_drop.webp	1	809592	2026-04-28T02:44:43+00:00
art/cards/insurgency/the_engineer_insurgency.webp	1	828224	2026-04-28T02:44:43+00:00
art/cards/insurgency/the_eyes.webp	1	845318	2026-04-28T02:44:43+00:00
art/cards/insurgency/the_hierophant.webp	1	776398	2026-04-28T02:44:43+00:00
art/cards/insurgency/the_nomad.webp	1	776372	2026-04-28T02:44:44+00:00
art/cards/insurgency/the_oracle_insurgency.webp	1	941110	2026-04-28T02:44:44+00:00
art/cards/insurgency/the_recruiter.webp	1	923260	2026-04-28T02:44:44+00:00
art/cards/insurgency/the_shadow_tongue.webp	1	640138	2026-04-28T02:44:44+00:00
art/cards/insurgency/void_flame_runner.webp	1	1018572	2026-04-28T02:44:44+00:00
art/cards/insurgency/wraith_calder.webp	1	526398	2026-04-28T02:44:44+00:00
art/cards/insurgency/zeros_parting_gift.webp	1	748694	2026-04-28T02:44:44+00:00
art/cards/neutral/ambassador_veron.webp	1	505736	2026-04-28T02:44:44+00:00
art/cards/neutral/arena_aspirant.webp	1	819028	2026-04-28T02:44:44+00:00
art/cards/neutral/arena_champion.webp	1	531798	2026-04-28T02:44:44+00:00
art/cards/neutral/arena_legend.webp	1	344446	2026-04-28T02:44:44+00:00
art/cards/neutral/arena_veteran.webp	1	542142	2026-04-28T02:44:44+00:00
art/cards/neutral/ark_defender.webp	1	536622	2026-04-28T02:44:44+00:00
art/cards/neutral/ark_emergency_protocol.webp	1	713996	2026-04-28T02:44:44+00:00
art/cards/neutral/battle_hardened_companion.webp	1	820050	2026-04-28T02:44:44+00:00
art/cards/neutral/black_market_dealer.webp	1	779340	2026-04-28T02:44:44+00:00
art/cards/neutral/bloodline_inheritor.webp	1	706992	2026-04-28T02:44:44+00:00
art/cards/neutral/bond_of_trust.webp	1	217474	2026-04-28T02:44:44+00:00
art/cards/neutral/border_scout.webp	1	724142	2026-04-28T02:44:44+00:00
art/cards/neutral/bounty_board.webp	1	726216	2026-04-28T02:44:44+00:00
art/cards/neutral/building_the_architect.webp	1	1281972	2026-04-28T02:44:44+00:00
art/cards/neutral/charitable_spirit.webp	1	632230	2026-04-28T02:44:44+00:00
art/cards/neutral/compassion_protocol.webp	1	743762	2026-04-28T02:44:44+00:00
art/cards/neutral/courier_sprite.webp	1	656066	2026-04-28T02:44:44+00:00
art/cards/neutral/dedicated_operative.webp	1	371716	2026-04-28T02:44:44+00:00
art/cards/neutral/dimensional_rift.webp	1	874246	2026-04-28T02:44:44+00:00
art/cards/neutral/dischordian_logic_song.webp	1	739184	2026-04-28T02:44:44+00:00
art/cards/neutral/dischordian_logic_spell.webp	1	767008	2026-04-28T02:44:44+00:00
art/cards/neutral/draft_master.webp	1	607726	2026-04-28T02:44:44+00:00
art/cards/neutral/drifter.webp	1	455624	2026-04-28T02:44:44+00:00
art/cards/neutral/echo_chamber.webp	1	669546	2026-04-28T02:44:44+00:00
art/cards/neutral/echo_of_the_fall.webp	1	554980	2026-04-28T02:44:44+00:00
art/cards/neutral/elara_advocate.webp	1	418414	2026-04-28T02:44:44+00:00
art/cards/neutral/elara_awakened.webp	1	771708	2026-04-28T02:44:44+00:00
art/cards/neutral/elara_general.webp	1	596782	2026-04-28T02:44:44+00:00
art/cards/neutral/elara_ship_intelligence.webp	1	709020	2026-04-28T02:44:44+00:00
art/cards/neutral/elaras_final_gift.webp	1	601658	2026-04-28T02:44:44+00:00
art/cards/neutral/elaras_guidance.webp	1	565056	2026-04-28T02:44:44+00:00
art/cards/neutral/emergency_protocol.webp	1	845862	2026-04-28T02:44:44+00:00
art/cards/neutral/evolved_familiar.webp	1	621954	2026-04-28T02:44:44+00:00
art/cards/neutral/field_medic.webp	1	615924	2026-04-28T02:44:44+00:00
art/cards/neutral/field_medic_vote.webp	1	758202	2026-04-28T02:44:44+00:00
art/cards/neutral/first_ascension.webp	1	872024	2026-04-28T02:44:44+00:00
art/cards/neutral/graduated_operative.webp	1	708410	2026-04-28T02:44:44+00:00
art/cards/neutral/guild_founder.webp	1	586908	2026-04-28T02:44:44+00:00
art/cards/neutral/guild_officer.webp	1	309242	2026-04-28T02:44:44+00:00
art/cards/neutral/halls_blessing.webp	1	1051048	2026-04-28T02:44:44+00:00
art/cards/neutral/hired_blade.webp	1	1012330	2026-04-28T02:44:44+00:00
art/cards/neutral/hired_gun.webp	1	937062	2026-04-28T02:44:44+00:00
art/cards/neutral/holiday_feast.webp	1	713364	2026-04-28T02:44:44+00:00
art/cards/neutral/holiday_surprise.webp	1	597476	2026-04-28T02:44:44+00:00
art/cards/neutral/honored_rival.webp	1	594294	2026-04-28T02:44:44+00:00
art/cards/neutral/incubator_prime.webp	1	538082	2026-04-28T02:44:44+00:00
art/cards/neutral/ironclad_veteran.webp	1	796384	2026-04-28T02:44:44+00:00
art/cards/neutral/judgment_day.webp	1	560936	2026-04-28T02:44:44+00:00
art/cards/neutral/legions_wisdom.webp	1	727248	2026-04-28T02:44:44+00:00
art/cards/neutral/lip_service.webp	1	1044976	2026-04-28T02:44:44+00:00
art/cards/neutral/lucky_break.webp	1	1054460	2026-04-28T02:44:44+00:00
art/cards/neutral/lucky_spinner.webp	1	866010	2026-04-28T02:44:44+00:00
art/cards/neutral/neutral_observer.webp	1	560064	2026-04-28T02:44:44+00:00
art/cards/neutral/nonos.webp	1	549416	2026-04-28T02:44:44+00:00
art/cards/neutral/nythera_awakened.webp	1	710774	2026-04-28T02:44:44+00:00
art/cards/neutral/nythera_general.webp	1	609382	2026-04-28T02:44:44+00:00
art/cards/neutral/nythera_ship_intelligence.webp	1	719060	2026-04-28T02:44:44+00:00
art/cards/neutral/objective_secured.webp	1	376158	2026-04-28T02:44:44+00:00
art/cards/neutral/quintessence_guardian.webp	1	662952	2026-04-28T02:44:44+00:00
art/cards/neutral/raid_champion.webp	1	1078104	2026-04-28T02:44:44+00:00
art/cards/neutral/rally_the_warband.webp	1	540282	2026-04-28T02:44:44+00:00
art/cards/neutral/ruin_stalker.webp	1	576038	2026-04-28T02:44:44+00:00
art/cards/neutral/scrapyard_golem.webp	1	624774	2026-04-28T02:44:44+00:00
art/cards/neutral/season_one_commemorative.webp	1	429130	2026-04-28T02:44:44+00:00
art/cards/neutral/seasons_end.webp	1	402208	2026-04-28T02:44:44+00:00
art/cards/neutral/shades_of_grey.webp	1	261850	2026-04-28T02:44:44+00:00
art/cards/neutral/sixth_sense.webp	1	766068	2026-04-28T02:44:44+00:00
art/cards/neutral/smugglers_cache.webp	1	827426	2026-04-28T02:44:44+00:00
art/cards/neutral/supply_runner.webp	1	810804	2026-04-28T02:44:44+00:00
art/cards/neutral/the_balanced_witness.webp	1	499380	2026-04-28T02:44:44+00:00
art/cards/neutral/the_book_of_daniel_2.webp	1	571096	2026-04-28T02:44:44+00:00
art/cards/neutral/the_burnt_card.webp	1	467454	2026-04-28T02:44:44+00:00
art/cards/neutral/the_detective.webp	1	387218	2026-04-28T02:44:44+00:00
art/cards/neutral/the_enigmas_lament.webp	1	529018	2026-04-28T02:44:44+00:00
art/cards/neutral/the_game_master.webp	1	365996	2026-04-28T02:44:44+00:00
art/cards/neutral/the_inception.webp	1	666980	2026-04-28T02:44:44+00:00
art/cards/neutral/the_programmer.webp	1	795936	2026-04-28T02:44:44+00:00
art/cards/neutral/the_seer.webp	1	601164	2026-04-28T02:44:44+00:00
art/cards/neutral/the_student.webp	1	491408	2026-04-28T02:44:44+00:00
art/cards/neutral/the_two_witnesses.webp	1	446112	2026-04-28T02:44:44+00:00
art/cards/neutral/threefold_reborn.webp	1	875490	2026-04-28T02:44:44+00:00
art/cards/neutral/traces_of_something_spiritual.webp	1	692858	2026-04-28T02:44:44+00:00
art/cards/neutral/transcended_one.webp	1	679332	2026-04-28T02:44:44+00:00
art/cards/neutral/trusted_ally.webp	1	613256	2026-04-28T02:44:44+00:00
art/cards/neutral/undefeated_drafter.webp	1	607300	2026-04-28T02:44:44+00:00
art/cards/neutral/universal_adapter.webp	1	737012	2026-04-28T02:44:44+00:00
art/cards/neutral/unscathed_victor.webp	1	596856	2026-04-28T02:44:44+00:00
art/cards/neutral/void_crystal.webp	1	580586	2026-04-28T02:44:44+00:00
art/cards/neutral/void_touched_specimen.webp	1	840106	2026-04-28T02:44:44+00:00
art/cards/neutral/wandering_merchant.webp	1	838464	2026-04-28T02:44:44+00:00
art/cards/new_babylon/adjudicar_locke.webp	1	793150	2026-04-28T02:44:44+00:00
art/cards/new_babylon/adjudicator_locke.webp	1	888840	2026-04-28T02:44:44+00:00
art/cards/new_babylon/akai_shi.webp	1	683966	2026-04-28T02:44:44+00:00
art/cards/new_babylon/akai_shi_red_death.webp	1	255446	2026-04-28T02:44:44+00:00
art/cards/new_babylon/auros_the_honor.webp	1	397330	2026-04-28T02:44:44+00:00
art/cards/new_babylon/blood_tax.webp	1	568028	2026-04-28T02:44:44+00:00
art/cards/new_babylon/bounty_notice.webp	1	959740	2026-04-28T02:44:44+00:00
art/cards/new_babylon/casino_mogul.webp	1	579408	2026-04-28T02:44:44+00:00
art/cards/new_babylon/citadel_guardian.webp	1	778184	2026-04-28T02:44:44+00:00
art/cards/new_babylon/crystal_archive_guard.webp	1	812892	2026-04-28T02:44:44+00:00
art/cards/new_babylon/crystal_senator.webp	1	454758	2026-04-28T02:44:44+00:00
art/cards/new_babylon/crystal_vault.webp	1	750474	2026-04-28T02:44:44+00:00
art/cards/new_babylon/debt_collector.webp	1	421746	2026-04-28T02:44:44+00:00
art/cards/new_babylon/district_enforcer.webp	1	707696	2026-04-28T02:44:44+00:00
art/cards/new_babylon/economic_sanctions.webp	1	439534	2026-04-28T02:44:44+00:00
art/cards/new_babylon/fenra_the_moon_tyrant.webp	1	589844	2026-04-28T02:44:44+00:00
art/cards/new_babylon/galactic_tycoon.webp	1	510738	2026-04-28T02:44:44+00:00
art/cards/new_babylon/governor_thane.webp	1	693966	2026-04-28T02:44:44+00:00
art/cards/new_babylon/high_roller.webp	1	683258	2026-04-28T02:44:44+00:00
art/cards/new_babylon/hostile_acquisition.webp	1	591594	2026-04-28T02:44:44+00:00
art/cards/new_babylon/hostile_takeover.webp	1	621224	2026-04-28T02:44:44+00:00
art/cards/new_babylon/iron_decree.webp	1	530298	2026-04-28T02:44:44+00:00
art/cards/new_babylon/leveraged_buyout.webp	1	550566	2026-04-28T02:44:44+00:00
art/cards/new_babylon/liquidation_sale.webp	1	554750	2026-04-28T02:44:44+00:00
art/cards/new_babylon/lockes_favor.webp	1	436580	2026-04-28T02:44:44+00:00
art/cards/new_babylon/lockes_inner_circle.webp	1	583510	2026-04-28T02:44:44+00:00
art/cards/new_babylon/market_crash.webp	1	888502	2026-04-28T02:44:45+00:00
art/cards/new_babylon/market_manipulation.webp	1	892052	2026-04-28T02:44:45+00:00
art/cards/new_babylon/master_soldier.webp	1	418704	2026-04-28T02:44:45+00:00
art/cards/new_babylon/merchants_fortune.webp	1	835328	2026-04-28T02:44:45+00:00
art/cards/new_babylon/nebula_shark.webp	1	712866	2026-04-28T02:44:45+00:00
art/cards/new_babylon/propaganda_herald.webp	1	647256	2026-04-28T02:44:45+00:00
art/cards/new_babylon/riri_ahlia_taskmaster.webp	1	364488	2026-04-28T02:44:45+00:00
art/cards/new_babylon/sector_warden.webp	1	545654	2026-04-28T02:44:45+00:00
art/cards/new_babylon/senator_voss.webp	1	699288	2026-04-28T02:44:45+00:00
art/cards/new_babylon/shadow_route_manifest.webp	1	525714	2026-04-28T02:44:45+00:00
art/cards/new_babylon/spire_assassin.webp	1	752212	2026-04-28T02:44:45+00:00
art/cards/new_babylon/syndicate_broker.webp	1	442656	2026-04-28T02:44:45+00:00
art/cards/new_babylon/syndicate_contract.webp	1	580794	2026-04-28T02:44:45+00:00
art/cards/new_babylon/syndicate_enforcer.webp	1	774942	2026-04-28T02:44:45+00:00
art/cards/new_babylon/syndicate_foreman.webp	1	755144	2026-04-28T02:44:45+00:00
art/cards/new_babylon/syndicate_overlord.webp	1	583798	2026-04-28T02:44:45+00:00
art/cards/new_babylon/tax_collector.webp	1	610792	2026-04-28T02:44:45+00:00
art/cards/new_babylon/territory_commander.webp	1	621148	2026-04-28T02:44:45+00:00
art/cards/new_babylon/the_authority_nb.webp	1	389722	2026-04-28T02:44:45+00:00
art/cards/new_babylon/the_human_nb.webp	1	321788	2026-04-28T02:44:45+00:00
art/cards/new_babylon/trade_captain.webp	1	541080	2026-04-28T02:44:45+00:00
art/cards/new_babylon/trade_embargo.webp	1	651212	2026-04-28T02:44:45+00:00
art/cards/new_babylon/trade_enforcer.webp	1	616372	2026-04-28T02:44:45+00:00
art/cards/new_babylon/trade_scout.webp	1	540272	2026-04-28T02:44:45+00:00
art/cards/new_babylon/tribunal_magistrate.webp	1	244746	2026-04-28T02:44:45+00:00
art/cards/new_babylon/war_dividend.webp	1	312286	2026-04-28T02:44:45+00:00
art/cards/panopticon/blacksite_interrogator.webp	1	559094	2026-04-28T02:44:45+00:00
art/cards/panopticon/compliance_officer.webp	1	420110	2026-04-28T02:44:45+00:00
art/cards/panopticon/data_harvester.webp	1	623752	2026-04-28T02:44:45+00:00
art/cards/panopticon/oculus_sentinel.webp	1	410220	2026-04-28T02:44:45+00:00
art/cards/panopticon/panoptic_drone.webp	1	446292	2026-04-28T02:44:45+00:00
art/cards/panopticon/registry_clerk.webp	1	478870	2026-04-28T02:44:45+00:00
art/cards/panopticon/thought_censor.webp	1	164888	2026-04-28T02:44:45+00:00
art/cards/panopticon/warden_prime.webp	1	320574	2026-04-28T02:44:45+00:00
art/cards/race/demagi_foot_soldier.webp	1	554856	2026-04-28T02:44:45+00:00
art/cards/race/demagi_war_priest.webp	1	586064	2026-04-28T02:44:45+00:00
art/cards/race/demagi_xethraal_archlord.webp	1	582646	2026-04-28T02:44:45+00:00
art/cards/race/human_citizen_of_atarion.webp	1	827956	2026-04-28T02:44:45+00:00
art/cards/race/human_final_potential.webp	1	424920	2026-04-28T02:44:45+00:00
art/cards/race/human_senate_legionary.webp	1	537858	2026-04-28T02:44:45+00:00
art/cards/race/neyon_adept.webp	1	541426	2026-04-28T02:44:45+00:00
art/cards/race/neyon_bondwalker.webp	1	360998	2026-04-28T02:44:45+00:00
art/cards/race/neyon_kael_first.webp	1	362456	2026-04-28T02:44:45+00:00
art/cards/race/quarchon_archivist.webp	1	814578	2026-04-28T02:44:45+00:00
art/cards/race/quarchon_crystal_senator.webp	1	685414	2026-04-28T02:44:45+00:00
art/cards/race/quarchon_latticework.webp	1	672592	2026-04-28T02:44:45+00:00
art/cards/race/synthetic_loyal_instrument.webp	1	436098	2026-04-28T02:44:45+00:00
art/cards/race/synthetic_watchtower.webp	1	226456	2026-04-28T02:44:45+00:00
art/cards/race/synthetic_worker.webp	1	631948	2026-04-28T02:44:45+00:00
art/cards/s1_char_001.webp	1	102844	2026-04-22T04:28:43+00:00
art/cards/s1_char_002.webp	1	115488	2026-04-22T04:28:43+00:00
art/cards/s1_char_003.webp	1	91758	2026-04-22T04:28:43+00:00
art/cards/s1_char_004.webp	1	124210	2026-04-22T04:28:43+00:00
art/cards/s1_char_005.webp	1	123558	2026-04-22T04:28:43+00:00
art/cards/s1_char_006.webp	1	97912	2026-04-22T04:28:43+00:00
art/cards/s1_char_007.webp	1	91520	2026-04-22T04:28:44+00:00
art/cards/s1_char_008.webp	1	122044	2026-04-22T04:28:43+00:00
art/cards/s1_char_009.webp	1	122766	2026-04-22T04:28:43+00:00
art/cards/s1_char_010.webp	1	240928	2026-04-22T04:28:43+00:00
art/cards/s1_char_011.webp	1	261162	2026-04-22T04:28:43+00:00
art/cards/s1_char_012.webp	1	155666	2026-04-22T04:28:43+00:00
art/cards/s1_char_013.webp	1	93436	2026-04-22T04:28:44+00:00
art/cards/s1_char_014.webp	1	94322	2026-04-22T04:28:44+00:00
art/cards/s1_char_015.webp	1	95462	2026-04-22T04:28:43+00:00
art/cards/s1_char_016.webp	1	92428	2026-04-22T04:28:43+00:00
art/cards/s1_char_017.webp	1	109870	2026-04-22T04:28:43+00:00
art/cards/s1_char_019.webp	1	173636	2026-04-22T04:28:44+00:00
art/cards/s1_char_020.webp	1	235920	2026-04-22T04:28:44+00:00
art/cards/s1_char_021.webp	1	142144	2026-04-22T04:28:44+00:00
art/cards/s1_char_022.webp	1	166600	2026-04-22T04:28:44+00:00
art/cards/s1_char_023.webp	1	202616	2026-04-22T04:28:44+00:00
art/cards/s1_char_024.webp	1	149254	2026-04-22T04:28:44+00:00
art/cards/s1_char_025.webp	1	149338	2026-04-22T04:28:44+00:00
art/cards/s1_char_026.webp	1	102224	2026-04-22T04:28:44+00:00
art/cards/s1_char_027.webp	1	187804	2026-04-22T04:28:44+00:00
art/cards/s1_char_028.webp	1	97566	2026-04-22T04:28:44+00:00
art/cards/s1_char_029.webp	1	70460	2026-04-22T04:28:44+00:00
art/cards/s1_char_030.webp	1	96596	2026-04-22T04:28:44+00:00
art/cards/s1_char_031.webp	1	128534	2026-04-22T04:28:44+00:00
art/cards/s1_char_032.webp	1	395140	2026-04-22T04:28:44+00:00
art/cards/s1_char_033.webp	1	79870	2026-04-22T04:28:44+00:00
art/cards/s1_char_034.webp	1	274072	2026-04-22T04:28:44+00:00
art/cards/s1_char_035.webp	1	127736	2026-04-22T04:28:44+00:00
art/cards/s1_char_036.webp	1	308550	2026-04-22T04:28:44+00:00
art/cards/s1_char_037.webp	1	149456	2026-04-22T04:28:44+00:00
art/cards/s1_char_038.webp	1	324914	2026-04-22T04:28:44+00:00
art/cards/s1_char_039.webp	1	254716	2026-04-22T04:28:44+00:00
art/cards/s1_char_040.webp	1	78564	2026-04-22T04:28:44+00:00
art/cards/s1_char_041.webp	1	108120	2026-04-22T04:28:44+00:00
art/cards/s1_char_042.webp	1	107482	2026-04-22T04:28:44+00:00
art/cards/s1_char_043.webp	1	182712	2026-04-22T04:28:44+00:00
art/cards/s1_char_044.webp	1	232378	2026-04-22T04:28:44+00:00
art/cards/s1_char_045.webp	1	79728	2026-04-22T04:28:44+00:00
art/cards/s1_char_046.webp	1	155588	2026-04-22T04:28:44+00:00
art/cards/s1_char_047.webp	1	126236	2026-04-22T04:28:44+00:00
art/cards/s1_char_049.webp	1	221390	2026-04-22T04:28:44+00:00
art/cards/s1_char_050.webp	1	108100	2026-04-22T04:28:44+00:00
art/cards/s1_char_051.webp	1	123132	2026-04-22T04:28:44+00:00
art/cards/s1_char_052.webp	1	100690	2026-04-22T04:28:44+00:00
art/cards/s1_char_053.webp	1	108310	2026-04-22T04:28:44+00:00
art/cards/s1_char_054.webp	1	54778	2026-04-22T04:28:44+00:00
art/cards/s1_char_055.webp	1	109694	2026-04-22T04:28:44+00:00
art/cards/s1_char_056.webp	1	114380	2026-04-22T04:28:44+00:00
art/cards/s1_char_057.webp	1	72720	2026-04-22T04:28:44+00:00
art/cards/s1_char_058.webp	1	124094	2026-04-22T04:28:44+00:00
art/cards/s1_char_059.webp	1	130386	2026-04-22T04:28:44+00:00
art/cards/s1_char_060.webp	1	91722	2026-04-22T04:28:44+00:00
art/cards/s1_char_061.webp	1	242172	2026-04-22T04:28:44+00:00
art/cards/s1_char_062.webp	1	145224	2026-04-22T04:28:44+00:00
art/cards/s1_char_063.webp	1	122746	2026-04-22T04:28:44+00:00
art/cards/s1_char_064.webp	1	93398	2026-04-22T04:28:44+00:00
art/cards/s1_char_065.webp	1	104716	2026-04-22T04:28:44+00:00
art/cards/s1_char_066.webp	1	121326	2026-04-22T04:28:44+00:00
art/cards/s1_char_070.webp	1	209482	2026-04-22T04:28:44+00:00
art/cards/s1_char_071.webp	1	188892	2026-04-22T04:28:44+00:00
art/cards/s1_char_072.webp	1	158090	2026-04-22T04:28:44+00:00
art/cards/s1_char_073.webp	1	161080	2026-04-22T04:28:44+00:00
art/cards/s1_char_074.webp	1	270460	2026-04-22T04:28:44+00:00
art/cards/s1_char_075.webp	1	329216	2026-04-22T04:28:44+00:00
art/cards/s1_char_076.webp	1	160254	2026-04-22T04:28:44+00:00
art/cards/s1_char_077.webp	1	155416	2026-04-22T04:28:44+00:00
art/cards/s1_char_078.webp	1	202110	2026-04-22T04:28:44+00:00
art/cards/s1_char_079.webp	1	198130	2026-04-22T04:28:44+00:00
art/cards/s1_char_080.webp	1	188196	2026-04-22T04:28:44+00:00
art/cards/s1_char_081.webp	1	177600	2026-04-22T04:28:44+00:00
art/cards/s1_char_082.webp	1	161030	2026-04-22T04:28:44+00:00
art/cards/s1_char_083.webp	1	96082	2026-04-22T04:28:44+00:00
art/cards/s1_char_084.webp	1	123172	2026-04-22T04:28:44+00:00
art/cards/s1_char_085.webp	1	125964	2026-04-22T04:28:44+00:00
art/cards/s1_char_086.webp	1	151020	2026-04-22T04:28:44+00:00
art/cards/s1_char_087.webp	1	139266	2026-04-22T04:28:44+00:00
art/cards/s1_char_088.webp	1	127820	2026-04-22T04:28:44+00:00
art/cards/s1_char_089.webp	1	98818	2026-04-22T04:28:44+00:00
art/cards/s1_char_090.webp	1	122482	2026-04-22T04:28:44+00:00
art/cards/s1_char_091.webp	1	93452	2026-04-22T04:28:45+00:00
art/cards/s1_char_092.webp	1	135642	2026-04-22T04:28:45+00:00
art/cards/s1_char_093.webp	1	228082	2026-04-22T04:28:45+00:00
art/cards/s1_char_097.webp	1	196700	2026-04-22T04:28:45+00:00
art/cards/s1_char_100.webp	1	86876	2026-04-22T04:28:45+00:00
art/cards/s1_char_101.webp	1	118714	2026-04-22T04:28:45+00:00
art/cards/s1_char_102.webp	1	78470	2026-04-22T04:28:45+00:00
art/cards/s1_char_103.webp	1	89356	2026-04-22T04:28:45+00:00
art/cards/s1_char_104.webp	1	215880	2026-04-22T04:28:45+00:00
art/cards/s1_char_105.webp	1	115108	2026-04-22T04:28:45+00:00
art/cards/s1_char_106.webp	1	94020	2026-04-22T04:28:45+00:00
art/cards/s1_char_107.webp	1	232940	2026-04-22T04:28:45+00:00
art/cards/s1_char_108.webp	1	63958	2026-04-22T04:28:45+00:00
art/cards/s1_char_109.webp	1	135760	2026-04-22T04:28:45+00:00
art/cards/s1_char_110.webp	1	103168	2026-04-22T04:28:45+00:00
art/cards/s1_char_111.webp	1	152710	2026-04-22T04:28:45+00:00
art/cards/s1_char_112.webp	1	133048	2026-04-22T04:28:45+00:00
art/cards/s1_char_113.webp	1	252892	2026-04-22T04:28:45+00:00
art/cards/s1_char_114.webp	1	327910	2026-04-22T04:28:45+00:00
art/cards/s1_char_115.webp	1	163092	2026-04-22T04:28:45+00:00
art/cards/s1_char_116.webp	1	179694	2026-04-22T04:28:45+00:00
art/cards/s1_char_117.webp	1	159438	2026-04-22T04:28:45+00:00
art/cards/s1_char_118.webp	1	124496	2026-04-22T04:28:45+00:00
art/cards/s1_char_119.webp	1	75136	2026-04-22T04:28:45+00:00
art/cards/s1_char_120.webp	1	138530	2026-04-22T04:28:45+00:00
art/cards/s1_char_121.webp	1	102238	2026-04-22T04:28:45+00:00
art/cards/s1_char_122.webp	1	136818	2026-04-22T04:28:45+00:00
art/cards/s1_char_123.webp	1	93146	2026-04-22T04:28:45+00:00
art/cards/s1_char_124.webp	1	121692	2026-04-22T04:28:45+00:00
art/cards/s1_char_200.webp	1	172804	2026-04-22T04:28:45+00:00
art/cards/s1_char_201.webp	1	133988	2026-04-22T04:28:45+00:00
art/cards/s1_char_202.webp	1	128884	2026-04-22T04:28:45+00:00
art/cards/s1_char_203.webp	1	107700	2026-04-22T04:28:45+00:00
art/cards/s1_pack_001.webp	1	136094	2026-04-22T04:28:45+00:00
art/cards/s1_pack_002.webp	1	59016	2026-04-22T04:28:45+00:00
art/cards/s1_pack_003.webp	1	109578	2026-04-22T04:28:45+00:00
art/cards/s1_pack_004.webp	1	126514	2026-04-22T04:28:45+00:00
art/cards/s1_pack_005.webp	2	117638	2026-04-22T04:28:45+00:00
art/cards/s1_pack_006.webp	2	89500	2026-04-22T04:28:45+00:00
art/cards/s1_pack_007.webp	2	41722	2026-04-22T04:28:45+00:00
art/cards/s1_pack_008.webp	2	309496	2026-04-22T04:28:45+00:00
art/cards/s1_pack_009.webp	1	85196	2026-04-22T04:28:45+00:00
art/cards/s1_pack_010.webp	1	155530	2026-04-22T04:28:45+00:00
art/cards/s1_pack_011.webp	1	126292	2026-04-22T04:28:45+00:00
art/cards/s1_pack_012.webp	1	101534	2026-04-22T04:28:45+00:00
art/cards/s1_pack_013.webp	1	310834	2026-04-22T04:28:45+00:00
art/cards/s1_pack_014.webp	1	203166	2026-04-22T04:28:45+00:00
art/cards/s1_pack_015.webp	1	153692	2026-04-22T04:28:45+00:00
art/cards/s1_pack_016.webp	1	116240	2026-04-22T04:28:45+00:00
art/cards/s1_pack_017.webp	1	147654	2026-04-22T04:28:45+00:00
art/cards/s1_pack_018.webp	1	93496	2026-04-22T04:28:45+00:00
art/cards/s1_pack_019.webp	1	152434	2026-04-22T04:28:45+00:00
art/cards/s1_pack_020.webp	1	106912	2026-04-22T04:28:45+00:00
art/cards/s1_pack_021.webp	1	82182	2026-04-22T04:28:45+00:00
art/cards/s1_pack_022.webp	1	268420	2026-04-22T04:28:46+00:00
art/cards/s1_pack_023.webp	1	163184	2026-04-22T04:28:45+00:00
art/cards/s1_pack_024.webp	1	197756	2026-04-22T04:28:46+00:00
art/cards/s1_pack_025.webp	1	258366	2026-04-22T04:28:46+00:00
art/cards/s1_pack_026.webp	1	278372	2026-04-22T04:28:46+00:00
art/cards/s1_pack_027.webp	1	387674	2026-04-22T04:28:46+00:00
art/cards/s1_pack_028.webp	1	328134	2026-04-22T04:28:46+00:00
art/cards/s1_pack_029.webp	1	107380	2026-04-22T04:28:46+00:00
art/cards/s1_pack_030.webp	1	88368	2026-04-22T04:28:46+00:00
art/cards/s1_pack_031.webp	1	91350	2026-04-22T04:28:46+00:00
art/cards/s1_pack_032.webp	1	207398	2026-04-22T04:28:46+00:00
art/cards/s1_pack_033.webp	1	171338	2026-04-22T04:28:46+00:00
art/cards/s1_pack_034.webp	1	196896	2026-04-22T04:28:46+00:00
art/cards/s1_pack_035.webp	1	435690	2026-04-22T04:28:46+00:00
art/cards/s1_pack_036.webp	1	115472	2026-04-22T04:28:46+00:00
art/cards/s1_pack_037.webp	1	117724	2026-04-22T04:28:46+00:00
art/cards/s1_pack_038.webp	1	107700	2026-04-22T04:28:46+00:00
art/cards/s1_pack_039.webp	1	96364	2026-04-22T04:28:46+00:00
art/cards/s1_pack_040.webp	1	122556	2026-04-22T04:28:46+00:00
art/cards/s1_pack_041.webp	1	101708	2026-04-22T04:28:46+00:00
art/cards/s1_pack_042.webp	1	57376	2026-04-22T04:28:46+00:00
art/cards/s1_pack_043.webp	1	74710	2026-04-22T04:28:46+00:00
art/cards/s1_pack_044.webp	1	108678	2026-04-22T04:28:46+00:00
art/cards/s1_pack_045.webp	1	100350	2026-04-22T04:28:46+00:00
art/cards/s1_pack_046.webp	1	118430	2026-04-22T04:28:46+00:00
art/cards/s1_pack_047.webp	1	108034	2026-04-22T04:28:46+00:00
art/cards/s1_pack_048.webp	1	90988	2026-04-22T04:28:46+00:00
art/cards/s1_pack_049.webp	1	141086	2026-04-22T04:28:46+00:00
art/cards/s1_pack_cosm_armor_void.webp	1	292488	2026-04-22T04:28:46+00:00
art/cards/s1_pack_cosm_badge_s1.webp	1	52692	2026-04-22T04:28:46+00:00
art/cards/s1_pack_cosm_board_void.webp	1	329984	2026-04-22T04:28:46+00:00
art/cards/s1_pack_cosm_card_back.webp	1	88584	2026-04-22T04:28:46+00:00
art/cards/s1_pack_cosm_emote_taunt.webp	1	65356	2026-04-22T04:28:46+00:00
art/cards/s1_pack_cosm_frame_gold.webp	1	108102	2026-04-22T04:28:46+00:00
art/cards/s1_pack_cosm_ship_theme.webp	1	101912	2026-04-22T04:28:46+00:00
art/cards/s1_pack_cosm_title_echo.webp	1	100778	2026-04-22T04:28:46+00:00
art/cards/s1_pack_cosm_tower_skin.webp	1	355070	2026-04-22T04:28:46+00:00
art/cards/s1_pack_cosm_trail_fire.webp	1	159948	2026-04-22T04:28:46+00:00
art/cards/s1_pack_id_elara_advocate.webp	1	85676	2026-04-22T04:28:46+00:00
art/cards/s1_pack_id_elara_panoptic.webp	1	138684	2026-04-22T04:28:46+00:00
art/cards/s1_pack_id_elara_ship_ai.webp	1	96960	2026-04-22T04:28:46+00:00
art/cards/s1_pack_id_human_archon.webp	1	99748	2026-04-22T04:28:46+00:00
art/cards/s1_pack_id_human_detective.webp	1	109246	2026-04-22T04:28:46+00:00
art/cards/s1_pack_id_human_student.webp	1	98406	2026-04-22T04:28:46+00:00
art/cards/s1_pack_id_kael_patient_zero.webp	1	243046	2026-04-22T04:28:46+00:00
art/cards/s1_pack_id_kael_recruiter.webp	1	122246	2026-04-22T04:28:46+00:00
art/cards/s1_pack_id_kael_source.webp	1	221796	2026-04-22T04:28:46+00:00
art/cards/s1_pack_id_oracle_ascended.webp	1	140580	2026-04-22T04:28:46+00:00
art/cards/s1_pack_id_oracle_prisoner.webp	1	73376	2026-04-22T04:28:46+00:00
art/cards/s1_pack_id_oracle_prophet.webp	1	257480	2026-04-22T04:28:46+00:00
art/cards/s1_pack_pet_data_serpent_1.webp	1	78492	2026-04-22T04:28:46+00:00
art/cards/s1_pack_pet_data_serpent_2.webp	1	104034	2026-04-22T04:28:46+00:00
art/cards/s1_pack_pet_data_serpent_3.webp	1	155002	2026-04-22T04:28:46+00:00
art/cards/s1_pack_pet_flicker_imp_1.webp	1	219520	2026-04-22T04:28:46+00:00
art/cards/s1_pack_pet_flicker_imp_2.webp	1	309660	2026-04-22T04:28:46+00:00
art/cards/s1_pack_pet_flicker_imp_3.webp	1	131666	2026-04-22T04:28:46+00:00
art/cards/s1_pack_pet_gilt_beetle_1.webp	1	74070	2026-04-22T04:28:46+00:00
art/cards/s1_pack_pet_gilt_beetle_2.webp	1	83136	2026-04-22T04:28:46+00:00
art/cards/s1_pack_pet_gilt_beetle_3.webp	1	119472	2026-04-22T04:28:46+00:00
art/cards/s1_pack_pet_glyph_moth_1.webp	1	128424	2026-04-22T04:28:46+00:00
art/cards/s1_pack_pet_glyph_moth_2.webp	1	100844	2026-04-22T04:28:46+00:00
art/cards/s1_pack_pet_glyph_moth_3.webp	1	122706	2026-04-22T04:28:46+00:00
art/cards/s1_pack_pet_holo_fox_1.webp	1	77914	2026-04-22T04:28:46+00:00
art/cards/s1_pack_pet_holo_fox_2.webp	1	86936	2026-04-22T04:28:46+00:00
art/cards/s1_pack_pet_holo_fox_3.webp	1	79194	2026-04-22T04:28:46+00:00
art/cards/s1_pack_pet_spore_fungus_1.webp	1	229702	2026-04-22T04:28:46+00:00
art/cards/s1_pack_pet_spore_fungus_2.webp	1	469142	2026-04-22T04:28:46+00:00
art/cards/s1_pack_pet_spore_fungus_3.webp	1	159222	2026-04-22T04:28:46+00:00
art/cards/s1_pack_pet_temporal_kitten_1.webp	1	77946	2026-04-22T04:28:46+00:00
art/cards/s1_pack_pet_temporal_kitten_2.webp	1	109840	2026-04-22T04:28:46+00:00
art/cards/s1_pack_pet_temporal_kitten_3.webp	1	94060	2026-04-22T04:28:46+00:00
art/cards/s1_pack_pet_void_crawler_1.webp	1	186248	2026-04-22T04:28:46+00:00
art/cards/s1_pack_pet_void_crawler_2.webp	1	172178	2026-04-22T04:28:46+00:00
art/cards/s1_pack_pet_void_crawler_3.webp	1	271210	2026-04-22T04:28:46+00:00
art/cards/s1_pack_seed_chess.webp	1	107946	2026-04-22T04:28:46+00:00
art/cards/s1_pack_seed_fighter.webp	1	108618	2026-04-22T04:28:46+00:00
art/cards/s1_pack_seed_gene.webp	1	195696	2026-04-22T04:28:46+00:00
art/cards/s1_pack_seed_governance.webp	1	134944	2026-04-22T04:28:47+00:00
art/cards/s1_pack_seed_trade.webp	1	130454	2026-04-22T04:28:46+00:00
art/cards/s1_reward_bonus_complete.webp	1	83894	2026-04-22T04:28:46+00:00
art/cards/s1_reward_boss_architect.webp	1	134222	2026-04-22T04:28:46+00:00
art/cards/s1_reward_boss_collector.webp	1	196386	2026-04-22T04:28:46+00:00
art/cards/s1_reward_boss_source.webp	1	259624	2026-04-22T04:28:47+00:00
art/cards/s1_reward_campaign_acceptance.webp	1	91112	2026-04-22T04:28:47+00:00
art/cards/s1_reward_campaign_balanced.webp	1	97168	2026-04-22T04:28:47+00:00
art/cards/s1_reward_campaign_defiance.webp	1	73218	2026-04-22T04:28:47+00:00
art/cards/s1_reward_campaign_empathy.webp	1	62216	2026-04-22T04:28:47+00:00
art/cards/s1_reward_campaign_finale.webp	1	120806	2026-04-22T04:28:47+00:00
art/cards/s1_reward_campaign_truth.webp	1	108590	2026-04-22T04:28:47+00:00
art/cards/s1_reward_casino_dice.webp	1	87116	2026-04-22T04:28:47+00:00
art/cards/s1_reward_casino_high_roller.webp	1	246978	2026-04-22T04:28:47+00:00
art/cards/s1_reward_casino_jackpot.webp	1	124300	2026-04-22T04:28:47+00:00
art/cards/s1_reward_casino_pazaak.webp	1	68544	2026-04-22T04:28:47+00:00
art/cards/s1_reward_casino_poker.webp	1	154928	2026-04-22T04:28:47+00:00
art/cards/s1_reward_casino_slots.webp	1	91316	2026-04-22T04:28:47+00:00
art/cards/s1_reward_casino_vip.webp	1	286952	2026-04-22T04:28:47+00:00
art/cards/s1_reward_challenge_streak.webp	1	94956	2026-04-22T04:28:47+00:00
art/cards/s1_reward_chess_tourney.webp	1	303858	2026-04-22T04:28:47+00:00
art/cards/s1_reward_chess_win.webp	1	115524	2026-04-22T04:28:47+00:00
art/cards/s1_reward_circuit_1st.webp	1	322778	2026-04-22T04:28:47+00:00
art/cards/s1_reward_circuit_survive.webp	1	249774	2026-04-22T04:28:47+00:00
art/cards/s1_reward_class_assassin.webp	1	184902	2026-04-22T04:28:47+00:00
art/cards/s1_reward_class_engineer.webp	1	176754	2026-04-22T04:28:47+00:00
art/cards/s1_reward_class_neyon.webp	1	127512	2026-04-22T04:28:47+00:00
art/cards/s1_reward_class_oracle.webp	1	80560	2026-04-22T04:28:47+00:00
art/cards/s1_reward_class_soldier.webp	1	181988	2026-04-22T04:28:47+00:00
art/cards/s1_reward_class_spy.webp	1	62124	2026-04-22T04:28:47+00:00
art/cards/s1_reward_companion_all.webp	1	72902	2026-04-22T04:28:47+00:00
art/cards/s1_reward_companion_elara.webp	1	124662	2026-04-22T04:28:47+00:00
art/cards/s1_reward_companion_human.webp	1	88672	2026-04-22T04:28:47+00:00
art/cards/s1_reward_companion_kael.webp	1	189428	2026-04-22T04:28:47+00:00
art/cards/s1_reward_companion_locke.webp	1	250044	2026-04-22T04:28:47+00:00
art/cards/s1_reward_companion_max.webp	1	143462	2026-04-22T04:28:47+00:00
art/cards/s1_reward_companion_zero.webp	1	69004	2026-04-22T04:28:47+00:00
art/cards/s1_reward_crew_bloodline.webp	1	74634	2026-04-22T04:28:47+00:00
art/cards/s1_reward_crew_clone.webp	1	161158	2026-04-22T04:28:47+00:00
art/cards/s1_reward_crew_incubator.webp	1	160892	2026-04-22T04:28:47+00:00
art/cards/s1_reward_crew_mission.webp	1	228776	2026-04-22T04:28:47+00:00
art/cards/s1_reward_crew_sacrifice.webp	1	295264	2026-04-22T04:28:47+00:00
art/cards/s1_reward_cycle_dark.webp	1	163496	2026-04-22T04:28:47+00:00
art/cards/s1_reward_cycle_light.webp	1	77276	2026-04-22T04:28:47+00:00
art/cards/s1_reward_daily_streak.webp	1	44842	2026-04-22T04:28:47+00:00
art/cards/s1_reward_discovery_all.webp	1	107560	2026-04-22T04:28:47+00:00
art/cards/s1_reward_draft_perfect.webp	1	122122	2026-04-22T04:28:47+00:00
art/cards/s1_reward_draft_winner.webp	1	182272	2026-04-22T04:28:47+00:00
art/cards/s1_reward_eidolon_auros.webp	1	226412	2026-04-22T04:28:47+00:00
art/cards/s1_reward_eidolon_cipher.webp	1	133046	2026-04-22T04:28:47+00:00
art/cards/s1_reward_eidolon_echo.webp	1	278456	2026-04-22T04:28:47+00:00
art/cards/s1_reward_eidolon_lux.webp	1	84356	2026-04-22T04:28:47+00:00
art/cards/s1_reward_eidolon_strain.webp	1	224522	2026-04-22T04:28:47+00:00
art/cards/s1_reward_graduate_deploy.webp	1	84386	2026-04-22T04:28:47+00:00
art/cards/s1_reward_graduate_master.webp	1	133398	2026-04-22T04:28:47+00:00
art/cards/s1_reward_guild_founder.webp	1	131826	2026-04-22T04:28:47+00:00
art/cards/s1_reward_guild_hall.webp	1	98096	2026-04-22T04:28:47+00:00
art/cards/s1_reward_guild_officer.webp	1	105022	2026-04-22T04:28:47+00:00
art/cards/s1_reward_guild_recruit.webp	1	92042	2026-04-22T04:28:47+00:00
art/cards/s1_reward_guild_territory.webp	1	131102	2026-04-22T04:28:47+00:00
art/cards/s1_reward_guild_victory.webp	1	274276	2026-04-22T04:28:47+00:00
art/cards/s1_reward_lore_archivist.webp	1	110106	2026-04-22T04:28:47+00:00
art/cards/s1_reward_outbreak_contain.webp	1	381788	2026-04-22T04:28:47+00:00
art/cards/s1_reward_outbreak_cure.webp	1	114568	2026-04-22T04:28:47+00:00
art/cards/s1_reward_palimpsest_noise.webp	1	222936	2026-04-22T04:28:47+00:00
art/cards/s1_reward_palimpsest_signal.webp	1	85580	2026-04-22T04:28:47+00:00
art/cards/s1_reward_pet_evolve.webp	1	109086	2026-04-22T04:28:48+00:00
art/cards/s1_reward_pet_streak.webp	1	83652	2026-04-22T04:28:48+00:00
art/cards/s1_reward_prestige_t1.webp	1	103702	2026-04-22T04:28:48+00:00
art/cards/s1_reward_prestige_t3.webp	1	475512	2026-04-22T04:28:48+00:00
art/cards/s1_reward_prestige_t5.webp	1	108362	2026-04-22T04:28:48+00:00
art/cards/s1_reward_prestige_t7.webp	1	118886	2026-04-22T04:28:48+00:00
art/cards/s1_reward_pvp_bronze.webp	1	135716	2026-04-22T04:28:48+00:00
art/cards/s1_reward_pvp_diamond.webp	1	127214	2026-04-22T04:28:48+00:00
art/cards/s1_reward_pvp_gold.webp	1	97392	2026-04-22T04:28:48+00:00
art/cards/s1_reward_pvp_legend.webp	1	97128	2026-04-22T04:28:48+00:00
art/cards/s1_reward_raid_boss.webp	1	108000	2026-04-22T04:28:48+00:00
art/cards/s1_reward_raid_contrib.webp	1	95382	2026-04-22T04:28:48+00:00
art/cards/s1_reward_raid_perfect.webp	1	118032	2026-04-22T04:28:48+00:00
art/cards/s1_reward_rpg_quest.webp	1	161962	2026-04-22T04:28:48+00:00
art/cards/s1_reward_seasonal_s1.webp	1	103968	2026-04-22T04:28:48+00:00
art/cards/s1_reward_station_complete.webp	1	136834	2026-04-22T04:28:48+00:00
art/cards/s1_reward_station_module.webp	1	167830	2026-04-22T04:28:48+00:00
art/cards/s1_reward_swarm_champion.webp	1	284748	2026-04-22T04:28:48+00:00
art/cards/s1_reward_swarm_survive.webp	1	225890	2026-04-22T04:28:48+00:00
art/cards/s1_reward_syndicate_build.webp	1	196846	2026-04-22T04:28:48+00:00
art/cards/s1_reward_syndicate_empire.webp	1	64240	2026-04-22T04:28:48+00:00
art/cards/s1_reward_tower_wave50.webp	1	122732	2026-04-22T04:28:48+00:00
art/cards/s1_reward_trade_act1.webp	1	69480	2026-04-22T04:28:48+00:00
art/cards/s1_reward_trade_act2.webp	1	213020	2026-04-22T04:28:48+00:00
art/cards/s1_reward_trade_empire.webp	1	144808	2026-04-22T04:28:48+00:00
art/cards/s1_reward_trade_insurgency.webp	1	192640	2026-04-22T04:28:48+00:00
art/cards/s1_reward_trade_tycoon.webp	1	138260	2026-04-22T04:28:48+00:00
art/cards/s1_reward_vortex_close.webp	1	84490	2026-04-22T04:28:48+00:00
art/cards/s1_reward_vortex_master.webp	1	126390	2026-04-22T04:28:48+00:00
art/cards/s1_reward_vote_t1_acceptance.webp	1	91000	2026-04-22T04:28:48+00:00
art/cards/s1_reward_vote_t1_balanced.webp	1	101384	2026-04-22T04:28:48+00:00
art/cards/s1_reward_vote_t1_defiance.webp	1	123602	2026-04-22T04:28:48+00:00
art/cards/s1_reward_vote_t1_empathy.webp	1	110618	2026-04-22T04:28:48+00:00
art/cards/s1_reward_vote_t1_truth.webp	1	92416	2026-04-22T04:28:48+00:00
art/cards/s1_reward_xmas_charity.webp	1	119432	2026-04-22T04:28:48+00:00
art/cards/s1_reward_xmas_gift.webp	1	176932	2026-04-22T04:28:48+00:00
art/cards/s1_song_059.webp	1	144836	2026-04-22T04:28:48+00:00
art/cards/s1_song_060.webp	1	80044	2026-04-22T04:28:48+00:00
art/cards/s1_song_061.webp	1	84606	2026-04-22T04:28:48+00:00
art/cards/s1_song_062.webp	1	104974	2026-04-22T04:28:48+00:00
art/cards/s1_song_063.webp	1	123864	2026-04-22T04:28:48+00:00
art/cards/s1_song_064.webp	1	126976	2026-04-22T04:28:48+00:00
art/cards/s1_song_065.webp	1	125438	2026-04-22T04:28:48+00:00
art/cards/s1_song_066.webp	1	192960	2026-04-22T04:28:48+00:00
art/cards/s1_song_070.webp	1	64244	2026-04-22T04:28:48+00:00
art/cards/s1_song_079.webp	1	43590	2026-04-22T04:28:48+00:00
art/cards/s1_song_082.webp	1	95272	2026-04-22T04:28:48+00:00
art/cards/s1_song_084.webp	1	94408	2026-04-22T04:28:48+00:00
art/cards/s1_song_091.webp	1	107020	2026-04-22T04:28:48+00:00
art/cards/s1_spell_100.webp	1	108824	2026-04-22T04:28:48+00:00
art/cards/s1_spell_101.webp	1	119436	2026-04-22T04:28:48+00:00
art/cards/s1_spell_102.webp	1	106676	2026-04-22T04:28:48+00:00
art/cards/s1_spell_103.webp	1	82486	2026-04-22T04:28:48+00:00
art/cards/s1_spell_104.webp	1	67900	2026-04-22T04:28:48+00:00
art/cards/s1_spell_105.webp	1	79860	2026-04-22T04:28:48+00:00
art/cards/s1_spell_106.webp	1	108060	2026-04-22T04:28:48+00:00
art/cards/s1_spell_107.webp	1	147264	2026-04-22T04:28:48+00:00
art/cards/s1_spell_108.webp	1	200332	2026-04-22T04:28:48+00:00
art/cards/s1_spell_109.webp	1	141506	2026-04-22T04:28:48+00:00
art/cards/s1_spell_110.webp	1	195042	2026-04-22T04:28:48+00:00
art/cards/s1_spell_111.webp	1	184786	2026-04-22T04:28:48+00:00
art/cards/s1_spell_112.webp	1	349018	2026-04-22T04:28:48+00:00
art/cards/s1_spell_113.webp	1	246096	2026-04-22T04:28:48+00:00
art/cards/s1_spell_114.webp	1	381616	2026-04-22T04:28:48+00:00
art/cards/s1_spell_115.webp	1	336184	2026-04-22T04:28:48+00:00
art/cards/s1_spell_116.webp	1	222472	2026-04-22T04:28:49+00:00
art/cards/s1_spell_117.webp	1	142854	2026-04-22T04:28:49+00:00
art/cards/s1_spell_118.webp	1	263496	2026-04-22T04:28:49+00:00
art/cards/s1_spell_119.webp	1	161372	2026-04-22T04:28:49+00:00
art/cards/s1_spell_120.webp	1	185990	2026-04-22T04:28:49+00:00
art/cards/s1_spell_121.webp	1	104876	2026-04-22T04:28:49+00:00
art/cards/s1_spell_122.webp	1	101730	2026-04-22T04:28:49+00:00
art/cards/s1_spell_123.webp	1	129756	2026-04-22T04:28:49+00:00
art/cards/s1_spell_124.webp	1	147292	2026-04-22T04:28:49+00:00
art/cards/s1_spell_200.webp	1	284956	2026-04-22T04:28:49+00:00
art/cards/s1_spell_201.webp	1	98546	2026-04-22T04:28:49+00:00
art/cards/s1_spell_202.webp	1	120906	2026-04-22T04:28:49+00:00
art/cards/s1_spell_203.webp	1	118840	2026-04-22T04:28:49+00:00
art/cards/s1_spell_204.webp	1	113296	2026-04-22T04:28:49+00:00
art/cards/s1_spell_205.webp	1	289248	2026-04-22T04:28:49+00:00
art/cards/s1_spell_206.webp	1	122880	2026-04-22T04:28:49+00:00
art/cards/s1_spell_207.webp	1	146940	2026-04-22T04:28:49+00:00
art/cards/s1_spell_208.webp	1	244648	2026-04-22T04:28:49+00:00
art/cards/s1_spell_209.webp	1	179454	2026-04-22T04:28:49+00:00
art/cards/s1_spell_210.webp	1	196346	2026-04-22T04:28:49+00:00
art/cards/s1_spell_211.webp	1	132736	2026-04-22T04:28:49+00:00
art/cards/s1_spell_212.webp	1	127968	2026-04-22T04:28:49+00:00
art/cards/s1_spell_213.webp	1	266216	2026-04-22T04:28:49+00:00
art/cards/s1_spell_214.webp	1	243048	2026-04-22T04:28:49+00:00
art/cards/s1_spell_215.webp	1	240992	2026-04-22T04:28:49+00:00
art/cards/s1_spell_216.webp	1	154998	2026-04-22T04:28:49+00:00
art/cards/s1_spell_217.webp	1	104968	2026-04-22T04:28:49+00:00
art/cards/s1_spell_218.webp	1	292470	2026-04-22T04:28:49+00:00
art/cards/s1_spell_219.webp	1	322200	2026-04-22T04:28:49+00:00
art/cards/s1_spell_220.webp	1	327068	2026-04-22T04:28:49+00:00
art/cards/s1_spell_221.webp	1	274384	2026-04-22T04:28:49+00:00
art/cards/s1_spell_222.webp	1	205786	2026-04-22T04:28:49+00:00
art/cards/s1_spell_223.webp	1	313072	2026-04-22T04:28:49+00:00
art/cards/s1_spell_224.webp	1	249274	2026-04-22T04:28:49+00:00
art/cards/s1_spell_225.webp	1	182078	2026-04-22T04:28:49+00:00
art/cards/s1_spell_226.webp	1	112518	2026-04-22T04:28:49+00:00
art/cards/s1_spell_227.webp	1	123332	2026-04-22T04:28:49+00:00
art/cards/s1_spell_228.webp	1	203712	2026-04-22T04:28:49+00:00
art/cards/s1_spell_229.webp	1	188446	2026-04-22T04:28:49+00:00
art/cards/s1_spell_230.webp	1	100808	2026-04-22T04:28:49+00:00
art/cards/s1_spell_231.webp	1	329514	2026-04-22T04:28:49+00:00
art/cards/s1_spell_232.webp	1	289856	2026-04-22T04:28:49+00:00
art/cards/s1_spell_233.webp	1	102260	2026-04-22T04:28:49+00:00
art/cards/s1_spell_234.webp	1	80152	2026-04-22T04:28:49+00:00
art/cards/s1_spell_235.webp	1	55408	2026-04-22T04:28:49+00:00
art/cards/thought_virus/assimilate.webp	1	708008	2026-04-28T02:44:45+00:00
art/cards/thought_virus/clone_racer.webp	1	312010	2026-04-28T02:44:45+00:00
art/cards/thought_virus/cognitive_blight.webp	1	430926	2026-04-28T02:44:45+00:00
art/cards/thought_virus/cognitive_decay.webp	1	536672	2026-04-28T02:44:45+00:00
art/cards/thought_virus/consumed_host.webp	1	419998	2026-04-28T02:44:45+00:00
art/cards/thought_virus/corruption_wave.webp	1	584870	2026-04-28T02:44:45+00:00
art/cards/thought_virus/cortex_ravager.webp	1	696406	2026-04-28T02:44:45+00:00
art/cards/thought_virus/dusk_herald.webp	1	578778	2026-04-28T02:44:45+00:00
art/cards/thought_virus/identity_fragment.webp	1	517818	2026-04-28T02:44:45+00:00
art/cards/thought_virus/infected_drone.webp	1	593118	2026-04-28T02:44:45+00:00
art/cards/thought_virus/infection_vector.webp	1	434088	2026-04-28T02:44:45+00:00
art/cards/thought_virus/kael_patient_zero.webp	1	713978	2026-04-28T02:44:45+00:00
art/cards/thought_virus/kael_the_source.webp	1	726568	2026-04-28T02:44:45+00:00
art/cards/thought_virus/kaels_memory.webp	1	485330	2026-04-28T02:44:45+00:00
art/cards/thought_virus/master_assassin.webp	1	597722	2026-04-28T02:44:45+00:00
art/cards/thought_virus/memetic_carrier.webp	1	429146	2026-04-28T02:44:45+00:00
art/cards/thought_virus/memory_consumption.webp	1	423332	2026-04-28T02:44:45+00:00
art/cards/thought_virus/mind_rot_drone.webp	1	583414	2026-04-28T02:44:45+00:00
art/cards/thought_virus/neural_hive.webp	1	979446	2026-04-28T02:44:45+00:00
art/cards/thought_virus/neural_overwrite.webp	1	478328	2026-04-28T02:44:45+00:00
art/cards/thought_virus/neural_parasite.webp	1	402990	2026-04-28T02:44:45+00:00
art/cards/thought_virus/neural_plague_carrier.webp	1	480900	2026-04-28T02:44:45+00:00
art/cards/thought_virus/nihilistic_mercy.webp	1	501084	2026-04-28T02:44:45+00:00
art/cards/thought_virus/noise_agent.webp	1	525786	2026-04-28T02:44:45+00:00
art/cards/thought_virus/patient_zero.webp	1	914450	2026-04-28T02:44:45+00:00
art/cards/thought_virus/plague_architect.webp	1	772572	2026-04-28T02:44:45+00:00
art/cards/thought_virus/plague_herald.webp	1	592888	2026-04-28T02:44:45+00:00
art/cards/thought_virus/plague_wind.webp	1	286088	2026-04-28T02:44:45+00:00
art/cards/thought_virus/quarantine_field.webp	1	658026	2026-04-28T02:44:45+00:00
art/cards/thought_virus/source_fragment.webp	1	724606	2026-04-28T02:44:45+00:00
art/cards/thought_virus/spore_burst.webp	1	324462	2026-04-28T02:44:45+00:00
art/cards/thought_virus/spore_cloud.webp	1	290574	2026-04-28T02:44:45+00:00
art/cards/thought_virus/strain_the_redeemed.webp	1	606576	2026-04-28T02:44:45+00:00
art/cards/thought_virus/swarm_survivor.webp	1	722980	2026-04-28T02:44:45+00:00
art/cards/thought_virus/synaptic_horror.webp	1	673686	2026-04-28T02:44:45+00:00
art/cards/thought_virus/terminal_stage.webp	1	527844	2026-04-28T02:44:45+00:00
art/cards/thought_virus/terminus_dreadnought.webp	1	902510	2026-04-28T02:44:45+00:00
art/cards/thought_virus/terminus_protocol.webp	1	653504	2026-04-28T02:44:45+00:00
art/cards/thought_virus/terminus_sovereign.webp	1	470266	2026-04-28T02:44:45+00:00
art/cards/thought_virus/terminus_spire_guard.webp	1	1066338	2026-04-28T02:44:45+00:00
art/cards/thought_virus/the_host.webp	1	527894	2026-04-28T02:44:45+00:00
art/cards/thought_virus/the_sacrificed.webp	1	723468	2026-04-28T02:44:45+00:00
art/cards/thought_virus/the_source_general.webp	1	828716	2026-04-28T02:44:45+00:00
art/cards/thought_virus/the_source_legendary.webp	1	794992	2026-04-28T02:44:45+00:00
art/cards/thought_virus/vector_swarm.webp	1	789460	2026-04-28T02:44:45+00:00
art/cards/thought_virus/viral_bloom.webp	1	378746	2026-04-28T02:44:45+00:00
art/cards/thought_virus/viral_cascade.webp	1	578112	2026-04-28T02:44:45+00:00
art/cards/thought_virus/viral_vector.webp	1	744460	2026-04-28T02:44:45+00:00
art/cards/thought_virus/void_arena_rift.webp	1	553672	2026-04-28T02:44:45+00:00
art/cards/thought_virus/void_grub.webp	1	567394	2026-04-28T02:44:45+00:00
art/cards/thought_virus/void_leviathan.webp	1	612554	2026-04-28T02:44:45+00:00
art/cards/thought_virus/void_sentinel.webp	1	626458	2026-04-28T02:44:45+00:00
art/cards/thought_virus/void_stalker.webp	1	559418	2026-04-28T02:44:45+00:00
art/cards/tok_calculation.webp	1	94396	2026-04-22T04:28:49+00:00
art/cards/tok_dream_wisp_1_1.webp	1	46638	2026-04-22T04:28:49+00:00
art/cards/tok_infected_2_2.webp	1	256810	2026-04-22T04:28:49+00:00
art/cards/tok_spore_1_1.webp	1	269490	2026-04-22T04:28:49+00:00
art/cards/token_crystal_senator_5_5.webp	1	90024	2026-04-22T04:28:49+00:00
art/cards/token_wolf_2_2.webp	1	119318	2026-04-22T04:28:50+00:00
art/casino/slot-symbols-sprite-sheet.png	1	6762189	2026-04-22T04:28:54+00:00
art/celebration/celebration-by-night.png	3	3272672	2026-04-22T04:28:54+00:00
art/celebration/celebration-chorus-pavilion.png	2	3637988	2026-04-22T04:28:54+00:00
art/celebration/celebration-door-row.png	1	3236716	2026-04-22T04:28:54+00:00
art/celebration/celebration-eye-garden.png	2	3830370	2026-04-22T04:28:54+00:00
art/celebration/celebration-forge-yard.png	3	3348617	2026-04-22T04:28:54+00:00
art/celebration/celebration-locked-room.png	1	3193799	2026-04-22T04:28:54+00:00
art/celebration/celebration-promise-office.png	1	3361761	2026-04-22T04:28:54+00:00
art/celebration/celebration-puzzle-garden.png	3	3780439	2026-04-22T04:28:54+00:00
art/celebration/celebration-schoolhouse.png	3	3351182	2026-04-22T04:28:54+00:00
art/celebration/celebration-tea-party.png	1	3790542	2026-04-22T04:28:54+00:00
art/celebration/celebration-town-square.png	2	1117952	2026-04-22T04:28:53+00:00
art/celebration/celebration-trading-jars.png	2	3253102	2026-04-22T04:28:58+00:00
art/celebration/environments/celebration_aerial.jpg	2	7945738	2026-04-22T04:29:01+00:00
art/celebration/environments/celebration_trial_room.jpg	2	7929880	2026-04-22T04:29:02+00:00
art/celebration/mascoteers/mascoteer_conni.png	2	6589618	2026-04-22T04:29:01+00:00
art/celebration/mascoteers/mascoteer_corey.png	2	7247914	2026-04-22T04:29:01+00:00
art/celebration/mascoteers/mascoteer_gary.png	2	7204010	2026-04-22T04:29:01+00:00
art/celebration/mascoteers/mascoteer_minnie.png	2	6424623	2026-04-22T04:29:01+00:00
art/celebration/mascoteers/mascoteer_prince.png	2	6466302	2026-04-22T04:29:01+00:00
art/celebration/mascoteers/mascoteer_red.png	2	6063628	2026-04-22T04:29:01+00:00
art/celebration/mascoteers/mascoteer_sprout.png	2	7293552	2026-04-22T04:29:02+00:00
art/celebration/mascoteers/mascoteer_thazu.png	2	6710956	2026-04-22T04:29:02+00:00
art/celebration/mascoteers/mascoteer_unblink.png	2	6234673	2026-04-22T04:29:02+00:00
art/celebration/mascoteers/mascoteer_vernon.png	2	6848852	2026-04-22T04:29:02+00:00
art/celebration/mascoteers/mascoteer_wanda.png	2	6443961	2026-04-22T04:29:04+00:00
art/celebration/mascoteers/mascoteer_wayne.png	2	6455902	2026-04-22T04:29:04+00:00
art/chapter_cards/chapter_act1_awakening.png	1	3985080	2026-05-12T17:59:46+00:00
art/chapter_cards/chapter_act1_finale_alignment.png	1	4012202	2026-05-12T17:59:46+00:00
art/chapter_cards/chapter_act1_first_light.png	1	2090893	2026-05-12T17:59:47+00:00
art/chapter_cards/chapter_act1_iron_lion_intro.png	1	3624456	2026-05-12T17:59:46+00:00
art/chapter_cards/chapter_act2_kael_awakening.png	1	3950610	2026-05-12T17:59:46+00:00
art/chapter_cards/chapter_act2_oracle_deflection.png	1	2236437	2026-05-12T17:59:46+00:00
art/chapter_cards/chapter_act2_silence_of_two_witnesses.png	1	4127158	2026-05-12T17:59:46+00:00
art/chapter_cards/chapter_act3_disclosure.png	1	4203813	2026-05-12T17:59:46+00:00
art/chapter_cards/chapter_act3_elara_choice.png	1	4059038	2026-05-12T17:59:46+00:00
art/chapter_cards/chapter_act3_path_dividend.png	1	2182756	2026-05-12T17:59:46+00:00
art/chapter_cards/chapter_act4_broken_trust.png	1	4067819	2026-05-12T17:59:46+00:00
art/chapter_cards/chapter_act4_consumed_witness.png	1	4081822	2026-05-12T17:59:46+00:00
art/chapter_cards/chapter_act4_fragile_trust.png	1	3986956	2026-05-12T17:59:46+00:00
art/chapter_cards/chapter_act4_reconciled.png	1	3586350	2026-05-12T17:59:46+00:00
art/chapter_cards/chapter_act5_dreamer_gambit.png	1	4086325	2026-05-12T17:59:46+00:00
art/chapter_cards/chapter_act5_insurgency_rally.png	1	3735993	2026-05-12T17:59:46+00:00
art/chapter_cards/chapter_act5_recruitment.png	1	2196884	2026-05-12T17:59:48+00:00
art/chapter_cards/chapter_act6_confession.png	1	3845879	2026-05-12T17:59:49+00:00
art/chapter_cards/chapter_act6_remembrance.png	1	3739304	2026-05-12T17:59:50+00:00
art/chapter_cards/chapter_act6_woman_she_was.png	1	3547320	2026-05-12T17:59:51+00:00
art/chapter_cards/chapter_act7_humanity_chosen.png	1	2242675	2026-05-12T17:59:51+00:00
art/chapter_cards/chapter_act7_pattern_chosen.png	1	4002844	2026-05-12T17:59:52+00:00
art/chapter_cards/chapter_act7_silence_in_heaven.png	1	3900303	2026-05-12T17:59:52+00:00
art/chapter_cards/chapter_authority_trial.png	1	2215648	2026-05-12T17:59:52+00:00
art/chapter_cards/chapter_card_battle_climax.png	1	3671807	2026-05-12T17:59:52+00:00
art/chapter_cards/chapter_casino_jackpot.png	1	4024571	2026-05-12T17:59:53+00:00
art/chapter_cards/chapter_dream_vision.png	1	3773757	2026-05-12T17:59:53+00:00
art/chapter_cards/chapter_memorial_corridor.png	1	2329247	2026-05-12T17:59:53+00:00
art/character_sheets/attribute_icons/attr_agility.png	1	4317365	2026-05-10T20:03:19+00:00
art/character_sheets/attribute_icons/attr_charisma.png	1	4730867	2026-05-10T20:03:19+00:00
art/character_sheets/attribute_icons/attr_intellect.png	1	5190779	2026-05-10T20:03:18+00:00
art/character_sheets/attribute_icons/attr_perception.png	1	4737124	2026-05-10T20:03:19+00:00
art/character_sheets/attribute_icons/attr_resilience.png	1	5454331	2026-05-10T20:03:24+00:00
art/character_sheets/attribute_icons/attr_strength.png	1	5137561	2026-05-10T20:03:29+00:00
art/character_sheets/backgrounds/bg_authority.png	1	6080679	2026-05-10T20:03:39+00:00
art/character_sheets/backgrounds/bg_dreamer.png	1	5346698	2026-05-10T20:03:38+00:00
art/character_sheets/backgrounds/bg_hierarchy.png	1	6991812	2026-05-10T20:03:39+00:00
art/character_sheets/backgrounds/bg_insurgency.png	1	8504344	2026-05-10T20:03:42+00:00
art/character_sheets/backgrounds/bg_mechronis.png	1	6743437	2026-05-10T20:03:44+00:00
art/character_sheets/backgrounds/bg_terminus.png	1	5541965	2026-05-10T20:03:46+00:00
art/character_sheets/backgrounds/bg_watcher.png	1	5103250	2026-05-10T20:03:48+00:00
art/character_sheets/class_icons/class_assassin.png	1	4545246	2026-05-10T20:03:50+00:00
art/character_sheets/class_icons/class_diplomat.png	1	4846135	2026-05-10T20:03:51+00:00
art/character_sheets/class_icons/class_engineer.png	1	5356439	2026-05-10T20:03:54+00:00
art/character_sheets/class_icons/class_mystic.png	1	4810972	2026-05-10T20:03:56+00:00
art/character_sheets/class_icons/class_warrior.png	1	4783594	2026-05-10T20:04:01+00:00
art/character_sheets/frames/portrait_frame_gold.png	1	5610091	2026-05-10T20:04:02+00:00
art/character_sheets/frames/portrait_frame_silver.png	1	5733421	2026-05-10T20:04:03+00:00
art/character_sheets/species_icons/species_human.png	1	4437593	2026-05-10T20:04:05+00:00
art/character_sheets/species_icons/species_hybrid.png	1	5204270	2026-05-10T20:04:15+00:00
art/character_sheets/species_icons/species_neyon.png	1	4686608	2026-05-10T20:04:14+00:00
art/character_sheets/species_icons/species_synthetic.png	1	5239819	2026-05-10T20:04:15+00:00
art/character_sheets/species_icons/species_void_touched.png	1	5122243	2026-05-10T20:04:15+00:00
art/characters/agent_zero/blood_weave/bound.png	1	2202552	2026-05-12T17:59:54+00:00
art/characters/agent_zero/blood_weave/braiding.png	1	489593	2026-05-12T17:59:55+00:00
art/characters/agent_zero/blood_weave/claimed.png	1	2188738	2026-05-12T17:59:54+00:00
art/characters/agent_zero/blood_weave/dormant.png	1	2413673	2026-05-12T17:59:54+00:00
art/characters/agent_zero/blood_weave/woven.png	1	2368393	2026-05-12T17:59:54+00:00
art/characters/agent_zero/front_turnaround.png	1	2616491	2026-05-12T17:59:54+00:00
art/characters/agent_zero/full_body_turnaround.png	1	2204812	2026-05-12T17:59:54+00:00
art/characters/antiquarian/front_turnaround.png	1	5785530	2026-05-12T17:59:54+00:00
art/characters/antiquarian/full_body_turnaround.png	1	2256650	2026-05-12T17:59:55+00:00
art/characters/architect/front_turnaround.png	1	5412120	2026-05-12T17:59:55+00:00
art/characters/architect/full_body_turnaround.png	1	2249798	2026-05-12T17:59:56+00:00
art/characters/collector/front_turnaround.png	1	5965110	2026-05-12T17:59:56+00:00
art/characters/collector/full_body_turnaround.png	1	2633219	2026-05-12T17:59:56+00:00
art/characters/conexus/front_turnaround.png	1	6773684	2026-05-12T17:59:56+00:00
art/characters/conexus/full_body_turnaround.png	1	6069008	2026-05-12T17:59:57+00:00
art/characters/conexus_authority/full_body_turnaround.png	1	6069008	2026-05-12T17:59:58+00:00
art/characters/degen/front_turnaround.png	1	5178758	2026-05-12T17:59:58+00:00
art/characters/degen/full_body_turnaround.png	1	2684018	2026-05-12T17:59:58+00:00
art/characters/dreamer/front_turnaround.png	1	5703310	2026-05-12T17:59:58+00:00
art/characters/dreamer/full_body_turnaround.png	1	2391459	2026-05-12T17:59:58+00:00
art/characters/eidola/front_turnaround.png	1	5489234	2026-05-12T17:59:59+00:00
art/characters/eidola/full_body_turnaround.png	1	5655071	2026-05-12T17:59:59+00:00
art/characters/elara/front_turnaround.png	1	5444281	2026-05-12T18:00:00+00:00
art/characters/elara/full_body_turnaround.png	1	1773172	2026-05-12T18:00:03+00:00
art/characters/elara_alt/full_body_turnaround.png	1	5303552	2026-05-12T18:00:01+00:00
art/characters/elara_panoptic/front_turnaround.png	1	6125729	2026-05-12T18:00:01+00:00
art/characters/elara_panoptic/full_body_turnaround.png	1	5303552	2026-05-12T18:00:03+00:00
art/characters/engineer/blood_weave/bound.png	1	5170926	2026-05-12T18:00:03+00:00
art/characters/engineer/blood_weave/braiding.png	1	5236849	2026-05-12T18:00:03+00:00
art/characters/engineer/blood_weave/claimed.png	1	5293009	2026-05-12T18:00:04+00:00
art/characters/engineer/blood_weave/dormant.png	1	5113447	2026-05-12T18:00:04+00:00
art/characters/engineer/blood_weave/woven.png	1	5232048	2026-05-12T18:00:05+00:00
art/characters/engineer/front_turnaround.png	1	5916573	2026-05-12T18:00:06+00:00
art/characters/engineer/full_body_turnaround.png	1	2479542	2026-05-12T18:00:06+00:00
art/characters/enigma/front_turnaround.png	1	4161925	2026-05-12T18:00:08+00:00
art/characters/enigma/full_body_turnaround.png	1	4751302	2026-05-12T18:00:08+00:00
art/characters/eyes/front_turnaround.png	1	4565528	2026-05-12T18:00:08+00:00
art/characters/eyes/full_body_turnaround.png	1	5144193	2026-05-12T18:00:08+00:00
art/characters/game_master/front_turnaround.png	1	5247393	2026-05-12T18:00:09+00:00
art/characters/game_master/full_body_turnaround.png	1	5291627	2026-05-12T18:00:09+00:00
art/characters/gamemaster/front_turnaround.png	1	5247393	2026-05-12T18:00:09+00:00
art/characters/gamemaster/full_body_turnaround.png	1	5291627	2026-05-12T18:00:11+00:00
art/characters/iron_lion/blood_weave/bound.png	1	5543913	2026-05-12T18:00:11+00:00
art/characters/iron_lion/blood_weave/braiding.png	1	5371026	2026-05-12T18:00:11+00:00
art/characters/iron_lion/blood_weave/claimed.png	1	5718358	2026-05-12T18:00:13+00:00
art/characters/iron_lion/blood_weave/dormant.png	1	6012710	2026-05-12T18:00:13+00:00
art/characters/iron_lion/blood_weave/woven.png	1	5632189	2026-05-12T18:00:13+00:00
art/characters/iron_lion/front_turnaround.png	1	5940646	2026-05-12T18:00:14+00:00
art/characters/iron_lion/full_body_turnaround.png	1	2237221	2026-05-12T18:00:14+00:00
art/characters/jericho_jones/blood_weave/bound.png	1	5775121	2026-05-12T18:00:14+00:00
art/characters/jericho_jones/blood_weave/braiding.png	1	6147384	2026-05-12T18:00:15+00:00
art/characters/jericho_jones/blood_weave/claimed.png	1	5347503	2026-05-12T18:00:15+00:00
art/characters/jericho_jones/blood_weave/dormant.png	1	5499836	2026-05-12T18:00:15+00:00
art/characters/jericho_jones/blood_weave/woven.png	1	6325526	2026-05-12T18:00:15+00:00
art/characters/locke/front_turnaround.png	1	4365455	2026-05-12T18:00:17+00:00
art/characters/locke/full_body_turnaround.png	1	5152296	2026-05-12T18:00:18+00:00
art/characters/marion_kell/front_turnaround.png	1	4489866	2026-05-12T18:00:18+00:00
art/characters/marion_kell/full_body_turnaround.png	1	4629518	2026-05-12T18:00:19+00:00
art/characters/matrikala/blood_weave/bound.png	1	4999217	2026-05-12T18:00:19+00:00
art/characters/matrikala/blood_weave/braiding.png	1	4815352	2026-05-12T18:00:20+00:00
art/characters/matrikala/blood_weave/claimed.png	1	5112673	2026-05-12T18:00:20+00:00
art/characters/matrikala/blood_weave/dormant.png	1	5094646	2026-05-12T18:00:20+00:00
art/characters/matrikala/blood_weave/woven.png	1	5032955	2026-05-12T18:00:20+00:00
art/characters/matrikala/front_turnaround.png	1	4648683	2026-05-12T18:00:21+00:00
art/characters/matrikala/full_body_turnaround.png	1	4768431	2026-05-12T18:00:22+00:00
art/characters/necromancer/front_turnaround.png	1	5245593	2026-05-12T18:00:23+00:00
art/characters/necromancer/full_body_turnaround.png	1	4789381	2026-05-12T18:00:24+00:00
art/characters/nilmorg/front_turnaround.png	1	4788295	2026-05-12T18:00:24+00:00
art/characters/nilmorg/full_body_turnaround.png	1	4690952	2026-05-12T18:00:24+00:00
art/characters/programmer/blood_weave/bound.png	1	5074616	2026-05-12T18:00:25+00:00
art/characters/programmer/blood_weave/braiding.png	1	4873480	2026-05-12T18:00:25+00:00
art/characters/programmer/blood_weave/claimed.png	1	5162195	2026-05-12T18:00:26+00:00
art/characters/programmer/blood_weave/dormant.png	1	5350404	2026-05-12T18:00:27+00:00
art/characters/programmer/blood_weave/woven.png	1	5202994	2026-05-12T18:00:28+00:00
art/characters/programmer/front_turnaround.png	1	5212475	2026-05-12T18:00:28+00:00
art/characters/programmer/full_body_turnaround.png	1	5252769	2026-05-12T18:00:28+00:00
art/characters/seer/front_turnaround.png	1	5119794	2026-05-12T18:00:29+00:00
art/characters/seer/full_body_turnaround.png	1	4744644	2026-05-12T18:00:29+00:00
art/characters/shadow_tongue/front_turnaround.png	1	5136653	2026-05-12T18:00:29+00:00
art/characters/shadow_tongue/full_body_turnaround.png	1	2236705	2026-05-12T18:00:29+00:00
art/characters/source/front_turnaround.png	1	5178167	2026-05-12T18:00:29+00:00
art/characters/source/full_body_turnaround.png	1	2422430	2026-05-12T18:00:29+00:00
art/characters/source_kael/blood_weave/bound.png	1	6653915	2026-05-12T18:00:30+00:00
art/characters/source_kael/blood_weave/braiding.png	1	6886720	2026-05-12T18:00:30+00:00
art/characters/source_kael/blood_weave/claimed.png	1	5954303	2026-05-12T18:00:30+00:00
art/characters/source_kael/blood_weave/dormant.png	1	6349324	2026-05-12T18:00:32+00:00
art/characters/source_kael/blood_weave/woven.png	1	6683156	2026-05-12T18:00:33+00:00
art/characters/source_kael/front_turnaround.png	1	5178167	2026-05-12T18:00:33+00:00
art/characters/source_kael/full_body_turnaround.png	1	2422430	2026-05-12T18:00:34+00:00
art/characters/the_eyes/blood_weave/bound.png	1	5582923	2026-05-12T18:00:34+00:00
art/characters/the_eyes/blood_weave/braiding.png	1	6039343	2026-05-12T18:00:35+00:00
art/characters/the_eyes/blood_weave/claimed.png	1	5164514	2026-05-12T18:00:36+00:00
art/characters/the_eyes/blood_weave/dormant.png	1	5622559	2026-05-12T18:00:37+00:00
art/characters/the_eyes/blood_weave/woven.png	1	6102315	2026-05-12T18:00:37+00:00
art/characters/the_eyes/front_turnaround.png	1	4565528	2026-05-12T18:00:37+00:00
art/characters/the_eyes/full_body_turnaround.png	1	5144193	2026-05-12T18:00:37+00:00
art/characters/the_human/front_turnaround.png	1	5131220	2026-05-12T18:00:38+00:00
art/characters/the_human/full_body_turnaround.png	1	4931003	2026-05-12T18:00:39+00:00
art/characters/vex_solene/front_turnaround.png	1	5305645	2026-05-12T18:00:40+00:00
art/characters/vex_solene/full_body_turnaround.png	1	5468879	2026-05-12T18:00:41+00:00
art/characters/warlord/front_turnaround.png	1	1238435	2026-05-12T18:00:43+00:00
art/characters/warlord/full_body_turnaround.png	1	5340764	2026-05-12T18:00:42+00:00
art/characters/watcher/front_turnaround.png	1	4998987	2026-05-12T18:00:42+00:00
art/characters/watcher/full_body_turnaround.png	1	4885338	2026-05-12T18:00:43+00:00
art/chess/chess-holographic-board.png	2	3222784	2026-04-22T04:29:06+00:00
art/chess/pieces-sprite.png	1	199739	2026-04-22T04:29:06+00:00
art/cinematics/act-4-5-dmc/frame01.webp	1	211586	2026-04-26T02:32:13+00:00
art/cinematics/act-4-5-dmc/frame02.webp	1	164256	2026-04-26T02:32:14+00:00
art/cinematics/act-4-5-dmc/frame03.webp	1	101020	2026-04-26T02:32:13+00:00
art/cinematics/act-4-5-dmc/hero.webp	1	221736	2026-04-26T02:32:14+00:00
art/cinematics/act-4-revelation/frame01.webp	1	315532	2026-04-26T02:32:14+00:00
art/cinematics/act-4-revelation/frame02.webp	1	100790	2026-04-26T02:32:13+00:00
art/cinematics/act-4-revelation/frame03.webp	1	79798	2026-04-26T02:32:13+00:00
art/cinematics/act-4-revelation/hero.webp	1	164952	2026-04-26T02:32:14+00:00
art/cinematics/act-5-map/frame01.webp	1	224560	2026-04-26T02:32:14+00:00
art/cinematics/act-5-map/frame02.webp	1	159520	2026-04-26T02:32:14+00:00
art/cinematics/act-5-map/frame03.webp	1	171112	2026-04-26T02:32:15+00:00
art/cinematics/act-5-map/hero.webp	1	209560	2026-04-26T02:32:15+00:00
art/cinematics/act-6-confession/frame01.webp	1	69420	2026-04-26T02:32:16+00:00
art/cinematics/act-6-confession/frame02.webp	1	109446	2026-04-26T02:32:17+00:00
art/cinematics/act-6-confession/frame03.webp	1	119670	2026-04-26T02:32:19+00:00
art/cinematics/act-6-confession/hero.webp	1	145442	2026-04-26T02:32:19+00:00
art/cinematics/act-7-convergence/frame01.webp	1	186432	2026-04-26T02:32:20+00:00
art/cinematics/act-7-convergence/frame02.webp	1	167302	2026-04-26T02:32:21+00:00
art/cinematics/act-7-convergence/frame03.webp	1	85500	2026-04-26T02:32:22+00:00
art/cinematics/act-7-convergence/hero.webp	1	188144	2026-04-26T02:32:23+00:00
art/cinematics/climax_stills/climax_architect_awakens.png	1	5144380	2026-05-10T20:04:23+00:00
art/cinematics/climax_stills/climax_insurgency_rises.png	1	6127083	2026-05-10T20:04:23+00:00
art/cinematics/climax_stills/climax_seer_prophecy.png	1	5354288	2026-05-10T20:04:23+00:00
art/cinematics/climax_stills/climax_terminus_breach.png	1	5057916	2026-05-10T20:04:23+00:00
art/cinematics/climax_stills/climax_watcher_eye_opens.png	1	5295501	2026-05-10T20:04:23+00:00
art/cinematics/epigraphs/epigraph_age_of_potentials.png	1	4125611	2026-05-10T20:04:25+00:00
art/cinematics/epigraphs/epigraph_age_of_privacy.png	1	4239990	2026-05-10T20:04:31+00:00
art/cinematics/epigraphs/epigraph_age_of_revelation.png	1	4086411	2026-05-10T20:04:33+00:00
art/cinematics/epigraphs/epigraph_fall_of_reality.png	1	4488926	2026-05-10T20:04:33+00:00
art/cinematics/epigraphs/epigraph_silence_in_heaven.png	1	4045262	2026-05-10T20:04:34+00:00
art/cinematics/expansion_loops/loop_new_babylon_skyline.png	1	7068294	2026-05-10T20:04:38+00:00
art/cinematics/expansion_loops/loop_thaloria_valley.png	1	5155766	2026-05-10T20:04:40+00:00
art/cinematics/expansion_loops/loop_void_drift.png	1	4575826	2026-05-10T20:04:41+00:00
art/cinematics/silence-of-two-witnesses/frame01.webp	1	65552	2026-04-26T02:32:24+00:00
art/cinematics/silence-of-two-witnesses/frame02.webp	1	50378	2026-04-26T02:32:24+00:00
art/cinematics/silence-of-two-witnesses/frame03.webp	1	118326	2026-04-26T02:32:24+00:00
art/cinematics/silence-of-two-witnesses/hero.webp	1	190600	2026-04-26T02:32:25+00:00
art/cinematics/witnessing_vfx/witness_authority.png	1	5705024	2026-05-10T20:04:48+00:00
art/cinematics/witnessing_vfx/witness_dreamer.png	1	5639268	2026-05-10T20:04:48+00:00
art/cinematics/witnessing_vfx/witness_hierarchy.png	1	5096331	2026-05-10T20:04:50+00:00
art/cinematics/witnessing_vfx/witness_insurgency.png	1	5040930	2026-05-10T20:04:52+00:00
art/cinematics/witnessing_vfx/witness_mechronis.png	1	5893945	2026-05-10T20:05:00+00:00
art/cinematics/witnessing_vfx/witness_terminus.png	1	5056352	2026-05-10T20:05:09+00:00
art/cinematics/witnessing_vfx/witness_watcher.png	1	4991426	2026-05-10T20:05:11+00:00
art/classrooms/classroom-aoki.jpg	1	362158	2026-04-26T02:32:26+00:00
art/classrooms/classroom-greenshaw.jpg	1	392856	2026-04-26T02:32:26+00:00
art/classrooms/classroom-halverez.jpg	1	337837	2026-04-26T02:32:26+00:00
art/classrooms/classroom-kanevas.jpg	1	417007	2026-04-26T02:32:28+00:00
art/classrooms/classroom-kasra.jpg	1	401317	2026-04-26T02:32:29+00:00
art/classrooms/classroom-mireille.jpg	1	441226	2026-04-26T02:32:27+00:00
art/classrooms/classroom-orphic.jpg	1	393884	2026-04-26T02:32:28+00:00
art/classrooms/classroom-proctor.jpg	1	385844	2026-04-26T02:32:28+00:00
art/classrooms/classroom-vasara.jpg	1	390134	2026-04-26T02:32:29+00:00
art/classrooms/classroom-vellis.jpg	1	411593	2026-04-26T02:32:29+00:00
art/classrooms/classroom-vent.jpg	1	427778	2026-04-26T02:32:28+00:00
art/classrooms/classroom-vex.jpg	1	420831	2026-04-26T02:32:30+00:00
art/constellations/constellation-architects-eye.png	1	10227011	2026-04-22T04:29:14+00:00
art/constellations/constellation-dreamers-spiral.png	1	3726027	2026-04-22T04:29:09+00:00
art/constellations/constellation-iron-lions-shield.png	1	3211313	2026-04-22T04:29:09+00:00
art/constellations/constellation-kaels-chain.png	1	3839781	2026-04-22T04:29:09+00:00
art/constellations/constellation-two-witnesses.png	1	8736753	2026-04-22T04:29:14+00:00
art/crew/darren-fessler-badge.png	1	418685	2026-04-22T04:29:08+00:00
art/cutscenes/berth/cs_berth_sleep_start.png	1	975462	2026-05-12T22:32:45+00:00
art/cutscenes/chess_tutorial/cs_chess_tut_g1_intro_start.png	1	5185053	2026-05-12T22:24:58+00:00
art/cutscenes/forge/cs_forge_failure_start.png	1	1029330	2026-05-12T22:32:49+00:00
art/cutscenes/forge/cs_forge_first_creation.mp4	2	9946435	2026-05-12T07:26:04+00:00
art/cutscenes/forge/cs_forge_first_start.png	1	5948779	2026-05-12T07:26:05+00:00
art/cutscenes/guild_room/cs_guild_iron_first_arrival_start.png	1	6569134	2026-05-12T07:26:16+00:00
art/cutscenes/mechronis_audit/cs_audit_day21_warden_start.png	1	6020990	2026-05-12T07:26:34+00:00
art/cutscenes/mission/cs_mission_return_success_start.png	1	6299642	2026-05-12T07:26:52+00:00
art/destinations/castle_of_death/cod01_entrance_hall.png	1	6815587	2026-05-12T18:00:47+00:00
art/destinations/castle_of_death/cod02_poison_kitchen.png	1	6160946	2026-05-12T18:00:47+00:00
art/destinations/castle_of_death/cod03_mirror_gallery.png	1	6189910	2026-05-12T18:00:47+00:00
art/destinations/castle_of_death/cod04_clocktower_mechanism.png	1	6320442	2026-05-12T18:00:47+00:00
art/destinations/castle_of_death/cod05_flooded_dungeon.png	1	6088674	2026-05-12T18:00:47+00:00
art/destinations/castle_of_death/cod06_throne_room.png	1	6475841	2026-05-12T18:00:47+00:00
art/destinations/castle_of_death/cod07_library_of_forbidden.png	1	6355570	2026-05-12T18:00:47+00:00
art/destinations/castle_of_death/cod08_torture_garden.png	1	6388209	2026-05-12T18:00:47+00:00
art/destinations/castle_of_death/cod09_ballroom_of_bones.png	1	6267551	2026-05-12T18:00:47+00:00
art/destinations/castle_of_death/cod10_observatory_of_doom.png	1	6539835	2026-05-12T18:00:47+00:00
art/destinations/castle_of_death/cod11_crypt_of_ancestors.png	1	6776230	2026-05-12T18:00:47+00:00
art/destinations/castle_of_death/cod12_alchemy_lab.png	1	6397007	2026-05-12T18:00:47+00:00
art/destinations/castle_of_death/cod13_armory_of_legends.png	1	6285414	2026-05-12T18:00:48+00:00
art/destinations/castle_of_death/cod14_dining_hall_of_last_supper.png	1	6092494	2026-05-12T18:00:49+00:00
art/destinations/castle_of_death/cod15_music_room.png	1	6016229	2026-05-12T18:00:51+00:00
art/destinations/castle_of_death/cod16_servants_quarters.png	1	6282853	2026-05-12T18:00:53+00:00
art/destinations/castle_of_death/cod17_greenhouse_of_carnivores.png	1	6675202	2026-05-12T18:00:54+00:00
art/destinations/castle_of_death/cod18_chapel_of_false_saints.png	1	6784597	2026-05-12T18:00:55+00:00
art/destinations/castle_of_death/cod19_portrait_gallery.png	1	6131593	2026-05-12T18:00:56+00:00
art/destinations/castle_of_death/cod20_final_chamber_throne.png	1	7154815	2026-05-12T18:00:56+00:00
art/destinations/crucible/cr01_iron_pit.png	1	6907226	2026-05-12T18:00:57+00:00
art/destinations/crucible/cr02_void_ring.png	1	6305521	2026-05-12T18:00:58+00:00
art/destinations/crucible/cr03_acid_gardens.png	1	6894549	2026-05-12T18:00:58+00:00
art/destinations/crucible/cr04_clockwork_maze.png	1	5862393	2026-05-12T18:00:58+00:00
art/destinations/crucible/cr05_shadow_cathedral.png	1	6090058	2026-05-12T18:00:59+00:00
art/destinations/crucible/cr06_frozen_colosseum.png	1	6485035	2026-05-12T18:00:59+00:00
art/destinations/crucible/cr07_volcanic_forge.png	1	6144957	2026-05-12T18:00:59+00:00
art/destinations/crucible/cr08_gravity_well.png	1	6505054	2026-05-12T18:01:01+00:00
art/destinations/crucible/cr09_mirror_dimension.png	1	7051143	2026-05-12T18:01:01+00:00
art/destinations/crucible/cr10_storm_spire.png	1	6241210	2026-05-12T18:01:02+00:00
art/destinations/crucible/cr11_bone_garden.png	1	5898529	2026-05-12T18:01:03+00:00
art/destinations/crucible/cr12_neon_undercity.png	1	7279474	2026-05-12T18:01:03+00:00
art/destinations/crucible/cr13_crystal_cavern.png	1	6324447	2026-05-12T18:01:03+00:00
art/destinations/crucible/cr14_shipwreck_graveyard.png	1	6410477	2026-05-12T18:01:07+00:00
art/destinations/crucible/cr15_living_forest.png	1	6605167	2026-05-12T18:01:07+00:00
art/destinations/destination_crystal_archive_panorama.png	1	5833892	2026-05-12T18:01:07+00:00
art/destinations/destination_dead_station_panorama.png	1	5811162	2026-05-12T18:01:09+00:00
art/destinations/destination_forge_world_panorama.png	1	6409823	2026-05-12T18:01:09+00:00
art/destinations/destination_garden_colony_panorama.png	1	6578531	2026-05-12T18:01:10+00:00
art/destinations/destination_ice_moon_panorama.png	1	5864923	2026-05-12T18:01:10+00:00
art/destinations/destination_nebula_station_panorama.png	1	5157228	2026-05-12T18:01:10+00:00
art/destinations/destination_trade_hub_panorama.png	1	6987030	2026-05-12T18:01:11+00:00
art/destinations/destination_war_zone_panorama.png	1	5542036	2026-05-12T18:01:11+00:00
art/destinations/quiz_show/qs01_main_stage.png	1	6819295	2026-05-12T18:01:12+00:00
art/destinations/quiz_show/qs02_lightning_round_chamber.png	1	7337891	2026-05-12T18:01:12+00:00
art/destinations/quiz_show/qs03_bonus_vault.png	1	6632830	2026-05-12T18:01:14+00:00
art/destinations/quiz_show/qs04_elimination_pit.png	1	6819678	2026-05-12T18:01:15+00:00
art/destinations/quiz_show/qs05_backstage_green_room.png	1	6823392	2026-05-12T18:01:17+00:00
art/destinations/tower_defense/td01_iron_fortress.png	1	7736113	2026-05-12T18:01:17+00:00
art/destinations/tower_defense/td02_frozen_pass.png	1	6959511	2026-05-12T18:01:17+00:00
art/destinations/tower_defense/td03_jungle_temple.png	1	8168527	2026-05-12T18:01:18+00:00
art/destinations/tower_defense/td04_void_station.png	1	7308525	2026-05-12T18:01:18+00:00
art/destinations/tower_defense/td05_clockwork_city.png	1	6869771	2026-05-12T18:01:18+00:00
art/destinations/tower_defense/td06_necropolis.png	1	6594726	2026-05-12T18:01:19+00:00
art/destinations/tower_defense/td07_sky_citadel.png	1	5981537	2026-05-12T18:01:20+00:00
art/destinations/tower_defense/td08_toxic_swamp.png	1	6395447	2026-05-12T18:01:20+00:00
art/destinations/tower_defense/td09_crystal_mines.png	1	6517892	2026-05-12T18:01:21+00:00
art/destinations/tower_defense/td10_war_machine.png	1	7174643	2026-05-12T18:01:21+00:00
art/destinations/trade_empire/te01_aurum_prime.png	1	6561591	2026-05-12T18:01:22+00:00
art/destinations/trade_empire/te02_iron_bazaar.png	1	6790962	2026-05-12T18:01:23+00:00
art/destinations/trade_empire/te03_silk_nebula_port.png	1	6321005	2026-05-12T18:01:23+00:00
art/destinations/trade_empire/te04_scrapyard_moon.png	1	6453402	2026-05-12T18:01:24+00:00
art/destinations/trade_empire/te05_crystal_exchange.png	1	7336361	2026-05-12T18:01:27+00:00
art/destinations/trade_empire/te06_void_market.png	1	5821790	2026-05-12T18:01:27+00:00
art/destinations/trade_empire/te07_garden_world_agri.png	1	6622863	2026-05-12T18:01:27+00:00
art/destinations/trade_empire/te08_fuel_refinery.png	1	6342298	2026-05-12T18:01:27+00:00
art/destinations/trade_empire/te09_data_haven.png	1	7401732	2026-05-12T18:01:28+00:00
art/destinations/trade_empire/te10_resort_world.png	1	7099703	2026-05-12T18:01:29+00:00
art/dmc/environments/dmc_env_bone-lane_1920x1080.jpg	1	839576	2026-04-22T04:29:09+00:00
art/dmc/environments/dmc_env_clone-vat_1920x1080.jpg	1	716631	2026-04-22T04:29:09+00:00
art/dmc/environments/dmc_env_dead-straight_1920x1080.jpg	1	470205	2026-04-22T04:29:09+00:00
art/dmc/environments/dmc_env_nilmorg-platform_1920x1080.jpg	1	592434	2026-04-22T04:29:09+00:00
art/dmc/environments/dmc_env_speed-conduit_1920x1080.jpg	1	781561	2026-04-22T04:29:09+00:00
art/dmc/environments/dmc_env_starting-grid_1920x1080.jpg	1	857501	2026-04-22T04:29:11+00:00
art/dmc/environments/dmc_env_the-trench_1920x1080.jpg	2	635649	2026-04-22T04:29:11+00:00
art/dmc/keyframes/cin01_end.png	1	6320235	2026-04-22T04:29:15+00:00
art/dmc/keyframes/cin01_start.png	1	5587497	2026-04-22T04:29:15+00:00
art/dmc/keyframes/cin02_end.png	1	7227115	2026-04-22T04:29:15+00:00
art/dmc/keyframes/cin02_start.png	1	6437668	2026-04-22T04:29:15+00:00
art/dmc/keyframes/cin03_end.png	1	6087214	2026-04-22T04:29:15+00:00
art/dmc/keyframes/cin03_start.png	1	6597396	2026-04-22T04:29:15+00:00
art/dmc/keyframes/cin04_end.png	1	6652480	2026-04-22T04:29:16+00:00
art/dmc/keyframes/cin04_start.png	1	6166933	2026-04-22T04:29:16+00:00
art/dmc/keyframes/cin05_end.png	1	6474844	2026-04-22T04:29:16+00:00
art/dmc/keyframes/cin05_start.png	1	5929040	2026-04-22T04:29:17+00:00
art/dmc/keyframes/cin06_end.png	1	5908863	2026-04-22T04:29:18+00:00
art/dmc/keyframes/cin06_start.png	1	6065545	2026-04-22T04:29:18+00:00
art/duel/duel-bg.webp	2	364322	2026-05-20T01:34:17+00:00
art/empty-states/empty-achievements.png	1	6690357	2026-04-22T04:29:45+00:00
art/empty-states/empty-apprentices.png	1	7473968	2026-04-22T04:29:47+00:00
art/empty-states/empty-card-collection.png	1	5807497	2026-04-22T04:29:47+00:00
art/empty-states/empty-companions.png	1	6769390	2026-04-22T04:29:47+00:00
art/empty-states/empty-guild-hall.png	1	7181553	2026-04-22T04:29:48+00:00
art/empty-states/empty-inventory.png	1	6412291	2026-04-22T04:29:49+00:00
art/empty-states/empty-leaderboard.png	1	6317168	2026-04-22T04:29:49+00:00
art/empty-states/empty-lore-journal.png	1	6941133	2026-04-22T04:29:49+00:00
art/empty-states/empty-match-history.png	1	7210951	2026-04-22T04:29:49+00:00
art/empty-states/empty-notifications.png	1	5596844	2026-04-22T04:29:49+00:00
art/empty-states/empty-pet-collection.png	1	6646058	2026-04-22T04:29:50+00:00
art/empty-states/empty-quest-log.png	1	6663428	2026-04-22T04:29:50+00:00
art/empty-states/empty-trade-history.png	1	6967231	2026-04-22T04:29:50+00:00
art/fight/hud/combo_pop_bronze.png	1	4378166	2026-05-10T20:05:23+00:00
art/fight/hud/combo_pop_gold.png	1	5087232	2026-05-10T20:05:23+00:00
art/fight/hud/combo_pop_platinum.png	1	4294872	2026-05-10T20:05:23+00:00
art/fight/hud/combo_pop_silver.png	1	4128392	2026-05-10T20:05:23+00:00
art/fight/hud/flawless_victory_banner.png	1	6976256	2026-05-10T20:05:23+00:00
art/fight/hud/health_bar_p1.png	1	5340954	2026-05-10T20:05:24+00:00
art/fight/hud/health_bar_p2.png	1	5590320	2026-05-10T20:05:24+00:00
art/fight/hud/ko_splash.png	1	5760744	2026-05-10T20:05:30+00:00
art/fight/hud/perfect_banner.png	1	5900345	2026-05-10T20:05:34+00:00
art/fight/hud/portrait_frame_p1.png	1	6971563	2026-05-10T20:05:36+00:00
art/fight/hud/portrait_frame_p2.png	1	6364296	2026-05-10T20:05:37+00:00
art/fight/hud/round_card_final.png	1	7685320	2026-05-10T20:05:38+00:00
art/fight/hud/round_card_round_1.png	1	6025999	2026-05-10T20:06:00+00:00
art/fight/hud/round_card_round_2.png	1	7106372	2026-05-10T20:06:01+00:00
art/fight/hud/super_meter.png	1	5486609	2026-05-10T20:06:02+00:00
art/fight/hud/timer_clock.png	1	4534801	2026-05-10T20:06:03+00:00
art/fight/hud/victory_banner.png	1	6342437	2026-05-10T20:06:04+00:00
art/fight/sprites/agent_zero/attack_heavy_kick.png	1	5386495	2026-05-10T20:06:05+00:00
art/fight/sprites/agent_zero/attack_heavy_punch.png	1	5269211	2026-05-10T20:06:14+00:00
art/fight/sprites/agent_zero/attack_light_kick.png	1	5015115	2026-05-10T20:06:14+00:00
art/fight/sprites/agent_zero/attack_light_punch.png	1	5231944	2026-05-10T20:06:15+00:00
art/fight/sprites/agent_zero/attack_medium_kick.png	1	4956362	2026-05-10T20:06:17+00:00
art/fight/sprites/agent_zero/attack_medium_punch.png	1	5358067	2026-05-10T20:06:19+00:00
art/fight/sprites/agent_zero/block_active.png	1	5069091	2026-05-10T20:06:19+00:00
art/fight/sprites/agent_zero/crouch.png	1	4851032	2026-05-10T20:06:25+00:00
art/fight/sprites/agent_zero/hit_high.png	1	5199298	2026-05-10T20:06:25+00:00
art/fight/sprites/agent_zero/hit_low.png	1	4790285	2026-05-10T20:06:27+00:00
art/fight/sprites/agent_zero/hit_mid.png	1	5028291	2026-05-10T20:06:27+00:00
art/fight/sprites/agent_zero/idle.png	1	5593033	2026-05-10T20:06:32+00:00
art/fight/sprites/agent_zero/jump.png	1	5113420	2026-05-10T20:06:36+00:00
art/fight/sprites/agent_zero/knockdown.png	1	5205974	2026-05-10T20:06:36+00:00
art/fight/sprites/agent_zero/special_1.png	1	5141932	2026-05-10T20:06:37+00:00
art/fight/sprites/agent_zero/special_2.png	1	5204179	2026-05-10T20:06:47+00:00
art/fight/sprites/agent_zero/super_move.png	1	5864496	2026-05-10T20:06:47+00:00
art/fight/sprites/agent_zero/taunt.png	1	5213734	2026-05-10T20:06:48+00:00
art/fight/sprites/agent_zero/victory.png	1	5240397	2026-05-10T20:06:50+00:00
art/fight/sprites/agent_zero/walk_backward.png	1	5632401	2026-05-10T20:06:57+00:00
art/fight/sprites/agent_zero/walk_forward.png	1	4893901	2026-05-10T20:06:58+00:00
art/fight/sprites/antiquarian/attack_heavy_kick.png	1	5514075	2026-05-10T20:07:03+00:00
art/fight/sprites/antiquarian/attack_heavy_punch.png	1	5361841	2026-05-10T20:07:03+00:00
art/fight/sprites/antiquarian/attack_light_kick.png	1	5311541	2026-05-10T20:07:07+00:00
art/fight/sprites/antiquarian/attack_light_punch.png	1	5427888	2026-05-10T20:07:09+00:00
art/fight/sprites/antiquarian/attack_medium_kick.png	1	4914954	2026-05-10T20:07:09+00:00
art/fight/sprites/antiquarian/attack_medium_punch.png	1	4933275	2026-05-10T20:07:27+00:00
art/fight/sprites/antiquarian/block_active.png	1	5227306	2026-05-10T20:07:28+00:00
art/fight/sprites/antiquarian/crouch.png	1	5207478	2026-05-10T20:07:33+00:00
art/fight/sprites/antiquarian/hit_high.png	1	5367653	2026-05-10T20:07:33+00:00
art/fight/sprites/antiquarian/hit_low.png	1	4937547	2026-05-10T20:07:35+00:00
art/fight/sprites/antiquarian/hit_mid.png	1	5121877	2026-05-10T20:07:35+00:00
art/fight/sprites/antiquarian/idle.png	1	5819280	2026-05-10T20:07:35+00:00
art/fight/sprites/antiquarian/jump.png	1	5552581	2026-05-10T20:07:42+00:00
art/fight/sprites/antiquarian/knockdown.png	1	5581351	2026-05-10T20:07:46+00:00
art/fight/sprites/antiquarian/special_1.png	1	5779715	2026-05-10T20:07:47+00:00
art/fight/sprites/antiquarian/special_2.png	1	5896491	2026-05-10T20:07:47+00:00
art/fight/sprites/antiquarian/super_move.png	1	5886965	2026-05-10T20:07:47+00:00
art/fight/sprites/antiquarian/taunt.png	1	6386106	2026-05-10T20:07:48+00:00
art/fight/sprites/antiquarian/victory.png	1	5404566	2026-05-10T20:07:56+00:00
art/fight/sprites/antiquarian/walk_backward.png	1	5335345	2026-05-10T20:08:00+00:00
art/fight/sprites/antiquarian/walk_forward.png	1	4993680	2026-05-10T20:08:00+00:00
art/fight/sprites/architect/attack_heavy_kick.png	1	5079370	2026-05-10T20:08:01+00:00
art/fight/sprites/architect/attack_heavy_punch.png	1	5208284	2026-05-10T20:08:01+00:00
art/fight/sprites/architect/attack_light_kick.png	1	4745007	2026-05-10T20:08:02+00:00
art/fight/sprites/architect/attack_light_punch.png	1	4773228	2026-05-10T20:08:02+00:00
art/fight/sprites/architect/attack_medium_kick.png	1	4693855	2026-05-10T20:08:04+00:00
art/fight/sprites/architect/attack_medium_punch.png	1	4521547	2026-05-10T20:08:04+00:00
art/fight/sprites/architect/block_active.png	1	4588793	2026-05-10T20:08:04+00:00
art/fight/sprites/architect/crouch.png	1	4480666	2026-05-10T20:08:04+00:00
art/fight/sprites/architect/hit_high.png	1	4674765	2026-05-10T20:08:13+00:00
art/fight/sprites/architect/hit_low.png	1	4682363	2026-05-10T20:08:14+00:00
art/fight/sprites/architect/hit_mid.png	1	4474791	2026-05-10T20:08:14+00:00
art/fight/sprites/architect/idle.png	1	4657037	2026-05-10T20:08:14+00:00
art/fight/sprites/architect/jump.png	1	4169118	2026-05-10T20:08:15+00:00
art/fight/sprites/architect/knockdown.png	1	4927120	2026-05-10T20:08:20+00:00
art/fight/sprites/architect/special_1.png	1	5533887	2026-05-10T20:08:30+00:00
art/fight/sprites/architect/special_2.png	1	5696084	2026-05-10T20:08:33+00:00
art/fight/sprites/architect/super_move.png	1	6158428	2026-05-10T20:08:33+00:00
art/fight/sprites/architect/taunt.png	1	4529142	2026-05-10T20:08:32+00:00
art/fight/sprites/architect/victory.png	1	5220547	2026-05-10T20:08:31+00:00
art/fight/sprites/architect/walk_backward.png	1	4806943	2026-05-10T20:08:33+00:00
art/fight/sprites/architect/walk_forward.png	1	4760280	2026-05-10T20:08:33+00:00
art/fight/sprites/collector/attack_heavy_kick.png	1	5122604	2026-05-10T20:08:38+00:00
art/fight/sprites/collector/attack_heavy_punch.png	1	5173937	2026-05-10T20:08:35+00:00
art/fight/sprites/collector/attack_light_kick.png	1	5001587	2026-05-10T20:08:37+00:00
art/fight/sprites/collector/attack_light_punch.png	1	4866962	2026-05-10T20:08:40+00:00
art/fight/sprites/collector/attack_medium_kick.png	1	4966508	2026-05-10T20:08:42+00:00
art/fight/sprites/collector/attack_medium_punch.png	1	5078643	2026-05-10T20:08:42+00:00
art/fight/sprites/collector/block_active.png	1	4770822	2026-05-10T20:08:44+00:00
art/fight/sprites/collector/crouch.png	1	4466220	2026-05-10T20:08:46+00:00
art/fight/sprites/collector/hit_high.png	1	4572352	2026-05-10T20:08:46+00:00
art/fight/sprites/collector/hit_low.png	1	4874726	2026-05-10T20:08:46+00:00
art/fight/sprites/collector/hit_mid.png	1	4784117	2026-05-10T20:08:49+00:00
art/fight/sprites/collector/idle.png	1	4744865	2026-05-10T20:08:58+00:00
art/fight/sprites/collector/jump.png	1	5015665	2026-05-10T20:09:02+00:00
art/fight/sprites/collector/knockdown.png	1	4982625	2026-05-10T20:09:06+00:00
art/fight/sprites/collector/special_1.png	1	5426018	2026-05-10T20:09:06+00:00
art/fight/sprites/collector/special_2.png	1	5358409	2026-05-10T20:09:10+00:00
art/fight/sprites/collector/super_move.png	1	5354964	2026-05-10T20:09:10+00:00
art/fight/sprites/collector/taunt.png	1	4581575	2026-05-10T20:09:12+00:00
art/fight/sprites/collector/victory.png	1	5181804	2026-05-10T20:09:14+00:00
art/fight/sprites/collector/walk_backward.png	1	4886345	2026-05-10T20:09:14+00:00
art/fight/sprites/collector/walk_forward.png	1	4791085	2026-05-10T20:09:13+00:00
art/fight/sprites/conexus/attack_heavy_kick.png	1	5347843	2026-05-10T20:09:16+00:00
art/fight/sprites/conexus/attack_heavy_punch.png	1	4861722	2026-05-10T20:09:20+00:00
art/fight/sprites/conexus/attack_light_kick.png	1	4709800	2026-05-10T20:09:20+00:00
art/fight/sprites/conexus/attack_light_punch.png	1	4867005	2026-05-10T20:09:21+00:00
art/fight/sprites/conexus/attack_medium_kick.png	1	5194722	2026-05-10T20:09:23+00:00
art/fight/sprites/conexus/attack_medium_punch.png	1	4982281	2026-05-10T20:09:27+00:00
art/fight/sprites/conexus/block_active.png	1	4922654	2026-05-10T20:09:22+00:00
art/fight/sprites/conexus/crouch.png	1	4983762	2026-05-10T20:09:23+00:00
art/fight/sprites/conexus/hit_high.png	1	4847678	2026-05-10T20:09:29+00:00
art/fight/sprites/conexus/hit_low.png	1	4858768	2026-05-10T20:09:30+00:00
art/fight/sprites/conexus/hit_mid.png	1	4998992	2026-05-10T20:09:31+00:00
art/fight/sprites/conexus/idle.png	1	4959501	2026-05-10T20:09:37+00:00
art/fight/sprites/conexus/jump.png	1	5147281	2026-05-10T20:09:36+00:00
art/fight/sprites/conexus/knockdown.png	1	5703705	2026-05-10T20:09:39+00:00
art/fight/sprites/conexus/special_1.png	1	5610229	2026-05-10T20:09:44+00:00
art/fight/sprites/conexus/special_2.png	1	5512931	2026-05-10T20:09:44+00:00
art/fight/sprites/conexus/super_move.png	1	6015862	2026-05-10T20:09:46+00:00
art/fight/sprites/conexus/taunt.png	1	5369159	2026-05-10T20:09:47+00:00
art/fight/sprites/conexus/victory.png	1	5470620	2026-05-10T20:09:48+00:00
art/fight/sprites/conexus/walk_backward.png	1	5699740	2026-05-10T20:09:51+00:00
art/fight/sprites/conexus/walk_forward.png	1	5327928	2026-05-10T20:09:51+00:00
art/fight/sprites/degen/attack_heavy_kick.png	1	5389033	2026-05-10T20:09:54+00:00
art/fight/sprites/degen/attack_heavy_punch.png	1	5610538	2026-05-10T20:09:58+00:00
art/fight/sprites/degen/attack_light_kick.png	1	5315048	2026-05-10T20:09:59+00:00
art/fight/sprites/degen/attack_light_punch.png	1	5156643	2026-05-10T20:10:06+00:00
art/fight/sprites/degen/attack_medium_kick.png	1	5001864	2026-05-10T20:10:06+00:00
art/fight/sprites/degen/attack_medium_punch.png	1	5008005	2026-05-10T20:10:13+00:00
art/fight/sprites/degen/block_active.png	1	5062147	2026-05-10T20:10:16+00:00
art/fight/sprites/degen/crouch.png	1	4847192	2026-05-10T20:10:16+00:00
art/fight/sprites/degen/hit_high.png	1	5399512	2026-05-10T20:10:17+00:00
art/fight/sprites/degen/hit_low.png	1	5265647	2026-05-10T20:10:22+00:00
art/fight/sprites/degen/hit_mid.png	1	5001380	2026-05-10T20:10:26+00:00
art/fight/sprites/degen/idle.png	1	5364390	2026-05-10T20:10:21+00:00
art/fight/sprites/degen/jump.png	1	5336779	2026-05-10T20:10:26+00:00
art/fight/sprites/degen/knockdown.png	1	5312331	2026-05-10T20:10:28+00:00
art/fight/sprites/degen/special_1.png	1	5749468	2026-05-10T20:10:29+00:00
art/fight/sprites/degen/special_2.png	1	5473927	2026-05-10T20:10:29+00:00
art/fight/sprites/degen/super_move.png	1	5522116	2026-05-10T20:10:29+00:00
art/fight/sprites/degen/taunt.png	1	5651028	2026-05-10T20:10:34+00:00
art/fight/sprites/degen/victory.png	1	5709590	2026-05-10T20:10:29+00:00
art/fight/sprites/degen/walk_backward.png	1	5076974	2026-05-10T20:10:33+00:00
art/fight/sprites/degen/walk_forward.png	1	5130987	2026-05-10T20:10:33+00:00
art/fight/sprites/dreamer/attack_heavy_kick.png	1	5787797	2026-05-10T20:10:37+00:00
art/fight/sprites/dreamer/attack_heavy_punch.png	1	5701004	2026-05-10T20:10:37+00:00
art/fight/sprites/dreamer/attack_light_kick.png	1	5297666	2026-05-10T20:10:37+00:00
art/fight/sprites/dreamer/attack_light_punch.png	1	5259721	2026-05-10T20:10:39+00:00
art/fight/sprites/dreamer/attack_medium_kick.png	1	5597674	2026-05-10T20:10:42+00:00
art/fight/sprites/dreamer/attack_medium_punch.png	1	5213874	2026-05-10T20:10:42+00:00
art/fight/sprites/dreamer/block_active.png	1	4932112	2026-05-10T20:10:42+00:00
art/fight/sprites/dreamer/crouch.png	1	5156774	2026-05-10T20:10:44+00:00
art/fight/sprites/dreamer/hit_high.png	1	4707783	2026-05-10T20:10:52+00:00
art/fight/sprites/dreamer/hit_low.png	1	5409826	2026-05-10T20:10:55+00:00
art/fight/sprites/dreamer/hit_mid.png	1	4917104	2026-05-10T20:10:59+00:00
art/fight/sprites/dreamer/idle.png	1	5688550	2026-05-10T20:10:59+00:00
art/fight/sprites/dreamer/jump.png	1	5804111	2026-05-10T20:10:59+00:00
art/fight/sprites/dreamer/knockdown.png	1	5475369	2026-05-10T20:11:01+00:00
art/fight/sprites/dreamer/special_1.png	1	6369374	2026-05-10T20:11:06+00:00
art/fight/sprites/dreamer/special_2.png	1	6074077	2026-05-10T20:11:08+00:00
art/fight/sprites/dreamer/super_move.png	1	5718132	2026-05-10T20:11:09+00:00
art/fight/sprites/dreamer/taunt.png	1	5159256	2026-05-10T20:11:09+00:00
art/fight/sprites/dreamer/victory.png	1	5941457	2026-05-10T20:11:09+00:00
art/fight/sprites/dreamer/walk_backward.png	1	5245201	2026-05-10T20:11:10+00:00
art/fight/sprites/dreamer/walk_forward.png	1	5474434	2026-05-10T20:11:12+00:00
art/fight/sprites/eidola/attack_heavy_kick.png	1	5438664	2026-05-10T20:11:17+00:00
art/fight/sprites/eidola/attack_heavy_punch.png	1	5235031	2026-05-10T20:11:17+00:00
art/fight/sprites/eidola/attack_light_kick.png	1	5090112	2026-05-10T20:11:23+00:00
art/fight/sprites/eidola/attack_light_punch.png	1	4769353	2026-05-10T20:11:18+00:00
art/fight/sprites/eidola/attack_medium_kick.png	1	5498785	2026-05-10T20:11:20+00:00
art/fight/sprites/eidola/attack_medium_punch.png	1	5534534	2026-05-10T20:11:24+00:00
art/fight/sprites/eidola/block_active.png	1	5537628	2026-05-10T20:11:24+00:00
art/fight/sprites/eidola/crouch.png	1	5094522	2026-05-10T20:11:24+00:00
art/fight/sprites/eidola/hit_high.png	1	5071876	2026-05-10T20:11:31+00:00
art/fight/sprites/eidola/hit_low.png	1	4737992	2026-05-10T20:11:32+00:00
art/fight/sprites/eidola/hit_mid.png	1	5000417	2026-05-10T20:11:32+00:00
art/fight/sprites/eidola/idle.png	1	5497056	2026-05-10T20:11:33+00:00
art/fight/sprites/eidola/jump.png	1	5299013	2026-05-10T20:11:37+00:00
art/fight/sprites/eidola/knockdown.png	1	5589044	2026-05-10T20:11:36+00:00
art/fight/sprites/eidola/special_1.png	1	5384302	2026-05-10T20:11:49+00:00
art/fight/sprites/eidola/special_2.png	1	5905166	2026-05-10T20:11:45+00:00
art/fight/sprites/eidola/super_move.png	1	5416041	2026-05-10T20:11:47+00:00
art/fight/sprites/eidola/taunt.png	1	5644599	2026-05-10T20:11:47+00:00
art/fight/sprites/eidola/victory.png	1	5365900	2026-05-10T20:11:47+00:00
art/fight/sprites/eidola/walk_backward.png	1	5943648	2026-05-10T20:11:48+00:00
art/fight/sprites/eidola/walk_forward.png	1	5514287	2026-05-10T20:11:47+00:00
art/fight/sprites/elara/attack_heavy_kick.png	1	5653282	2026-05-10T20:11:50+00:00
art/fight/sprites/elara/attack_heavy_punch.png	1	5355975	2026-05-10T20:11:51+00:00
art/fight/sprites/elara/attack_light_kick.png	1	5234574	2026-05-10T20:12:02+00:00
art/fight/sprites/elara/attack_light_punch.png	1	5602487	2026-05-10T20:12:02+00:00
art/fight/sprites/elara/attack_medium_kick.png	1	5487736	2026-05-10T20:11:53+00:00
art/fight/sprites/elara/attack_medium_punch.png	1	5375073	2026-05-10T20:11:58+00:00
art/fight/sprites/elara/block_active.png	1	5151179	2026-05-10T20:11:59+00:00
art/fight/sprites/elara/crouch.png	1	4818933	2026-05-10T20:12:00+00:00
art/fight/sprites/elara/hit_high.png	1	5106855	2026-05-10T20:12:06+00:00
art/fight/sprites/elara/hit_low.png	1	5097275	2026-05-10T20:12:05+00:00
art/fight/sprites/elara/hit_mid.png	1	4879153	2026-05-10T20:12:05+00:00
art/fight/sprites/elara/idle.png	1	5616944	2026-05-10T20:12:06+00:00
art/fight/sprites/elara/jump.png	1	5485498	2026-05-10T20:12:09+00:00
art/fight/sprites/elara/knockdown.png	1	5716286	2026-05-10T20:12:09+00:00
art/fight/sprites/elara/special_1.png	1	5514244	2026-05-10T20:12:09+00:00
art/fight/sprites/elara/special_2.png	1	5917574	2026-05-10T20:12:17+00:00
art/fight/sprites/elara/super_move.png	1	5971303	2026-05-10T20:12:21+00:00
art/fight/sprites/elara/taunt.png	1	6067901	2026-05-10T20:12:21+00:00
art/fight/sprites/elara/victory.png	1	5754915	2026-05-10T20:12:23+00:00
art/fight/sprites/elara/walk_backward.png	1	5573970	2026-05-10T20:12:28+00:00
art/fight/sprites/elara/walk_forward.png	1	5673742	2026-05-10T20:12:30+00:00
art/fight/sprites/engineer/attack_heavy_kick.png	1	5130938	2026-05-10T20:12:30+00:00
art/fight/sprites/engineer/attack_heavy_punch.png	1	5088098	2026-05-10T20:12:33+00:00
art/fight/sprites/engineer/attack_light_kick.png	1	5221018	2026-05-10T20:12:33+00:00
art/fight/sprites/engineer/attack_light_punch.png	1	4911046	2026-05-10T20:12:33+00:00
art/fight/sprites/engineer/attack_medium_kick.png	1	5066987	2026-05-10T20:12:33+00:00
art/fight/sprites/engineer/attack_medium_punch.png	1	5026794	2026-05-10T20:12:39+00:00
art/fight/sprites/engineer/block_active.png	1	5103069	2026-05-10T20:12:33+00:00
art/fight/sprites/engineer/crouch.png	1	4837900	2026-05-10T20:12:36+00:00
art/fight/sprites/engineer/hit_high.png	1	5247727	2026-05-10T20:12:48+00:00
art/fight/sprites/engineer/hit_low.png	1	5290658	2026-05-10T20:12:52+00:00
art/fight/sprites/engineer/hit_mid.png	1	4861315	2026-05-10T20:12:54+00:00
art/fight/sprites/engineer/idle.png	1	4980150	2026-05-10T20:12:54+00:00
art/fight/sprites/engineer/jump.png	1	5283065	2026-05-10T20:12:53+00:00
art/fight/sprites/engineer/knockdown.png	1	5264623	2026-05-10T20:12:53+00:00
art/fight/sprites/engineer/special_1.png	1	5626329	2026-05-10T20:12:54+00:00
art/fight/sprites/engineer/special_2.png	1	5772359	2026-05-10T20:12:55+00:00
art/fight/sprites/engineer/super_move.png	1	5930251	2026-05-10T20:12:54+00:00
art/fight/sprites/engineer/taunt.png	1	5512536	2026-05-10T20:12:54+00:00
art/fight/sprites/engineer/victory.png	1	5563910	2026-05-10T20:12:54+00:00
art/fight/sprites/engineer/walk_backward.png	1	5293158	2026-05-10T20:12:55+00:00
art/fight/sprites/engineer/walk_forward.png	1	5142596	2026-05-10T20:12:55+00:00
art/fight/sprites/enigma_malkia/attack_heavy_kick.png	1	5149845	2026-05-10T20:12:58+00:00
art/fight/sprites/enigma_malkia/attack_heavy_punch.png	1	5271156	2026-05-10T20:13:01+00:00
art/fight/sprites/enigma_malkia/attack_light_kick.png	1	5000547	2026-05-10T20:12:58+00:00
art/fight/sprites/enigma_malkia/attack_light_punch.png	1	4752310	2026-05-10T20:13:01+00:00
art/fight/sprites/enigma_malkia/attack_medium_kick.png	1	5142800	2026-05-10T20:13:09+00:00
art/fight/sprites/enigma_malkia/attack_medium_punch.png	1	4933317	2026-05-10T20:13:09+00:00
art/fight/sprites/enigma_malkia/block_active.png	1	4740399	2026-05-10T20:13:17+00:00
art/fight/sprites/enigma_malkia/crouch.png	1	4620640	2026-05-10T20:13:21+00:00
art/fight/sprites/enigma_malkia/hit_high.png	1	4754417	2026-05-10T20:13:21+00:00
art/fight/sprites/enigma_malkia/hit_low.png	1	4951980	2026-05-10T20:13:25+00:00
art/fight/sprites/enigma_malkia/hit_mid.png	1	4685437	2026-05-10T20:13:26+00:00
art/fight/sprites/enigma_malkia/idle.png	1	4934795	2026-05-10T20:13:25+00:00
art/fight/sprites/enigma_malkia/jump.png	1	5125339	2026-05-10T20:13:31+00:00
art/fight/sprites/enigma_malkia/knockdown.png	1	5113951	2026-05-10T20:13:29+00:00
art/fight/sprites/enigma_malkia/special_1.png	1	5158367	2026-05-10T20:13:30+00:00
art/fight/sprites/enigma_malkia/special_2.png	1	5086236	2026-05-10T20:13:29+00:00
art/fight/sprites/enigma_malkia/super_move.png	1	6187817	2026-05-10T20:13:36+00:00
art/fight/sprites/enigma_malkia/taunt.png	1	5591744	2026-05-10T20:13:37+00:00
art/fight/sprites/enigma_malkia/victory.png	1	5465026	2026-05-10T20:13:38+00:00
art/fight/sprites/enigma_malkia/walk_backward.png	1	4751299	2026-05-10T20:13:43+00:00
art/fight/sprites/enigma_malkia/walk_forward.png	1	5054094	2026-05-10T20:13:39+00:00
art/fight/sprites/game_master/attack_heavy_kick.png	1	5601160	2026-05-10T20:13:39+00:00
art/fight/sprites/game_master/attack_heavy_punch.png	1	5504909	2026-05-10T20:13:42+00:00
art/fight/sprites/game_master/attack_light_kick.png	1	5336562	2026-05-10T20:13:40+00:00
art/fight/sprites/game_master/attack_light_punch.png	1	5359913	2026-05-10T20:13:40+00:00
art/fight/sprites/game_master/attack_medium_kick.png	1	4788575	2026-05-10T20:13:43+00:00
art/fight/sprites/game_master/attack_medium_punch.png	1	5316758	2026-05-10T20:13:43+00:00
art/fight/sprites/game_master/block_active.png	1	5213847	2026-05-10T20:13:43+00:00
art/fight/sprites/game_master/crouch.png	1	5049922	2026-05-10T20:13:43+00:00
art/fight/sprites/game_master/hit_high.png	1	5430243	2026-05-10T20:13:49+00:00
art/fight/sprites/game_master/hit_low.png	1	5350793	2026-05-10T20:13:49+00:00
art/fight/sprites/game_master/hit_mid.png	1	5699106	2026-05-10T20:13:55+00:00
art/fight/sprites/game_master/idle.png	1	5272705	2026-05-10T20:13:59+00:00
art/fight/sprites/game_master/jump.png	1	5306124	2026-05-10T20:14:02+00:00
art/fight/sprites/game_master/knockdown.png	1	5206466	2026-05-10T20:14:06+00:00
art/fight/sprites/game_master/special_1.png	1	5705376	2026-05-10T20:14:08+00:00
art/fight/sprites/game_master/special_2.png	1	5614957	2026-05-10T20:14:06+00:00
art/fight/sprites/game_master/super_move.png	1	6340584	2026-05-10T20:14:08+00:00
art/fight/sprites/game_master/taunt.png	1	5369451	2026-05-10T20:14:13+00:00
art/fight/sprites/game_master/victory.png	1	5404965	2026-05-10T20:14:13+00:00
art/fight/sprites/game_master/walk_backward.png	1	5516976	2026-05-10T20:14:15+00:00
art/fight/sprites/game_master/walk_forward.png	1	5343736	2026-05-10T20:14:21+00:00
art/fight/sprites/iron_lion/attack_heavy_kick.png	1	5920255	2026-05-10T20:14:22+00:00
art/fight/sprites/iron_lion/attack_heavy_punch.png	1	5877326	2026-05-10T20:14:24+00:00
art/fight/sprites/iron_lion/attack_light_kick.png	1	5991487	2026-05-10T20:14:26+00:00
art/fight/sprites/iron_lion/attack_light_punch.png	1	5778987	2026-05-10T20:14:27+00:00
art/fight/sprites/iron_lion/attack_medium_kick.png	1	5362958	2026-05-10T20:14:31+00:00
art/fight/sprites/iron_lion/attack_medium_punch.png	1	5384092	2026-05-10T20:14:31+00:00
art/fight/sprites/iron_lion/block_active.png	1	5746682	2026-05-10T20:14:33+00:00
art/fight/sprites/iron_lion/crouch.png	1	5240106	2026-05-10T20:14:36+00:00
art/fight/sprites/iron_lion/hit_high.png	1	5100052	2026-05-10T20:14:36+00:00
art/fight/sprites/iron_lion/hit_low.png	1	5039822	2026-05-10T20:14:36+00:00
art/fight/sprites/iron_lion/hit_mid.png	1	5267010	2026-05-10T20:14:39+00:00
art/fight/sprites/iron_lion/idle.png	1	5844195	2026-05-10T20:14:39+00:00
art/fight/sprites/iron_lion/jump.png	1	5324280	2026-05-10T20:14:37+00:00
art/fight/sprites/iron_lion/knockdown.png	1	5678200	2026-05-10T20:14:41+00:00
art/fight/sprites/iron_lion/special_1.png	1	6195189	2026-05-10T20:14:47+00:00
art/fight/sprites/iron_lion/special_2.png	1	5812386	2026-05-10T20:14:49+00:00
art/fight/sprites/iron_lion/super_move.png	1	6190858	2026-05-10T20:14:51+00:00
art/fight/sprites/iron_lion/taunt.png	1	6222942	2026-05-10T20:14:49+00:00
art/fight/sprites/iron_lion/victory.png	1	6089077	2026-05-10T20:14:51+00:00
art/fight/sprites/iron_lion/walk_backward.png	1	5705135	2026-05-10T20:14:54+00:00
art/fight/sprites/iron_lion/walk_forward.png	1	5764808	2026-05-10T20:14:59+00:00
art/fight/sprites/locke/attack_heavy_kick.png	1	5000382	2026-05-10T20:15:03+00:00
art/fight/sprites/locke/attack_heavy_punch.png	1	5394022	2026-05-10T20:15:05+00:00
art/fight/sprites/locke/attack_light_kick.png	1	5074009	2026-05-10T20:15:04+00:00
art/fight/sprites/locke/attack_light_punch.png	1	4750618	2026-05-10T20:15:10+00:00
art/fight/sprites/locke/attack_medium_kick.png	1	5018038	2026-05-10T20:15:12+00:00
art/fight/sprites/locke/attack_medium_punch.png	1	4656800	2026-05-10T20:15:11+00:00
art/fight/sprites/locke/block_active.png	1	5161701	2026-05-10T20:15:11+00:00
art/fight/sprites/locke/crouch.png	1	4500289	2026-05-10T20:15:14+00:00
art/fight/sprites/locke/crouch_attack.png	2	4951558	2026-05-10T20:15:16+00:00
art/fight/sprites/locke/hit_high.png	1	4844706	2026-05-10T20:15:16+00:00
art/fight/sprites/locke/hit_low.png	1	4739989	2026-05-10T20:15:18+00:00
art/fight/sprites/locke/hit_mid.png	1	4824173	2026-05-10T20:15:30+00:00
art/fight/sprites/locke/idle.png	1	4618552	2026-05-10T20:15:30+00:00
art/fight/sprites/locke/jump.png	1	4915228	2026-05-10T20:15:32+00:00
art/fight/sprites/locke/knockdown.png	1	5154473	2026-05-10T20:15:32+00:00
art/fight/sprites/locke/special_1.png	1	5532798	2026-05-10T20:15:32+00:00
art/fight/sprites/locke/special_2.png	1	5624474	2026-05-10T20:15:33+00:00
art/fight/sprites/locke/super_move.png	1	5835655	2026-05-10T20:15:33+00:00
art/fight/sprites/locke/taunt.png	1	5042250	2026-05-10T20:15:37+00:00
art/fight/sprites/locke/victory.png	1	5338624	2026-05-10T20:15:37+00:00
art/fight/sprites/locke/walk_backward.png	1	4762455	2026-05-10T20:15:37+00:00
art/fight/sprites/locke/walk_forward.png	1	4867927	2026-05-10T20:15:41+00:00
art/fight/sprites/matrikala/attack_heavy_kick.png	1	5556464	2026-05-10T20:15:41+00:00
art/fight/sprites/matrikala/attack_heavy_punch.png	1	5496150	2026-05-10T20:15:41+00:00
art/fight/sprites/matrikala/attack_light_kick.png	1	5262749	2026-05-10T20:15:44+00:00
art/fight/sprites/matrikala/attack_light_punch.png	1	5450184	2026-05-10T20:15:45+00:00
art/fight/sprites/matrikala/attack_medium_kick.png	1	5213865	2026-05-10T20:15:48+00:00
art/fight/sprites/matrikala/attack_medium_punch.png	1	5136144	2026-05-10T20:15:54+00:00
art/fight/sprites/matrikala/block_active.png	1	5597486	2026-05-10T20:15:54+00:00
art/fight/sprites/matrikala/crouch.png	1	4743310	2026-05-10T20:15:58+00:00
art/fight/sprites/matrikala/hit_high.png	1	5227977	2026-05-10T20:15:59+00:00
art/fight/sprites/matrikala/hit_low.png	1	5088449	2026-05-10T20:16:00+00:00
art/fight/sprites/matrikala/hit_mid.png	1	5315660	2026-05-10T20:16:00+00:00
art/fight/sprites/matrikala/idle.png	1	5340316	2026-05-10T20:16:05+00:00
art/fight/sprites/matrikala/jump.png	1	5182708	2026-05-10T20:16:07+00:00
art/fight/sprites/matrikala/knockdown.png	1	5288918	2026-05-10T20:16:09+00:00
art/fight/sprites/matrikala/special_1.png	1	5911113	2026-05-10T20:16:06+00:00
art/fight/sprites/matrikala/special_2.png	1	4844849	2026-05-10T20:16:11+00:00
art/fight/sprites/matrikala/super_move.png	1	5380768	2026-05-10T20:16:11+00:00
art/fight/sprites/matrikala/taunt.png	1	5402860	2026-05-10T20:16:25+00:00
art/fight/sprites/matrikala/victory.png	1	5811119	2026-05-10T20:16:12+00:00
art/fight/sprites/matrikala/walk_backward.png	1	5484518	2026-05-10T20:16:12+00:00
art/fight/sprites/matrikala/walk_forward.png	1	5428473	2026-05-10T20:16:12+00:00
art/fight/sprites/necromancer/attack_heavy_kick.png	1	5183900	2026-05-10T20:16:13+00:00
art/fight/sprites/necromancer/attack_heavy_punch.png	1	5338085	2026-05-10T20:16:13+00:00
art/fight/sprites/necromancer/attack_light_kick.png	1	4799782	2026-05-10T20:16:25+00:00
art/fight/sprites/necromancer/attack_light_punch.png	1	5214424	2026-05-10T20:16:28+00:00
art/fight/sprites/necromancer/attack_medium_kick.png	1	5244409	2026-05-10T20:16:29+00:00
art/fight/sprites/necromancer/attack_medium_punch.png	1	5245503	2026-05-10T20:16:34+00:00
art/fight/sprites/necromancer/block_active.png	1	4818921	2026-05-10T20:16:34+00:00
art/fight/sprites/necromancer/crouch.png	1	4906317	2026-05-10T20:16:39+00:00
art/fight/sprites/necromancer/hit_high.png	1	4653125	2026-05-10T20:16:39+00:00
art/fight/sprites/necromancer/hit_low.png	1	4731316	2026-05-10T20:16:40+00:00
art/fight/sprites/necromancer/hit_mid.png	1	4777674	2026-05-10T20:16:46+00:00
art/fight/sprites/necromancer/idle.png	1	5076546	2026-05-10T20:16:40+00:00
art/fight/sprites/necromancer/jump.png	1	4649257	2026-05-10T20:16:46+00:00
art/fight/sprites/necromancer/knockdown.png	1	5106302	2026-05-10T20:16:46+00:00
art/fight/sprites/necromancer/special_1.png	1	5229868	2026-05-10T20:16:47+00:00
art/fight/sprites/necromancer/special_2.png	1	5235012	2026-05-10T20:16:46+00:00
art/fight/sprites/necromancer/super_move.png	1	5739701	2026-05-10T20:16:47+00:00
art/fight/sprites/necromancer/taunt.png	1	5438513	2026-05-10T20:16:49+00:00
art/fight/sprites/necromancer/victory.png	1	5029778	2026-05-10T20:16:51+00:00
art/fight/sprites/necromancer/walk_backward.png	1	4927291	2026-05-10T20:16:51+00:00
art/fight/sprites/necromancer/walk_forward.png	1	4835285	2026-05-10T20:16:51+00:00
art/fight/sprites/nilmorg/attack_heavy_kick.png	1	4752368	2026-05-10T20:17:01+00:00
art/fight/sprites/nilmorg/attack_heavy_punch.png	1	5153180	2026-05-10T20:17:02+00:00
art/fight/sprites/nilmorg/attack_light_kick.png	1	5072410	2026-05-10T20:17:02+00:00
art/fight/sprites/nilmorg/attack_light_punch.png	1	4661028	2026-05-10T20:17:09+00:00
art/fight/sprites/nilmorg/attack_medium_kick.png	1	4755610	2026-05-10T20:17:12+00:00
art/fight/sprites/nilmorg/attack_medium_punch.png	1	4986163	2026-05-10T20:17:14+00:00
art/fight/sprites/nilmorg/block_active.png	1	5112450	2026-05-10T20:17:12+00:00
art/fight/sprites/nilmorg/crouch.png	1	4672885	2026-05-10T20:17:14+00:00
art/fight/sprites/nilmorg/hit_high.png	1	4479787	2026-05-10T20:17:14+00:00
art/fight/sprites/nilmorg/hit_low.png	1	4996946	2026-05-10T20:17:13+00:00
art/fight/sprites/nilmorg/hit_mid.png	1	5059831	2026-05-10T20:17:15+00:00
art/fight/sprites/nilmorg/idle.png	1	5149989	2026-05-10T20:17:15+00:00
art/fight/sprites/nilmorg/jump.png	1	4937186	2026-05-10T20:17:22+00:00
art/fight/sprites/nilmorg/knockdown.png	1	5041475	2026-05-10T20:17:23+00:00
art/fight/sprites/nilmorg/special_1.png	1	5478662	2026-05-10T20:17:25+00:00
art/fight/sprites/nilmorg/special_2.png	1	5385202	2026-05-10T20:17:27+00:00
art/fight/sprites/nilmorg/super_move.png	1	5802130	2026-05-10T20:17:27+00:00
art/fight/sprites/nilmorg/taunt.png	1	5107822	2026-05-10T20:17:29+00:00
art/fight/sprites/nilmorg/victory.png	1	5071084	2026-05-10T20:17:29+00:00
art/fight/sprites/nilmorg/walk_backward.png	1	4948476	2026-05-10T20:17:30+00:00
art/fight/sprites/nilmorg/walk_forward.png	1	5159618	2026-05-10T20:17:29+00:00
art/fight/sprites/programmer/attack_heavy_kick.png	1	5311147	2026-05-10T20:17:38+00:00
art/fight/sprites/programmer/attack_heavy_punch.png	1	5240505	2026-05-10T20:17:37+00:00
art/fight/sprites/programmer/attack_light_kick.png	1	4829117	2026-05-10T20:17:32+00:00
art/fight/sprites/programmer/attack_light_punch.png	1	4711231	2026-05-10T20:17:32+00:00
art/fight/sprites/programmer/attack_medium_kick.png	1	4845701	2026-05-10T20:17:37+00:00
art/fight/sprites/programmer/attack_medium_punch.png	1	4819385	2026-05-10T20:17:39+00:00
art/fight/sprites/programmer/block_active.png	1	4882966	2026-05-10T20:17:43+00:00
art/fight/sprites/programmer/crouch.png	1	4658059	2026-05-10T20:17:43+00:00
art/fight/sprites/programmer/hit_high.png	1	5079624	2026-05-10T20:17:43+00:00
art/fight/sprites/programmer/hit_low.png	1	4948718	2026-05-10T20:17:45+00:00
art/fight/sprites/programmer/hit_mid.png	1	5009054	2026-05-10T20:17:44+00:00
art/fight/sprites/programmer/idle.png	1	4943763	2026-05-10T20:17:44+00:00
art/fight/sprites/programmer/jump.png	1	5101157	2026-05-10T20:17:44+00:00
art/fight/sprites/programmer/knockdown.png	1	5042058	2026-05-10T20:17:49+00:00
art/fight/sprites/programmer/special_1.png	1	5050160	2026-05-10T20:17:46+00:00
art/fight/sprites/programmer/special_2.png	1	5557812	2026-05-10T20:17:49+00:00
art/fight/sprites/programmer/super_move.png	1	6207208	2026-05-10T20:17:46+00:00
art/fight/sprites/programmer/taunt.png	1	4830686	2026-05-10T20:17:54+00:00
art/fight/sprites/programmer/victory.png	1	5137962	2026-05-10T20:17:54+00:00
art/fight/sprites/programmer/walk_backward.png	1	4867797	2026-05-10T20:17:54+00:00
art/fight/sprites/programmer/walk_forward.png	1	4994680	2026-05-10T20:17:57+00:00
art/fight/sprites/seer/attack_heavy_kick.png	1	5392761	2026-05-10T20:17:58+00:00
art/fight/sprites/seer/attack_heavy_punch.png	1	5582697	2026-05-10T20:18:02+00:00
art/fight/sprites/seer/attack_light_kick.png	1	5270462	2026-05-10T20:18:02+00:00
art/fight/sprites/seer/attack_light_punch.png	1	5057805	2026-05-10T20:18:04+00:00
art/fight/sprites/seer/attack_medium_kick.png	1	5405654	2026-05-10T20:18:03+00:00
art/fight/sprites/seer/attack_medium_punch.png	1	5287680	2026-05-10T20:18:06+00:00
art/fight/sprites/seer/block_active.png	1	4961625	2026-05-10T20:18:06+00:00
art/fight/sprites/seer/crouch.png	1	5116971	2026-05-10T20:18:07+00:00
art/fight/sprites/seer/hit_high.png	1	5567758	2026-05-10T20:18:11+00:00
art/fight/sprites/seer/hit_low.png	1	5302593	2026-05-10T20:18:11+00:00
art/fight/sprites/seer/hit_mid.png	1	4996614	2026-05-10T20:18:12+00:00
art/fight/sprites/seer/idle.png	1	5349040	2026-05-10T20:18:14+00:00
art/fight/sprites/seer/jump.png	1	5509835	2026-05-10T20:18:14+00:00
art/fight/sprites/seer/knockdown.png	1	5361628	2026-05-10T20:18:14+00:00
art/fight/sprites/seer/special_1.png	1	5130751	2026-05-10T20:18:19+00:00
art/fight/sprites/seer/special_2.png	1	5966520	2026-05-10T20:18:19+00:00
art/fight/sprites/seer/super_move.png	1	5287283	2026-05-10T20:18:23+00:00
art/fight/sprites/seer/taunt.png	1	5087016	2026-05-10T20:18:23+00:00
art/fight/sprites/seer/victory.png	1	5783886	2026-05-10T20:18:26+00:00
art/fight/sprites/seer/walk_backward.png	1	5562276	2026-05-10T20:18:31+00:00
art/fight/sprites/seer/walk_forward.png	1	5595532	2026-05-10T20:18:31+00:00
art/fight/sprites/shadow_tongue/attack_heavy_kick.png	1	5421588	2026-05-10T20:18:31+00:00
art/fight/sprites/shadow_tongue/attack_heavy_punch.png	1	5518658	2026-05-10T20:18:32+00:00
art/fight/sprites/shadow_tongue/attack_light_kick.png	1	4899474	2026-05-10T20:18:33+00:00
art/fight/sprites/shadow_tongue/attack_light_punch.png	1	4926829	2026-05-10T20:18:35+00:00
art/fight/sprites/shadow_tongue/attack_medium_kick.png	1	4670131	2026-05-10T20:18:39+00:00
art/fight/sprites/shadow_tongue/attack_medium_punch.png	1	5176918	2026-05-10T20:18:35+00:00
art/fight/sprites/shadow_tongue/block_active.png	1	4566345	2026-05-10T20:18:35+00:00
art/fight/sprites/shadow_tongue/crouch.png	1	4499408	2026-05-10T20:18:42+00:00
art/fight/sprites/shadow_tongue/hit_high.png	1	4896738	2026-05-10T20:18:40+00:00
art/fight/sprites/shadow_tongue/hit_low.png	1	4585657	2026-05-10T20:18:47+00:00
art/fight/sprites/shadow_tongue/hit_mid.png	1	4909008	2026-05-10T20:18:47+00:00
art/fight/sprites/shadow_tongue/idle.png	1	4793851	2026-05-10T20:18:41+00:00
art/fight/sprites/shadow_tongue/jump.png	1	5148798	2026-05-10T20:18:48+00:00
art/fight/sprites/shadow_tongue/knockdown.png	1	4796256	2026-05-10T20:18:45+00:00
art/fight/sprites/shadow_tongue/special_1.png	1	5097777	2026-05-10T20:18:50+00:00
art/fight/sprites/shadow_tongue/special_2.png	1	5094976	2026-05-10T20:18:47+00:00
art/fight/sprites/shadow_tongue/super_move.png	1	5543083	2026-05-10T20:18:47+00:00
art/fight/sprites/shadow_tongue/taunt.png	1	5154555	2026-05-10T20:18:49+00:00
art/fight/sprites/shadow_tongue/victory.png	1	5346824	2026-05-10T20:19:12+00:00
art/fight/sprites/shadow_tongue/walk_backward.png	1	4739833	2026-05-10T20:18:53+00:00
art/fight/sprites/shadow_tongue/walk_forward.png	1	5164535	2026-05-10T20:18:54+00:00
art/fight/sprites/source_kael/attack_heavy_kick.png	1	5351934	2026-05-10T20:18:54+00:00
art/fight/sprites/source_kael/attack_heavy_punch.png	1	5637957	2026-05-10T20:18:55+00:00
art/fight/sprites/source_kael/attack_light_kick.png	1	4892862	2026-05-10T20:18:55+00:00
art/fight/sprites/source_kael/attack_light_punch.png	1	4986439	2026-05-10T20:18:57+00:00
art/fight/sprites/source_kael/attack_medium_kick.png	1	5474629	2026-05-10T20:18:57+00:00
art/fight/sprites/source_kael/attack_medium_punch.png	1	5219048	2026-05-10T20:19:01+00:00
art/fight/sprites/source_kael/block_active.png	1	5204279	2026-05-10T20:19:04+00:00
art/fight/sprites/source_kael/crouch.png	1	4508054	2026-05-10T20:19:04+00:00
art/fight/sprites/source_kael/hit_high.png	1	4875183	2026-05-10T20:19:04+00:00
art/fight/sprites/source_kael/hit_low.png	1	4764436	2026-05-10T20:19:04+00:00
art/fight/sprites/source_kael/hit_mid.png	1	4771813	2026-05-10T20:19:09+00:00
art/fight/sprites/source_kael/idle.png	1	4971185	2026-05-10T20:19:09+00:00
art/fight/sprites/source_kael/jump.png	1	4953078	2026-05-10T20:19:09+00:00
art/fight/sprites/source_kael/knockdown.png	1	5213003	2026-05-10T20:19:15+00:00
art/fight/sprites/source_kael/special_1.png	1	5599490	2026-05-10T20:19:14+00:00
art/fight/sprites/source_kael/special_2.png	1	5693644	2026-05-10T20:19:15+00:00
art/fight/sprites/source_kael/super_move.png	1	6091475	2026-05-10T20:19:23+00:00
art/fight/sprites/source_kael/taunt.png	1	5524683	2026-05-10T20:19:22+00:00
art/fight/sprites/source_kael/victory.png	1	5544034	2026-05-10T20:19:25+00:00
art/fight/sprites/source_kael/walk_backward.png	1	4885502	2026-05-10T20:19:22+00:00
art/fight/sprites/source_kael/walk_forward.png	1	5739009	2026-05-10T20:19:22+00:00
art/fight/sprites/the_eyes/attack_heavy_kick.png	1	5040314	2026-05-10T20:19:22+00:00
art/fight/sprites/the_eyes/attack_heavy_punch.png	1	4820321	2026-05-10T20:19:22+00:00
art/fight/sprites/the_eyes/attack_light_kick.png	1	5027825	2026-05-10T20:19:23+00:00
art/fight/sprites/the_eyes/attack_light_punch.png	1	4863627	2026-05-10T20:19:23+00:00
art/fight/sprites/the_eyes/attack_medium_kick.png	1	4758628	2026-05-10T20:19:24+00:00
art/fight/sprites/the_eyes/attack_medium_punch.png	1	4695159	2026-05-10T20:19:29+00:00
art/fight/sprites/the_eyes/block_active.png	1	4842448	2026-05-10T20:19:30+00:00
art/fight/sprites/the_eyes/crouch.png	1	4644824	2026-05-10T20:19:33+00:00
art/fight/sprites/the_eyes/hit_high.png	1	4796531	2026-05-10T20:19:37+00:00
art/fight/sprites/the_eyes/hit_low.png	1	4600387	2026-05-10T20:19:37+00:00
art/fight/sprites/the_eyes/hit_mid.png	1	4966014	2026-05-10T20:19:37+00:00
art/fight/sprites/the_eyes/idle.png	1	5371957	2026-05-10T20:19:43+00:00
art/fight/sprites/the_eyes/jump.png	1	5200421	2026-05-10T20:19:46+00:00
art/fight/sprites/the_eyes/knockdown.png	1	5479891	2026-05-10T20:19:46+00:00
art/fight/sprites/the_eyes/special_1.png	1	5576065	2026-05-10T20:19:46+00:00
art/fight/sprites/the_eyes/special_2.png	1	5353794	2026-05-10T20:19:46+00:00
art/fight/sprites/the_eyes/super_move.png	1	6053727	2026-05-10T20:19:51+00:00
art/fight/sprites/the_eyes/taunt.png	1	4724652	2026-05-10T20:19:46+00:00
art/fight/sprites/the_eyes/victory.png	1	5372599	2026-05-10T20:19:51+00:00
art/fight/sprites/the_eyes/walk_backward.png	1	5386057	2026-05-10T20:19:46+00:00
art/fight/sprites/the_eyes/walk_forward.png	1	5235865	2026-05-10T20:19:47+00:00
art/fight/sprites/the_human/attack_heavy_kick.png	1	5005752	2026-05-10T20:19:52+00:00
art/fight/sprites/the_human/attack_heavy_punch.png	1	4863501	2026-05-10T20:20:05+00:00
art/fight/sprites/the_human/attack_light_kick.png	1	4759509	2026-05-10T20:20:08+00:00
art/fight/sprites/the_human/attack_light_punch.png	1	4952976	2026-05-10T20:19:56+00:00
art/fight/sprites/the_human/attack_medium_kick.png	1	4955504	2026-05-10T20:19:56+00:00
art/fight/sprites/the_human/attack_medium_punch.png	1	5020335	2026-05-10T20:20:00+00:00
art/fight/sprites/the_human/block_active.png	1	4806102	2026-05-10T20:20:00+00:00
art/fight/sprites/the_human/crouch.png	1	4785585	2026-05-10T20:20:01+00:00
art/fight/sprites/the_human/hit_high.png	1	4552377	2026-05-10T20:20:05+00:00
art/fight/sprites/the_human/hit_low.png	1	4994002	2026-05-10T20:20:05+00:00
art/fight/sprites/the_human/hit_mid.png	1	5310347	2026-05-10T20:20:09+00:00
art/fight/sprites/the_human/idle.png	1	5242518	2026-05-10T20:20:08+00:00
art/fight/sprites/the_human/jump.png	1	4725350	2026-05-10T20:20:08+00:00
art/fight/sprites/the_human/knockdown.png	1	4795598	2026-05-10T20:20:08+00:00
art/fight/sprites/the_human/special_1.png	1	5440391	2026-05-10T20:20:09+00:00
art/fight/sprites/the_human/special_2.png	1	5264890	2026-05-10T20:20:09+00:00
art/fight/sprites/the_human/super_move.png	1	5303840	2026-05-10T20:20:14+00:00
art/fight/sprites/the_human/taunt.png	1	5340329	2026-05-10T20:20:14+00:00
art/fight/sprites/the_human/victory.png	1	5330207	2026-05-10T20:20:16+00:00
art/fight/sprites/the_human/walk_backward.png	1	4696046	2026-05-10T20:20:17+00:00
art/fight/sprites/the_human/walk_forward.png	1	4873776	2026-05-10T20:20:16+00:00
art/fight/sprites/warlord/attack_heavy_kick.png	1	5611693	2026-05-10T20:20:16+00:00
art/fight/sprites/warlord/attack_heavy_punch.png	1	5602476	2026-05-10T20:20:17+00:00
art/fight/sprites/warlord/attack_light_kick.png	1	5417573	2026-05-10T20:20:20+00:00
art/fight/sprites/warlord/attack_light_punch.png	1	5061876	2026-05-10T20:20:22+00:00
art/fight/sprites/warlord/attack_medium_kick.png	1	5458158	2026-05-10T20:20:37+00:00
art/fight/sprites/warlord/attack_medium_punch.png	1	5730982	2026-05-10T20:20:30+00:00
art/fight/sprites/warlord/block_active.png	1	4950021	2026-05-10T20:20:32+00:00
art/fight/sprites/warlord/crouch.png	1	4672692	2026-05-10T20:20:37+00:00
art/fight/sprites/warlord/hit_high.png	1	5616215	2026-05-10T20:20:34+00:00
art/fight/sprites/warlord/hit_low.png	1	4972893	2026-05-10T20:20:35+00:00
art/fight/sprites/warlord/hit_mid.png	1	5026414	2026-05-10T20:20:38+00:00
art/fight/sprites/warlord/idle.png	1	5835380	2026-05-10T20:20:38+00:00
art/fight/sprites/warlord/jump.png	1	5080103	2026-05-10T20:20:38+00:00
art/fight/sprites/warlord/knockdown.png	1	5382930	2026-05-10T20:20:36+00:00
art/fight/sprites/warlord/special_1.png	1	5797673	2026-05-10T20:20:39+00:00
art/fight/sprites/warlord/special_2.png	1	5685689	2026-05-10T20:20:41+00:00
art/fight/sprites/warlord/super_move.png	1	6855557	2026-05-10T20:20:41+00:00
art/fight/sprites/warlord/taunt.png	1	6430477	2026-05-10T20:20:41+00:00
art/fight/sprites/warlord/victory.png	1	5587055	2026-05-10T20:20:47+00:00
art/fight/sprites/warlord/walk_backward.png	1	5985297	2026-05-10T20:20:51+00:00
art/fight/sprites/warlord/walk_forward.png	1	5595558	2026-05-10T20:20:45+00:00
art/fight/sprites/watcher/attack_heavy_kick.png	1	5081876	2026-05-10T20:20:49+00:00
art/fight/sprites/watcher/attack_heavy_punch.png	1	5320582	2026-05-10T20:20:53+00:00
art/fight/sprites/watcher/attack_light_kick.png	1	5282951	2026-05-10T20:20:55+00:00
art/fight/sprites/watcher/attack_light_punch.png	1	4939204	2026-05-10T20:20:56+00:00
art/fight/sprites/watcher/attack_medium_kick.png	1	5426439	2026-05-10T20:21:02+00:00
art/fight/sprites/watcher/attack_medium_punch.png	1	5133055	2026-05-10T20:20:59+00:00
art/fight/sprites/watcher/block_active.png	1	4746738	2026-05-10T20:21:01+00:00
art/fight/sprites/watcher/crouch.png	1	4729465	2026-05-10T20:20:59+00:00
art/fight/sprites/watcher/hit_high.png	1	5066966	2026-05-10T20:21:01+00:00
art/fight/sprites/watcher/hit_low.png	1	4919088	2026-05-10T20:21:02+00:00
art/fight/sprites/watcher/hit_mid.png	1	4961519	2026-05-10T20:21:03+00:00
art/fight/sprites/watcher/idle.png	1	5122908	2026-05-10T20:21:03+00:00
art/fight/sprites/watcher/jump.png	1	5181921	2026-05-10T20:21:05+00:00
art/fight/sprites/watcher/knockdown.png	1	5320999	2026-05-10T20:21:11+00:00
art/fight/sprites/watcher/special_1.png	1	5514963	2026-05-10T20:21:12+00:00
art/fight/sprites/watcher/special_2.png	1	5633050	2026-05-10T20:21:12+00:00
art/fight/sprites/watcher/super_move.png	1	5623693	2026-05-10T20:21:12+00:00
art/fight/sprites/watcher/taunt.png	1	5094617	2026-05-10T20:21:17+00:00
art/fight/sprites/watcher/victory.png	1	4896239	2026-05-10T20:21:22+00:00
art/fight/sprites/watcher/walk_backward.png	1	5111767	2026-05-10T20:21:23+00:00
art/fight/sprites/watcher/walk_forward.png	1	4934036	2026-05-10T20:21:24+00:00
art/fight/stages/stage_architect_throne/bg.jpg	1	4086908	2026-05-10T20:21:24+00:00
art/fight/stages/stage_architect_throne/fg.jpg	1	4994209	2026-05-10T20:21:24+00:00
art/fight/stages/stage_architect_throne/mg.jpg	1	4966971	2026-05-10T20:21:24+00:00
art/fight/stages/stage_blood_weave/bg.jpg	1	4288192	2026-05-10T20:21:24+00:00
art/fight/stages/stage_blood_weave/fg.jpg	1	5194640	2026-05-10T20:21:24+00:00
art/fight/stages/stage_blood_weave/mg.jpg	1	5150647	2026-05-10T20:21:25+00:00
art/fight/stages/stage_crucible/bg.jpg	1	4112795	2026-05-10T20:21:25+00:00
art/fight/stages/stage_crucible/fg.jpg	1	5132683	2026-05-10T20:21:30+00:00
art/fight/stages/stage_crucible/mg.jpg	1	4415435	2026-05-10T20:21:26+00:00
art/fight/stages/stage_draft_chamber/bg.jpg	1	4088207	2026-05-10T20:21:34+00:00
art/fight/stages/stage_draft_chamber/fg.jpg	1	6093659	2026-05-10T20:21:34+00:00
art/fight/stages/stage_draft_chamber/mg.jpg	1	4405990	2026-05-10T20:21:34+00:00
art/fight/stages/stage_mechronis/bg.jpg	1	4084941	2026-05-10T20:21:34+00:00
art/fight/stages/stage_mechronis/fg.jpg	1	5304805	2026-05-10T20:21:36+00:00
art/fight/stages/stage_mechronis/mg.jpg	1	4548440	2026-05-10T20:21:35+00:00
art/fight/stages/stage_necromancer_castle/bg.jpg	1	4155293	2026-05-10T20:21:40+00:00
art/fight/stages/stage_necromancer_castle/fg.jpg	1	5159593	2026-05-10T20:21:40+00:00
art/fight/stages/stage_necromancer_castle/mg.jpg	1	5504053	2026-05-10T20:21:41+00:00
art/fight/stages/stage_new_babylon/bg.jpg	1	4200551	2026-05-10T20:21:44+00:00
art/fight/stages/stage_new_babylon/fg.jpg	1	5198140	2026-05-10T20:21:41+00:00
art/fight/stages/stage_new_babylon/mg.jpg	1	5065417	2026-05-10T20:21:46+00:00
art/fight/stages/stage_panopticon/bg.jpg	1	4162874	2026-05-10T20:21:50+00:00
art/fight/stages/stage_panopticon/fg.jpg	1	4394329	2026-05-10T20:21:51+00:00
art/fight/stages/stage_panopticon/mg.jpg	1	5153773	2026-05-10T20:21:56+00:00
art/fight/stages/stage_ranked_table/bg.jpg	1	4275546	2026-05-10T20:21:55+00:00
art/fight/stages/stage_ranked_table/fg.jpg	1	5381704	2026-05-10T20:21:59+00:00
art/fight/stages/stage_ranked_table/mg.jpg	1	5055286	2026-05-10T20:22:05+00:00
art/fight/stages/stage_shadow_sanctum/bg.jpg	1	4009900	2026-05-10T20:22:07+00:00
art/fight/stages/stage_shadow_sanctum/fg.jpg	1	5151031	2026-05-10T20:22:07+00:00
art/fight/stages/stage_shadow_sanctum/mg.jpg	1	4509279	2026-05-10T20:22:08+00:00
art/fight/stages/stage_terminus/bg.jpg	1	4045942	2026-05-10T20:22:07+00:00
art/fight/stages/stage_terminus/fg.jpg	1	4693231	2026-05-10T20:22:09+00:00
art/fight/stages/stage_terminus/mg.jpg	1	4558976	2026-05-10T20:22:09+00:00
art/fight/stages/stage_terminus_core/bg.jpg	1	4094287	2026-05-10T20:22:13+00:00
art/fight/stages/stage_terminus_core/fg.jpg	1	5247776	2026-05-10T20:22:13+00:00
art/fight/stages/stage_terminus_core/mg.jpg	1	5046355	2026-05-10T20:22:12+00:00
art/fight/stages/stage_thaloria/bg.jpg	1	4047475	2026-05-10T20:22:16+00:00
art/fight/stages/stage_thaloria/fg.jpg	1	5575996	2026-05-10T20:22:16+00:00
art/fight/stages/stage_thaloria/mg.jpg	1	5282907	2026-05-10T20:22:20+00:00
art/fight/stages/stage_tournament_hall/bg.jpg	1	4364626	2026-05-10T20:22:19+00:00
art/fight/stages/stage_tournament_hall/fg.jpg	1	5521291	2026-05-10T20:22:24+00:00
art/fight/stages/stage_tournament_hall/mg.jpg	1	4918301	2026-05-10T20:22:26+00:00
art/fight/stages/stage_watcher_panopticon/bg.jpg	1	4069928	2026-05-10T20:22:29+00:00
art/fight/stages/stage_watcher_panopticon/fg.jpg	1	5132996	2026-05-10T20:22:30+00:00
art/fight/stages/stage_watcher_panopticon/mg.jpg	1	5230932	2026-05-10T20:22:31+00:00
art/fight/vfx/block_shimmer.png	1	4991904	2026-05-10T20:22:36+00:00
art/fight/vfx/character_glow_super_ready.png	1	4307576	2026-05-10T20:22:37+00:00
art/fight/vfx/freeze_frame_outline.png	1	4109072	2026-05-10T20:22:43+00:00
art/fight/vfx/heal_shimmer.png	1	4225373	2026-05-10T20:22:55+00:00
art/fight/vfx/hit_spark_heavy.png	1	4226739	2026-05-10T20:22:55+00:00
art/fight/vfx/hit_spark_light.png	1	3862891	2026-05-10T20:22:59+00:00
art/fight/vfx/hit_spark_medium.png	1	4031378	2026-05-10T20:23:03+00:00
art/fight/vfx/knockdown_dirt.png	1	4361007	2026-05-10T20:23:03+00:00
art/fight/vfx/ko_blackout.png	1	4259067	2026-05-10T20:23:11+00:00
art/fight/vfx/projectile_trail_authority.png	1	4695251	2026-05-10T20:23:14+00:00
art/fight/vfx/projectile_trail_dreamer.png	1	4045850	2026-05-10T20:23:14+00:00
art/fight/vfx/projectile_trail_hierarchy.png	1	4681606	2026-05-10T20:23:14+00:00
art/fight/vfx/projectile_trail_insurgency.png	1	4669194	2026-05-10T20:23:18+00:00
art/fight/vfx/projectile_trail_mechronis.png	1	4388722	2026-05-10T20:23:18+00:00
art/fight/vfx/projectile_trail_terminus.png	1	5124662	2026-05-10T20:23:25+00:00
art/fight/vfx/super_screenflash.png	1	5749446	2026-05-10T20:23:30+00:00
art/fight/vfx/void_energy_burst.png	1	4799690	2026-05-10T20:23:33+00:00
art/gears/gear-01-copper-xs.png	1	5023	2026-04-22T04:30:15+00:00
art/gears/gear-02-bronze-sm.png	1	13386	2026-04-22T04:30:16+00:00
art/gears/gear-03-iron-md.png	1	19277	2026-04-22T04:30:16+00:00
art/gears/gear-04-steel-lg.png	1	45192	2026-04-22T04:30:16+00:00
art/gears/gear-05-gold-xl.png	1	69337	2026-04-22T04:30:16+00:00
art/guilds/guild-the-architects-study.jpg	1	3199197	2026-04-22T04:30:18+00:00
art/guilds/guild-the-archive.jpg	1	2647622	2026-04-22T04:30:18+00:00
art/guilds/guild-the-between.jpg	1	3666869	2026-04-22T04:30:18+00:00
art/guilds/guild-the-chorus.jpg	1	1890180	2026-04-22T04:30:18+00:00
art/guilds/guild-the-congress.jpg	1	2666065	2026-04-22T04:30:18+00:00
art/guilds/guild-the-eyes.jpg	1	3158491	2026-04-22T04:30:18+00:00
art/guilds/guild-the-forge.jpg	1	3685969	2026-04-22T04:30:18+00:00
art/guilds/guild-the-grey-gamers.jpg	1	3029708	2026-04-22T04:30:18+00:00
art/guilds/guild-the-influencers.jpg	1	4102322	2026-04-22T04:30:23+00:00
art/guilds/guild-the-living.jpg	1	3023691	2026-04-22T04:30:23+00:00
art/guilds/guild-the-locks.jpg	1	2915552	2026-04-22T04:30:23+00:00
art/guilds/guild-the-yellow-coats.jpg	1	3143002	2026-04-22T04:30:23+00:00
art/loading/loading-archives.png	2	23377020	2026-04-22T04:30:28+00:00
art/loading/loading-bridge.png	2	18453977	2026-04-22T04:30:27+00:00
art/loading/loading-celebration.png	1	9407203	2026-04-22T04:30:27+00:00
art/loading/loading-combat.png	3	16629226	2026-04-22T04:30:27+00:00
art/loading/loading-matrix-of-dreams.png	2	8122296	2026-04-22T04:30:27+00:00
art/loading/loading-terminus.png	2	15272039	2026-04-22T04:30:27+00:00
art/loading/loading-trade.png	2	8457284	2026-04-22T04:30:27+00:00
art/logos/dischordia-card.png	2	723175	2026-04-22T04:30:25+00:00
art/logos/terminus-swarm.png	2	525032	2026-04-22T04:30:25+00:00
art/lore-gallery/card-frames/common-hires.png	1	1194410	2026-04-22T04:30:26+00:00
art/lore-gallery/card-frames/common.png	3	66470	2026-04-22T04:30:26+00:00
art/lore-gallery/card-frames/epic-hires.png	1	1670165	2026-04-22T04:30:27+00:00
art/lore-gallery/card-frames/epic.png	3	122193	2026-04-22T04:30:26+00:00
art/lore-gallery/card-frames/legendary-hires.png	1	1946465	2026-04-22T04:30:27+00:00
art/lore-gallery/card-frames/legendary.png	4	138123	2026-04-22T04:30:27+00:00
art/lore-gallery/card-frames/rare-hires.png	1	1851342	2026-04-22T04:30:27+00:00
art/lore-gallery/card-frames/rare.png	3	121087	2026-04-22T04:30:27+00:00
art/lore-gallery/card-frames/uncommon-hires.png	1	1744416	2026-04-22T04:30:27+00:00
art/lore-gallery/card-frames/uncommon.png	3	109163	2026-04-22T04:30:27+00:00
art/lore-gallery/era-backgrounds/fall.jpg	2	262415	2026-04-22T04:30:27+00:00
art/lore-gallery/era-backgrounds/foundation.jpg	2	436556	2026-04-22T04:30:27+00:00
art/lore-gallery/era-backgrounds/potentials.jpg	2	144598	2026-04-22T04:30:27+00:00
art/lore-gallery/era-backgrounds/privacy.jpg	2	463558	2026-04-22T04:30:28+00:00
art/lore-gallery/era-backgrounds/visions.jpg	2	285770	2026-04-22T04:30:28+00:00
art/lore-gallery/overlays/locked-classified-hires.png	1	2768119	2026-04-22T04:30:31+00:00
art/lore-gallery/overlays/locked-classified.png	3	170870	2026-04-22T04:30:29+00:00
art/manuscript_vault/hotspot_corroboration_thread.png	1	4891841	2026-05-12T18:01:35+00:00
art/manuscript_vault/hotspot_editor_signature.png	1	6659187	2026-05-12T18:01:35+00:00
art/manuscript_vault/hotspot_overwrite_manuscript.png	1	6093081	2026-05-12T18:01:35+00:00
art/manuscript_vault/vault_establishing.png	1	5112819	2026-05-12T18:01:35+00:00
art/mechronis/classmates/aria-wen.png	1	793664	2026-04-26T02:32:33+00:00
art/mechronis/classmates/benik-holt.png	1	947050	2026-04-26T02:32:33+00:00
art/mechronis/classmates/juno-reeve.png	1	1396585	2026-04-26T02:32:32+00:00
art/mechronis/classmates/mara-thorne.png	1	729993	2026-04-26T02:32:32+00:00
art/mechronis/classmates/ollen-mire.png	1	683616	2026-04-26T02:32:31+00:00
art/mechronis/classmates/ozen-kade.png	1	956811	2026-04-26T02:32:32+00:00
art/mechronis/classmates/tess-corvia.png	1	983380	2026-04-26T02:32:33+00:00
art/mechronis/classmates/vessa-lark.png	1	770758	2026-04-26T02:32:33+00:00
art/mechronis/common-rooms/ironflight.jpg	1	376397	2026-04-26T02:32:31+00:00
art/mechronis/common-rooms/liminal.jpg	1	439218	2026-04-26T02:32:32+00:00
art/mechronis/common-rooms/resonance.jpg	1	442830	2026-04-26T02:32:33+00:00
art/mechronis/common-rooms/umbra.jpg	1	342050	2026-04-26T02:32:33+00:00
art/mechronis/environments/mechronis_classroom.jpg	6	8097007	2026-04-22T04:30:34+00:00
art/mechronis/environments/mechronis_graduation.jpg	3	7704869	2026-04-22T04:30:33+00:00
art/mechronis/environments/mechronis_grand_hall.jpg	5	7661117	2026-04-22T04:30:34+00:00
art/mechronis/professors/professor_aoki.png	1	7015816	2026-04-22T04:30:34+00:00
art/mechronis/professors/professor_glinn_vyre.png	1	6305780	2026-04-22T04:30:34+00:00
art/mechronis/professors/professor_greenshaw.png	1	6430647	2026-04-22T04:30:34+00:00
art/mechronis/professors/professor_halverez.png	1	6577841	2026-04-22T04:30:35+00:00
art/mechronis/professors/professor_kanevas.png	1	6850750	2026-04-22T04:30:35+00:00
art/mechronis/professors/professor_kasra.png	1	6590727	2026-04-22T04:30:35+00:00
art/mechronis/professors/professor_mireille.png	1	7365679	2026-04-22T04:30:35+00:00
art/mechronis/professors/professor_orphic.png	1	6495309	2026-04-22T04:30:35+00:00
art/mechronis/professors/professor_proctor.png	1	6522445	2026-04-22T04:30:35+00:00
art/mechronis/professors/professor_vasara.png	1	6564779	2026-04-22T04:30:36+00:00
art/mechronis/professors/professor_vellis.png	1	7073190	2026-04-22T04:30:36+00:00
art/mechronis/professors/professor_vent.png	1	5877401	2026-04-22T04:30:37+00:00
art/mechronis/professors/professor_vex.png	1	5871649	2026-04-22T04:30:37+00:00
art/minigames/minigame-hacking-pipes.png	1	8992910	2026-04-22T04:30:38+00:00
art/minigames/minigame-signal-decryption.png	1	9482384	2026-04-22T04:30:43+00:00
art/minigames/minigame-star-chart.png	1	10227413	2026-04-22T04:30:41+00:00
art/opponents/opponent-agent-zero-bust.png	1	120125	2026-04-22T04:30:36+00:00
art/opponents/opponent-iron-lion-bust.png	1	109531	2026-04-22T04:30:36+00:00
art/opponents/opponent-kael-bust.png	1	139264	2026-04-22T04:30:37+00:00
art/opponents/opponent-the-eyes-bust.png	1	143443	2026-04-22T04:30:37+00:00
art/opponents/opponent-the-human-young-bust.png	1	131450	2026-04-22T04:30:37+00:00
art/overlays/doctrine/doctrine_cold_hand_artisan_overlay.png	1	5744059	2026-05-12T18:01:35+00:00
art/overlays/doctrine/doctrine_cold_hand_ghost_overlay.png	1	5828966	2026-05-12T18:01:35+00:00
art/overlays/doctrine/doctrine_cold_hand_heretic_overlay.png	1	6969390	2026-05-12T18:01:35+00:00
art/overlays/doctrine/doctrine_cold_hand_jester_overlay.png	1	6869665	2026-05-12T18:01:35+00:00
art/overlays/doctrine/doctrine_cold_hand_martyr_overlay.png	1	6590465	2026-05-12T18:01:35+00:00
art/overlays/doctrine/doctrine_cold_hand_oracle_overlay.png	1	6216066	2026-05-12T18:01:35+00:00
art/overlays/doctrine/doctrine_cold_hand_prodigal_overlay.png	1	5743372	2026-05-12T18:01:35+00:00
art/overlays/doctrine/doctrine_cold_hand_revenant_overlay.png	1	6068504	2026-05-12T18:01:36+00:00
art/overlays/doctrine/doctrine_cold_hand_scholar_overlay.png	1	5889594	2026-05-12T18:01:36+00:00
art/overlays/doctrine/doctrine_cold_hand_sentinel_overlay.png	1	5695663	2026-05-12T18:01:36+00:00
art/overlays/doctrine/doctrine_cold_hand_wanderer_overlay.png	1	6254479	2026-05-12T18:01:36+00:00
art/overlays/doctrine/doctrine_cold_hand_zealot_overlay.png	1	5180078	2026-05-12T18:01:36+00:00
art/overlays/doctrine/doctrine_compliant_mouth_artisan_overlay.png	1	4931487	2026-05-12T18:01:37+00:00
art/overlays/doctrine/doctrine_compliant_mouth_ghost_overlay.png	1	5905474	2026-05-12T18:01:39+00:00
art/overlays/doctrine/doctrine_compliant_mouth_heretic_overlay.png	1	6302723	2026-05-12T18:01:41+00:00
art/overlays/doctrine/doctrine_compliant_mouth_jester_overlay.png	1	5334320	2026-05-12T18:01:44+00:00
art/overlays/doctrine/doctrine_compliant_mouth_martyr_overlay.png	1	5612509	2026-05-12T18:01:44+00:00
art/overlays/doctrine/doctrine_compliant_mouth_oracle_overlay.png	1	6099556	2026-05-12T18:01:44+00:00
art/overlays/doctrine/doctrine_compliant_mouth_prodigal_overlay.png	1	5615875	2026-05-12T18:01:45+00:00
art/overlays/doctrine/doctrine_compliant_mouth_revenant_overlay.png	1	5609830	2026-05-12T18:01:45+00:00
art/overlays/doctrine/doctrine_compliant_mouth_scholar_overlay.png	1	5483201	2026-05-12T18:01:46+00:00
art/overlays/doctrine/doctrine_compliant_mouth_sentinel_overlay.png	1	5701739	2026-05-12T18:01:46+00:00
art/overlays/doctrine/doctrine_compliant_mouth_wanderer_overlay.png	1	5677240	2026-05-12T18:01:46+00:00
art/overlays/doctrine/doctrine_compliant_mouth_zealot_overlay.png	1	5366039	2026-05-12T18:01:47+00:00
art/overlays/doctrine/doctrine_forked_path_artisan_overlay.png	1	5179481	2026-05-12T18:01:47+00:00
art/overlays/doctrine/doctrine_forked_path_ghost_overlay.png	1	5807933	2026-05-12T18:01:48+00:00
art/overlays/doctrine/doctrine_forked_path_heretic_overlay.png	1	6158007	2026-05-12T18:01:48+00:00
art/overlays/doctrine/doctrine_forked_path_jester_overlay.png	1	6087445	2026-05-12T18:01:48+00:00
art/overlays/doctrine/doctrine_forked_path_martyr_overlay.png	1	5784022	2026-05-12T18:01:49+00:00
art/overlays/doctrine/doctrine_forked_path_oracle_overlay.png	1	5511152	2026-05-12T18:01:49+00:00
art/overlays/doctrine/doctrine_forked_path_prodigal_overlay.png	1	5253826	2026-05-12T18:01:50+00:00
art/overlays/doctrine/doctrine_forked_path_revenant_overlay.png	1	4954157	2026-05-12T18:01:51+00:00
art/overlays/doctrine/doctrine_forked_path_scholar_overlay.png	1	6249837	2026-05-12T18:01:51+00:00
art/overlays/doctrine/doctrine_forked_path_sentinel_overlay.png	1	5276570	2026-05-12T18:01:53+00:00
art/overlays/doctrine/doctrine_forked_path_wanderer_overlay.png	1	4490857	2026-05-12T18:01:54+00:00
art/overlays/doctrine/doctrine_forked_path_zealot_overlay.png	1	5004134	2026-05-12T18:01:54+00:00
art/overlays/doctrine/doctrine_heretical_quiet_artisan_overlay.png	1	7413722	2026-05-12T18:01:54+00:00
art/overlays/doctrine/doctrine_heretical_quiet_ghost_overlay.png	1	6909762	2026-05-12T18:01:56+00:00
art/overlays/doctrine/doctrine_heretical_quiet_heretic_overlay.png	1	6405565	2026-05-12T18:01:56+00:00
art/overlays/doctrine/doctrine_heretical_quiet_jester_overlay.png	1	6350096	2026-05-12T18:01:57+00:00
art/overlays/doctrine/doctrine_heretical_quiet_martyr_overlay.png	1	6766393	2026-05-12T18:01:57+00:00
art/overlays/doctrine/doctrine_heretical_quiet_oracle_overlay.png	1	6789297	2026-05-12T18:01:57+00:00
art/overlays/doctrine/doctrine_heretical_quiet_prodigal_overlay.png	1	6499633	2026-05-12T18:01:58+00:00
art/overlays/doctrine/doctrine_heretical_quiet_revenant_overlay.png	1	4964524	2026-05-12T18:01:59+00:00
art/overlays/doctrine/doctrine_heretical_quiet_scholar_overlay.png	1	5099853	2026-05-12T18:01:59+00:00
art/overlays/doctrine/doctrine_heretical_quiet_sentinel_overlay.png	1	6782750	2026-05-12T18:01:59+00:00
art/overlays/doctrine/doctrine_heretical_quiet_wanderer_overlay.png	1	5826651	2026-05-12T18:01:59+00:00
art/overlays/doctrine/doctrine_heretical_quiet_zealot_overlay.png	1	5236863	2026-05-12T18:01:59+00:00
art/overlays/doctrine/doctrine_human_remainder_artisan_overlay.png	1	6551387	2026-05-12T18:02:00+00:00
art/overlays/doctrine/doctrine_human_remainder_ghost_overlay.png	1	4728834	2026-05-12T18:02:00+00:00
art/overlays/doctrine/doctrine_human_remainder_heretic_overlay.png	1	5952701	2026-05-12T18:02:00+00:00
art/overlays/doctrine/doctrine_human_remainder_jester_overlay.png	1	5028299	2026-05-12T18:02:02+00:00
art/overlays/doctrine/doctrine_human_remainder_martyr_overlay.png	1	4865602	2026-05-12T18:02:02+00:00
art/overlays/doctrine/doctrine_human_remainder_oracle_overlay.png	1	4312285	2026-05-12T18:02:05+00:00
art/overlays/doctrine/doctrine_human_remainder_prodigal_overlay.png	1	5925743	2026-05-12T18:02:05+00:00
art/overlays/doctrine/doctrine_human_remainder_revenant_overlay.png	1	6412394	2026-05-12T18:02:06+00:00
art/overlays/doctrine/doctrine_human_remainder_scholar_overlay.png	1	5863918	2026-05-12T18:02:07+00:00
art/overlays/doctrine/doctrine_human_remainder_sentinel_overlay.png	1	4872802	2026-05-12T18:02:07+00:00
art/overlays/doctrine/doctrine_human_remainder_wanderer_overlay.png	1	5999663	2026-05-12T18:02:07+00:00
art/overlays/doctrine/doctrine_human_remainder_zealot_overlay.png	1	5612440	2026-05-12T18:02:07+00:00
art/overlays/trained_crew/artisan_ascendant_overlay.png	1	6397426	2026-05-12T18:02:08+00:00
art/overlays/trained_crew/artisan_ascendant_overlay_original.png	1	5650779	2026-05-12T18:02:08+00:00
art/overlays/trained_crew/artisan_exile_overlay.png	1	6222301	2026-05-12T18:02:10+00:00
art/overlays/trained_crew/artisan_exile_overlay_original.png	1	5397162	2026-05-12T18:02:10+00:00
art/overlays/trained_crew/artisan_martyrs_rest_overlay.png	1	5673052	2026-05-12T18:02:11+00:00
art/overlays/trained_crew/artisan_martyrs_rest_overlay_original.png	1	4771718	2026-05-12T18:02:11+00:00
art/overlays/trained_crew/artisan_operative_overlay.png	1	6460616	2026-05-12T18:02:11+00:00
art/overlays/trained_crew/artisan_operative_overlay_original.png	1	5575862	2026-05-12T18:02:12+00:00
art/overlays/trained_crew/artisan_reborn_overlay.png	1	5517586	2026-05-12T18:02:14+00:00
art/overlays/trained_crew/artisan_reborn_overlay_original.png	1	4720558	2026-05-12T18:02:14+00:00
art/overlays/trained_crew/ghost_ascendant_overlay.png	1	5449195	2026-05-12T18:02:15+00:00
art/overlays/trained_crew/ghost_ascendant_overlay_original.png	1	4808128	2026-05-12T18:02:16+00:00
art/overlays/trained_crew/ghost_exile_overlay.png	1	6092629	2026-05-12T18:02:16+00:00
art/overlays/trained_crew/ghost_exile_overlay_original.png	1	5512981	2026-05-12T18:02:17+00:00
art/overlays/trained_crew/ghost_martyrs_rest_overlay.png	1	6527211	2026-05-12T18:02:17+00:00
art/overlays/trained_crew/ghost_martyrs_rest_overlay_original.png	1	5538182	2026-05-12T18:02:17+00:00
art/overlays/trained_crew/ghost_operative_overlay.png	1	6195794	2026-05-12T18:02:18+00:00
art/overlays/trained_crew/ghost_operative_overlay_original.png	1	5426500	2026-05-12T18:02:19+00:00
art/overlays/trained_crew/ghost_reborn_overlay.png	1	6646942	2026-05-12T18:02:19+00:00
art/overlays/trained_crew/ghost_reborn_overlay_original.png	1	5903156	2026-05-12T18:02:19+00:00
art/overlays/trained_crew/heretic_ascendant_overlay.png	1	5860015	2026-05-12T18:02:20+00:00
art/overlays/trained_crew/heretic_ascendant_overlay_original.png	1	5109421	2026-05-12T18:02:20+00:00
art/overlays/trained_crew/heretic_exile_overlay.png	1	8007235	2026-05-12T18:02:21+00:00
art/overlays/trained_crew/heretic_exile_overlay_original.png	1	7064891	2026-05-12T18:02:22+00:00
art/overlays/trained_crew/heretic_martyrs_rest_overlay.png	1	5953470	2026-05-12T18:02:22+00:00
art/overlays/trained_crew/heretic_martyrs_rest_overlay_original.png	1	5030148	2026-05-12T18:02:24+00:00
art/overlays/trained_crew/heretic_operative_overlay.png	1	6076286	2026-05-12T18:02:24+00:00
art/overlays/trained_crew/heretic_operative_overlay_original.png	1	5202452	2026-05-12T18:02:25+00:00
art/overlays/trained_crew/heretic_reborn_overlay.png	1	5534165	2026-05-12T18:02:26+00:00
art/overlays/trained_crew/heretic_reborn_overlay_original.png	1	4625145	2026-05-12T18:02:27+00:00
art/overlays/trained_crew/jester_ascendant_overlay.png	1	5419680	2026-05-12T18:02:27+00:00
art/overlays/trained_crew/jester_ascendant_overlay_original.png	1	4869582	2026-05-12T18:02:28+00:00
art/overlays/trained_crew/jester_exile_overlay.png	1	5922152	2026-05-12T18:02:28+00:00
art/overlays/trained_crew/jester_exile_overlay_original.png	1	5196629	2026-05-12T18:02:28+00:00
art/overlays/trained_crew/jester_martyrs_rest_overlay.png	1	5060521	2026-05-12T18:02:28+00:00
art/overlays/trained_crew/jester_martyrs_rest_overlay_original.png	1	4287084	2026-05-12T18:02:29+00:00
art/overlays/trained_crew/jester_operative_overlay.png	1	6414905	2026-05-12T18:02:29+00:00
art/overlays/trained_crew/jester_operative_overlay_original.png	1	5460658	2026-05-12T18:02:30+00:00
art/overlays/trained_crew/jester_reborn_overlay.png	1	5549871	2026-05-12T18:02:30+00:00
art/overlays/trained_crew/jester_reborn_overlay_original.png	1	4762726	2026-05-12T18:02:32+00:00
art/overlays/trained_crew/martyr_ascendant_overlay.png	1	5897302	2026-05-12T18:02:33+00:00
art/overlays/trained_crew/martyr_ascendant_overlay_original.png	1	5120226	2026-05-12T18:02:35+00:00
art/overlays/trained_crew/martyr_exile_overlay.png	1	6031621	2026-05-12T18:02:35+00:00
art/overlays/trained_crew/martyr_exile_overlay_original.png	1	5190851	2026-05-12T18:02:35+00:00
art/overlays/trained_crew/martyr_martyrs_rest_overlay.png	1	5673684	2026-05-12T18:02:36+00:00
art/overlays/trained_crew/martyr_martyrs_rest_overlay_original.png	1	4828855	2026-05-12T18:02:36+00:00
art/overlays/trained_crew/martyr_operative_overlay.png	1	6662343	2026-05-12T18:02:36+00:00
art/overlays/trained_crew/martyr_operative_overlay_original.png	1	5358406	2026-05-12T18:02:36+00:00
art/overlays/trained_crew/martyr_reborn_overlay.png	1	5186118	2026-05-12T18:02:38+00:00
art/overlays/trained_crew/martyr_reborn_overlay_original.png	1	4458761	2026-05-12T18:02:38+00:00
art/overlays/trained_crew/oracle_ascendant_overlay.png	1	6587682	2026-05-12T18:02:38+00:00
art/overlays/trained_crew/oracle_ascendant_overlay_original.png	1	4875259	2026-05-12T18:02:39+00:00
art/overlays/trained_crew/oracle_exile_overlay.png	1	5808351	2026-05-12T18:02:39+00:00
art/overlays/trained_crew/oracle_exile_overlay_original.png	1	5072229	2026-05-12T18:02:40+00:00
art/overlays/trained_crew/oracle_martyrs_rest_overlay.png	1	5551140	2026-05-12T18:02:40+00:00
art/overlays/trained_crew/oracle_martyrs_rest_overlay_original.png	1	4762586	2026-05-12T18:02:42+00:00
art/overlays/trained_crew/oracle_operative_overlay.png	1	6741605	2026-05-12T18:02:43+00:00
art/overlays/trained_crew/oracle_operative_overlay_original.png	1	5908543	2026-05-12T18:02:44+00:00
art/overlays/trained_crew/oracle_reborn_overlay.png	1	5221478	2026-05-12T18:02:44+00:00
art/overlays/trained_crew/oracle_reborn_overlay_original.png	1	4515394	2026-05-12T18:02:44+00:00
art/overlays/trained_crew/prodigal_ascendant_overlay.png	1	6867936	2026-05-12T18:02:44+00:00
art/overlays/trained_crew/prodigal_ascendant_overlay_original.png	1	5986924	2026-05-12T18:02:45+00:00
art/overlays/trained_crew/prodigal_exile_overlay.png	1	5677559	2026-05-12T18:02:47+00:00
art/overlays/trained_crew/prodigal_exile_overlay_original.png	1	4969053	2026-05-12T18:02:48+00:00
art/overlays/trained_crew/prodigal_martyrs_rest_overlay.png	1	5570758	2026-05-12T18:02:48+00:00
art/overlays/trained_crew/prodigal_martyrs_rest_overlay_original.png	1	4713547	2026-05-12T18:02:48+00:00
art/overlays/trained_crew/prodigal_operative_overlay.png	1	6550090	2026-05-12T18:02:49+00:00
art/overlays/trained_crew/prodigal_operative_overlay_original.png	1	5795343	2026-05-12T18:02:50+00:00
art/overlays/trained_crew/prodigal_reborn_overlay.png	1	5757100	2026-05-12T18:02:51+00:00
art/overlays/trained_crew/prodigal_reborn_overlay_original.png	1	4901288	2026-05-12T18:02:52+00:00
art/overlays/trained_crew/revenant_ascendant_overlay.png	1	6474483	2026-05-12T18:02:53+00:00
art/overlays/trained_crew/revenant_ascendant_overlay_original.png	1	5747415	2026-05-12T18:02:53+00:00
art/overlays/trained_crew/revenant_exile_overlay.png	1	6801760	2026-05-12T18:02:54+00:00
art/overlays/trained_crew/revenant_exile_overlay_original.png	1	5955437	2026-05-12T18:02:54+00:00
art/overlays/trained_crew/revenant_martyrs_rest_overlay.png	1	5425322	2026-05-12T18:02:54+00:00
art/overlays/trained_crew/revenant_martyrs_rest_overlay_original.png	1	4642372	2026-05-12T18:02:55+00:00
art/overlays/trained_crew/revenant_operative_overlay.png	1	6499693	2026-05-12T18:02:56+00:00
art/overlays/trained_crew/revenant_operative_overlay_original.png	1	5769443	2026-05-12T18:02:58+00:00
art/overlays/trained_crew/revenant_reborn_overlay.png	1	5166198	2026-05-12T18:02:58+00:00
art/overlays/trained_crew/revenant_reborn_overlay_original.png	1	4474793	2026-05-12T18:02:58+00:00
art/overlays/trained_crew/scholar_ascendant_overlay.png	1	5379287	2026-05-12T18:02:59+00:00
art/overlays/trained_crew/scholar_ascendant_overlay_original.png	1	4773010	2026-05-12T18:02:59+00:00
art/overlays/trained_crew/scholar_exile_overlay.png	1	7735365	2026-05-12T18:03:00+00:00
art/overlays/trained_crew/scholar_exile_overlay_original.png	1	6855741	2026-05-12T18:03:01+00:00
art/overlays/trained_crew/scholar_martyrs_rest_overlay.png	1	5903276	2026-05-12T18:03:01+00:00
art/overlays/trained_crew/scholar_martyrs_rest_overlay_original.png	1	4988438	2026-05-12T18:03:02+00:00
art/overlays/trained_crew/scholar_operative_overlay.png	1	5378273	2026-05-12T18:03:03+00:00
art/overlays/trained_crew/scholar_operative_overlay_original.png	1	4661365	2026-05-12T18:03:04+00:00
art/overlays/trained_crew/scholar_reborn_overlay.png	1	6056117	2026-05-12T18:03:04+00:00
art/overlays/trained_crew/scholar_reborn_overlay_original.png	1	5230601	2026-05-12T18:03:05+00:00
art/overlays/trained_crew/sentinel_ascendant_overlay.png	1	5539780	2026-05-12T18:03:05+00:00
art/overlays/trained_crew/sentinel_ascendant_overlay_original.png	1	4855227	2026-05-12T18:03:06+00:00
art/overlays/trained_crew/sentinel_exile_overlay.png	1	6916631	2026-05-12T18:03:07+00:00
art/overlays/trained_crew/sentinel_exile_overlay_original.png	1	6051328	2026-05-12T18:03:07+00:00
art/overlays/trained_crew/sentinel_martyrs_rest_overlay.png	1	5728509	2026-05-12T18:03:07+00:00
art/overlays/trained_crew/sentinel_martyrs_rest_overlay_original.png	1	4880004	2026-05-12T18:03:08+00:00
art/overlays/trained_crew/sentinel_operative_overlay.png	1	5713799	2026-05-12T18:03:09+00:00
art/overlays/trained_crew/sentinel_operative_overlay_original.png	1	4849638	2026-05-12T18:03:10+00:00
art/overlays/trained_crew/sentinel_reborn_overlay.png	1	5462271	2026-05-12T18:03:10+00:00
art/overlays/trained_crew/sentinel_reborn_overlay_original.png	1	4686177	2026-05-12T18:03:10+00:00
art/overlays/trained_crew/wanderer_ascendant_overlay.png	1	6711701	2026-05-12T18:03:11+00:00
art/overlays/trained_crew/wanderer_ascendant_overlay_original.png	1	5966347	2026-05-12T18:03:11+00:00
art/overlays/trained_crew/wanderer_exile_overlay.png	1	6425104	2026-05-12T18:03:12+00:00
art/overlays/trained_crew/wanderer_exile_overlay_original.png	1	5624996	2026-05-12T18:03:13+00:00
art/overlays/trained_crew/wanderer_martyrs_rest_overlay.png	1	5695155	2026-05-12T18:03:14+00:00
art/overlays/trained_crew/wanderer_martyrs_rest_overlay_original.png	1	4763273	2026-05-12T18:03:14+00:00
art/overlays/trained_crew/wanderer_operative_overlay.png	1	6493823	2026-05-12T18:03:15+00:00
art/overlays/trained_crew/wanderer_operative_overlay_original.png	1	5451068	2026-05-12T18:03:16+00:00
art/overlays/trained_crew/wanderer_reborn_overlay.png	1	5515467	2026-05-12T18:03:16+00:00
art/overlays/trained_crew/wanderer_reborn_overlay_original.png	1	4707057	2026-05-12T18:03:16+00:00
art/overlays/trained_crew/zealot_ascendant_overlay.png	1	5602495	2026-05-12T18:03:17+00:00
art/overlays/trained_crew/zealot_ascendant_overlay_original.png	1	4884300	2026-05-12T18:03:18+00:00
art/overlays/trained_crew/zealot_exile_overlay.png	1	7169387	2026-05-12T18:03:19+00:00
art/overlays/trained_crew/zealot_exile_overlay_original.png	1	6385140	2026-05-12T18:03:19+00:00
art/overlays/trained_crew/zealot_martyrs_rest_overlay.png	1	5975488	2026-05-12T18:03:19+00:00
art/overlays/trained_crew/zealot_martyrs_rest_overlay_original.png	1	4933387	2026-05-12T18:03:19+00:00
art/overlays/trained_crew/zealot_operative_overlay.png	1	5339464	2026-05-12T18:03:20+00:00
art/overlays/trained_crew/zealot_operative_overlay_original.png	1	4762151	2026-05-12T18:03:20+00:00
art/overlays/trained_crew/zealot_reborn_overlay.png	1	5554750	2026-05-12T18:03:21+00:00
art/overlays/trained_crew/zealot_reborn_overlay_original.png	1	4951809	2026-05-12T18:03:22+00:00
art/planets/planet-castle-of-death.png	2	23493904	2026-04-22T04:30:52+00:00
art/planets/planet-degens-casino.png	2	24742820	2026-04-22T04:30:52+00:00
art/planets/planet-terminus.png	2	26042099	2026-04-22T04:30:52+00:00
art/planets/planet-violetta.png	2	22016197	2026-04-22T04:30:52+00:00
art/portraits/aesthetic_anchor/apprentice_aesthetic_anchor.png	1	6688725	2026-05-12T18:03:25+00:00
art/portraits/dialog_3qbody/apprentice_artisan_female_dialog_3qbody.png	1	5963652	2026-05-12T18:03:25+00:00
art/portraits/dialog_3qbody/apprentice_artisan_male_dialog_3qbody.png	1	5650112	2026-05-12T18:03:25+00:00
art/portraits/dialog_3qbody/apprentice_ghost_female_dialog_3qbody.png	1	6181154	2026-05-12T18:03:26+00:00
art/portraits/dialog_3qbody/apprentice_ghost_male_dialog_3qbody.png	1	5958003	2026-05-12T18:03:26+00:00
art/portraits/dialog_3qbody/apprentice_heretic_female_dialog_3qbody.png	1	7304998	2026-05-12T18:03:27+00:00
art/portraits/dialog_3qbody/apprentice_heretic_male_dialog_3qbody.png	1	5652146	2026-05-12T18:03:28+00:00
art/portraits/dialog_3qbody/apprentice_jester_female_dialog_3qbody.png	1	5761090	2026-05-12T18:03:29+00:00
art/portraits/dialog_3qbody/apprentice_jester_male_dialog_3qbody.png	1	5554233	2026-05-12T18:03:29+00:00
art/portraits/dialog_3qbody/apprentice_jester_nonbinary_dialog_3qbody.png	1	7195368	2026-05-12T18:03:29+00:00
art/portraits/dialog_3qbody/apprentice_martyr_female_dialog_3qbody.png	1	5811031	2026-05-12T18:03:29+00:00
art/portraits/dialog_3qbody/apprentice_martyr_male_dialog_3qbody.png	1	6672111	2026-05-12T18:03:30+00:00
art/portraits/dialog_3qbody/apprentice_oracle_female_dialog_3qbody.png	1	6340836	2026-05-12T18:03:30+00:00
art/portraits/dialog_3qbody/apprentice_oracle_male_dialog_3qbody.png	1	5805466	2026-05-12T18:03:31+00:00
art/portraits/dialog_3qbody/apprentice_prodigal_female_dialog_3qbody.png	1	5471328	2026-05-12T18:03:31+00:00
art/portraits/dialog_3qbody/apprentice_prodigal_male_dialog_3qbody.png	1	5790954	2026-05-12T18:03:32+00:00
art/portraits/dialog_3qbody/apprentice_revenant_female_dialog_3qbody.png	1	6071666	2026-05-12T18:03:33+00:00
art/portraits/dialog_3qbody/apprentice_revenant_male_dialog_3qbody.png	1	5974738	2026-05-12T18:03:33+00:00
art/portraits/dialog_3qbody/apprentice_scholar_female_dialog_3qbody.png	1	5980572	2026-05-12T18:03:33+00:00
art/portraits/dialog_3qbody/apprentice_scholar_male_dialog_3qbody.png	1	5681561	2026-05-12T18:03:34+00:00
art/portraits/dialog_3qbody/apprentice_sentinel_female_dialog_3qbody.png	1	6542532	2026-05-12T18:03:35+00:00
art/portraits/dialog_3qbody/apprentice_sentinel_male_dialog_3qbody.png	1	5758207	2026-05-12T18:03:37+00:00
art/portraits/dialog_3qbody/apprentice_wanderer_female_dialog_3qbody.png	1	5923212	2026-05-12T18:03:37+00:00
art/portraits/dialog_3qbody/apprentice_wanderer_male_dialog_3qbody.png	1	6000173	2026-05-12T18:03:38+00:00
art/portraits/dialog_3qbody/apprentice_zealot_female_dialog_3qbody.png	1	6543984	2026-05-12T18:03:38+00:00
art/portraits/dialog_3qbody/apprentice_zealot_male_dialog_3qbody.png	1	6246790	2026-05-12T18:03:38+00:00
art/portraits/dialog_3qbody/recruit_akai_shi_dialog_3qbody.png	1	5768449	2026-05-12T18:03:40+00:00
art/portraits/dialog_3qbody/recruit_jericho_jones_dialog_3qbody.png	1	5910831	2026-05-12T18:03:40+00:00
art/portraits/dialog_3qbody/recruit_locke_dialog_3qbody.png	1	6786981	2026-05-12T18:03:41+00:00
art/portraits/dialog_3qbody/recruit_vex_solene_dialog_3qbody.png	1	5684403	2026-05-12T18:03:41+00:00
art/portraits/dialog_3qbody/recruit_wraith_calder_dialog_3qbody.png	1	6257394	2026-05-12T18:03:42+00:00
art/portraits/dialog_headshots/apprentice_artisan_female_dialog.png	1	5907188	2026-05-12T18:03:43+00:00
art/portraits/dialog_headshots/apprentice_artisan_male_dialog.png	1	5796340	2026-05-12T18:03:43+00:00
art/portraits/dialog_headshots/apprentice_ghost_female_dialog.png	1	5445653	2026-05-12T18:03:43+00:00
art/portraits/dialog_headshots/apprentice_ghost_male_dialog.png	1	5636817	2026-05-12T18:03:44+00:00
art/portraits/dialog_headshots/apprentice_heretic_female_dialog.png	1	5804420	2026-05-12T18:03:45+00:00
art/portraits/dialog_headshots/apprentice_heretic_male_dialog.png	1	5777142	2026-05-12T18:03:46+00:00
art/portraits/dialog_headshots/apprentice_jester_female_dialog.png	1	5682197	2026-05-12T18:03:47+00:00
art/portraits/dialog_headshots/apprentice_jester_male_dialog.png	1	5579944	2026-05-12T18:03:47+00:00
art/portraits/dialog_headshots/apprentice_jester_nonbinary_dialog.png	1	6006390	2026-05-12T18:03:48+00:00
art/portraits/dialog_headshots/apprentice_martyr_female_dialog.png	1	6106101	2026-05-12T18:03:48+00:00
art/portraits/dialog_headshots/apprentice_martyr_male_dialog.png	1	5010243	2026-05-12T18:03:48+00:00
art/portraits/dialog_headshots/apprentice_oracle_female_dialog.png	1	5945477	2026-05-12T18:03:49+00:00
art/portraits/dialog_headshots/apprentice_oracle_male_dialog.png	1	6048967	2026-05-12T18:03:50+00:00
art/portraits/dialog_headshots/apprentice_prodigal_female_dialog.png	1	5514159	2026-05-12T18:03:49+00:00
art/portraits/dialog_headshots/apprentice_prodigal_male_dialog.png	1	5435868	2026-05-12T18:03:50+00:00
art/portraits/dialog_headshots/apprentice_revenant_female_dialog.png	1	5557552	2026-05-12T18:03:51+00:00
art/portraits/dialog_headshots/apprentice_revenant_male_dialog.png	1	5258044	2026-05-12T18:03:52+00:00
art/portraits/dialog_headshots/apprentice_scholar_female_dialog.png	1	4947974	2026-05-12T18:03:52+00:00
art/portraits/dialog_headshots/apprentice_scholar_male_dialog.png	1	5266653	2026-05-12T18:03:53+00:00
art/portraits/dialog_headshots/apprentice_sentinel_female_dialog.png	1	4901379	2026-05-12T18:03:54+00:00
art/portraits/dialog_headshots/apprentice_sentinel_male_dialog.png	1	5381078	2026-05-12T18:03:55+00:00
art/portraits/dialog_headshots/apprentice_wanderer_female_dialog.png	1	5470992	2026-05-12T18:03:55+00:00
art/portraits/dialog_headshots/apprentice_wanderer_male_dialog.png	1	5660564	2026-05-12T18:03:55+00:00
art/portraits/dialog_headshots/apprentice_zealot_female_dialog.png	1	6174304	2026-05-12T18:03:55+00:00
art/portraits/dialog_headshots/apprentice_zealot_male_dialog.png	1	5447611	2026-05-12T18:03:55+00:00
art/portraits/dialog_headshots/recruit_akai_shi_dialog.png	1	5321340	2026-05-12T18:03:55+00:00
art/portraits/dialog_headshots/recruit_jericho_jones_dialog.png	1	5455210	2026-05-12T18:03:57+00:00
art/portraits/dialog_headshots/recruit_locke_dialog.png	1	5439811	2026-05-12T18:03:59+00:00
art/portraits/dialog_headshots/recruit_vex_solene_dialog.png	1	5258681	2026-05-12T18:03:59+00:00
art/portraits/dialog_headshots/recruit_wraith_calder_dialog.png	1	4941875	2026-05-12T18:04:00+00:00
art/portraits/expressions/akai_shi_combat.png	1	5982685	2026-05-12T18:04:01+00:00
art/portraits/expressions/akai_shi_doctrinal.png	1	5990732	2026-05-12T18:04:01+00:00
art/portraits/expressions/akai_shi_focused.png	1	6204200	2026-05-12T18:04:01+00:00
art/portraits/expressions/akai_shi_neutral.png	1	5576394	2026-05-12T18:04:01+00:00
art/portraits/expressions/apprentice_artisan_female_expr_corrupted.png	1	5544758	2026-05-12T18:04:01+00:00
art/portraits/expressions/apprentice_artisan_female_expr_doctrinal.png	1	5456305	2026-05-12T18:04:01+00:00
art/portraits/expressions/apprentice_artisan_female_expr_focused.png	1	5500511	2026-05-12T18:04:02+00:00
art/portraits/expressions/apprentice_artisan_female_expr_triumphant.png	1	5691084	2026-05-12T18:04:03+00:00
art/portraits/expressions/apprentice_artisan_female_expr_wounded.png	1	5065745	2026-05-12T18:04:03+00:00
art/portraits/expressions/apprentice_artisan_male_expr_corrupted.png	1	6018207	2026-05-12T18:04:04+00:00
art/portraits/expressions/apprentice_artisan_male_expr_doctrinal.png	1	5135843	2026-05-12T18:04:04+00:00
art/portraits/expressions/apprentice_artisan_male_expr_focused.png	1	5433787	2026-05-12T18:04:05+00:00
art/portraits/expressions/apprentice_artisan_male_expr_triumphant.png	1	5804708	2026-05-12T18:04:05+00:00
art/portraits/expressions/apprentice_artisan_male_expr_wounded.png	1	5033804	2026-05-12T18:04:06+00:00
art/portraits/expressions/apprentice_ghost_female_expr_corrupted.png	1	6040389	2026-05-12T18:04:06+00:00
art/portraits/expressions/apprentice_ghost_female_expr_doctrinal.png	1	5280424	2026-05-12T18:04:07+00:00
art/portraits/expressions/apprentice_ghost_female_expr_focused.png	1	5446975	2026-05-12T18:04:08+00:00
art/portraits/expressions/apprentice_ghost_female_expr_triumphant.png	1	5892677	2026-05-12T18:04:09+00:00
art/portraits/expressions/apprentice_ghost_female_expr_wounded.png	1	5478382	2026-05-12T18:04:10+00:00
art/portraits/expressions/apprentice_ghost_male_expr_corrupted.png	1	6151273	2026-05-12T18:04:10+00:00
art/portraits/expressions/apprentice_ghost_male_expr_doctrinal.png	1	5723446	2026-05-12T18:04:10+00:00
art/portraits/expressions/apprentice_ghost_male_expr_focused.png	1	5494762	2026-05-12T18:04:11+00:00
art/portraits/expressions/apprentice_ghost_male_expr_triumphant.png	1	5786399	2026-05-12T18:04:11+00:00
art/portraits/expressions/apprentice_ghost_male_expr_wounded.png	1	5479087	2026-05-12T18:04:12+00:00
art/portraits/expressions/apprentice_heretic_female_expr_corrupted.png	1	5879415	2026-05-12T18:04:12+00:00
art/portraits/expressions/apprentice_heretic_female_expr_doctrinal.png	1	5752485	2026-05-12T18:04:13+00:00
art/portraits/expressions/apprentice_heretic_female_expr_focused.png	1	5012264	2026-05-12T18:04:13+00:00
art/portraits/expressions/apprentice_heretic_female_expr_triumphant.png	1	5619832	2026-05-12T18:04:14+00:00
art/portraits/expressions/apprentice_heretic_female_expr_wounded.png	1	5753474	2026-05-12T18:04:15+00:00
art/portraits/expressions/apprentice_heretic_male_expr_corrupted.png	1	5571349	2026-05-12T18:04:15+00:00
art/portraits/expressions/apprentice_heretic_male_expr_doctrinal.png	1	6072325	2026-05-12T18:04:16+00:00
art/portraits/expressions/apprentice_heretic_male_expr_focused.png	1	5427962	2026-05-12T18:04:17+00:00
art/portraits/expressions/apprentice_heretic_male_expr_triumphant.png	1	5894643	2026-05-12T18:04:18+00:00
art/portraits/expressions/apprentice_heretic_male_expr_wounded.png	1	5390423	2026-05-12T18:04:19+00:00
art/portraits/expressions/apprentice_jester_female_expr_corrupted.png	1	5999216	2026-05-12T18:04:19+00:00
art/portraits/expressions/apprentice_jester_female_expr_doctrinal.png	1	6038259	2026-05-12T18:04:20+00:00
art/portraits/expressions/apprentice_jester_female_expr_focused.png	1	5554475	2026-05-12T18:04:21+00:00
art/portraits/expressions/apprentice_jester_female_expr_triumphant.png	1	6466293	2026-05-12T18:04:21+00:00
art/portraits/expressions/apprentice_jester_female_expr_wounded.png	1	5639245	2026-05-12T18:04:21+00:00
art/portraits/expressions/apprentice_jester_male_expr_corrupted.png	1	6813434	2026-05-12T18:04:21+00:00
art/portraits/expressions/apprentice_jester_male_expr_doctrinal.png	1	6667422	2026-05-12T18:04:22+00:00
art/portraits/expressions/apprentice_jester_male_expr_focused.png	1	6249918	2026-05-12T18:04:23+00:00
art/portraits/expressions/apprentice_jester_male_expr_triumphant.png	1	6979233	2026-05-12T18:04:23+00:00
art/portraits/expressions/apprentice_jester_male_expr_wounded.png	1	5825323	2026-05-12T18:04:24+00:00
art/portraits/expressions/apprentice_jester_nonbinary_expr_corrupted.png	1	6473400	2026-05-12T18:04:25+00:00
art/portraits/expressions/apprentice_jester_nonbinary_expr_doctrinal.png	1	6483786	2026-05-12T18:04:26+00:00
art/portraits/expressions/apprentice_jester_nonbinary_expr_focused.png	1	7153141	2026-05-12T18:04:26+00:00
art/portraits/expressions/apprentice_jester_nonbinary_expr_triumphant.png	1	7058963	2026-05-12T18:04:28+00:00
art/portraits/expressions/apprentice_jester_nonbinary_expr_wounded.png	1	6503551	2026-05-12T18:04:28+00:00
art/portraits/expressions/apprentice_martyr_female_expr_corrupted.png	1	5540605	2026-05-12T18:04:28+00:00
art/portraits/expressions/apprentice_martyr_female_expr_doctrinal.png	1	5276983	2026-05-12T18:04:28+00:00
art/portraits/expressions/apprentice_martyr_female_expr_focused.png	1	5550820	2026-05-12T18:04:28+00:00
art/portraits/expressions/apprentice_martyr_female_expr_triumphant.png	1	4976492	2026-05-12T18:04:29+00:00
art/portraits/expressions/apprentice_martyr_female_expr_wounded.png	1	5141471	2026-05-12T18:04:30+00:00
art/portraits/expressions/apprentice_martyr_male_expr_corrupted.png	1	5243008	2026-05-12T18:04:31+00:00
art/portraits/expressions/apprentice_martyr_male_expr_doctrinal.png	1	5372299	2026-05-12T18:04:32+00:00
art/portraits/expressions/apprentice_martyr_male_expr_focused.png	1	5257719	2026-05-12T18:04:32+00:00
art/portraits/expressions/apprentice_martyr_male_expr_triumphant.png	1	4912481	2026-05-12T18:04:33+00:00
art/portraits/expressions/apprentice_martyr_male_expr_wounded.png	1	5104243	2026-05-12T18:04:33+00:00
art/portraits/expressions/apprentice_oracle_female_expr_corrupted.png	1	6089172	2026-05-12T18:04:35+00:00
art/portraits/expressions/apprentice_oracle_female_expr_doctrinal.png	1	5769795	2026-05-12T18:04:35+00:00
art/portraits/expressions/apprentice_oracle_female_expr_focused.png	1	6026740	2026-05-12T18:04:35+00:00
art/portraits/expressions/apprentice_oracle_female_expr_triumphant.png	1	5405815	2026-05-12T18:04:36+00:00
art/portraits/expressions/apprentice_oracle_female_expr_wounded.png	1	6282951	2026-05-12T18:04:36+00:00
art/portraits/expressions/apprentice_oracle_male_expr_corrupted.png	1	5483165	2026-05-12T18:04:36+00:00
art/portraits/expressions/apprentice_oracle_male_expr_doctrinal.png	1	5568977	2026-05-12T18:04:36+00:00
art/portraits/expressions/apprentice_oracle_male_expr_focused.png	1	5752128	2026-05-12T18:04:37+00:00
art/portraits/expressions/apprentice_oracle_male_expr_triumphant.png	1	5920764	2026-05-12T18:04:37+00:00
art/portraits/expressions/apprentice_oracle_male_expr_wounded.png	1	5964701	2026-05-12T18:04:37+00:00
art/portraits/expressions/apprentice_prodigal_female_expr_corrupted.png	1	6030317	2026-05-12T18:04:38+00:00
art/portraits/expressions/apprentice_prodigal_female_expr_doctrinal.png	1	6094060	2026-05-12T18:04:39+00:00
art/portraits/expressions/apprentice_prodigal_female_expr_focused.png	1	5480075	2026-05-12T18:04:40+00:00
art/portraits/expressions/apprentice_prodigal_female_expr_triumphant.png	1	5460319	2026-05-12T18:04:40+00:00
art/portraits/expressions/apprentice_prodigal_female_expr_wounded.png	1	5841750	2026-05-12T18:04:41+00:00
art/portraits/expressions/apprentice_prodigal_male_expr_corrupted.png	1	6099746	2026-05-12T18:04:44+00:00
art/portraits/expressions/apprentice_prodigal_male_expr_doctrinal.png	1	6079121	2026-05-12T18:04:44+00:00
art/portraits/expressions/apprentice_prodigal_male_expr_focused.png	1	5996610	2026-05-12T18:04:44+00:00
art/portraits/expressions/apprentice_prodigal_male_expr_triumphant.png	1	5489901	2026-05-12T18:04:45+00:00
art/portraits/expressions/apprentice_prodigal_male_expr_wounded.png	1	6263916	2026-05-12T18:04:45+00:00
art/portraits/expressions/apprentice_revenant_female_expr_corrupted.png	1	5841876	2026-05-12T18:04:46+00:00
art/portraits/expressions/apprentice_revenant_female_expr_doctrinal.png	1	5545496	2026-05-12T18:04:46+00:00
art/portraits/expressions/apprentice_revenant_female_expr_focused.png	1	5339679	2026-05-12T18:04:46+00:00
art/portraits/expressions/apprentice_revenant_female_expr_triumphant.png	1	6462662	2026-05-12T18:04:46+00:00
art/portraits/expressions/apprentice_revenant_female_expr_wounded.png	1	5146697	2026-05-12T18:04:47+00:00
art/portraits/expressions/apprentice_revenant_male_expr_corrupted.png	1	5864279	2026-05-12T18:04:49+00:00
art/portraits/expressions/apprentice_revenant_male_expr_doctrinal.png	1	5358374	2026-05-12T18:04:49+00:00
art/portraits/expressions/apprentice_revenant_male_expr_focused.png	1	4907401	2026-05-12T18:04:49+00:00
art/portraits/expressions/apprentice_revenant_male_expr_triumphant.png	1	5874020	2026-05-12T18:04:49+00:00
art/portraits/expressions/apprentice_revenant_male_expr_wounded.png	1	4805296	2026-05-12T18:04:49+00:00
art/portraits/expressions/apprentice_scholar_female_expr_corrupted.png	1	5826700	2026-05-12T18:04:49+00:00
art/portraits/expressions/apprentice_scholar_female_expr_doctrinal.png	1	4966484	2026-05-12T18:04:50+00:00
art/portraits/expressions/apprentice_scholar_female_expr_focused.png	1	5207860	2026-05-12T18:04:51+00:00
art/portraits/expressions/apprentice_scholar_female_expr_triumphant.png	1	5715571	2026-05-12T18:04:52+00:00
art/portraits/expressions/apprentice_scholar_female_expr_wounded.png	1	5203374	2026-05-12T18:04:53+00:00
art/portraits/expressions/apprentice_scholar_male_expr_corrupted.png	1	5919172	2026-05-12T18:04:53+00:00
art/portraits/expressions/apprentice_scholar_male_expr_doctrinal.png	1	5447400	2026-05-12T18:04:55+00:00
art/portraits/expressions/apprentice_scholar_male_expr_focused.png	1	5505682	2026-05-12T18:04:55+00:00
art/portraits/expressions/apprentice_scholar_male_expr_triumphant.png	1	5622290	2026-05-12T18:04:56+00:00
art/portraits/expressions/apprentice_scholar_male_expr_wounded.png	1	5593059	2026-05-12T18:04:56+00:00
art/portraits/expressions/apprentice_sentinel_female_expr_corrupted.png	1	5537389	2026-05-12T18:04:56+00:00
art/portraits/expressions/apprentice_sentinel_female_expr_doctrinal.png	1	6078722	2026-05-12T18:04:58+00:00
art/portraits/expressions/apprentice_sentinel_female_expr_focused.png	1	5656872	2026-05-12T18:04:58+00:00
art/portraits/expressions/apprentice_sentinel_female_expr_triumphant.png	1	5239754	2026-05-12T18:04:59+00:00
art/portraits/expressions/apprentice_sentinel_female_expr_wounded.png	1	5524756	2026-05-12T18:05:00+00:00
art/portraits/expressions/apprentice_sentinel_male_expr_corrupted.png	1	6066389	2026-05-12T18:05:00+00:00
art/portraits/expressions/apprentice_sentinel_male_expr_doctrinal.png	1	6195405	2026-05-12T18:05:00+00:00
art/portraits/expressions/apprentice_sentinel_male_expr_focused.png	1	5758728	2026-05-12T18:05:00+00:00
art/portraits/expressions/apprentice_sentinel_male_expr_triumphant.png	1	5166324	2026-05-12T18:05:00+00:00
art/portraits/expressions/apprentice_sentinel_male_expr_wounded.png	1	5451345	2026-05-12T18:05:01+00:00
art/portraits/expressions/apprentice_wanderer_female_expr_corrupted.png	1	5174900	2026-05-12T18:05:01+00:00
art/portraits/expressions/apprentice_wanderer_female_expr_doctrinal.png	1	5783600	2026-05-12T18:05:01+00:00
art/portraits/expressions/apprentice_wanderer_female_expr_focused.png	1	5381044	2026-05-12T18:05:02+00:00
art/portraits/expressions/apprentice_wanderer_female_expr_triumphant.png	1	5684013	2026-05-12T18:05:03+00:00
art/portraits/expressions/apprentice_wanderer_female_expr_wounded.png	1	5494473	2026-05-12T18:05:03+00:00
art/portraits/expressions/apprentice_wanderer_male_expr_corrupted.png	1	6203045	2026-05-12T18:05:05+00:00
art/portraits/expressions/apprentice_wanderer_male_expr_doctrinal.png	1	6383652	2026-05-12T18:05:06+00:00
art/portraits/expressions/apprentice_wanderer_male_expr_focused.png	1	6015914	2026-05-12T18:05:06+00:00
art/portraits/expressions/apprentice_wanderer_male_expr_triumphant.png	1	5888015	2026-05-12T18:05:07+00:00
art/portraits/expressions/apprentice_wanderer_male_expr_wounded.png	1	5794268	2026-05-12T18:05:07+00:00
art/portraits/expressions/apprentice_zealot_female_expr_corrupted.png	1	5952882	2026-05-12T18:05:07+00:00
art/portraits/expressions/apprentice_zealot_female_expr_doctrinal.png	1	6274882	2026-05-12T18:05:08+00:00
art/portraits/expressions/apprentice_zealot_female_expr_focused.png	1	5732106	2026-05-12T18:05:08+00:00
art/portraits/expressions/apprentice_zealot_female_expr_triumphant.png	1	5879154	2026-05-12T18:05:10+00:00
art/portraits/expressions/apprentice_zealot_female_expr_wounded.png	1	5848587	2026-05-12T18:05:11+00:00
art/portraits/expressions/apprentice_zealot_male_expr_corrupted.png	1	5770252	2026-05-12T18:05:11+00:00
art/portraits/expressions/apprentice_zealot_male_expr_doctrinal.png	1	5752944	2026-05-12T18:05:11+00:00
art/portraits/expressions/apprentice_zealot_male_expr_focused.png	1	5667278	2026-05-12T18:05:12+00:00
art/portraits/expressions/apprentice_zealot_male_expr_triumphant.png	1	5810546	2026-05-12T18:05:12+00:00
art/portraits/expressions/apprentice_zealot_male_expr_wounded.png	1	5788611	2026-05-12T18:05:12+00:00
art/portraits/expressions/artisan_female_combat.png	1	5903014	2026-05-12T18:05:12+00:00
art/portraits/expressions/artisan_female_doctrinal.png	1	5259531	2026-05-12T18:05:12+00:00
art/portraits/expressions/artisan_female_focused.png	1	5358651	2026-05-12T18:05:15+00:00
art/portraits/expressions/artisan_female_neutral.png	1	5607606	2026-05-12T18:05:15+00:00
art/portraits/expressions/artisan_male_combat.png	1	5398714	2026-05-12T18:05:17+00:00
art/portraits/expressions/artisan_male_doctrinal.png	1	5276506	2026-05-12T18:05:18+00:00
art/portraits/expressions/artisan_male_focused.png	1	5399652	2026-05-12T18:05:18+00:00
art/portraits/expressions/artisan_male_neutral.png	1	5213202	2026-05-12T18:05:18+00:00
art/portraits/expressions/ghost_female_combat.png	1	5563691	2026-05-12T18:05:19+00:00
art/portraits/expressions/ghost_female_doctrinal.png	1	6164039	2026-05-12T18:05:20+00:00
art/portraits/expressions/ghost_female_focused.png	1	2354687	2026-05-12T18:05:20+00:00
art/portraits/expressions/ghost_female_neutral.png	1	5440103	2026-05-12T18:05:21+00:00
art/portraits/expressions/ghost_male_combat.png	1	5594515	2026-05-12T18:05:21+00:00
art/portraits/expressions/ghost_male_doctrinal.png	1	5695856	2026-05-12T18:05:21+00:00
art/portraits/expressions/ghost_male_focused.png	1	5447288	2026-05-12T18:05:22+00:00
art/portraits/expressions/ghost_male_neutral.png	1	5389403	2026-05-12T18:05:23+00:00
art/portraits/expressions/heretic_female_combat.png	1	5409269	2026-05-12T18:05:23+00:00
art/portraits/expressions/heretic_female_doctrinal.png	1	5619929	2026-05-12T18:05:23+00:00
art/portraits/expressions/heretic_female_focused.png	1	5877605	2026-05-12T18:05:24+00:00
art/portraits/expressions/heretic_female_neutral.png	1	5694143	2026-05-12T18:05:24+00:00
art/portraits/expressions/heretic_male_combat.png	1	5752555	2026-05-12T18:05:25+00:00
art/portraits/expressions/heretic_male_doctrinal.png	1	6123764	2026-05-12T18:05:25+00:00
art/portraits/expressions/heretic_male_focused.png	1	5403324	2026-05-12T18:05:25+00:00
art/portraits/expressions/heretic_male_neutral.png	1	5381780	2026-05-12T18:05:26+00:00
art/portraits/expressions/jericho_jones_combat.png	1	6254067	2026-05-12T18:05:26+00:00
art/portraits/expressions/jericho_jones_doctrinal.png	1	6489370	2026-05-12T18:05:27+00:00
art/portraits/expressions/jericho_jones_focused.png	1	6161070	2026-05-12T18:05:27+00:00
art/portraits/expressions/jericho_jones_neutral.png	1	5374026	2026-05-12T18:05:29+00:00
art/portraits/expressions/jester_female_combat.png	1	5799550	2026-05-12T18:05:29+00:00
art/portraits/expressions/jester_female_doctrinal.png	1	5898202	2026-05-12T18:05:30+00:00
art/portraits/expressions/jester_female_focused.png	1	6044460	2026-05-12T18:05:31+00:00
art/portraits/expressions/jester_female_neutral.png	1	6077238	2026-05-12T18:05:31+00:00
art/portraits/expressions/jester_male_combat.png	1	6313529	2026-05-12T18:05:31+00:00
art/portraits/expressions/jester_male_doctrinal.png	1	5742311	2026-05-12T18:05:31+00:00
art/portraits/expressions/jester_male_focused.png	1	5621834	2026-05-12T18:05:31+00:00
art/portraits/expressions/jester_male_neutral.png	1	6359275	2026-05-12T18:05:32+00:00
art/portraits/expressions/jester_nonbinary_combat.png	1	6676936	2026-05-12T18:05:32+00:00
art/portraits/expressions/jester_nonbinary_doctrinal.png	1	6345566	2026-05-12T18:05:33+00:00
art/portraits/expressions/jester_nonbinary_focused.png	1	6712432	2026-05-12T18:05:36+00:00
art/portraits/expressions/jester_nonbinary_neutral.png	1	6388943	2026-05-12T18:05:36+00:00
art/portraits/expressions/locke_combat.png	1	6234128	2026-05-12T18:05:37+00:00
art/portraits/expressions/locke_doctrinal.png	1	6075998	2026-05-12T18:05:37+00:00
art/portraits/expressions/locke_focused.png	1	6103249	2026-05-12T18:05:37+00:00
art/portraits/expressions/locke_neutral.png	1	5915447	2026-05-12T18:05:38+00:00
art/portraits/expressions/martyr_female_combat.png	1	5830464	2026-05-12T18:05:39+00:00
art/portraits/expressions/martyr_female_doctrinal.png	1	5844190	2026-05-12T18:05:39+00:00
art/portraits/expressions/martyr_female_focused.png	1	5949248	2026-05-12T18:05:40+00:00
art/portraits/expressions/martyr_female_neutral.png	1	5610394	2026-05-12T18:05:41+00:00
art/portraits/expressions/martyr_male_combat.png	1	5350614	2026-05-12T18:05:41+00:00
art/portraits/expressions/martyr_male_doctrinal.png	1	5608022	2026-05-12T18:05:42+00:00
art/portraits/expressions/martyr_male_focused.png	1	5156570	2026-05-12T18:05:42+00:00
art/portraits/expressions/martyr_male_neutral.png	1	5393900	2026-05-12T18:05:42+00:00
art/portraits/expressions/oracle_female_combat.png	1	6226794	2026-05-12T18:05:42+00:00
art/portraits/expressions/oracle_female_doctrinal.png	1	5608022	2026-05-12T18:05:43+00:00
art/portraits/expressions/oracle_female_focused.png	1	6115881	2026-05-12T18:05:43+00:00
art/portraits/expressions/oracle_female_neutral.png	1	5930553	2026-05-12T18:05:46+00:00
art/portraits/expressions/oracle_male_combat.png	1	5272825	2026-05-12T18:05:47+00:00
art/portraits/expressions/oracle_male_doctrinal.png	1	4989332	2026-05-12T18:05:48+00:00
art/portraits/expressions/oracle_male_focused.png	1	5148573	2026-05-12T18:05:48+00:00
art/portraits/expressions/oracle_male_neutral.png	1	5514247	2026-05-12T18:05:49+00:00
art/portraits/expressions/prodigal_female_combat.png	1	6608372	2026-05-12T18:05:49+00:00
art/portraits/expressions/prodigal_female_doctrinal.png	1	6142974	2026-05-12T18:05:50+00:00
art/portraits/expressions/prodigal_female_focused.png	1	5649936	2026-05-12T18:05:50+00:00
art/portraits/expressions/prodigal_female_neutral.png	1	5494239	2026-05-12T18:05:51+00:00
art/portraits/expressions/prodigal_male_combat.png	1	5683054	2026-05-12T18:05:51+00:00
art/portraits/expressions/prodigal_male_doctrinal.png	1	5737720	2026-05-12T18:05:52+00:00
art/portraits/expressions/prodigal_male_focused.png	1	5721545	2026-05-12T18:05:52+00:00
art/portraits/expressions/prodigal_male_neutral.png	1	5160383	2026-05-12T18:05:52+00:00
art/portraits/expressions/recruit_akai_shi_expr_corrupted.png	1	5447836	2026-05-12T18:05:53+00:00
art/portraits/expressions/recruit_akai_shi_expr_doctrinal.png	1	6463854	2026-05-12T18:05:53+00:00
art/portraits/expressions/recruit_akai_shi_expr_focused.png	1	5647470	2026-05-12T18:05:53+00:00
art/portraits/expressions/recruit_akai_shi_expr_triumphant.png	1	5804811	2026-05-12T18:05:54+00:00
art/portraits/expressions/recruit_akai_shi_expr_wounded.png	1	5875035	2026-05-12T18:05:56+00:00
art/portraits/expressions/recruit_jericho_jones_expr_corrupted.png	1	6393314	2026-05-12T18:05:56+00:00
art/portraits/expressions/recruit_jericho_jones_expr_doctrinal.png	1	6295244	2026-05-12T18:05:57+00:00
art/portraits/expressions/recruit_jericho_jones_expr_focused.png	1	5645827	2026-05-12T18:05:58+00:00
art/portraits/expressions/recruit_jericho_jones_expr_triumphant.png	1	6799371	2026-05-12T18:05:57+00:00
art/portraits/expressions/recruit_jericho_jones_expr_wounded.png	1	5934785	2026-05-12T18:05:59+00:00
art/portraits/expressions/recruit_locke_expr_corrupted.png	1	5766185	2026-05-12T18:05:59+00:00
art/portraits/expressions/recruit_locke_expr_doctrinal.png	1	6394173	2026-05-12T18:06:00+00:00
art/portraits/expressions/recruit_locke_expr_focused.png	1	5759449	2026-05-12T18:06:01+00:00
art/portraits/expressions/recruit_locke_expr_triumphant.png	1	5843408	2026-05-12T18:06:02+00:00
art/portraits/expressions/recruit_locke_expr_wounded.png	1	6236181	2026-05-12T18:06:02+00:00
art/portraits/expressions/recruit_vex_solene_expr_corrupted.png	1	5156142	2026-05-12T18:06:02+00:00
art/portraits/expressions/recruit_vex_solene_expr_doctrinal.png	1	6821908	2026-05-12T18:06:03+00:00
art/portraits/expressions/recruit_vex_solene_expr_focused.png	1	5539594	2026-05-12T18:06:03+00:00
art/portraits/expressions/recruit_vex_solene_expr_triumphant.png	1	5499917	2026-05-12T18:06:04+00:00
art/portraits/expressions/recruit_vex_solene_expr_wounded.png	1	5899000	2026-05-12T18:06:04+00:00
art/portraits/expressions/recruit_wraith_calder_expr_corrupted.png	1	5202794	2026-05-12T18:06:05+00:00
art/portraits/expressions/recruit_wraith_calder_expr_doctrinal.png	1	6029007	2026-05-12T18:06:05+00:00
art/portraits/expressions/recruit_wraith_calder_expr_focused.png	1	5277797	2026-05-12T18:06:05+00:00
art/portraits/expressions/recruit_wraith_calder_expr_triumphant.png	1	5313255	2026-05-12T18:06:06+00:00
art/portraits/expressions/recruit_wraith_calder_expr_wounded.png	1	5567206	2026-05-12T18:06:08+00:00
art/portraits/expressions/revenant_female_combat.png	1	5836166	2026-05-12T18:06:08+00:00
art/portraits/expressions/revenant_female_doctrinal.png	1	5501123	2026-05-12T18:06:09+00:00
art/portraits/expressions/revenant_female_focused.png	1	5783379	2026-05-12T18:06:09+00:00
art/portraits/expressions/revenant_female_neutral.png	1	5325217	2026-05-12T18:06:10+00:00
art/portraits/expressions/revenant_male_combat.png	1	5795799	2026-05-12T18:06:11+00:00
art/portraits/expressions/revenant_male_doctrinal.png	1	5495866	2026-05-12T18:06:11+00:00
art/portraits/expressions/revenant_male_focused.png	1	5614284	2026-05-12T18:06:11+00:00
art/portraits/expressions/revenant_male_neutral.png	1	5352749	2026-05-12T18:06:11+00:00
art/portraits/expressions/scholar_female_combat.png	1	5604282	2026-05-12T18:06:12+00:00
art/portraits/expressions/scholar_female_doctrinal.png	1	5396310	2026-05-12T18:06:13+00:00
art/portraits/expressions/scholar_female_focused.png	1	4946711	2026-05-12T18:06:14+00:00
art/portraits/expressions/scholar_female_neutral.png	1	5102633	2026-05-12T18:06:14+00:00
art/portraits/expressions/scholar_male_combat.png	1	5438141	2026-05-12T18:06:15+00:00
art/portraits/expressions/scholar_male_doctrinal.png	1	5591322	2026-05-12T18:06:15+00:00
art/portraits/expressions/scholar_male_focused.png	1	5683451	2026-05-12T18:06:16+00:00
art/portraits/expressions/scholar_male_neutral.png	1	5488063	2026-05-12T18:06:16+00:00
art/portraits/expressions/sentinel_female_combat.png	1	5250949	2026-05-12T18:06:17+00:00
art/portraits/expressions/sentinel_female_doctrinal.png	1	5506605	2026-05-12T18:06:17+00:00
art/portraits/expressions/sentinel_female_focused.png	1	5109830	2026-05-12T18:06:18+00:00
art/portraits/expressions/sentinel_female_neutral.png	1	5117567	2026-05-12T18:06:18+00:00
art/portraits/expressions/sentinel_male_combat.png	1	5660899	2026-05-12T18:06:20+00:00
art/portraits/expressions/sentinel_male_doctrinal.png	1	5487099	2026-05-12T18:06:20+00:00
art/portraits/expressions/sentinel_male_focused.png	1	5199130	2026-05-12T18:06:20+00:00
art/portraits/expressions/sentinel_male_neutral.png	1	5183774	2026-05-12T18:06:21+00:00
art/portraits/expressions/vex_solene_combat.png	1	5511529	2026-05-12T18:06:21+00:00
art/portraits/expressions/vex_solene_doctrinal.png	1	5494345	2026-05-12T18:06:21+00:00
art/portraits/expressions/vex_solene_focused.png	1	5448653	2026-05-12T18:06:21+00:00
art/portraits/expressions/vex_solene_neutral.png	1	5323054	2026-05-12T18:06:21+00:00
art/portraits/expressions/wanderer_female_combat.png	1	5500910	2026-05-12T18:06:22+00:00
art/portraits/expressions/wanderer_female_doctrinal.png	1	5755198	2026-05-12T18:06:23+00:00
art/portraits/expressions/wanderer_female_focused.png	1	5247158	2026-05-12T18:06:24+00:00
art/portraits/expressions/wanderer_female_neutral.png	1	5268187	2026-05-12T18:06:24+00:00
art/portraits/expressions/wanderer_male_combat.png	1	6413230	2026-05-12T18:06:26+00:00
art/portraits/expressions/wanderer_male_doctrinal.png	1	5948130	2026-05-12T18:06:26+00:00
art/portraits/expressions/wanderer_male_focused.png	1	6171651	2026-05-12T18:06:27+00:00
art/portraits/expressions/wanderer_male_neutral.png	1	5990572	2026-05-12T18:06:27+00:00
art/portraits/expressions/wraith_calder_combat.png	1	6004723	2026-05-12T18:06:28+00:00
art/portraits/expressions/wraith_calder_doctrinal.png	1	5741219	2026-05-12T18:06:28+00:00
art/portraits/expressions/wraith_calder_focused.png	1	6761374	2026-05-12T18:06:29+00:00
art/portraits/expressions/wraith_calder_neutral.png	1	5955656	2026-05-12T18:06:29+00:00
art/portraits/expressions/zealot_female_combat.png	1	5502686	2026-05-12T18:06:30+00:00
art/portraits/expressions/zealot_female_doctrinal.png	1	5464727	2026-05-12T18:06:31+00:00
art/portraits/expressions/zealot_female_focused.png	1	5676437	2026-05-12T18:06:32+00:00
art/portraits/expressions/zealot_female_neutral.png	1	5588068	2026-05-12T18:06:32+00:00
art/portraits/expressions/zealot_male_combat.png	1	5741322	2026-05-12T18:06:34+00:00
art/portraits/expressions/zealot_male_doctrinal.png	1	5357815	2026-05-12T18:06:34+00:00
art/portraits/expressions/zealot_male_focused.png	1	6053102	2026-05-12T18:06:34+00:00
art/portraits/expressions/zealot_male_neutral.png	1	5716311	2026-05-12T18:06:36+00:00
art/portraits/master_faces/apprentice_artisan_female_master_face.png	1	5773116	2026-05-12T18:06:36+00:00
art/portraits/master_faces/apprentice_artisan_male_master_face.png	1	6207029	2026-05-12T18:06:37+00:00
art/portraits/master_faces/apprentice_ghost_female_master_face.png	1	6261010	2026-05-12T18:06:38+00:00
art/portraits/master_faces/apprentice_ghost_male_master_face.png	1	6180356	2026-05-12T18:06:38+00:00
art/portraits/master_faces/apprentice_heretic_female_master_face.png	1	5641479	2026-05-12T18:06:38+00:00
art/portraits/master_faces/apprentice_heretic_male_master_face.png	1	5664857	2026-05-12T18:06:38+00:00
art/portraits/master_faces/apprentice_jester_female_master_face.png	1	5992968	2026-05-12T18:06:38+00:00
art/portraits/master_faces/apprentice_jester_male_master_face.png	1	6094662	2026-05-12T18:06:39+00:00
art/portraits/master_faces/apprentice_jester_nonbinary_master_face.png	1	6346834	2026-05-12T18:06:41+00:00
art/portraits/master_faces/apprentice_martyr_female_master_face.png	1	5915310	2026-05-12T18:06:42+00:00
art/portraits/master_faces/apprentice_martyr_male_master_face.png	1	5935871	2026-05-12T18:06:42+00:00
art/portraits/master_faces/apprentice_oracle_female_master_face.png	1	5889091	2026-05-12T18:06:42+00:00
art/portraits/master_faces/apprentice_oracle_male_master_face.png	1	6073149	2026-05-12T18:06:42+00:00
art/portraits/master_faces/apprentice_prodigal_female_master_face.png	1	6275739	2026-05-12T18:06:43+00:00
art/portraits/master_faces/apprentice_prodigal_male_master_face.png	1	5994609	2026-05-12T18:06:43+00:00
art/portraits/master_faces/apprentice_revenant_female_master_face.png	1	6062504	2026-05-12T18:06:44+00:00
art/portraits/master_faces/apprentice_revenant_male_master_face.png	1	5770496	2026-05-12T18:06:45+00:00
art/portraits/master_faces/apprentice_scholar_female_master_face.png	1	5439891	2026-05-12T18:06:45+00:00
art/portraits/master_faces/apprentice_scholar_male_master_face.png	1	5842480	2026-05-12T18:06:45+00:00
art/portraits/master_faces/apprentice_sentinel_female_master_face.png	1	5548982	2026-05-12T18:06:46+00:00
art/portraits/master_faces/apprentice_sentinel_male_master_face.png	1	5929970	2026-05-12T18:06:47+00:00
art/portraits/master_faces/apprentice_wanderer_female_master_face.png	1	5859724	2026-05-12T18:06:48+00:00
art/portraits/master_faces/apprentice_wanderer_male_master_face.png	1	6402579	2026-05-12T18:06:48+00:00
art/portraits/master_faces/apprentice_zealot_female_master_face.png	1	6099014	2026-05-12T18:06:49+00:00
art/portraits/master_faces/apprentice_zealot_male_master_face.png	1	6321058	2026-05-12T18:06:49+00:00
art/portraits/master_faces/archon_blood_master_face.png	1	5891422	2026-05-12T18:06:51+00:00
art/portraits/master_faces/archon_bone_master_face.png	1	6429240	2026-05-12T18:06:53+00:00
art/portraits/master_faces/archon_cipher_master_face.png	1	6693577	2026-05-12T18:06:53+00:00
art/portraits/master_faces/archon_dust_master_face.png	1	6904850	2026-05-12T18:06:53+00:00
art/portraits/master_faces/archon_flame_master_face.png	1	5739019	2026-05-12T18:06:53+00:00
art/portraits/master_faces/archon_glass_master_face.png	1	6059696	2026-05-12T18:06:54+00:00
art/portraits/master_faces/archon_iron_master_face.png	1	6048282	2026-05-12T18:06:54+00:00
art/portraits/master_faces/archon_prime_master_face.png	1	7158068	2026-05-12T18:06:54+00:00
art/portraits/master_faces/archon_shadow_master_face.png	1	5343571	2026-05-12T18:06:55+00:00
art/portraits/master_faces/archon_song_master_face.png	1	6460283	2026-05-12T18:06:55+00:00
art/portraits/master_faces/archon_storm_master_face.png	1	6724165	2026-05-12T18:06:57+00:00
art/portraits/master_faces/archon_thread_master_face.png	1	6508341	2026-05-12T18:06:57+00:00
art/portraits/master_faces/archon_tide_master_face.png	1	6429019	2026-05-12T18:06:57+00:00
art/portraits/master_faces/archon_vine_master_face.png	1	6116542	2026-05-12T18:06:58+00:00
art/portraits/master_faces/archon_void_master_face.png	1	5884184	2026-05-12T18:06:59+00:00
art/portraits/master_faces/elara.png	1	5282712	2026-05-20T03:40:41+00:00
art/portraits/master_faces/mechronis_auditor_master_face.png	1	5909434	2026-05-12T18:06:59+00:00
art/portraits/master_faces/quartermaster_master_face.png	1	6230849	2026-05-12T18:06:59+00:00
art/portraits/master_faces/recruit_akai_shi_master_face.png	1	5840407	2026-05-12T18:06:59+00:00
art/portraits/master_faces/recruit_jericho_jones_master_face.png	1	6250449	2026-05-12T18:07:01+00:00
art/portraits/master_faces/recruit_locke_master_face.png	1	6921942	2026-05-12T18:07:02+00:00
art/portraits/master_faces/recruit_vex_solene_master_face.png	1	5590496	2026-05-12T18:07:03+00:00
art/portraits/master_faces/recruit_wraith_calder_master_face.png	1	5771171	2026-05-12T18:07:03+00:00
art/portraits/master_faces/warden_veil7_master_face.png	1	6163898	2026-05-12T18:07:04+00:00
art/portraits/npc_dialog_headshots/archon_blood_dialog_headshot.png	1	5304862	2026-05-12T18:07:05+00:00
art/portraits/npc_dialog_headshots/archon_bone_dialog_headshot.png	1	6228081	2026-05-12T18:07:05+00:00
art/portraits/npc_dialog_headshots/archon_cipher_dialog_headshot.png	1	5894720	2026-05-12T18:07:06+00:00
art/portraits/npc_dialog_headshots/archon_dust_dialog_headshot.png	1	6502573	2026-05-12T18:07:06+00:00
art/portraits/npc_dialog_headshots/archon_flame_dialog_headshot.png	1	5847246	2026-05-12T18:07:07+00:00
art/portraits/npc_dialog_headshots/archon_glass_dialog_headshot.png	1	5774773	2026-05-12T18:07:09+00:00
art/portraits/npc_dialog_headshots/archon_iron_dialog_headshot.png	1	6042142	2026-05-12T18:07:09+00:00
art/portraits/npc_dialog_headshots/archon_prime_dialog_headshot.png	1	7000743	2026-05-12T18:07:10+00:00
art/portraits/npc_dialog_headshots/archon_shadow_dialog_headshot.png	1	4265888	2026-05-12T18:07:11+00:00
art/portraits/npc_dialog_headshots/archon_song_dialog_headshot.png	1	5685521	2026-05-12T18:07:11+00:00
art/portraits/npc_dialog_headshots/archon_storm_dialog_headshot.png	1	6865637	2026-05-12T18:07:11+00:00
art/portraits/npc_dialog_headshots/archon_thread_dialog_headshot.png	1	6642963	2026-05-12T18:07:12+00:00
art/portraits/npc_dialog_headshots/archon_tide_dialog_headshot.png	1	5772926	2026-05-12T18:07:12+00:00
art/portraits/npc_dialog_headshots/archon_vine_dialog_headshot.png	1	5566916	2026-05-12T18:07:12+00:00
art/portraits/npc_dialog_headshots/archon_void_dialog_headshot.png	1	4584431	2026-05-12T18:07:13+00:00
art/portraits/npc_dialog_headshots/mechronis_auditor_dialog_headshot.png	1	4746206	2026-05-12T18:07:13+00:00
art/portraits/npc_dialog_headshots/quartermaster_dialog_headshot.png	1	5954403	2026-05-12T18:07:14+00:00
art/portraits/npc_dialog_headshots/warden_veil7_dialog_headshot.png	1	4901158	2026-05-12T18:07:14+00:00
art/portraits/npc_expressions/mechronis_auditor_expression_mercy.png	1	4919144	2026-05-12T18:07:14+00:00
art/portraits/npc_expressions/mechronis_auditor_expression_neutral.png	1	4467703	2026-05-12T18:07:14+00:00
art/portraits/npc_expressions/mechronis_auditor_expression_processing.png	1	4681126	2026-05-12T18:07:15+00:00
art/portraits/npc_expressions/mechronis_auditor_expression_suspicious.png	1	4335006	2026-05-12T18:07:16+00:00
art/portraits/npc_expressions/mechronis_auditor_expression_verdict.png	1	4852232	2026-05-12T18:07:17+00:00
art/portraits/npc_expressions/quartermaster_expression_disapproving.png	1	5398057	2026-05-12T18:07:18+00:00
art/portraits/npc_expressions/quartermaster_expression_haggling.png	1	5765119	2026-05-12T18:07:19+00:00
art/portraits/npc_expressions/quartermaster_expression_neutral.png	1	5744973	2026-05-12T18:07:19+00:00
art/portraits/npc_expressions/quartermaster_expression_pleased.png	1	5729072	2026-05-12T18:07:20+00:00
art/portraits/npc_expressions/warden_veil7_expression_alert.png	1	4598084	2026-05-12T18:07:21+00:00
art/portraits/npc_expressions/warden_veil7_expression_curious.png	1	4636937	2026-05-12T18:07:21+00:00
art/portraits/npc_expressions/warden_veil7_expression_lockdown.png	1	5179751	2026-05-12T18:07:22+00:00
art/portraits/npc_expressions/warden_veil7_expression_neutral.png	1	5071072	2026-05-12T18:07:22+00:00
art/portraits/npc_expressions/warden_veil7_expression_scanning.png	1	4856326	2026-05-12T18:07:23+00:00
art/portraits/npc_profile_heroes/archon_blood_profile_hero.png	1	5390378	2026-05-12T18:07:23+00:00
art/portraits/npc_profile_heroes/archon_bone_profile_hero.png	1	5859270	2026-05-12T18:07:23+00:00
art/portraits/npc_profile_heroes/archon_cipher_profile_hero.png	1	6685592	2026-05-12T18:07:23+00:00
art/portraits/npc_profile_heroes/archon_dust_profile_hero.png	1	6273906	2026-05-12T18:07:23+00:00
art/portraits/npc_profile_heroes/archon_flame_profile_hero.png	1	6929698	2026-05-12T18:07:24+00:00
art/portraits/npc_profile_heroes/archon_glass_profile_hero.png	1	7240752	2026-05-12T18:07:24+00:00
art/portraits/npc_profile_heroes/archon_iron_profile_hero.png	1	6239171	2026-05-12T18:07:24+00:00
art/portraits/npc_profile_heroes/archon_prime_profile_hero.png	1	6876918	2026-05-12T18:07:24+00:00
art/portraits/npc_profile_heroes/archon_shadow_profile_hero.png	1	4839661	2026-05-12T18:07:25+00:00
art/portraits/npc_profile_heroes/archon_song_profile_hero.png	1	5535557	2026-05-12T18:07:26+00:00
art/portraits/npc_profile_heroes/archon_storm_profile_hero.png	1	6806192	2026-05-12T18:07:27+00:00
art/portraits/npc_profile_heroes/archon_thread_profile_hero.png	1	6983027	2026-05-12T18:07:28+00:00
art/portraits/npc_profile_heroes/archon_tide_profile_hero.png	1	6598225	2026-05-12T18:07:29+00:00
art/portraits/npc_profile_heroes/archon_vine_profile_hero.png	1	6777871	2026-05-12T18:07:30+00:00
art/portraits/npc_profile_heroes/archon_void_profile_hero.png	1	6604452	2026-05-12T18:07:30+00:00
art/portraits/npc_profile_heroes/mechronis_auditor_profile_hero.png	1	5931708	2026-05-12T18:07:32+00:00
art/portraits/npc_profile_heroes/quartermaster_profile_hero.png	1	6416641	2026-05-12T18:07:32+00:00
art/portraits/npc_profile_heroes/warden_veil7_profile_hero.png	1	5194573	2026-05-12T18:07:33+00:00
art/portraits/profile_heroes/apprentice_artisan_female_profile_hero.png	1	5927297	2026-05-12T18:07:33+00:00
art/portraits/profile_heroes/apprentice_artisan_male_profile_hero.png	1	5802020	2026-05-12T18:07:33+00:00
art/portraits/profile_heroes/apprentice_ghost_female_profile_hero.png	1	5677008	2026-05-12T18:07:33+00:00
art/portraits/profile_heroes/apprentice_ghost_male_profile_hero.png	1	6180182	2026-05-12T18:07:34+00:00
art/portraits/profile_heroes/apprentice_heretic_female_profile_hero.png	1	5541624	2026-05-12T18:07:34+00:00
art/portraits/profile_heroes/apprentice_heretic_male_profile_hero.png	1	5663069	2026-05-12T18:07:36+00:00
art/portraits/profile_heroes/apprentice_jester_female_profile_hero.png	1	5754007	2026-05-12T18:07:36+00:00
art/portraits/profile_heroes/apprentice_jester_male_profile_hero.png	1	6083701	2026-05-12T18:07:36+00:00
art/portraits/profile_heroes/apprentice_jester_nonbinary_profile_hero.png	1	6350099	2026-05-12T18:07:37+00:00
art/portraits/profile_heroes/apprentice_martyr_female_profile_hero.png	1	5962222	2026-05-12T18:07:37+00:00
art/portraits/profile_heroes/apprentice_martyr_male_profile_hero.png	1	6347476	2026-05-12T18:07:38+00:00
art/portraits/profile_heroes/apprentice_oracle_female_profile_hero.png	1	6269154	2026-05-12T18:07:39+00:00
art/portraits/profile_heroes/apprentice_oracle_male_profile_hero.png	1	5778507	2026-05-12T18:07:39+00:00
art/portraits/profile_heroes/apprentice_prodigal_female_profile_hero.png	1	5729232	2026-05-12T18:07:39+00:00
art/portraits/profile_heroes/apprentice_prodigal_male_profile_hero.png	1	5905012	2026-05-12T18:07:41+00:00
art/portraits/profile_heroes/apprentice_revenant_female_profile_hero.png	1	5546417	2026-05-12T18:07:41+00:00
art/portraits/profile_heroes/apprentice_revenant_male_profile_hero.png	1	6095625	2026-05-12T18:07:42+00:00
art/portraits/profile_heroes/apprentice_scholar_female_profile_hero.png	1	5892096	2026-05-12T18:07:42+00:00
art/portraits/profile_heroes/apprentice_scholar_male_profile_hero.png	1	5484045	2026-05-12T18:07:43+00:00
art/portraits/profile_heroes/apprentice_sentinel_female_profile_hero.png	1	5652613	2026-05-12T18:07:43+00:00
art/portraits/profile_heroes/apprentice_sentinel_male_profile_hero.png	1	5726196	2026-05-12T18:07:43+00:00
art/portraits/profile_heroes/apprentice_wanderer_female_profile_hero.png	1	6097622	2026-05-12T18:07:44+00:00
art/portraits/profile_heroes/apprentice_wanderer_male_profile_hero.png	1	6558139	2026-05-12T18:07:45+00:00
art/portraits/profile_heroes/apprentice_zealot_female_profile_hero.png	1	6097332	2026-05-12T18:07:45+00:00
art/portraits/profile_heroes/apprentice_zealot_male_profile_hero.png	1	6091263	2026-05-12T18:07:45+00:00
art/portraits/profile_heroes/recruit_akai_shi_profile_hero.png	1	5927057	2026-05-12T18:07:45+00:00
art/portraits/profile_heroes/recruit_jericho_jones_profile_hero.png	1	6438343	2026-05-12T18:07:47+00:00
art/portraits/profile_heroes/recruit_locke_profile_hero.png	1	6223759	2026-05-12T18:07:49+00:00
art/portraits/profile_heroes/recruit_vex_solene_profile_hero.png	1	6509543	2026-05-12T18:07:49+00:00
art/portraits/profile_heroes/recruit_wraith_calder_profile_hero.png	1	5483158	2026-05-12T18:07:49+00:00
art/portraits/silhouettes/apprentice_artisan_female_silhouette.png	1	3486732	2026-05-12T18:07:50+00:00
art/portraits/silhouettes/apprentice_artisan_male_silhouette.png	1	4272694	2026-05-12T18:07:51+00:00
art/portraits/silhouettes/apprentice_ghost_female_silhouette.png	1	3192102	2026-05-12T18:07:52+00:00
art/portraits/silhouettes/apprentice_ghost_male_silhouette.png	1	2932234	2026-05-12T18:07:52+00:00
art/portraits/silhouettes/apprentice_heretic_female_silhouette.png	1	4097969	2026-05-12T18:07:53+00:00
art/portraits/silhouettes/apprentice_heretic_male_silhouette.png	1	2969894	2026-05-12T18:07:53+00:00
art/portraits/silhouettes/apprentice_jester_female_silhouette.png	1	3776978	2026-05-12T18:07:54+00:00
art/portraits/silhouettes/apprentice_jester_male_silhouette.png	1	3755467	2026-05-12T18:07:54+00:00
art/portraits/silhouettes/apprentice_jester_nonbinary_silhouette.png	1	3997614	2026-05-12T18:07:54+00:00
art/portraits/silhouettes/apprentice_martyr_female_silhouette.png	1	2864767	2026-05-12T18:07:55+00:00
art/portraits/silhouettes/apprentice_martyr_male_silhouette.png	1	3694713	2026-05-12T18:07:55+00:00
art/portraits/silhouettes/apprentice_oracle_female_silhouette.png	1	3994543	2026-05-12T18:07:56+00:00
art/portraits/silhouettes/apprentice_oracle_male_silhouette.png	1	3702543	2026-05-12T18:07:56+00:00
art/portraits/silhouettes/apprentice_prodigal_female_silhouette.png	1	3331311	2026-05-12T18:07:56+00:00
art/portraits/silhouettes/apprentice_prodigal_male_silhouette.png	1	3660034	2026-05-12T18:07:56+00:00
art/portraits/silhouettes/apprentice_revenant_female_silhouette.png	1	3099882	2026-05-12T18:07:56+00:00
art/portraits/silhouettes/apprentice_revenant_male_silhouette.png	1	4000666	2026-05-12T18:07:56+00:00
art/portraits/silhouettes/apprentice_scholar_female_silhouette.png	1	3794653	2026-05-12T18:07:57+00:00
art/portraits/silhouettes/apprentice_scholar_male_silhouette.png	1	3627222	2026-05-12T18:07:57+00:00
art/portraits/silhouettes/apprentice_sentinel_female_silhouette.png	1	2867067	2026-05-12T18:07:57+00:00
art/portraits/silhouettes/apprentice_sentinel_male_silhouette.png	1	3912790	2026-05-12T18:07:58+00:00
art/portraits/silhouettes/apprentice_wanderer_female_silhouette.png	1	3881409	2026-05-12T18:07:58+00:00
art/portraits/silhouettes/apprentice_wanderer_male_silhouette.png	1	3744366	2026-05-12T18:07:59+00:00
art/portraits/silhouettes/apprentice_zealot_female_silhouette.png	1	3574624	2026-05-12T18:07:59+00:00
art/portraits/silhouettes/apprentice_zealot_male_silhouette.png	1	3683398	2026-05-12T18:07:59+00:00
art/portraits/silhouettes/recruit_akai_shi_silhouette.png	1	3259993	2026-05-12T18:08:00+00:00
art/portraits/silhouettes/recruit_jericho_jones_silhouette.png	1	4156559	2026-05-12T18:08:00+00:00
art/portraits/silhouettes/recruit_locke_silhouette.png	1	3959929	2026-05-12T18:08:01+00:00
art/portraits/silhouettes/recruit_vex_solene_silhouette.png	1	3978140	2026-05-12T18:08:01+00:00
art/portraits/silhouettes/recruit_wraith_calder_silhouette.png	1	3749277	2026-05-12T18:08:02+00:00
art/portraits/style_previews/zealot_female_3d_rendered.png	1	6282423	2026-05-12T18:08:02+00:00
art/portraits/style_previews/zealot_female_anime_hybrid.png	1	5904951	2026-05-12T18:08:03+00:00
art/portraits/style_previews/zealot_female_stylized_painterly.png	1	6174309	2026-05-12T18:08:03+00:00
art/portraits/thumbnails/apprentice_artisan_female_thumbnail.png	1	102659	2026-05-12T18:08:03+00:00
art/portraits/thumbnails/apprentice_artisan_male_thumbnail.png	1	99471	2026-05-12T18:08:03+00:00
art/portraits/thumbnails/apprentice_ghost_female_thumbnail.png	1	111560	2026-05-12T18:08:03+00:00
art/portraits/thumbnails/apprentice_ghost_male_thumbnail.png	1	106716	2026-05-12T18:08:04+00:00
art/portraits/thumbnails/apprentice_heretic_female_thumbnail.png	1	99372	2026-05-12T18:08:04+00:00
art/portraits/thumbnails/apprentice_heretic_male_thumbnail.png	1	97778	2026-05-12T18:08:04+00:00
art/portraits/thumbnails/apprentice_jester_female_thumbnail.png	1	117511	2026-05-12T18:08:04+00:00
art/portraits/thumbnails/apprentice_jester_male_thumbnail.png	1	115421	2026-05-12T18:08:04+00:00
art/portraits/thumbnails/apprentice_jester_nonbinary_thumbnail.png	1	126357	2026-05-12T18:08:04+00:00
art/portraits/thumbnails/apprentice_martyr_female_thumbnail.png	1	104818	2026-05-12T18:08:04+00:00
art/portraits/thumbnails/apprentice_martyr_male_thumbnail.png	1	106258	2026-05-12T18:08:04+00:00
art/portraits/thumbnails/apprentice_oracle_female_thumbnail.png	1	97493	2026-05-12T18:08:04+00:00
art/portraits/thumbnails/apprentice_oracle_male_thumbnail.png	1	100328	2026-05-12T18:08:04+00:00
art/portraits/thumbnails/apprentice_prodigal_female_thumbnail.png	1	104502	2026-05-12T18:08:04+00:00
art/portraits/thumbnails/apprentice_prodigal_male_thumbnail.png	1	104214	2026-05-12T18:08:04+00:00
art/portraits/thumbnails/apprentice_revenant_female_thumbnail.png	1	100298	2026-05-12T18:08:04+00:00
art/portraits/thumbnails/apprentice_revenant_male_thumbnail.png	1	101778	2026-05-12T18:08:04+00:00
art/portraits/thumbnails/apprentice_scholar_female_thumbnail.png	1	101153	2026-05-12T18:08:04+00:00
art/portraits/thumbnails/apprentice_scholar_male_thumbnail.png	1	100965	2026-05-12T18:08:04+00:00
art/portraits/thumbnails/apprentice_sentinel_female_thumbnail.png	1	101965	2026-05-12T18:08:04+00:00
art/portraits/thumbnails/apprentice_sentinel_male_thumbnail.png	1	106630	2026-05-12T18:08:04+00:00
art/portraits/thumbnails/apprentice_wanderer_female_thumbnail.png	1	103461	2026-05-12T18:08:04+00:00
art/portraits/thumbnails/apprentice_wanderer_male_thumbnail.png	1	116572	2026-05-12T18:08:04+00:00
art/portraits/thumbnails/apprentice_zealot_female_thumbnail.png	1	104784	2026-05-12T18:08:04+00:00
art/portraits/thumbnails/apprentice_zealot_male_thumbnail.png	1	106337	2026-05-12T18:08:04+00:00
art/portraits/thumbnails/recruit_akai_shi_thumbnail.png	1	99984	2026-05-12T18:08:04+00:00
art/portraits/thumbnails/recruit_jericho_jones_thumbnail.png	1	110516	2026-05-12T18:08:05+00:00
art/portraits/thumbnails/recruit_locke_thumbnail.png	1	98602	2026-05-12T18:08:05+00:00
art/portraits/thumbnails/recruit_vex_solene_thumbnail.png	1	104131	2026-05-12T18:08:05+00:00
art/portraits/thumbnails/recruit_wraith_calder_thumbnail.png	1	106730	2026-05-12T18:08:05+00:00
art/prelude/last-words-tease/slide-3.webp	1	560006	2026-04-22T04:30:52+00:00
art/roadmap/faction-architect-seal.png	1	8709030	2026-04-22T04:30:58+00:00
art/roadmap/faction-warlord-crest.png	1	8173251	2026-04-22T04:30:58+00:00
art/roadmap/season-echoes-of-the-architect.jpg	1	7889892	2026-04-22T04:30:58+00:00
art/roadmap/season-warlords-return.jpg	1	6734921	2026-04-22T04:30:58+00:00
art/room_overlays/archives_rewriting.png	1	5289481	2026-05-12T18:08:05+00:00
art/room_overlays/bridge_bloodstain.png	1	4609058	2026-05-12T18:08:05+00:00
art/room_overlays/bridge_violet_thread.png	1	6118255	2026-05-12T18:08:05+00:00
art/room_overlays/cabin_whisper.png	1	832562	2026-05-12T18:08:05+00:00
art/room_overlays/engineering_resonance.png	1	5572782	2026-05-12T18:08:05+00:00
art/room_overlays/medbay_safe_unlocked.png	1	4872572	2026-05-12T18:08:05+00:00
art/room_overlays/obs_deck_terminus_signal.png	1	5972663	2026-05-12T18:08:05+00:00
art/rooms/antiquarians_library/baseline.png	1	5761936	2026-05-12T00:00:51+00:00
art/rooms/antiquarians_library/state_battlepass_winter.png	1	6336713	2026-05-12T00:00:51+00:00
art/rooms/antiquarians_library/state_cycle_longnight.png	1	5509556	2026-05-12T00:00:51+00:00
art/rooms/antiquarians_library/state_epoch_shadowtongue.png	1	5602278	2026-05-12T00:00:51+00:00
art/rooms/antiquarians_library/state_governance_lore_unlock.png	1	6175819	2026-05-12T00:00:51+00:00
art/rooms/antiquarians_library/state_investigation_tier.png	1	5727004	2026-05-12T00:00:51+00:00
art/rooms/antiquarians_library/state_lore_hierophant_complete.png	1	5517673	2026-05-12T00:00:51+00:00
art/rooms/antiquarians_library/state_lore_recipe_archive.png	1	5538083	2026-05-12T00:00:51+00:00
art/rooms/antiquarians_library/state_lore_tome_discovered.png	1	5523670	2026-05-12T00:00:51+00:00
art/rooms/antiquarians_library/state_morality_dark.png	1	5574214	2026-05-12T00:00:51+00:00
art/rooms/antiquarians_library/state_reveal_daniel_cross.png	1	5542985	2026-05-12T00:00:51+00:00
art/rooms/antiquarians_library/state_season_closing.png	1	5830775	2026-05-12T00:00:51+00:00
art/rooms/antiquarians_library/state_unlock_conexus.png	1	5485477	2026-05-12T00:00:51+00:00
art/rooms/antiquarians_library/state_unlock_vault.png	1	5641592	2026-05-12T00:00:51+00:00
art/rooms/apprentice_berth/baseline.png	1	6749837	2026-05-12T00:00:51+00:00
art/rooms/apprentice_berth/state_act_tier2.png	1	6398111	2026-05-12T00:00:51+00:00
art/rooms/apprentice_berth/state_act_tier5.png	1	6268247	2026-05-12T00:00:58+00:00
art/rooms/apprentice_berth/state_act_tier7.png	1	6555074	2026-05-12T00:01:00+00:00
art/rooms/apprentice_berth/state_faction_insurgency.png	1	6373460	2026-05-12T00:01:00+00:00
art/rooms/apprentice_berth/state_irl_winter.png	1	7365384	2026-05-12T00:01:03+00:00
art/rooms/apprentice_berth/state_morality_dark.png	1	6372518	2026-05-12T00:01:06+00:00
art/rooms/apprentice_berth/state_season_interregnum.png	1	6575005	2026-05-12T00:01:16+00:00
art/rooms/apprentice_berth/state_tv_corrupted.png	1	6744126	2026-05-12T00:01:18+00:00
art/rooms/apprentice_cellblock/baseline.png	1	6889336	2026-05-12T05:25:25+00:00
art/rooms/apprentice_hall/baseline.png	2	6745322	2026-05-12T05:25:25+00:00
art/rooms/archives/baseline.png	1	6350584	2026-05-12T00:01:21+00:00
art/rooms/archives/state_act_tier_2.png	1	6044298	2026-05-12T00:01:22+00:00
art/rooms/archives/state_battlepass_winter.png	1	6301580	2026-05-12T00:01:31+00:00
art/rooms/archives/state_companion_trust.png	1	6016180	2026-05-12T00:01:32+00:00
art/rooms/archives/state_cycle_longnight.png	1	5997916	2026-05-12T00:01:32+00:00
art/rooms/archives/state_epoch_shadowtongue.png	1	6288558	2026-05-12T00:01:34+00:00
art/rooms/archives/state_faction_antiquarian.png	1	5996452	2026-05-12T00:01:40+00:00
art/rooms/archives/state_governance_lore_unlock.png	1	6153331	2026-05-12T00:01:42+00:00
art/rooms/archives/state_investigation_tier.png	1	6068923	2026-05-12T00:01:42+00:00
art/rooms/archives/state_lore_shadowtongue.png	1	6023697	2026-05-12T00:01:42+00:00
art/rooms/archives/state_morality_dark.png	1	5875318	2026-05-12T00:01:44+00:00
art/rooms/archives/state_season_closing.png	1	6010624	2026-05-12T00:01:45+00:00
art/rooms/archives/state_trust_shelfmate.png	1	5932066	2026-05-12T00:01:50+00:00
art/rooms/archives/state_tv_spreading.png	1	6065445	2026-05-12T00:01:50+00:00
art/rooms/archives/state_unlock_loredex.png	1	6029282	2026-05-12T00:01:50+00:00
art/rooms/armory/baseline.png	1	5892261	2026-05-12T00:01:50+00:00
art/rooms/armory/state_act_tier_3.png	1	5747587	2026-05-12T00:01:50+00:00
art/rooms/armory/state_act_tier_5.png	1	5653657	2026-05-12T00:01:50+00:00
art/rooms/armory/state_battlepass_winter.png	1	6748084	2026-05-12T00:01:52+00:00
art/rooms/armory/state_cycle_longnight.png	1	5528490	2026-05-12T00:01:54+00:00
art/rooms/armory/state_epoch_shadowtongue.png	1	5669548	2026-05-12T00:01:56+00:00
art/rooms/armory/state_faction_authority.png	1	5666697	2026-05-12T00:02:01+00:00
art/rooms/armory/state_faction_insurgency.png	1	5615065	2026-05-12T00:02:03+00:00
art/rooms/armory/state_governance_quarantine.png	1	5953684	2026-05-12T00:02:05+00:00
art/rooms/armory/state_investigation_tier.png	1	5817746	2026-05-12T00:02:06+00:00
art/rooms/armory/state_morality_dark.png	1	5689390	2026-05-12T00:02:11+00:00
art/rooms/armory/state_trust_jericho.png	1	5674991	2026-05-12T00:02:12+00:00
art/rooms/armory/state_tv_spreading.png	1	5862109	2026-05-12T00:02:12+00:00
art/rooms/armory/state_unlock_combat.png	1	5668849	2026-05-12T00:02:14+00:00
art/rooms/atrium_lower/baseline.png	1	6477116	2026-05-12T05:26:16+00:00
art/rooms/atrium_main/baseline.png	1	7205183	2026-05-12T05:26:16+00:00
art/rooms/atrium_upper/baseline.png	1	6306473	2026-05-12T05:26:16+00:00
art/rooms/auction_house/baseline.png	1	6207387	2026-05-12T00:02:14+00:00
art/rooms/auction_house/state_battlepass_winter.png	1	6540197	2026-05-12T00:02:16+00:00
art/rooms/auction_house/state_cycle_longnight.png	1	5791763	2026-05-12T00:02:21+00:00
art/rooms/auction_house/state_epoch_shadowtongue.png	1	5809746	2026-05-12T00:02:21+00:00
art/rooms/auction_house/state_faction_authority.png	1	5702819	2026-05-12T00:02:22+00:00
art/rooms/auction_house/state_governance_event.png	1	5671510	2026-05-12T00:02:27+00:00
art/rooms/auction_house/state_investigation_tier.png	1	5965066	2026-05-12T00:02:27+00:00
art/rooms/auction_house/state_morality_dark.png	1	5774690	2026-05-12T00:02:30+00:00
art/rooms/auction_house/state_tv_spreading.png	1	6303604	2026-05-12T00:02:30+00:00
art/rooms/audit_chamber/baseline.png	1	5664147	2026-05-12T05:25:26+00:00
art/rooms/berths/artisan/baseline.png	1	6614123	2026-05-12T05:26:16+00:00
art/rooms/berths/ghost/baseline.png	1	5820400	2026-05-12T05:26:16+00:00
art/rooms/berths/heretic/baseline.png	1	6295104	2026-05-12T05:26:16+00:00
art/rooms/berths/jester/baseline.png	1	6605410	2026-05-12T05:26:16+00:00
art/rooms/berths/martyr/baseline.png	1	6005837	2026-05-12T05:26:16+00:00
art/rooms/berths/oracle/baseline.png	1	6102745	2026-05-12T05:26:16+00:00
art/rooms/berths/prodigal/baseline.png	1	6515114	2026-05-12T05:26:16+00:00
art/rooms/berths/revenant/baseline.png	1	6269578	2026-05-12T05:26:16+00:00
art/rooms/berths/scholar/baseline.png	1	6595298	2026-05-12T05:26:16+00:00
art/rooms/berths/sentinel/baseline.png	1	6666758	2026-05-12T05:26:16+00:00
art/rooms/berths/wanderer/baseline.png	1	6043968	2026-05-12T05:26:16+00:00
art/rooms/berths/zealot/baseline.png	1	6338093	2026-05-12T05:26:16+00:00
art/rooms/blood_weave_atrium/baseline.png	1	5475989	2026-05-12T05:25:26+00:00
art/rooms/bridge/baseline.png	1	6502406	2026-05-12T00:02:31+00:00
art/rooms/bridge/state_act_tier_2.png	1	6276364	2026-05-12T00:02:35+00:00
art/rooms/bridge/state_battlepass_winter.png	1	6504687	2026-05-12T00:02:36+00:00
art/rooms/bridge/state_cycle_longnight.png	1	6171769	2026-05-12T00:02:37+00:00
art/rooms/bridge/state_epoch_shadowtongue.png	1	6180316	2026-05-12T00:02:37+00:00
art/rooms/bridge/state_faction_authority.png	1	6370610	2026-05-12T00:02:40+00:00
art/rooms/bridge/state_faction_insurgency.png	1	6297048	2026-05-12T00:02:45+00:00
art/rooms/bridge/state_governance_vote.png	1	6302994	2026-05-12T00:02:45+00:00
art/rooms/bridge/state_investigation_tier.png	1	6109411	2026-05-12T00:02:47+00:00
art/rooms/bridge/state_lore_elara_senator.png	1	5948654	2026-05-12T00:02:47+00:00
art/rooms/bridge/state_morality_dark.png	1	6276691	2026-05-12T00:02:47+00:00
art/rooms/bridge/state_season_closing.png	1	6221172	2026-05-12T00:02:50+00:00
art/rooms/bridge/state_trust_elara_luminous.png	1	6452027	2026-05-12T00:02:53+00:00
art/rooms/bridge/state_tv_spreading.png	1	6394593	2026-05-12T00:02:55+00:00
art/rooms/bridge/state_unlock_trade_empire.png	1	6385750	2026-05-12T00:02:55+00:00
art/rooms/cades_console/baseline.png	1	6417260	2026-05-12T00:02:56+00:00
art/rooms/cades_console/state_act_tier2.png	1	6203569	2026-05-12T00:02:57+00:00
art/rooms/cades_console/state_act_tier5.png	1	6646341	2026-05-12T00:02:58+00:00
art/rooms/cades_console/state_act_tier7.png	1	6062691	2026-05-12T00:03:05+00:00
art/rooms/cades_console/state_faction_authority.png	1	6148087	2026-05-12T00:03:05+00:00
art/rooms/cades_console/state_irl_winter.png	1	6719230	2026-05-12T00:03:06+00:00
art/rooms/cades_console/state_morality_dark.png	1	5897676	2026-05-12T00:03:07+00:00
art/rooms/cades_console/state_season_interregnum.png	1	5803796	2026-05-12T00:03:11+00:00
art/rooms/cades_console/state_tv_corrupted.png	1	6405049	2026-05-12T00:03:11+00:00
art/rooms/captains_quarters/baseline.png	1	5850456	2026-05-12T00:03:13+00:00
art/rooms/captains_quarters/state_act_tier_1.png	1	5601089	2026-05-12T00:03:13+00:00
art/rooms/captains_quarters/state_act_tier_3.png	1	5598373	2026-05-12T00:03:17+00:00
art/rooms/captains_quarters/state_act_tier_5.png	1	6111165	2026-05-12T00:03:18+00:00
art/rooms/captains_quarters/state_battlepass_winter.png	1	6161779	2026-05-12T00:03:18+00:00
art/rooms/captains_quarters/state_cycle_longnight.png	1	5512002	2026-05-12T00:03:20+00:00
art/rooms/captains_quarters/state_epoch_shadowtongue.png	1	5559069	2026-05-12T00:03:21+00:00
art/rooms/captains_quarters/state_governance_vote.png	1	5542318	2026-05-12T00:03:21+00:00
art/rooms/captains_quarters/state_investigation_tier.png	1	5507845	2026-05-12T00:03:22+00:00
art/rooms/captains_quarters/state_lore_captain_kael.png	1	5539500	2026-05-12T00:03:23+00:00
art/rooms/captains_quarters/state_morality_dark.png	1	5169520	2026-05-12T00:03:25+00:00
art/rooms/captains_quarters/state_trust_dmc_wary.png	1	5503132	2026-05-12T00:03:25+00:00
art/rooms/captains_quarters/state_tv_spreading.png	1	5796135	2026-05-12T00:03:28+00:00
art/rooms/captains_quarters/state_unlock_companion_hub.png	1	5558304	2026-05-12T00:03:28+00:00
art/rooms/cargo_hold/baseline.png	1	5897409	2026-05-12T00:03:29+00:00
art/rooms/cargo_hold/state_act_tier_2.png	1	5881639	2026-05-12T00:03:30+00:00
art/rooms/cargo_hold/state_act_tier_4.png	1	5886358	2026-05-12T00:03:30+00:00
art/rooms/cargo_hold/state_battlepass_winter.png	1	6350658	2026-05-12T00:03:31+00:00
art/rooms/cargo_hold/state_cycle_longnight.png	1	5804279	2026-05-12T00:03:31+00:00
art/rooms/cargo_hold/state_epoch_shadowtongue.png	1	6005568	2026-05-12T00:03:33+00:00
art/rooms/cargo_hold/state_faction_authority.png	1	5957683	2026-05-12T00:03:34+00:00
art/rooms/cargo_hold/state_governance_trade.png	1	5855797	2026-05-12T00:03:34+00:00
art/rooms/cargo_hold/state_investigation_tier.png	1	5978382	2026-05-12T00:03:37+00:00
art/rooms/cargo_hold/state_morality_dark.png	1	5833715	2026-05-12T00:03:43+00:00
art/rooms/cargo_hold/state_season_interregnum.png	1	5384263	2026-05-12T00:03:45+00:00
art/rooms/cargo_hold/state_tv_corrupted.png	1	6068139	2026-05-12T00:03:48+00:00
art/rooms/cargo_hold/state_tv_spreading.png	1	6101947	2026-05-12T00:03:49+00:00
art/rooms/cargo_hold/state_unlock_cosmetic.png	1	5849554	2026-05-12T00:03:51+00:00
art/rooms/casino_floor/baseline.png	1	6910999	2026-05-12T00:03:54+00:00
art/rooms/casino_floor/state_act_tier2.png	1	6443920	2026-05-12T00:03:56+00:00
art/rooms/casino_floor/state_act_tier5.png	1	6526172	2026-05-12T00:03:57+00:00
art/rooms/casino_floor/state_act_tier7.png	1	6142415	2026-05-12T00:03:57+00:00
art/rooms/casino_floor/state_faction_insurgency.png	1	6384505	2026-05-12T00:03:59+00:00
art/rooms/casino_floor/state_irl_winter.png	1	7070223	2026-05-12T00:04:00+00:00
art/rooms/casino_floor/state_morality_dark.png	1	6233954	2026-05-12T00:04:04+00:00
art/rooms/casino_floor/state_season_interregnum.png	1	6302625	2026-05-12T00:04:05+00:00
art/rooms/casino_floor/state_tv_corrupted.png	1	6563156	2026-05-12T00:04:07+00:00
art/rooms/chaos_forge/baseline.png	1	5638480	2026-05-12T00:04:07+00:00
art/rooms/chaos_forge/state_battlepass_winter.png	1	6664087	2026-05-12T00:04:11+00:00
art/rooms/chaos_forge/state_cycle_longnight.png	1	5487961	2026-05-12T00:04:13+00:00
art/rooms/chaos_forge/state_epoch_shadowtongue.png	1	5462488	2026-05-12T00:04:15+00:00
art/rooms/chaos_forge/state_faction_enemied.png	1	5291409	2026-05-12T00:04:22+00:00
art/rooms/chaos_forge/state_governance_boost.png	1	5598602	2026-05-12T00:04:24+00:00
art/rooms/chaos_forge/state_investigation_tier.png	1	5525965	2026-05-12T00:04:25+00:00
art/rooms/chaos_forge/state_morality_dark.png	1	5426279	2026-05-12T00:04:25+00:00
art/rooms/chaos_forge/state_tv_corrupted.png	1	5888620	2026-05-12T00:04:27+00:00
art/rooms/chaos_forge/state_tv_spreading.png	1	5769869	2026-05-12T00:04:30+00:00
art/rooms/chess_hall/baseline.png	1	6820710	2026-05-12T00:04:32+00:00
art/rooms/chess_hall/state_act_tier2.png	1	6527746	2026-05-12T00:04:32+00:00
art/rooms/chess_hall/state_act_tier5.png	1	6680323	2026-05-12T00:04:32+00:00
art/rooms/chess_hall/state_act_tier7.png	1	6507062	2026-05-12T00:04:36+00:00
art/rooms/chess_hall/state_faction_hierarchy.png	1	6660768	2026-05-12T00:04:38+00:00
art/rooms/chess_hall/state_irl_winter.png	1	6978660	2026-05-12T00:04:39+00:00
art/rooms/chess_hall/state_morality_dark.png	1	6605042	2026-05-12T00:04:43+00:00
art/rooms/chess_hall/state_season_interregnum.png	1	6443082	2026-05-12T00:04:44+00:00
art/rooms/chess_hall/state_tv_corrupted.png	1	6504934	2026-05-12T00:04:44+00:00
art/rooms/cipher_den/baseline.png	1	6355843	2026-05-12T00:04:45+00:00
art/rooms/cipher_den/state_battlepass_winter.png	1	6845629	2026-05-12T00:04:47+00:00
art/rooms/cipher_den/state_cycle_longnight.png	1	6197072	2026-05-12T00:04:48+00:00
art/rooms/cipher_den/state_epoch_shadowtongue.png	1	6289589	2026-05-12T00:04:51+00:00
art/rooms/cipher_den/state_faction_insurgency.png	1	6241127	2026-05-12T00:04:52+00:00
art/rooms/cipher_den/state_governance_uncorruption.png	1	6270313	2026-05-12T00:04:55+00:00
art/rooms/cipher_den/state_investigation_tier.png	1	6335495	2026-05-12T00:04:55+00:00
art/rooms/cipher_den/state_morality_dark.png	1	6080270	2026-05-12T00:04:56+00:00
art/rooms/cipher_den/state_tv_spreading.png	1	6497695	2026-05-12T00:04:57+00:00
art/rooms/collectors_arena/baseline.png	1	7237926	2026-05-12T05:25:27+00:00
art/rooms/comms_array/baseline.png	1	6082369	2026-05-12T00:04:57+00:00
art/rooms/comms_array/state_act_tier_2.png	1	5936327	2026-05-12T00:05:02+00:00
art/rooms/comms_array/state_battlepass_winter.png	1	6185992	2026-05-12T00:05:02+00:00
art/rooms/comms_array/state_cycle_longnight.png	1	5644618	2026-05-12T00:05:02+00:00
art/rooms/comms_array/state_epoch_shadowtongue.png	1	6068013	2026-05-12T00:05:03+00:00
art/rooms/comms_array/state_faction_insurgency.png	1	5898281	2026-05-12T00:05:06+00:00
art/rooms/comms_array/state_governance_blackout.png	1	6050112	2026-05-12T00:05:09+00:00
art/rooms/comms_array/state_human_reveal_ghost.png	1	5974314	2026-05-12T00:05:15+00:00
art/rooms/comms_array/state_investigation_tier.png	1	5945133	2026-05-12T00:05:16+00:00
art/rooms/comms_array/state_morality_dark.png	1	5611680	2026-05-12T00:05:16+00:00
art/rooms/comms_array/state_season_closing.png	1	5953364	2026-05-12T00:05:17+00:00
art/rooms/comms_array/state_trust_human_warm.png	1	5931581	2026-05-12T00:05:18+00:00
art/rooms/comms_array/state_tv_spreading.png	1	6057232	2026-05-12T00:05:19+00:00
art/rooms/comms_array/state_unlock_cipher_den.png	1	5981228	2026-05-12T00:05:19+00:00
art/rooms/cryo_bay/baseline.png	5	6524114	2026-05-12T00:05:23+00:00
art/rooms/cryo_bay/state_act_tier_2.png	1	6263200	2026-05-12T00:05:24+00:00
art/rooms/cryo_bay/state_battlepass_winter.png	1	6410118	2026-05-12T00:05:26+00:00
art/rooms/cryo_bay/state_companion_trust.png	1	6244769	2026-05-12T00:05:27+00:00
art/rooms/cryo_bay/state_cycle_longnight.png	1	5983294	2026-05-12T00:05:27+00:00
art/rooms/cryo_bay/state_epoch_shadowtongue.png	1	6275704	2026-05-12T00:05:32+00:00
art/rooms/cryo_bay/state_faction_insurgency.png	1	6303712	2026-05-12T00:05:36+00:00
art/rooms/cryo_bay/state_governance_quarantine.png	1	6232570	2026-05-12T00:05:35+00:00
art/rooms/cryo_bay/state_lore_ark_origins.png	1	6214288	2026-05-12T00:05:36+00:00
art/rooms/cryo_bay/state_morality_dark.png	1	6069891	2026-05-12T00:05:37+00:00
art/rooms/cryo_bay/state_season_closing.png	1	6052915	2026-05-12T00:05:40+00:00
art/rooms/cryo_bay/state_system_unlock_crew.png	1	6231343	2026-05-12T00:05:41+00:00
art/rooms/cryo_bay/state_trust_elara_luminous.png	1	6123079	2026-05-12T00:05:42+00:00
art/rooms/cryo_bay/state_tv_spreading.png	3	6600877	2026-05-12T00:05:43+00:00
art/rooms/daily_resource_board/baseline.png	1	7477663	2026-05-12T00:05:44+00:00
art/rooms/daily_resource_board/state_act_tier2.png	1	7197416	2026-05-12T00:05:52+00:00
art/rooms/daily_resource_board/state_act_tier5.png	1	7128887	2026-05-12T00:05:53+00:00
art/rooms/daily_resource_board/state_act_tier7.png	1	7388482	2026-05-12T00:05:53+00:00
art/rooms/daily_resource_board/state_faction_authority.png	1	7169269	2026-05-12T00:05:55+00:00
art/rooms/daily_resource_board/state_irl_winter.png	1	7780614	2026-05-12T00:06:00+00:00
art/rooms/daily_resource_board/state_morality_dark.png	1	6926992	2026-05-12T00:06:00+00:00
art/rooms/daily_resource_board/state_season_interregnum.png	1	6963899	2026-05-12T00:06:02+00:00
art/rooms/daily_resource_board/state_tv_corrupted.png	1	7113948	2026-05-12T00:06:03+00:00
art/rooms/defense_command_center/baseline.png	1	6400136	2026-05-12T00:06:05+00:00
art/rooms/defense_command_center/state_act_tier2.png	1	6146546	2026-05-12T00:06:05+00:00
art/rooms/defense_command_center/state_act_tier5.png	1	6170960	2026-05-12T00:06:10+00:00
art/rooms/defense_command_center/state_act_tier7.png	1	5828863	2026-05-12T00:06:12+00:00
art/rooms/defense_command_center/state_faction_authority.png	1	6217942	2026-05-12T00:06:13+00:00
art/rooms/defense_command_center/state_irl_winter.png	1	7000860	2026-05-12T00:06:21+00:00
art/rooms/defense_command_center/state_morality_dark.png	1	6094813	2026-05-12T00:06:22+00:00
art/rooms/defense_command_center/state_season_interregnum.png	1	5897230	2026-05-12T00:06:22+00:00
art/rooms/defense_command_center/state_tv_corrupted.png	1	6280715	2026-05-12T00:06:27+00:00
art/rooms/doctrine_binding_chamber/baseline.png	1	6329493	2026-05-12T05:26:23+00:00
art/rooms/dreamers_sanctum/baseline.png	1	6490998	2026-05-12T00:06:36+00:00
art/rooms/dreamers_sanctum/state_battlepass_winter.png	1	7381333	2026-05-12T00:06:36+00:00
art/rooms/dreamers_sanctum/state_cycle_longnight.png	1	5787692	2026-05-12T00:06:37+00:00
art/rooms/dreamers_sanctum/state_epoch_shadowtongue.png	1	6358368	2026-05-12T00:06:39+00:00
art/rooms/dreamers_sanctum/state_governance_blessing.png	1	6058203	2026-05-12T00:06:39+00:00
art/rooms/dreamers_sanctum/state_investigation_tier.png	1	6163907	2026-05-12T00:06:45+00:00
art/rooms/dreamers_sanctum/state_morality_dark.png	1	5766100	2026-05-12T00:06:47+00:00
art/rooms/dreamers_sanctum/state_tv_corrupted.png	1	5948208	2026-05-12T00:06:47+00:00
art/rooms/dreamers_sanctum/state_tv_spreading.png	1	6355040	2026-05-12T00:06:48+00:00
art/rooms/eidolon_sanctum/baseline.png	1	5919176	2026-05-12T00:06:49+00:00
art/rooms/eidolon_sanctum/state_act_tier2.png	1	6075926	2026-05-12T00:06:51+00:00
art/rooms/eidolon_sanctum/state_act_tier5.png	1	6178986	2026-05-12T00:06:54+00:00
art/rooms/eidolon_sanctum/state_faction_dreamer.png	1	5903924	2026-05-12T00:06:58+00:00
art/rooms/eidolon_sanctum/state_morality_dark.png	1	5534368	2026-05-12T00:06:59+00:00
art/rooms/eidolon_sanctum/state_tv_corrupted.png	1	5988445	2026-05-12T00:07:04+00:00
art/rooms/elara_bridge_berth/baseline.png	1	5872650	2026-05-12T05:25:28+00:00
art/rooms/elemental_nexus/baseline.png	1	5848100	2026-05-12T00:07:06+00:00
art/rooms/elemental_nexus/state_battlepass_winter.png	1	6670249	2026-05-12T00:07:09+00:00
art/rooms/elemental_nexus/state_cycle_longnight.png	1	5406901	2026-05-12T00:07:09+00:00
art/rooms/elemental_nexus/state_epoch_shadowtongue.png	1	5633075	2026-05-12T00:07:14+00:00
art/rooms/elemental_nexus/state_governance_blessing.png	1	5738242	2026-05-12T00:07:14+00:00
art/rooms/elemental_nexus/state_investigation_tier.png	1	5742626	2026-05-12T00:07:15+00:00
art/rooms/elemental_nexus/state_morality_dark.png	1	5450007	2026-05-12T00:07:17+00:00
art/rooms/elemental_nexus/state_tv_corrupted.png	1	5961457	2026-05-12T00:07:19+00:00
art/rooms/elemental_nexus/state_tv_spreading.png	1	5748707	2026-05-12T00:07:20+00:00
art/rooms/engineering_bay/baseline.png	1	6207570	2026-05-12T00:07:21+00:00
art/rooms/engineering_bay/state_act_tier_3.png	1	5938893	2026-05-12T00:07:21+00:00
art/rooms/engineering_bay/state_battlepass_winter.png	1	6479153	2026-05-12T00:07:21+00:00
art/rooms/engineering_bay/state_cycle_longnight.png	1	5953707	2026-05-12T00:07:24+00:00
art/rooms/engineering_bay/state_epoch_shadowtongue.png	1	5955039	2026-05-12T00:07:25+00:00
art/rooms/engineering_bay/state_faction_insurgency.png	1	5811001	2026-05-12T00:07:27+00:00
art/rooms/engineering_bay/state_governance_quarantine.png	1	5854742	2026-05-12T00:07:29+00:00
art/rooms/engineering_bay/state_investigation_tier.png	1	6084388	2026-05-12T00:07:31+00:00
art/rooms/engineering_bay/state_lore_shadowtongue_complete.png	1	5955566	2026-05-12T00:07:31+00:00
art/rooms/engineering_bay/state_morality_dark.png	1	6095618	2026-05-12T00:07:32+00:00
art/rooms/engineering_bay/state_trust_shadowtongue.png	1	6051876	2026-05-12T00:07:34+00:00
art/rooms/engineering_bay/state_tv_spreading.png	1	6292924	2026-05-12T00:07:36+00:00
art/rooms/engineering_bay/state_unlock_chaos.png	1	6240118	2026-05-12T00:07:39+00:00
art/rooms/engineering_bay/state_unlock_crafting.png	1	5849880	2026-05-12T00:07:40+00:00
art/rooms/engineering_core/baseline.png	1	5678729	2026-05-12T00:07:40+00:00
art/rooms/engineering_core/state_battlepass_winter.png	1	6621182	2026-05-12T00:07:42+00:00
art/rooms/engineering_core/state_cycle_longnight.png	1	5516105	2026-05-12T00:07:42+00:00
art/rooms/engineering_core/state_epoch_shadowtongue.png	1	5443858	2026-05-12T00:07:42+00:00
art/rooms/engineering_core/state_faction_ironlions.png	1	5484430	2026-05-12T00:07:50+00:00
art/rooms/engineering_core/state_governance_combat.png	1	5535893	2026-05-12T00:07:52+00:00
art/rooms/engineering_core/state_governance_quarantine.png	1	5259617	2026-05-12T00:07:55+00:00
art/rooms/engineering_core/state_investigation_tier.png	1	5706147	2026-05-12T00:07:55+00:00
art/rooms/engineering_core/state_morality_dark.png	1	5542125	2026-05-12T00:07:57+00:00
art/rooms/engineering_core/state_tv_spreading.png	1	5654899	2026-05-12T00:08:00+00:00
art/rooms/epoch_witness_conclave/baseline.png	1	6460966	2026-05-12T00:08:01+00:00
art/rooms/epoch_witness_conclave/state_act_tier2.png	1	5664366	2026-05-12T00:08:03+00:00
art/rooms/epoch_witness_conclave/state_act_tier5.png	1	6316507	2026-05-12T00:08:04+00:00
art/rooms/epoch_witness_conclave/state_act_tier7.png	1	6495230	2026-05-12T00:08:04+00:00
art/rooms/epoch_witness_conclave/state_faction_watcher.png	1	6332042	2026-05-12T00:08:04+00:00
art/rooms/epoch_witness_conclave/state_irl_winter.png	1	6715002	2026-05-12T00:08:04+00:00
art/rooms/epoch_witness_conclave/state_morality_dark.png	1	6163478	2026-05-12T00:08:08+00:00
art/rooms/epoch_witness_conclave/state_season_interregnum.png	1	5991257	2026-05-12T00:08:09+00:00
art/rooms/epoch_witness_conclave/state_tv_corrupted.png	1	6786665	2026-05-12T00:08:10+00:00
art/rooms/essence_harvest_sanctum/baseline.png	1	5913768	2026-05-12T05:25:29+00:00
art/rooms/faction_succession_monument/baseline.png	1	6557287	2026-05-12T00:08:14+00:00
art/rooms/faction_succession_monument/state_act_tier2.png	1	6159764	2026-05-12T00:08:16+00:00
art/rooms/faction_succession_monument/state_act_tier5.png	1	6824766	2026-05-12T00:08:20+00:00
art/rooms/faction_succession_monument/state_act_tier7.png	1	6985292	2026-05-12T00:08:20+00:00
art/rooms/faction_succession_monument/state_faction_hierarchy.png	1	6335750	2026-05-12T00:08:21+00:00
art/rooms/faction_succession_monument/state_irl_winter.png	1	6964859	2026-05-12T00:08:23+00:00
art/rooms/faction_succession_monument/state_morality_dark.png	1	5899105	2026-05-12T00:08:25+00:00
art/rooms/faction_succession_monument/state_season_interregnum.png	1	6039361	2026-05-12T00:08:24+00:00
art/rooms/faction_succession_monument/state_tv_corrupted.png	1	6455304	2026-05-12T00:08:31+00:00
art/rooms/forge_anteroom/baseline.png	1	6156222	2026-05-12T05:26:24+00:00
art/rooms/forge_workshop/baseline.png	1	5673095	2026-05-12T00:08:32+00:00
art/rooms/forge_workshop/state_act_tier_3.png	1	5404161	2026-05-12T00:08:32+00:00
art/rooms/forge_workshop/state_act_tier_7.png	1	5139798	2026-05-12T00:08:32+00:00
art/rooms/forge_workshop/state_battlepass_winter.png	1	5904521	2026-05-12T00:08:33+00:00
art/rooms/forge_workshop/state_cycle_longnight.png	1	5258016	2026-05-12T00:08:35+00:00
art/rooms/forge_workshop/state_epoch_shadowtongue.png	1	5481347	2026-05-12T00:08:36+00:00
art/rooms/forge_workshop/state_faction_insurgency.png	1	5384039	2026-05-12T00:08:37+00:00
art/rooms/forge_workshop/state_governance_quarantine.png	1	5147153	2026-05-12T00:08:37+00:00
art/rooms/forge_workshop/state_investigation_tier.png	1	5505807	2026-05-12T00:08:40+00:00
art/rooms/forge_workshop/state_morality_dark.png	1	5275146	2026-05-12T00:08:40+00:00
art/rooms/forge_workshop/state_tv_corrupted.png	1	5679332	2026-05-12T00:08:40+00:00
art/rooms/forge_workshop/state_tv_spreading.png	1	5824566	2026-05-12T00:08:43+00:00
art/rooms/forge_workshop/state_unlock_apprentice.png	1	5365790	2026-05-12T00:08:45+00:00
art/rooms/forge_workshop/state_unlock_mastered.png	1	5487940	2026-05-12T00:08:46+00:00
art/rooms/game_hall/baseline.png	1	6165608	2026-05-12T05:25:29+00:00
art/rooms/game_masters_sanctum/baseline.png	1	6520840	2026-05-12T00:08:47+00:00
art/rooms/game_masters_sanctum/state_act_tier2.png	1	6134430	2026-05-12T00:08:47+00:00
art/rooms/game_masters_sanctum/state_act_tier5.png	1	6433365	2026-05-12T00:08:48+00:00
art/rooms/game_masters_sanctum/state_act_tier7.png	1	6200667	2026-05-12T00:08:51+00:00
art/rooms/game_masters_sanctum/state_faction_hierarchy.png	1	6298811	2026-05-12T00:08:52+00:00
art/rooms/game_masters_sanctum/state_irl_winter.png	1	6721641	2026-05-12T00:08:55+00:00
art/rooms/game_masters_sanctum/state_morality_dark.png	1	6063938	2026-05-12T00:08:56+00:00
art/rooms/game_masters_sanctum/state_season_interregnum.png	1	5868909	2026-05-12T00:08:59+00:00
art/rooms/game_masters_sanctum/state_tv_corrupted.png	1	6350148	2026-05-12T00:09:02+00:00
art/rooms/governance_chamber/baseline.png	1	6802497	2026-05-12T00:09:04+00:00
art/rooms/governance_chamber/state_act_tier2.png	1	6536259	2026-05-12T00:09:06+00:00
art/rooms/governance_chamber/state_act_tier5.png	1	6842576	2026-05-12T00:09:06+00:00
art/rooms/governance_chamber/state_act_tier7.png	1	6325862	2026-05-12T00:09:09+00:00
art/rooms/governance_chamber/state_faction_authority.png	1	6540586	2026-05-12T00:09:13+00:00
art/rooms/governance_chamber/state_irl_winter.png	1	6927177	2026-05-12T00:09:17+00:00
art/rooms/governance_chamber/state_morality_dark.png	1	6443291	2026-05-12T00:09:17+00:00
art/rooms/governance_chamber/state_season_interregnum.png	1	5560269	2026-05-12T00:09:18+00:00
art/rooms/governance_chamber/state_tv_corrupted.png	1	6521114	2026-05-12T00:09:19+00:00
art/rooms/grand_masters_sanctum/baseline.png	1	5809982	2026-05-12T00:09:20+00:00
art/rooms/grand_masters_sanctum/state_act_tier2.png	1	5213927	2026-05-12T00:09:25+00:00
art/rooms/grand_masters_sanctum/state_act_tier5.png	1	5524427	2026-05-12T00:09:26+00:00
art/rooms/grand_masters_sanctum/state_act_tier7.png	1	5593371	2026-05-12T00:09:26+00:00
art/rooms/grand_masters_sanctum/state_faction_hierarchy.png	1	5614699	2026-05-12T00:09:27+00:00
art/rooms/grand_masters_sanctum/state_irl_winter.png	1	5690517	2026-05-12T00:09:29+00:00
art/rooms/grand_masters_sanctum/state_morality_dark.png	1	5736992	2026-05-12T00:09:31+00:00
art/rooms/grand_masters_sanctum/state_season_interregnum.png	1	5469727	2026-05-12T00:09:33+00:00
art/rooms/grand_masters_sanctum/state_tv_corrupted.png	1	5553981	2026-05-12T00:09:32+00:00
art/rooms/guild_common_room/baseline.png	1	6230662	2026-05-12T05:25:31+00:00
art/rooms/guild_sanctum/baseline.png	1	6139235	2026-05-12T00:09:33+00:00
art/rooms/guild_sanctum/state_battlepass_winter.png	1	6613589	2026-05-12T00:09:34+00:00
art/rooms/guild_sanctum/state_cycle_longnight.png	1	5886225	2026-05-12T00:09:34+00:00
art/rooms/guild_sanctum/state_epoch_shadowtongue.png	1	5976905	2026-05-12T00:09:35+00:00
art/rooms/guild_sanctum/state_event_succession.png	1	6037416	2026-05-12T00:09:37+00:00
art/rooms/guild_sanctum/state_faction_insurgency.png	1	5958908	2026-05-12T00:09:39+00:00
art/rooms/guild_sanctum/state_governance_treasury.png	1	6044571	2026-05-12T00:09:42+00:00
art/rooms/guild_sanctum/state_investigation_tier.png	1	6056820	2026-05-12T00:09:42+00:00
art/rooms/guild_sanctum/state_morality_dark.png	1	5875882	2026-05-12T00:09:45+00:00
art/rooms/guild_sanctum/state_season_closing.png	1	5919900	2026-05-12T00:09:49+00:00
art/rooms/guild_sanctum/state_season_interregnum.png	1	5627659	2026-05-12T00:09:49+00:00
art/rooms/guild_sanctum/state_tv_spreading.png	1	6238332	2026-05-12T00:09:50+00:00
art/rooms/guild_sanctum/state_unlock_tier_2.png	1	5955890	2026-05-12T00:09:52+00:00
art/rooms/guild_sanctum/state_unlock_tier_5.png	1	6193422	2026-05-12T00:09:52+00:00
art/rooms/hellbox/castle_of_death/baseline.png	1	6294544	2026-05-12T05:25:31+00:00
art/rooms/hellbox/castle_of_death/chamber_of_the_forgotten/baseline.png	1	6676777	2026-05-12T05:25:31+00:00
art/rooms/hellbox/castle_of_death/forgive_or_damn_tribunal/baseline.png	1	5708553	2026-05-12T05:25:34+00:00
art/rooms/hellbox/castle_of_death/hall_of_acknowledged_debts/baseline.png	1	6096664	2026-05-12T05:25:32+00:00
art/rooms/hellbox/castle_of_death/throne_of_mercy_apse/baseline.png	2	6162126	2026-05-12T05:25:32+00:00
art/rooms/hellbox/celebration_school/baseline.png	1	6200263	2026-05-12T05:25:31+00:00
art/rooms/hellbox/celebration_school/cathedral_apse/baseline.png	1	6319628	2026-05-12T05:25:31+00:00
art/rooms/hellbox/celebration_school/playground/baseline.png	1	6103663	2026-05-12T05:25:32+00:00
art/rooms/hellbox/dead_mans_circuit/baseline.png	1	5710359	2026-05-12T05:26:25+00:00
art/rooms/hellbox/degenerates_casino/baseline.png	1	5806355	2026-05-12T05:26:25+00:00
art/rooms/hellbox/dischordian_arena/baseline.png	1	6278844	2026-05-12T05:26:25+00:00
art/rooms/hellbox/editors_workshop/baseline.png	1	6363802	2026-05-12T05:26:25+00:00
art/rooms/hellbox/eternal_match/baseline.png	1	6614323	2026-05-12T05:26:25+00:00
art/rooms/hellbox/hall_of_collected_souls/baseline.png	1	5924873	2026-05-12T05:26:25+00:00
art/rooms/hellbox/mechronis_academy/baseline.png	1	5188515	2026-05-12T05:26:25+00:00
art/rooms/hellbox/quiz_show_palimpsest/baseline.png	1	7285210	2026-05-12T05:26:25+00:00
art/rooms/hellbox/the_hive/baseline.png	1	5550664	2026-05-12T05:26:25+00:00
art/rooms/hellbox/universal_selector/baseline.png	1	6326407	2026-05-12T05:26:26+00:00
art/rooms/hellbox_clone_bench/baseline.png	1	6124607	2026-05-12T05:25:33+00:00
art/rooms/hierarchy_throne/baseline.png	1	5092390	2026-05-12T00:09:54+00:00
art/rooms/hierarchy_throne/state_battlepass_winter.png	1	6110888	2026-05-12T00:09:59+00:00
art/rooms/hierarchy_throne/state_cycle_longnight.png	1	5034746	2026-05-12T00:10:00+00:00
art/rooms/hierarchy_throne/state_epoch_shadowtongue.png	1	5145622	2026-05-12T00:10:01+00:00
art/rooms/hierarchy_throne/state_faction_hierarchy.png	1	6682847	2026-05-12T00:10:02+00:00
art/rooms/hierarchy_throne/state_governance_blessing.png	1	5174774	2026-05-12T00:10:03+00:00
art/rooms/hierarchy_throne/state_hellbox_active.png	1	5526857	2026-05-12T00:10:04+00:00
art/rooms/hierarchy_throne/state_investigation_tier.png	1	5074214	2026-05-12T00:10:06+00:00
art/rooms/hierarchy_throne/state_morality_dark.png	1	5088581	2026-05-12T00:10:07+00:00
art/rooms/hierarchy_throne/state_tv_corrupted.png	1	5331315	2026-05-12T00:10:08+00:00
art/rooms/hierarchy_throne/state_tv_spreading.png	1	5915922	2026-05-12T00:10:09+00:00
art/rooms/house_of_anvil/baseline.png	1	6617906	2026-05-12T05:26:29+00:00
art/rooms/house_of_chapel/baseline.png	1	6072617	2026-05-12T05:26:29+00:00
art/rooms/house_of_circuit/baseline.png	1	7362543	2026-05-12T05:26:33+00:00
art/rooms/house_of_garden/baseline.png	1	7897647	2026-05-12T05:26:34+00:00
art/rooms/house_of_glass/baseline.png	1	7390990	2026-05-12T05:26:36+00:00
art/rooms/house_of_iron/baseline.png	1	6662502	2026-05-12T05:26:36+00:00
art/rooms/house_of_ledger/baseline.png	1	6267819	2026-05-12T05:26:36+00:00
art/rooms/house_of_mirror/baseline.png	1	8176931	2026-05-12T05:26:38+00:00
art/rooms/house_of_remnant/baseline.png	1	6047976	2026-05-12T05:26:40+00:00
art/rooms/house_of_smoke/baseline.png	1	5160687	2026-05-12T05:26:41+00:00
art/rooms/house_of_thurible/baseline.png	1	6415019	2026-05-12T05:26:42+00:00
art/rooms/house_of_tower/baseline.png	1	6388916	2026-05-12T05:26:43+00:00
art/rooms/human_observation_deck/baseline.png	1	5854443	2026-05-12T05:25:38+00:00
art/rooms/medical_bay/baseline.png	1	5831762	2026-05-12T00:10:09+00:00
art/rooms/medical_bay/state_act_tier_2.png	1	5834562	2026-05-12T00:10:10+00:00
art/rooms/medical_bay/state_battlepass_winter.png	1	6109911	2026-05-12T00:10:11+00:00
art/rooms/medical_bay/state_companion_trust.png	1	5773329	2026-05-12T00:10:11+00:00
art/rooms/medical_bay/state_cycle_longnight.png	1	5601583	2026-05-12T00:10:11+00:00
art/rooms/medical_bay/state_epoch_shadowtongue.png	1	5829913	2026-05-12T00:10:12+00:00
art/rooms/medical_bay/state_faction_hierarchy.png	1	5507144	2026-05-12T00:10:13+00:00
art/rooms/medical_bay/state_governance_quarantine.png	1	5725479	2026-05-12T00:10:14+00:00
art/rooms/medical_bay/state_investigation_device_awakened.png	1	5734440	2026-05-12T00:10:14+00:00
art/rooms/medical_bay/state_lore_research_vessel.png	1	5746352	2026-05-12T00:10:15+00:00
art/rooms/medical_bay/state_morality_dark.png	1	5654070	2026-05-12T00:10:20+00:00
art/rooms/medical_bay/state_season_closing.png	1	5839943	2026-05-12T00:10:20+00:00
art/rooms/medical_bay/state_trust_vex_confidant.png	1	5862543	2026-05-12T00:10:22+00:00
art/rooms/medical_bay/state_tv_spreading.png	1	5894972	2026-05-12T00:10:24+00:00
art/rooms/medical_bay/state_unlock_hellbox.png	1	5771681	2026-05-12T00:10:25+00:00
art/rooms/meditation_garden/baseline.png	1	6540488	2026-05-12T00:10:31+00:00
art/rooms/meditation_garden/state_battlepass_winter.png	1	6866626	2026-05-12T00:10:35+00:00
art/rooms/meditation_garden/state_cycle_longnight.png	1	6010929	2026-05-12T00:10:38+00:00
art/rooms/meditation_garden/state_epoch_shadowtongue.png	1	5886397	2026-05-12T00:10:38+00:00
art/rooms/meditation_garden/state_governance_harmony.png	1	6347496	2026-05-12T00:10:40+00:00
art/rooms/meditation_garden/state_investigation_tier.png	1	6241907	2026-05-12T00:10:45+00:00
art/rooms/meditation_garden/state_morality_dark.png	1	5999788	2026-05-12T00:10:45+00:00
art/rooms/meditation_garden/state_tv_corrupted.png	1	5961938	2026-05-12T00:10:47+00:00
art/rooms/meditation_garden/state_tv_spreading.png	1	6425075	2026-05-12T00:10:48+00:00
art/rooms/memorial_corridor/baseline.png	1	6392472	2026-05-12T00:10:51+00:00
art/rooms/memorial_corridor/state_battlepass_winter.png	1	7760246	2026-05-12T00:10:51+00:00
art/rooms/memorial_corridor/state_cycle_longnight.png	1	6035281	2026-05-12T00:10:51+00:00
art/rooms/memorial_corridor/state_epoch_shadowtongue.png	1	5908500	2026-05-12T00:10:53+00:00
art/rooms/memorial_corridor/state_governance_memorial.png	1	6203574	2026-05-12T00:10:54+00:00
art/rooms/memorial_corridor/state_investigation_tier.png	1	6132596	2026-05-12T00:10:54+00:00
art/rooms/memorial_corridor/state_morality_dark.png	1	5684489	2026-05-12T00:10:58+00:00
art/rooms/memorial_corridor/state_tv_spreading.png	1	6122677	2026-05-12T00:11:00+00:00
art/rooms/memory_anteroom/baseline.png	1	5507701	2026-05-12T05:26:51+00:00
art/rooms/memory_card_library/baseline.png	1	5823369	2026-05-12T05:26:51+00:00
art/rooms/mission_briefing_war_room/baseline.png	1	5986074	2026-05-12T05:25:40+00:00
art/rooms/mourning_wall/baseline.png	1	5753599	2026-05-12T05:25:39+00:00
art/rooms/nexus_point_sanctum/baseline.png	1	7174012	2026-05-12T00:11:03+00:00
art/rooms/observation_deck/baseline.png	1	5535186	2026-05-12T00:11:03+00:00
art/rooms/observation_deck/state_act_tier_2.png	1	5518846	2026-05-12T00:11:03+00:00
art/rooms/observation_deck/state_battlepass_winter.png	1	5863994	2026-05-12T00:11:06+00:00
art/rooms/observation_deck/state_cycle_longnight.png	1	5455236	2026-05-12T00:11:07+00:00
art/rooms/observation_deck/state_epoch_shadowtongue.png	1	5524979	2026-05-12T00:11:08+00:00
art/rooms/observation_deck/state_faction_dreamer.png	1	5501587	2026-05-12T00:11:10+00:00
art/rooms/observation_deck/state_governance_classified.png	1	5544397	2026-05-12T00:11:10+00:00
art/rooms/observation_deck/state_investigation_tier.png	1	5999183	2026-05-12T00:11:12+00:00
art/rooms/observation_deck/state_lore_architect.png	1	5491495	2026-05-12T00:11:12+00:00
art/rooms/observation_deck/state_morality_dark.png	1	5500842	2026-05-12T00:11:12+00:00
art/rooms/observation_deck/state_season_interregnum.png	1	5471377	2026-05-12T00:11:14+00:00
art/rooms/observation_deck/state_trust_eidolon_resonant.png	1	5450146	2026-05-12T00:11:13+00:00
art/rooms/observation_deck/state_tv_spreading.png	1	6049355	2026-05-12T00:11:13+00:00
art/rooms/observation_deck/state_unlock_memorial.png	1	5410678	2026-05-12T00:11:14+00:00
art/rooms/oracle_annual_sanctum/baseline.png	1	6683004	2026-05-12T00:11:14+00:00
art/rooms/oracle_annual_sanctum/state_act_tier2.png	1	6015334	2026-05-12T00:11:16+00:00
art/rooms/oracle_annual_sanctum/state_act_tier5.png	1	6448080	2026-05-12T00:11:17+00:00
art/rooms/oracle_annual_sanctum/state_act_tier7.png	1	6284549	2026-05-12T00:11:20+00:00
art/rooms/oracle_annual_sanctum/state_faction_watcher.png	1	6700013	2026-05-12T00:11:21+00:00
art/rooms/oracle_annual_sanctum/state_irl_winter.png	1	7442866	2026-05-12T00:11:23+00:00
art/rooms/oracle_annual_sanctum/state_morality_dark.png	1	6277286	2026-05-12T00:11:28+00:00
art/rooms/oracle_annual_sanctum/state_season_interregnum.png	1	6291764	2026-05-12T00:11:30+00:00
art/rooms/oracle_annual_sanctum/state_tv_corrupted.png	1	6246583	2026-05-12T00:11:32+00:00
art/rooms/oracle_sanctum/baseline.png	1	5526966	2026-05-12T00:11:34+00:00
art/rooms/oracle_sanctum/state_battlepass_winter.png	1	6440608	2026-05-12T00:11:34+00:00
art/rooms/oracle_sanctum/state_cycle_longnight.png	1	5279756	2026-05-12T00:11:36+00:00
art/rooms/oracle_sanctum/state_epoch_shadowtongue.png	1	5315777	2026-05-12T00:11:37+00:00
art/rooms/oracle_sanctum/state_faction_antiquarian.png	1	5329767	2026-05-12T00:11:41+00:00
art/rooms/oracle_sanctum/state_governance_blessing.png	1	6020515	2026-05-12T00:11:41+00:00
art/rooms/oracle_sanctum/state_investigation_tier.png	1	5747628	2026-05-12T00:11:41+00:00
art/rooms/oracle_sanctum/state_morality_dark.png	1	5258152	2026-05-12T00:11:44+00:00
art/rooms/oracle_sanctum/state_tv_corrupted.png	1	5570442	2026-05-12T00:11:46+00:00
art/rooms/oracle_sanctum/state_tv_spreading.png	1	5605061	2026-05-12T00:11:47+00:00
art/rooms/order_tribunal/baseline.png	1	5988281	2026-05-12T00:11:49+00:00
art/rooms/order_tribunal/state_act_tier2.png	1	5761029	2026-05-12T00:11:50+00:00
art/rooms/order_tribunal/state_act_tier5.png	1	5829012	2026-05-12T00:11:51+00:00
art/rooms/order_tribunal/state_act_tier7.png	1	5882363	2026-05-12T00:11:51+00:00
art/rooms/order_tribunal/state_faction_hierarchy.png	1	6590036	2026-05-12T00:11:52+00:00
art/rooms/order_tribunal/state_irl_winter.png	1	6371189	2026-05-12T00:11:52+00:00
art/rooms/order_tribunal/state_morality_dark.png	1	5754843	2026-05-12T00:11:54+00:00
art/rooms/order_tribunal/state_season_interregnum.png	1	5778525	2026-05-12T00:11:56+00:00
art/rooms/order_tribunal/state_tv_corrupted.png	1	6114357	2026-05-12T00:11:56+00:00
art/rooms/pedagogy_classroom/baseline.png	1	6116179	2026-05-12T05:26:56+00:00
art/rooms/pedagogy_hall/baseline.png	1	5521766	2026-05-12T00:11:59+00:00
art/rooms/pedagogy_hall/state_act_tier2.png	1	5640684	2026-05-12T00:12:01+00:00
art/rooms/pedagogy_hall/state_act_tier5.png	1	5818382	2026-05-12T00:12:02+00:00
art/rooms/pedagogy_hall/state_act_tier7.png	1	5598886	2026-05-12T00:12:05+00:00
art/rooms/pedagogy_hall/state_faction_hierarchy.png	1	5388853	2026-05-12T00:12:09+00:00
art/rooms/pedagogy_hall/state_irl_winter.png	1	6048009	2026-05-12T00:12:10+00:00
art/rooms/pedagogy_hall/state_morality_dark.png	1	5325597	2026-05-12T00:12:12+00:00
art/rooms/pedagogy_hall/state_season_interregnum.png	1	5242532	2026-05-12T00:12:12+00:00
art/rooms/pedagogy_hall/state_tv_corrupted.png	1	5531001	2026-05-12T00:12:14+00:00
art/rooms/pedagogy_lab/baseline.png	1	6863129	2026-05-12T05:26:56+00:00
art/rooms/pedagogy_lecture_hall/baseline.png	1	6564014	2026-05-12T05:26:56+00:00
art/rooms/personal_quarters/baseline.png	1	6537017	2026-05-12T05:26:56+00:00
art/rooms/personal_quest_ledger/baseline.png	1	6156745	2026-05-12T05:25:47+00:00
art/rooms/pet_arena/baseline.png	1	6636371	2026-05-12T00:12:15+00:00
art/rooms/pet_garden/baseline.png	1	7132045	2026-05-12T00:12:15+00:00
art/rooms/pet_garden/state_act_tier2.png	1	6785453	2026-05-12T00:12:16+00:00
art/rooms/pet_garden/state_act_tier5.png	1	7071141	2026-05-12T00:12:16+00:00
art/rooms/pet_garden/state_act_tier7.png	1	6638531	2026-05-12T00:12:17+00:00
art/rooms/pet_garden/state_faction_dreamer.png	1	7329301	2026-05-12T00:12:18+00:00
art/rooms/pet_garden/state_irl_winter.png	1	7011539	2026-05-12T00:12:18+00:00
art/rooms/pet_garden/state_morality_dark.png	1	6304626	2026-05-12T00:12:24+00:00
art/rooms/pet_garden/state_season_interregnum.png	1	6960106	2026-05-12T00:12:34+00:00
art/rooms/pet_garden/state_tv_corrupted.png	1	6868656	2026-05-12T00:12:35+00:00
art/rooms/pet_medical_annex/baseline.png	1	6042760	2026-05-12T00:12:38+00:00
art/rooms/pet_medical_annex/state_act_tier2.png	1	6060157	2026-05-12T00:12:41+00:00
art/rooms/pet_medical_annex/state_act_tier5.png	1	5952482	2026-05-12T00:12:43+00:00
art/rooms/pet_medical_annex/state_act_tier7.png	1	5845517	2026-05-12T00:12:46+00:00
art/rooms/pet_medical_annex/state_faction_mechronis.png	1	6148220	2026-05-12T00:12:48+00:00
art/rooms/pet_medical_annex/state_irl_winter.png	1	6239600	2026-05-12T00:12:49+00:00
art/rooms/pet_medical_annex/state_morality_dark.png	1	5995021	2026-05-12T00:12:51+00:00
art/rooms/pet_medical_annex/state_season_interregnum.png	1	5705210	2026-05-12T00:12:54+00:00
art/rooms/pet_medical_annex/state_tv_corrupted.png	1	6616084	2026-05-12T00:12:54+00:00
art/rooms/post_mission_return_hub/baseline.png	1	6530881	2026-05-12T05:26:59+00:00
art/rooms/prelude_awakening/baseline.png	1	6832207	2026-05-12T00:12:59+00:00
art/rooms/prelude_corridor/baseline.png	1	5735090	2026-05-12T05:25:49+00:00
art/rooms/prelude_first_choice/baseline.png	1	6850403	2026-05-12T00:12:59+00:00
art/rooms/prelude_rooms/baseline.png	1	6383599	2026-05-12T00:12:59+00:00
art/rooms/prelude_tutorial_corridor/baseline.png	1	7220674	2026-05-12T00:12:59+00:00
art/rooms/prophecy_wall/baseline.png	1	6170122	2026-05-12T00:13:01+00:00
art/rooms/puzzle_study_chamber/baseline.png	1	6270667	2026-05-12T00:13:09+00:00
art/rooms/puzzle_study_chamber/state_act_tier2.png	1	5485682	2026-05-12T00:13:09+00:00
art/rooms/puzzle_study_chamber/state_act_tier5.png	1	5868665	2026-05-12T00:13:10+00:00
art/rooms/puzzle_study_chamber/state_act_tier7.png	1	5932733	2026-05-12T00:13:12+00:00
art/rooms/puzzle_study_chamber/state_faction_hierarchy.png	1	5864208	2026-05-12T00:13:12+00:00
art/rooms/puzzle_study_chamber/state_irl_winter.png	1	6245453	2026-05-12T00:13:13+00:00
art/rooms/puzzle_study_chamber/state_morality_dark.png	1	5956927	2026-05-12T00:13:13+00:00
art/rooms/puzzle_study_chamber/state_season_interregnum.png	1	5790264	2026-05-12T00:13:14+00:00
art/rooms/puzzle_study_chamber/state_tv_corrupted.png	1	6332204	2026-05-12T00:13:15+00:00
art/rooms/quantum_lab/baseline.png	1	5994724	2026-05-12T00:13:17+00:00
art/rooms/quantum_lab/state_battlepass_winter.png	1	6536781	2026-05-12T00:13:18+00:00
art/rooms/quantum_lab/state_cycle_longnight.png	1	5642722	2026-05-12T00:13:21+00:00
art/rooms/quantum_lab/state_epoch_shadowtongue.png	1	5692948	2026-05-12T00:13:21+00:00
art/rooms/quantum_lab/state_governance_stabilized.png	1	5542309	2026-05-12T00:13:22+00:00
art/rooms/quantum_lab/state_investigation_tier.png	1	5787049	2026-05-12T00:13:22+00:00
art/rooms/quantum_lab/state_morality_dark.png	1	5516388	2026-05-12T00:13:24+00:00
art/rooms/quantum_lab/state_tv_corrupted.png	1	5869090	2026-05-12T00:13:27+00:00
art/rooms/quantum_lab/state_tv_spreading.png	1	5896370	2026-05-12T00:13:27+00:00
art/rooms/reactor_control/baseline.png	1	6899890	2026-05-12T00:13:30+00:00
art/rooms/reactor_control/state_act_tier2.png	1	6842745	2026-05-12T00:13:30+00:00
art/rooms/reactor_control/state_act_tier5.png	1	6887731	2026-05-12T00:13:32+00:00
art/rooms/reactor_control/state_act_tier7.png	1	6488289	2026-05-12T00:13:33+00:00
art/rooms/reactor_control/state_faction_mechronis.png	1	7037146	2026-05-12T00:13:33+00:00
art/rooms/reactor_control/state_irl_winter.png	1	7256075	2026-05-12T00:13:35+00:00
art/rooms/reactor_control/state_morality_dark.png	1	6468519	2026-05-12T00:13:36+00:00
art/rooms/reactor_control/state_season_interregnum.png	1	6678877	2026-05-12T00:13:38+00:00
art/rooms/reactor_control/state_tv_corrupted.png	1	6847045	2026-05-12T00:13:38+00:00
art/rooms/recruit_berths/akai_shi/baseline.png	1	6230936	2026-05-12T05:27:06+00:00
art/rooms/recruit_berths/jericho_jones/baseline.png	1	6197296	2026-05-12T05:27:06+00:00
art/rooms/recruit_berths/locke/baseline.png	1	6280446	2026-05-12T05:27:06+00:00
art/rooms/recruit_berths/vex_solene/baseline.png	1	6730705	2026-05-12T05:27:06+00:00
art/rooms/recruit_berths/wraith_calder/baseline.png	1	5288028	2026-05-12T05:27:09+00:00
art/rooms/recruit_vestibule/baseline.png	1	6371153	2026-05-12T05:25:50+00:00
art/rooms/room-archives.png	6	6471326	2026-04-22T04:30:58+00:00
art/rooms/room-bridge.png	3	7495934	2026-04-22T04:30:59+00:00
art/rooms/room-comms-relay.png	1	7196795	2026-05-20T03:40:43+00:00
art/rooms/room-dreams-workshop-subbasement.webp	1	451280	2026-05-20T03:40:49+00:00
art/rooms/room-engineers-bench.png	1	6278923	2026-05-20T03:40:45+00:00
art/rooms/room-game-masters-arena.png	1	6949169	2026-05-20T03:40:47+00:00
art/rooms/room-memorial-chamber.png	1	7084490	2026-04-22T04:31:03+00:00
art/rooms/room-observation-deck.png	1	7779024	2026-04-22T04:31:04+00:00
art/rooms/room-purification-chamber.png	1	6813764	2026-04-22T04:31:04+00:00
art/rooms/room-summoning-chamber.png	1	5961811	2026-04-22T04:31:03+00:00
art/rooms/room-trophy-room.png	1	6337581	2026-04-22T04:31:05+00:00
art/rooms/shadow_vault/baseline.png	1	5107431	2026-05-12T00:13:38+00:00
art/rooms/shadow_vault/state_battlepass_winter.png	1	5352480	2026-05-12T00:13:39+00:00
art/rooms/shadow_vault/state_cycle_longnight.png	1	4766515	2026-05-12T00:13:41+00:00
art/rooms/shadow_vault/state_epoch_shadowtongue.png	1	4808087	2026-05-12T00:13:42+00:00
art/rooms/shadow_vault/state_faction_insurgency.png	1	4802141	2026-05-12T00:13:44+00:00
art/rooms/shadow_vault/state_governance_quarantine.png	1	3814727	2026-05-12T00:13:49+00:00
art/rooms/shadow_vault/state_investigation_tier.png	1	5223403	2026-05-12T00:13:47+00:00
art/rooms/shadow_vault/state_morality_dark.png	1	4563251	2026-05-12T00:13:49+00:00
art/rooms/shadow_vault/state_tv_corrupted.png	1	4857585	2026-05-12T00:13:51+00:00
art/rooms/shadow_vault/state_tv_spreading.png	1	5439710	2026-05-12T00:13:51+00:00
art/rooms/signature_card_forge/baseline.png	1	6294033	2026-05-12T05:27:12+00:00
art/rooms/social_hub/baseline.png	1	5613687	2026-05-12T00:13:51+00:00
art/rooms/social_hub/state_battlepass_winter.png	1	5637472	2026-05-12T00:13:53+00:00
art/rooms/social_hub/state_cycle_longnight.png	1	5265993	2026-05-12T00:13:55+00:00
art/rooms/social_hub/state_epoch_shadowtongue.png	1	5126676	2026-05-12T00:13:55+00:00
art/rooms/social_hub/state_event_witnesses.png	1	5364940	2026-05-12T00:13:55+00:00
art/rooms/social_hub/state_faction_insurgency.png	1	5386354	2026-05-12T00:14:01+00:00
art/rooms/social_hub/state_governance_morale.png	1	5390814	2026-05-12T00:14:01+00:00
art/rooms/social_hub/state_investigation_tier.png	1	5625074	2026-05-12T00:14:04+00:00
art/rooms/social_hub/state_morality_dark.png	1	5305809	2026-05-12T00:14:06+00:00
art/rooms/social_hub/state_season_closing.png	1	5351770	2026-05-12T00:14:07+00:00
art/rooms/social_hub/state_season_interregnum.png	1	4931554	2026-05-12T00:14:08+00:00
art/rooms/social_hub/state_trust_elara.png	1	5378100	2026-05-12T00:14:10+00:00
art/rooms/social_hub/state_trust_human.png	1	5403537	2026-05-12T00:14:11+00:00
art/rooms/social_hub/state_tv_spreading.png	1	5616781	2026-05-12T00:14:12+00:00
art/rooms/station_dock/baseline.png	1	5849582	2026-05-12T00:14:15+00:00
art/rooms/station_dock/state_battlepass_winter.png	1	6315208	2026-05-12T00:14:15+00:00
art/rooms/station_dock/state_cycle_longnight.png	1	5766800	2026-05-12T00:14:15+00:00
art/rooms/station_dock/state_epoch_shadowtongue.png	1	5765872	2026-05-12T00:14:16+00:00
art/rooms/station_dock/state_event_succession.png	1	5602180	2026-05-12T00:14:17+00:00
art/rooms/station_dock/state_faction_authority.png	1	5826991	2026-05-12T00:14:17+00:00
art/rooms/station_dock/state_faction_insurgency.png	1	5666880	2026-05-12T00:14:19+00:00
art/rooms/station_dock/state_investigation_tier.png	1	5660710	2026-05-12T00:14:20+00:00
art/rooms/station_dock/state_morality_dark.png	1	5593622	2026-05-12T00:14:21+00:00
art/rooms/station_dock/state_season_closing.png	1	5566608	2026-05-12T00:14:25+00:00
art/rooms/station_dock/state_season_interregnum.png	1	5501499	2026-05-12T00:14:28+00:00
art/rooms/station_dock/state_tv_spreading.png	1	5975088	2026-05-12T00:14:32+00:00
art/rooms/station_dock/state_unlock_trade.png	1	5836505	2026-05-12T00:14:32+00:00
art/rooms/station_dock/state_unlock_warroom.png	1	5764845	2026-05-12T00:14:33+00:00
art/rooms/synthesis_chamber/baseline.png	1	6050396	2026-05-12T00:14:38+00:00
art/rooms/synthesis_chamber/state_battlepass_winter.png	1	6296421	2026-05-12T00:14:41+00:00
art/rooms/synthesis_chamber/state_cycle_longnight.png	1	5613522	2026-05-12T00:14:41+00:00
art/rooms/synthesis_chamber/state_epoch_shadowtongue.png	1	7175909	2026-05-12T00:14:42+00:00
art/rooms/synthesis_chamber/state_governance_boost.png	1	5606080	2026-05-12T00:14:42+00:00
art/rooms/synthesis_chamber/state_investigation_tier.png	1	5853729	2026-05-12T00:14:45+00:00
art/rooms/synthesis_chamber/state_morality_dark.png	1	5581304	2026-05-12T00:14:48+00:00
art/rooms/synthesis_chamber/state_tv_corrupted.png	1	5361237	2026-05-12T00:14:50+00:00
art/rooms/synthesis_chamber/state_tv_spreading.png	1	6013775	2026-05-12T00:14:53+00:00
art/rooms/the_forge/baseline.png	1	6289403	2026-05-12T05:25:51+00:00
art/rooms/tower_assembly_bay/baseline.png	1	7335066	2026-05-12T00:14:54+00:00
art/rooms/tower_assembly_bay/state_act_tier2.png	1	6378221	2026-05-12T00:14:53+00:00
art/rooms/tower_assembly_bay/state_act_tier5.png	1	6930699	2026-05-12T00:14:54+00:00
art/rooms/tower_assembly_bay/state_act_tier7.png	1	6696089	2026-05-12T00:14:57+00:00
art/rooms/tower_assembly_bay/state_faction_mechronis.png	1	6975042	2026-05-12T00:14:57+00:00
art/rooms/tower_assembly_bay/state_irl_winter.png	1	7664640	2026-05-12T00:14:59+00:00
art/rooms/tower_assembly_bay/state_morality_dark.png	1	6820976	2026-05-12T00:15:01+00:00
art/rooms/tower_assembly_bay/state_season_interregnum.png	1	6806137	2026-05-12T00:15:01+00:00
art/rooms/tower_assembly_bay/state_tv_corrupted.png	1	7286440	2026-05-12T00:15:07+00:00
art/rooms/trade_command_center/baseline.png	1	6730666	2026-05-12T00:15:07+00:00
art/rooms/trade_hub/baseline.png	1	6973235	2026-05-12T00:15:08+00:00
art/rooms/trade_hub/state_act_tier2.png	1	6472101	2026-05-12T00:15:08+00:00
art/rooms/trade_hub/state_act_tier5.png	1	6601673	2026-05-12T00:15:10+00:00
art/rooms/trade_hub/state_act_tier7.png	1	6460609	2026-05-12T00:15:15+00:00
art/rooms/trade_hub/state_faction_insurgency.png	1	6581789	2026-05-12T00:15:15+00:00
art/rooms/trade_hub/state_irl_winter.png	1	7152862	2026-05-12T00:15:16+00:00
art/rooms/trade_hub/state_morality_dark.png	1	6583364	2026-05-12T00:15:16+00:00
art/rooms/trade_hub/state_season_interregnum.png	1	6354523	2026-05-12T00:15:18+00:00
art/rooms/trade_hub/state_tv_corrupted.png	1	6744944	2026-05-12T00:15:19+00:00
art/rooms/training_barracks/baseline.png	1	6018921	2026-05-12T05:25:52+00:00
art/rooms/trial_hall/baseline.png	1	6018006	2026-05-12T05:25:52+00:00
art/rooms/triangle_alcove/baseline.png	1	5845097	2026-05-12T05:25:52+00:00
art/rooms/trophy_armory/baseline.png	1	6590751	2026-05-12T00:15:20+00:00
art/rooms/trophy_armory/state_act_tier2.png	1	5887727	2026-05-12T00:15:23+00:00
art/rooms/trophy_armory/state_act_tier5.png	1	6138550	2026-05-12T00:15:23+00:00
art/rooms/trophy_armory/state_act_tier7.png	1	6554070	2026-05-12T00:15:23+00:00
art/rooms/trophy_armory/state_faction_watcher.png	1	6115655	2026-05-12T00:15:24+00:00
art/rooms/trophy_armory/state_irl_winter.png	1	6970938	2026-05-12T00:15:26+00:00
art/rooms/trophy_armory/state_morality_dark.png	1	6140917	2026-05-12T00:15:27+00:00
art/rooms/trophy_armory/state_season_interregnum.png	1	5824235	2026-05-12T00:15:27+00:00
art/rooms/trophy_armory/state_tv_corrupted.png	1	6293512	2026-05-12T00:15:28+00:00
art/rooms/trophy_room/baseline.png	1	5604850	2026-05-12T00:15:29+00:00
art/rooms/trophy_room/state_act_tier_2.png	1	5493203	2026-05-12T00:15:29+00:00
art/rooms/trophy_room/state_act_tier_5.png	1	5719940	2026-05-12T00:15:31+00:00
art/rooms/trophy_room/state_act_tier_7.png	1	5805591	2026-05-12T00:15:32+00:00
art/rooms/trophy_room/state_battlepass_winter.png	1	6441538	2026-05-12T00:15:34+00:00
art/rooms/trophy_room/state_cycle_longnight.png	1	5556911	2026-05-12T00:15:34+00:00
art/rooms/trophy_room/state_epoch_shadowtongue.png	1	5464992	2026-05-12T00:15:35+00:00
art/rooms/trophy_room/state_governance_prestige.png	1	5685532	2026-05-12T00:15:36+00:00
art/rooms/trophy_room/state_investigation_tier.png	1	5579624	2026-05-12T00:15:38+00:00
art/rooms/trophy_room/state_morality_dark.png	1	5656915	2026-05-12T00:15:38+00:00
art/rooms/trophy_room/state_tv_corrupted.png	1	5541818	2026-05-12T00:15:39+00:00
art/rooms/trophy_room/state_tv_spreading.png	1	6058339	2026-05-12T00:15:40+00:00
art/rooms/trophy_room/state_unlock_battlepass_50.png	1	5437146	2026-05-12T00:15:41+00:00
art/rooms/trophy_room/state_unlock_prestige.png	1	5535725	2026-05-12T00:15:42+00:00
art/rooms/war_room/baseline.png	1	5942599	2026-05-12T00:15:45+00:00
art/rooms/war_room/state_battlepass_winter.png	1	6090337	2026-05-12T00:15:45+00:00
art/rooms/war_room/state_cycle_longnight.png	1	5415459	2026-05-12T00:15:45+00:00
art/rooms/war_room/state_epoch_shadowtongue.png	1	5821579	2026-05-12T00:15:46+00:00
art/rooms/war_room/state_faction_succession.png	1	5841135	2026-05-12T00:15:46+00:00
art/rooms/war_room/state_investigation_tier.png	1	5782476	2026-05-12T00:15:47+00:00
art/rooms/war_room/state_morality_dark.png	1	5478692	2026-05-12T00:15:48+00:00
art/rooms/war_room/state_tournament_finals.png	1	5667635	2026-05-12T00:15:48+00:00
art/rooms/war_room/state_tv_spreading.png	1	5993322	2026-05-12T00:15:48+00:00
art/rooms/warden_dock/baseline.png	1	6645438	2026-05-12T05:25:55+00:00
art/rooms/wardens_dock/baseline.png	1	6426824	2026-05-12T05:27:22+00:00
art/seasonal/broadcast-frame.png	1	6783273	2026-04-22T04:31:06+00:00
art/seasonal/event-chrono-harvest.jpg	1	8022576	2026-04-22T04:31:08+00:00
art/seasonal/event-fall-of-reality.jpg	1	6956791	2026-04-22T04:31:08+00:00
art/seasonal/event-forge-of-nations.jpg	1	7438094	2026-04-22T04:31:08+00:00
art/seasonal/event-guild-war-tournament.jpg	1	7097205	2026-04-22T04:31:08+00:00
art/seasonal/event-lore-symposium.jpg	1	7531618	2026-04-22T04:31:08+00:00
art/seasonal/event-panopticon-infiltration.jpg	1	8690940	2026-04-22T04:31:08+00:00
art/seasonal/event-shadow-convergence.jpg	1	7437435	2026-04-22T04:31:08+00:00
art/ship/bunkroom_corridor.webp	1	300680	2026-05-20T03:40:50+00:00
art/signature_cards/artisan_cold_hand_card.png	1	0	2026-05-12T18:08:12+00:00
art/signature_cards/artisan_compliant_mouth_card.png	1	0	2026-05-12T18:08:12+00:00
art/signature_cards/artisan_forked_path_card.png	1	0	2026-05-12T18:08:12+00:00
art/signature_cards/artisan_heretical_quiet_card.png	1	0	2026-05-12T18:08:12+00:00
art/signature_cards/artisan_human_remainder_card.png	1	0	2026-05-12T18:08:12+00:00
art/signature_cards/ghost_cold_hand_card.png	1	6317163	2026-05-12T18:08:12+00:00
art/signature_cards/ghost_compliant_mouth_card.png	1	5852658	2026-05-12T18:08:12+00:00
art/signature_cards/ghost_forked_path_card.png	1	1675264	2026-05-12T18:08:13+00:00
art/signature_cards/ghost_heretical_quiet_card.png	1	0	2026-05-12T18:08:12+00:00
art/signature_cards/ghost_human_remainder_card.png	1	6068938	2026-05-12T18:08:12+00:00
art/signature_cards/heretic_cold_hand_card.png	1	0	2026-05-12T18:08:12+00:00
art/signature_cards/heretic_compliant_mouth_card.png	1	0	2026-05-12T18:08:12+00:00
art/signature_cards/heretic_forked_path_card.png	1	0	2026-05-12T18:08:12+00:00
art/signature_cards/heretic_heretical_quiet_card.png	1	0	2026-05-12T18:08:12+00:00
art/signature_cards/heretic_human_remainder_card.png	1	0	2026-05-12T18:08:12+00:00
art/signature_cards/jester_cold_hand_card.png	1	0	2026-05-12T18:08:12+00:00
art/signature_cards/jester_compliant_mouth_card.png	1	0	2026-05-12T18:08:12+00:00
art/signature_cards/jester_forked_path_card.png	1	0	2026-05-12T18:08:12+00:00
art/signature_cards/jester_heretical_quiet_card.png	1	0	2026-05-12T18:08:12+00:00
art/signature_cards/jester_human_remainder_card.png	1	0	2026-05-12T18:08:12+00:00
art/signature_cards/martyr_cold_hand_card.png	1	0	2026-05-12T18:08:12+00:00
art/signature_cards/martyr_compliant_mouth_card.png	1	0	2026-05-12T18:08:12+00:00
art/signature_cards/martyr_forked_path_card.png	1	0	2026-05-12T18:08:12+00:00
art/signature_cards/martyr_heretical_quiet_card.png	1	0	2026-05-12T18:08:12+00:00
art/signature_cards/martyr_human_remainder_card.png	1	0	2026-05-12T18:08:12+00:00
art/signature_cards/oracle_cold_hand_card.png	1	0	2026-05-12T18:08:12+00:00
art/signature_cards/oracle_compliant_mouth_card.png	1	0	2026-05-12T18:08:12+00:00
art/signature_cards/oracle_forked_path_card.png	1	0	2026-05-12T18:08:12+00:00
art/signature_cards/oracle_heretical_quiet_card.png	1	0	2026-05-12T18:08:12+00:00
art/signature_cards/oracle_human_remainder_card.png	1	0	2026-05-12T18:08:12+00:00
art/signature_cards/prodigal_cold_hand_card.png	1	0	2026-05-12T18:08:12+00:00
art/signature_cards/prodigal_compliant_mouth_card.png	1	0	2026-05-12T18:08:12+00:00
art/signature_cards/prodigal_forked_path_card.png	1	6021078	2026-05-12T18:08:12+00:00
art/signature_cards/prodigal_heretical_quiet_card.png	1	6355179	2026-05-12T18:08:12+00:00
art/signature_cards/prodigal_human_remainder_card.png	1	4804608	2026-05-12T18:08:13+00:00
art/signature_cards/revenant_cold_hand_card.png	1	0	2026-05-12T18:08:12+00:00
art/signature_cards/revenant_compliant_mouth_card.png	1	0	2026-05-12T18:08:12+00:00
art/signature_cards/revenant_forked_path_card.png	1	0	2026-05-12T18:08:12+00:00
art/signature_cards/revenant_heretical_quiet_card.png	1	0	2026-05-12T18:08:12+00:00
art/signature_cards/revenant_human_remainder_card.png	1	0	2026-05-12T18:08:12+00:00
art/signature_cards/scholar_cold_hand_card.png	1	0	2026-05-12T18:08:12+00:00
art/signature_cards/scholar_compliant_mouth_card.png	1	0	2026-05-12T18:08:12+00:00
art/signature_cards/scholar_forked_path_card.png	1	0	2026-05-12T18:08:12+00:00
art/signature_cards/scholar_heretical_quiet_card.png	1	0	2026-05-12T18:08:12+00:00
art/signature_cards/scholar_human_remainder_card.png	1	0	2026-05-12T18:08:13+00:00
art/signature_cards/sentinel_cold_hand_card.png	1	0	2026-05-12T18:08:13+00:00
art/signature_cards/sentinel_compliant_mouth_card.png	1	0	2026-05-12T18:08:13+00:00
art/signature_cards/sentinel_forked_path_card.png	1	0	2026-05-12T18:08:13+00:00
art/signature_cards/sentinel_heretical_quiet_card.png	1	0	2026-05-12T18:08:13+00:00
art/signature_cards/sentinel_human_remainder_card.png	1	0	2026-05-12T18:08:13+00:00
art/signature_cards/wanderer_cold_hand_card.png	1	0	2026-05-12T18:08:13+00:00
art/signature_cards/wanderer_compliant_mouth_card.png	1	0	2026-05-12T18:08:13+00:00
art/signature_cards/wanderer_forked_path_card.png	1	0	2026-05-12T18:08:13+00:00
art/signature_cards/wanderer_heretical_quiet_card.png	1	0	2026-05-12T18:08:13+00:00
art/signature_cards/wanderer_human_remainder_card.png	1	0	2026-05-12T18:08:13+00:00
art/signature_cards/zealot_cold_hand_card.png	1	7065084	2026-05-12T18:08:13+00:00
art/signature_cards/zealot_compliant_mouth_card.png	1	6826370	2026-05-12T18:08:13+00:00
art/signature_cards/zealot_forked_path_card.png	1	6153891	2026-05-12T18:08:13+00:00
art/signature_cards/zealot_heretical_quiet_card.png	1	6064759	2026-05-12T18:08:13+00:00
art/signature_cards/zealot_human_remainder_card.png	1	6426582	2026-05-12T18:08:13+00:00
art/slideshows/album1/T01/T01_00_title.webp	1	382584	2026-04-29T00:30:54+00:00
art/slideshows/album1/T16/T16_00_title.webp	2	594662	2026-04-29T00:30:58+00:00
art/slideshows/album2/T05/T05_00_title.webp	2	243768	2026-05-20T01:33:38+00:00
art/slideshows/album2/T06/T06_00_title.webp	2	258508	2026-05-20T01:33:40+00:00
art/slideshows/album2/T15/T15_00_title.webp	2	149312	2026-05-20T01:33:42+00:00
art/slideshows/album4/T01/T01_00_title.webp	2	319156	2026-05-20T01:33:44+00:00
art/slideshows/album4/T02/T02_00_title.webp	2	237504	2026-05-20T01:33:46+00:00
art/slideshows/album4/T03/T03_00_title.webp	2	234018	2026-05-20T01:33:48+00:00
art/slideshows/album4/T04/T04_00_title.webp	2	823950	2026-05-20T01:33:50+00:00
art/slideshows/album4/T05/T05_00_title.webp	2	326944	2026-05-20T01:33:52+00:00
art/slideshows/album4/T06/T06_00_title.webp	2	328946	2026-05-20T01:33:53+00:00
art/slideshows/album4/T07/T07_00_title.webp	2	384722	2026-05-20T01:33:55+00:00
art/slideshows/album4/T08/T08_00_title.webp	2	197110	2026-05-20T01:33:57+00:00
art/slideshows/album4/T09/T09_00_title.webp	2	255498	2026-05-20T01:33:59+00:00
art/slideshows/album4/T10/T10_00_title.webp	2	146826	2026-05-20T01:34:01+00:00
art/slideshows/album5/T01/sih_t01_f01.webp	2	266918	2026-05-07T16:50:47+00:00
art/slideshows/album5/T02/sih_t02_f01.webp	2	295790	2026-05-07T16:50:47+00:00
art/slideshows/album5/T03/sih_t03_f01.webp	2	311148	2026-05-07T16:50:49+00:00
art/slideshows/album5/T04/sih_t04_f01.webp	2	678902	2026-05-07T16:50:50+00:00
art/slideshows/album5/T05/sih_t05_f01.webp	2	234374	2026-05-07T16:50:51+00:00
art/slideshows/album5/T06/sih_t06_f01.webp	2	439970	2026-05-07T16:50:51+00:00
art/slideshows/album5/T07/sih_t07_f01.webp	2	185724	2026-05-07T16:50:52+00:00
art/slideshows/album5/T08/sih_t08_f01.webp	2	737926	2026-05-07T16:50:53+00:00
art/slideshows/album5/T09/sih_t09_f01.webp	2	671136	2026-05-07T16:50:54+00:00
art/slideshows/album5/T10/sih_t10_f01.webp	2	737848	2026-05-07T16:50:55+00:00
art/slideshows/album5/T11/sih_t11_f01.webp	2	739150	2026-05-07T16:50:56+00:00
art/slideshows/album5/T12/sih_t12_f01.webp	2	70208	2026-05-07T16:50:56+00:00
art/slideshows/album5/T13/sih_t13_f01.webp	2	486832	2026-05-07T16:50:57+00:00
art/slideshows/album5/T14/sih_t14_f01.webp	2	472142	2026-05-07T16:50:58+00:00
art/slideshows/album5/T15/sih_t15_f01.webp	2	963858	2026-05-07T16:51:00+00:00
art/slideshows/album5/T16/sih_t16_f01.webp	2	1120370	2026-05-07T16:51:00+00:00
art/slideshows/album5/T17/sih_t17_f01.webp	2	491152	2026-05-07T16:51:01+00:00
art/slideshows/album5/T18/sih_t18_f01.webp	2	614918	2026-05-07T16:51:01+00:00
art/slideshows/album5/T19/sih_t19_f01.webp	2	435158	2026-05-07T16:51:02+00:00
art/slideshows/album5/T20/sih_t20_f01.webp	2	1120558	2026-05-07T16:51:03+00:00
art/slideshows/album5/T21/sih_t21_f01.webp	2	507070	2026-05-07T16:51:04+00:00
art/slideshows/album5/T22/sih_t22_f01.webp	2	475196	2026-05-07T16:51:05+00:00
art/slideshows/album5/T23/sih_t23_f01.webp	2	57658	2026-05-07T16:51:06+00:00
art/slideshows/album5/T24/sih_t24_f01.webp	2	551560	2026-05-07T16:51:06+00:00
art/slideshows/album5/T25/sih_t25_f01.webp	2	351732	2026-05-07T16:51:07+00:00
art/slideshows/album5/T26/sih_t26_f01.webp	2	433962	2026-05-07T16:51:08+00:00
art/slideshows/album5/T27/sih_t27_f01.webp	2	162696	2026-05-07T16:51:09+00:00
art/slideshows/album5/T28/sih_t28_f01.webp	2	499470	2026-05-07T16:51:10+00:00
art/slideshows/album5/T29/sih_t29_f01.webp	2	500714	2026-05-07T16:51:11+00:00
art/slideshows/album5/T30/sih_t30_f01.webp	2	489442	2026-05-07T16:51:12+00:00
art/slideshows/album5/T31/sih_t31_f01.webp	2	333970	2026-05-07T16:51:13+00:00
art/slideshows/album5/T32/sih_t32_f01.webp	2	155320	2026-05-07T16:51:13+00:00
art/slideshows/album5/T33/sih_t33_f01.webp	2	214454	2026-05-07T16:51:14+00:00
art/slideshows/album5/T34/sih_t34_f01.webp	2	350070	2026-05-07T16:51:15+00:00
art/slideshows/album5/T35/sih_t35_f01.webp	2	574244	2026-05-07T16:51:16+00:00
art/slideshows/album5/T36/sih_t36_f01.webp	2	507508	2026-05-07T16:51:16+00:00
art/slideshows/album5/T37/sih_t37_f01.webp	2	305248	2026-05-07T16:51:17+00:00
art/soul-stones/soul-stone-gold.png	1	5800336	2026-04-22T04:31:08+00:00
art/soul-stones/soul-stone-red.png	1	5409593	2026-04-22T04:31:08+00:00
art/soul-stones/soul-stone-violet.png	1	6574383	2026-04-22T04:31:08+00:00
art/special-maps/special-gamemasters-coliseum.png	1	3935921	2026-04-22T04:31:08+00:00
art/special-maps/special-thaloria-debate-stage.png	1	3660474	2026-04-22T04:31:08+00:00
art/special-maps/special-trade-empire-routes.png	1	9455883	2026-04-22T04:31:10+00:00
art/specimens/auros-fragment.png	1	5111871	2026-05-20T01:33:20+00:00
art/specimens/cipher-fragment.png	2	711633	2026-04-26T02:32:35+00:00
art/specimens/cog-fragment.png	1	5620752	2026-05-20T01:33:34+00:00
art/specimens/dischordian-first-word.png	1	1542065	2026-04-22T04:31:09+00:00
art/specimens/dischordian-paradox.png	1	1447670	2026-04-22T04:31:09+00:00
art/specimens/dischordian-witness.png	1	1100160	2026-04-22T04:31:09+00:00
art/specimens/echo-fragment.png	2	433111	2026-04-26T02:32:35+00:00
art/specimens/flicker-fragment.png	1	745553	2026-04-26T02:32:37+00:00
art/specimens/gilt-fragment.png	1	486906	2026-04-26T02:32:36+00:00
art/specimens/lux-fragment.png	2	294820	2026-04-26T02:32:36+00:00
art/specimens/nyx-fragment.png	1	4950921	2026-05-20T01:33:32+00:00
art/specimens/sibyl-fragment.png	1	5817901	2026-05-20T01:33:28+00:00
art/specimens/spore-fragment.png	1	446250	2026-04-22T04:31:11+00:00
art/specimens/strain-fragment.png	1	5777058	2026-05-20T01:33:26+00:00
art/specimens/toxis-fragment.png	1	5071673	2026-05-20T01:33:23+00:00
art/spectral/spectral-auros.png	1	5616123	2026-04-22T04:31:14+00:00
art/spectral/spectral-cipher.png	1	5576300	2026-04-22T04:31:14+00:00
art/spectral/spectral-cog.png	1	5564160	2026-04-22T04:31:14+00:00
art/spectral/spectral-echo.png	1	1342100	2026-04-22T04:31:11+00:00
art/spectral/spectral-flicker.png	1	1628266	2026-04-22T04:31:12+00:00
art/spectral/spectral-gilt.png	1	5375203	2026-04-22T04:31:15+00:00
art/spectral/spectral-glyph.png	1	5692548	2026-04-22T04:31:16+00:00
art/spectral/spectral-lux.png	1	5646841	2026-04-22T04:31:16+00:00
art/spectral/spectral-nyx.png	1	1418588	2026-04-22T04:31:13+00:00
art/spectral/spectral-sibyl.png	1	6283394	2026-04-22T04:31:16+00:00
art/spectral/spectral-spore.png	1	1245776	2026-04-22T04:31:13+00:00
art/spectral/spectral-strain.png	1	5215538	2026-04-22T04:31:17+00:00
art/spectral/spectral-toxis.png	1	5631389	2026-04-22T04:31:17+00:00
art/sprites/apprentice/artisan_dawn_activity.png	1	5287186	2026-05-12T18:08:13+00:00
art/sprites/apprentice/artisan_dusk_activity.png	1	5194434	2026-05-12T18:08:13+00:00
art/sprites/apprentice/artisan_midday_activity.png	1	5322287	2026-05-12T18:08:13+00:00
art/sprites/apprentice/artisan_nightwatch_activity.png	1	5331195	2026-05-12T18:08:13+00:00
art/sprites/apprentice/ghost_dawn_activity.png	1	5204631	2026-05-12T18:08:13+00:00
art/sprites/apprentice/ghost_dusk_activity.png	1	5554620	2026-05-12T18:08:15+00:00
art/sprites/apprentice/ghost_midday_activity.png	1	5322622	2026-05-12T18:08:16+00:00
art/sprites/apprentice/ghost_nightwatch_activity.png	1	4752590	2026-05-12T18:08:20+00:00
art/sprites/apprentice/heretic_dawn_activity.png	1	5522594	2026-05-12T18:08:20+00:00
art/sprites/apprentice/heretic_dusk_activity.png	1	4724588	2026-05-12T18:08:21+00:00
art/sprites/apprentice/heretic_midday_activity.png	1	5288602	2026-05-12T18:08:21+00:00
art/sprites/apprentice/heretic_nightwatch_activity.png	1	5362858	2026-05-12T18:08:21+00:00
art/sprites/apprentice/jester_dawn_activity.png	1	5374396	2026-05-12T18:08:21+00:00
art/sprites/apprentice/jester_dusk_activity.png	1	5346277	2026-05-12T18:08:22+00:00
art/sprites/apprentice/jester_midday_activity.png	1	5447097	2026-05-12T18:08:22+00:00
art/sprites/apprentice/jester_nightwatch_activity.png	1	5207002	2026-05-12T18:08:23+00:00
art/sprites/apprentice/martyr_dawn_activity.png	1	5460669	2026-05-12T18:08:23+00:00
art/sprites/apprentice/martyr_dusk_activity.png	1	5009098	2026-05-12T18:08:23+00:00
art/sprites/apprentice/martyr_midday_activity.png	1	5370084	2026-05-12T18:08:24+00:00
art/sprites/apprentice/martyr_nightwatch_activity.png	1	4804757	2026-05-12T18:08:24+00:00
art/sprites/apprentice/oracle_dawn_activity.png	1	5435309	2026-05-12T18:08:25+00:00
art/sprites/apprentice/oracle_dusk_activity.png	1	4943511	2026-05-12T18:08:26+00:00
art/sprites/apprentice/oracle_midday_activity.png	1	5664967	2026-05-12T18:08:27+00:00
art/sprites/apprentice/oracle_nightwatch_activity.png	1	5059226	2026-05-12T18:08:27+00:00
art/sprites/apprentice/prodigal_dawn_activity.png	1	5614349	2026-05-12T18:08:28+00:00
art/sprites/apprentice/prodigal_dusk_activity.png	1	5109902	2026-05-12T18:08:28+00:00
art/sprites/apprentice/prodigal_midday_activity.png	1	5752862	2026-05-12T18:08:28+00:00
art/sprites/apprentice/prodigal_nightwatch_activity.png	1	5285642	2026-05-12T18:08:30+00:00
art/sprites/apprentice/revenant_dawn_activity.png	1	5105419	2026-05-12T18:08:31+00:00
art/sprites/apprentice/revenant_dusk_activity.png	1	4980559	2026-05-12T18:08:31+00:00
art/sprites/apprentice/revenant_midday_activity.png	1	4918412	2026-05-12T18:08:31+00:00
art/sprites/apprentice/revenant_nightwatch_activity.png	1	4927629	2026-05-12T18:08:31+00:00
art/sprites/apprentice/scholar_dawn_activity.png	1	5215902	2026-05-12T18:08:32+00:00
art/sprites/apprentice/scholar_dusk_activity.png	1	5062930	2026-05-12T18:08:32+00:00
art/sprites/apprentice/scholar_midday_activity.png	1	5483395	2026-05-12T18:08:32+00:00
art/sprites/apprentice/scholar_nightwatch_activity.png	1	5481188	2026-05-12T18:08:32+00:00
art/sprites/apprentice/sentinel_dawn_activity.png	1	5290923	2026-05-12T18:08:33+00:00
art/sprites/apprentice/sentinel_dusk_activity.png	1	5347941	2026-05-12T18:08:33+00:00
art/sprites/apprentice/sentinel_midday_activity.png	1	5362616	2026-05-12T18:08:33+00:00
art/sprites/apprentice/sentinel_nightwatch_activity.png	1	4714385	2026-05-12T18:08:35+00:00
art/sprites/apprentice/wanderer_dawn_activity.png	1	5376524	2026-05-12T18:08:35+00:00
art/sprites/apprentice/wanderer_dusk_activity.png	1	4936905	2026-05-12T18:08:35+00:00
art/sprites/apprentice/wanderer_midday_activity.png	1	5725998	2026-05-12T18:08:37+00:00
art/sprites/apprentice/wanderer_nightwatch_activity.png	1	5107205	2026-05-12T18:08:37+00:00
art/sprites/apprentice/zealot_dawn_activity.png	1	5464442	2026-05-12T18:08:38+00:00
art/sprites/apprentice/zealot_dusk_activity.png	1	5065084	2026-05-12T18:08:38+00:00
art/sprites/apprentice/zealot_midday_activity.png	1	5374635	2026-05-12T18:08:39+00:00
art/sprites/apprentice/zealot_nightwatch_activity.png	1	5757150	2026-05-12T18:08:40+00:00
art/sprites/recruit/akai_shi_dawn_activity.png	1	5479340	2026-05-12T18:08:41+00:00
art/sprites/recruit/akai_shi_dusk_activity.png	1	5962385	2026-05-12T18:08:42+00:00
art/sprites/recruit/akai_shi_midday_activity.png	1	5325561	2026-05-12T18:08:42+00:00
art/sprites/recruit/akai_shi_nightwatch_activity.png	1	4994290	2026-05-12T18:08:42+00:00
art/sprites/recruit/jericho_jones_dawn_activity.png	1	5448568	2026-05-12T18:08:42+00:00
art/sprites/recruit/jericho_jones_dusk_activity.png	1	4999021	2026-05-12T18:08:42+00:00
art/sprites/recruit/jericho_jones_midday_activity.png	1	5244633	2026-05-12T18:08:43+00:00
art/sprites/recruit/jericho_jones_nightwatch_activity.png	1	5502520	2026-05-12T18:08:44+00:00
art/sprites/recruit/locke_dawn_activity.png	1	5002027	2026-05-12T18:08:44+00:00
art/sprites/recruit/locke_dusk_activity.png	1	5300245	2026-05-12T18:08:44+00:00
art/sprites/recruit/locke_midday_activity.png	1	5561613	2026-05-12T18:08:44+00:00
art/sprites/recruit/locke_nightwatch_activity.png	1	4772695	2026-05-12T18:08:45+00:00
art/sprites/recruit/vex_solene_dawn_activity.png	1	5414225	2026-05-12T18:08:46+00:00
art/sprites/recruit/vex_solene_dusk_activity.png	1	5146727	2026-05-12T18:08:47+00:00
art/sprites/recruit/vex_solene_midday_activity.png	1	5451125	2026-05-12T18:08:48+00:00
art/sprites/recruit/vex_solene_nightwatch_activity.png	1	4941784	2026-05-12T18:08:49+00:00
art/sprites/recruit/wraith_calder_dawn_activity.png	1	5134784	2026-05-12T18:08:49+00:00
art/sprites/recruit/wraith_calder_dusk_activity.png	1	4967098	2026-05-12T18:08:49+00:00
art/sprites/recruit/wraith_calder_midday_activity.png	1	5612459	2026-05-12T18:08:49+00:00
art/sprites/recruit/wraith_calder_nightwatch_activity.png	1	4438814	2026-05-12T18:08:49+00:00
art/story-icons/ch1-awakening.png	1	6747224	2026-04-22T04:31:18+00:00
art/story-icons/ch2-first-contact.png	1	6023469	2026-04-22T04:31:18+00:00
art/story-icons/ch3-the-infection.png	1	7191104	2026-04-22T04:31:20+00:00
art/story-icons/ch4-breaking-point.png	1	8289764	2026-04-22T04:31:20+00:00
art/story-icons/ch5-war.png	1	7877213	2026-04-22T04:31:20+00:00
art/story-icons/ch6-resolution.png	1	6563085	2026-04-22T04:31:20+00:00
art/story-icons/epoch-age-of-privacy.png	1	7360995	2026-04-22T04:31:21+00:00
art/story-icons/epoch-dischordian-war.png	1	8201935	2026-04-22T04:31:21+00:00
art/story-icons/epoch-fall-of-reality.png	1	6611760	2026-04-22T04:31:21+00:00
art/strain/strain-dream-asc.png	1	6669796	2026-04-22T04:31:21+00:00
art/strain/strain-dream-comp.png	1	6222060	2026-04-22T04:31:21+00:00
art/strain/strain-dream-frag.png	1	5838159	2026-04-22T04:31:21+00:00
art/strain/strain-hier-asc.png	1	6756475	2026-04-22T04:31:22+00:00
art/strain/strain-hier-comp.png	1	6772846	2026-04-22T04:31:22+00:00
art/strain/strain-hier-frag.png	1	6464765	2026-04-22T04:31:22+00:00
art/strain/strain-norm-asc.png	1	7241338	2026-04-22T04:31:24+00:00
art/strain/strain-norm-comp.png	1	1592690	2026-04-22T04:31:21+00:00
art/strain/strain-norm-frag.png	1	1359066	2026-04-22T04:31:21+00:00
art/strain/strain-scar-asc.png	1	7661755	2026-04-22T04:31:25+00:00
art/strain/strain-scar-comp.png	1	1485559	2026-04-22T04:31:22+00:00
art/strain/strain-scar-frag.png	1	1402804	2026-04-22T04:31:22+00:00
art/suits/aetheric-dirigible-rig/common/arms.png	1	1379734	2026-04-22T04:31:22+00:00
art/suits/aetheric-dirigible-rig/common/back.png	1	2720824	2026-04-22T04:31:24+00:00
art/suits/aetheric-dirigible-rig/common/belt.png	1	1857641	2026-04-22T04:31:22+00:00
art/suits/aetheric-dirigible-rig/common/chest.png	1	3438540	2026-04-22T04:31:24+00:00
art/suits/aetheric-dirigible-rig/common/feet.png	1	2027504	2026-04-22T04:31:24+00:00
art/suits/aetheric-dirigible-rig/common/gloves.png	1	2862774	2026-04-22T04:31:24+00:00
art/suits/aetheric-dirigible-rig/common/head.png	1	2298542	2026-04-22T04:31:24+00:00
art/suits/aetheric-dirigible-rig/common/legs.png	1	1937568	2026-04-22T04:31:24+00:00
art/suits/aetheric-dirigible-rig/common/shoulders.png	1	1813862	2026-04-22T04:31:24+00:00
art/suits/aetheric-dirigible-rig/common/weapon-primary.png	1	1987489	2026-04-22T04:31:25+00:00
art/suits/aetheric-dirigible-rig/epic/arms.png	1	2252516	2026-04-22T04:31:25+00:00
art/suits/aetheric-dirigible-rig/epic/back.png	1	2335786	2026-04-22T04:31:25+00:00
art/suits/aetheric-dirigible-rig/epic/belt.png	1	1581050	2026-04-22T04:31:25+00:00
art/suits/aetheric-dirigible-rig/epic/chest.png	1	2890731	2026-04-22T04:31:25+00:00
art/suits/aetheric-dirigible-rig/epic/feet.png	1	2672400	2026-04-22T04:31:25+00:00
art/suits/aetheric-dirigible-rig/epic/gloves.png	1	1819287	2026-04-22T04:31:25+00:00
art/suits/aetheric-dirigible-rig/epic/head.png	1	2350656	2026-04-22T04:31:25+00:00
art/suits/aetheric-dirigible-rig/epic/legs.png	1	1920225	2026-04-22T04:31:26+00:00
art/suits/aetheric-dirigible-rig/epic/shoulders.png	1	2394947	2026-04-22T04:31:26+00:00
art/suits/aetheric-dirigible-rig/epic/weapon-primary.png	1	2051551	2026-04-22T04:31:26+00:00
art/suits/aetheric-dirigible-rig/legendary/arms.png	1	1697922	2026-04-22T04:31:26+00:00
art/suits/aetheric-dirigible-rig/legendary/back.png	1	2325018	2026-04-22T04:31:26+00:00
art/suits/aetheric-dirigible-rig/legendary/belt.png	1	1008109	2026-04-22T04:31:26+00:00
art/suits/aetheric-dirigible-rig/legendary/chest.png	1	2353467	2026-04-22T04:31:26+00:00
art/suits/aetheric-dirigible-rig/legendary/feet.png	1	2004039	2026-04-22T04:31:26+00:00
art/suits/aetheric-dirigible-rig/legendary/gloves.png	1	1873304	2026-04-22T04:31:27+00:00
art/suits/aetheric-dirigible-rig/legendary/head.png	1	1689357	2026-04-22T04:31:27+00:00
art/suits/aetheric-dirigible-rig/legendary/legs.png	1	1585029	2026-04-22T04:31:27+00:00
art/suits/aetheric-dirigible-rig/legendary/shoulders.png	1	1887275	2026-04-22T04:31:27+00:00
art/suits/aetheric-dirigible-rig/legendary/weapon-primary.png	1	1169764	2026-04-22T04:31:27+00:00
art/suits/aetheric-dirigible-rig/mythic/arms.png	1	1794337	2026-04-22T04:31:27+00:00
art/suits/aetheric-dirigible-rig/mythic/back.png	1	2140728	2026-04-22T04:31:27+00:00
art/suits/aetheric-dirigible-rig/mythic/belt.png	1	2946187	2026-04-22T04:31:27+00:00
art/suits/aetheric-dirigible-rig/mythic/chest.png	1	2938569	2026-04-22T04:31:29+00:00
art/suits/aetheric-dirigible-rig/mythic/feet.png	1	2354997	2026-04-22T04:31:29+00:00
art/suits/aetheric-dirigible-rig/mythic/gloves.png	1	1685843	2026-04-22T04:31:29+00:00
art/suits/aetheric-dirigible-rig/mythic/head.png	1	2617424	2026-04-22T04:31:29+00:00
art/suits/aetheric-dirigible-rig/mythic/legs.png	1	3095922	2026-04-22T04:31:29+00:00
art/suits/aetheric-dirigible-rig/mythic/shoulders.png	1	2188771	2026-04-22T04:31:29+00:00
art/suits/aetheric-dirigible-rig/mythic/weapon-primary.png	1	2179482	2026-04-22T04:31:29+00:00
art/suits/aetheric-dirigible-rig/rare/arms.png	1	2452978	2026-04-22T04:31:29+00:00
art/suits/aetheric-dirigible-rig/rare/back.png	1	2319247	2026-04-22T04:31:30+00:00
art/suits/aetheric-dirigible-rig/rare/belt.png	1	1448255	2026-04-22T04:31:30+00:00
art/suits/aetheric-dirigible-rig/rare/chest.png	1	2436876	2026-04-22T04:31:30+00:00
art/suits/aetheric-dirigible-rig/rare/feet.png	1	2188979	2026-04-22T04:31:30+00:00
art/suits/aetheric-dirigible-rig/rare/gloves.png	1	1847279	2026-04-22T04:31:30+00:00
art/suits/aetheric-dirigible-rig/rare/head.png	1	1762504	2026-04-22T04:31:30+00:00
art/suits/aetheric-dirigible-rig/rare/legs.png	1	2135954	2026-04-22T04:31:30+00:00
art/suits/aetheric-dirigible-rig/rare/shoulders.png	1	1369817	2026-04-22T04:31:30+00:00
art/suits/aetheric-dirigible-rig/rare/weapon-primary.png	1	821099	2026-04-22T04:31:32+00:00
art/suits/aetheric-dirigible-rig/uncommon/arms.png	1	2202156	2026-04-22T04:31:32+00:00
art/suits/aetheric-dirigible-rig/uncommon/back.png	1	2845056	2026-04-22T04:31:32+00:00
art/suits/aetheric-dirigible-rig/uncommon/belt.png	1	1834316	2026-04-22T04:31:32+00:00
art/suits/aetheric-dirigible-rig/uncommon/chest.png	1	2811691	2026-04-22T04:31:32+00:00
art/suits/aetheric-dirigible-rig/uncommon/feet.png	1	2280690	2026-04-22T04:31:32+00:00
art/suits/aetheric-dirigible-rig/uncommon/gloves.png	1	1740753	2026-04-22T04:31:32+00:00
art/suits/aetheric-dirigible-rig/uncommon/head.png	1	2286272	2026-04-22T04:31:32+00:00
art/suits/aetheric-dirigible-rig/uncommon/legs.png	1	1681404	2026-04-22T04:31:32+00:00
art/suits/aetheric-dirigible-rig/uncommon/shoulders.png	1	1639915	2026-04-22T04:31:32+00:00
art/suits/aetheric-dirigible-rig/uncommon/weapon-primary.png	1	2091316	2026-04-22T04:31:32+00:00
art/suits/arcane-rune-regalia/common/arms.png	1	190273	2026-04-22T04:31:32+00:00
art/suits/arcane-rune-regalia/common/back.png	1	1215909	2026-04-22T04:31:32+00:00
art/suits/arcane-rune-regalia/common/belt.png	1	1592049	2026-04-22T04:31:32+00:00
art/suits/arcane-rune-regalia/common/chest.png	1	2154074	2026-04-22T04:31:33+00:00
art/suits/arcane-rune-regalia/common/feet.png	1	2591585	2026-04-22T04:31:33+00:00
art/suits/arcane-rune-regalia/common/gloves.png	1	1420059	2026-04-22T04:31:33+00:00
art/suits/arcane-rune-regalia/common/head.png	1	1715393	2026-04-22T04:31:33+00:00
art/suits/arcane-rune-regalia/common/legs.png	1	1853354	2026-04-22T04:31:33+00:00
art/suits/arcane-rune-regalia/common/shoulders.png	1	1597170	2026-04-22T04:31:33+00:00
art/suits/arcane-rune-regalia/common/weapon-primary.png	1	1845521	2026-04-22T04:31:33+00:00
art/suits/arcane-rune-regalia/epic/arms.png	1	2743046	2026-04-22T04:31:33+00:00
art/suits/arcane-rune-regalia/epic/back.png	1	1856901	2026-04-22T04:31:34+00:00
art/suits/arcane-rune-regalia/epic/belt.png	1	1970901	2026-04-22T04:31:35+00:00
art/suits/arcane-rune-regalia/epic/chest.png	1	1802788	2026-04-22T04:31:34+00:00
art/suits/arcane-rune-regalia/epic/feet.png	1	1494094	2026-04-22T04:31:34+00:00
art/suits/arcane-rune-regalia/epic/gloves.png	1	1898822	2026-04-22T04:31:34+00:00
art/suits/arcane-rune-regalia/epic/head.png	1	1709719	2026-04-22T04:31:34+00:00
art/suits/arcane-rune-regalia/epic/legs.png	1	1744236	2026-04-22T04:31:34+00:00
art/suits/arcane-rune-regalia/epic/shoulders.png	1	984271	2026-04-22T04:31:34+00:00
art/suits/arcane-rune-regalia/epic/weapon-primary.png	1	1988120	2026-04-22T04:31:36+00:00
art/suits/arcane-rune-regalia/legendary/arms.png	1	304605	2026-04-22T04:31:36+00:00
art/suits/arcane-rune-regalia/legendary/back.png	1	2582192	2026-04-22T04:31:36+00:00
art/suits/arcane-rune-regalia/legendary/belt.png	1	1290187	2026-04-22T04:31:36+00:00
art/suits/arcane-rune-regalia/legendary/chest.png	1	2780358	2026-04-22T04:31:36+00:00
art/suits/arcane-rune-regalia/legendary/feet.png	1	2066533	2026-04-22T04:31:36+00:00
art/suits/arcane-rune-regalia/legendary/gloves.png	1	1886806	2026-04-22T04:31:36+00:00
art/suits/arcane-rune-regalia/legendary/head.png	1	1632685	2026-04-22T04:31:36+00:00
art/suits/arcane-rune-regalia/legendary/legs.png	1	2067767	2026-04-22T04:31:37+00:00
art/suits/arcane-rune-regalia/legendary/shoulders.png	1	1141796	2026-04-22T04:31:37+00:00
art/suits/arcane-rune-regalia/legendary/weapon-primary.png	1	1410039	2026-04-22T04:31:37+00:00
art/suits/arcane-rune-regalia/mythic/arms.png	1	2928927	2026-04-22T04:31:37+00:00
art/suits/arcane-rune-regalia/mythic/back.png	1	2133719	2026-04-22T04:31:37+00:00
art/suits/arcane-rune-regalia/mythic/belt.png	1	1548371	2026-04-22T04:31:37+00:00
art/suits/arcane-rune-regalia/mythic/chest.png	1	2027425	2026-04-22T04:31:38+00:00
art/suits/arcane-rune-regalia/mythic/feet.png	1	1675174	2026-04-22T04:31:38+00:00
art/suits/arcane-rune-regalia/mythic/gloves.png	1	1667624	2026-04-22T04:31:38+00:00
art/suits/arcane-rune-regalia/mythic/head.png	1	544841	2026-04-22T04:31:37+00:00
art/suits/arcane-rune-regalia/mythic/legs.png	1	2276521	2026-04-22T04:31:39+00:00
art/suits/arcane-rune-regalia/mythic/shoulders.png	1	731346	2026-04-22T04:31:38+00:00
art/suits/arcane-rune-regalia/mythic/weapon-primary.png	1	792249	2026-04-22T04:31:38+00:00
art/suits/arcane-rune-regalia/rare/arms.png	1	970788	2026-04-22T04:31:39+00:00
art/suits/arcane-rune-regalia/rare/back.png	1	2002341	2026-04-22T04:31:39+00:00
art/suits/arcane-rune-regalia/rare/belt.png	1	2137817	2026-04-22T04:31:39+00:00
art/suits/arcane-rune-regalia/rare/chest.png	1	2337516	2026-04-22T04:31:40+00:00
art/suits/arcane-rune-regalia/rare/feet.png	1	1857364	2026-04-22T04:31:39+00:00
art/suits/arcane-rune-regalia/rare/gloves.png	1	1680194	2026-04-22T04:31:39+00:00
art/suits/arcane-rune-regalia/rare/head.png	1	1783201	2026-04-22T04:31:39+00:00
art/suits/arcane-rune-regalia/rare/legs.png	1	1152337	2026-04-22T04:31:39+00:00
art/suits/arcane-rune-regalia/rare/shoulders.png	1	253547	2026-04-22T04:31:39+00:00
art/suits/arcane-rune-regalia/rare/weapon-primary.png	1	1759822	2026-04-22T04:31:40+00:00
art/suits/arcane-rune-regalia/uncommon/arms.png	1	1527186	2026-04-22T04:31:40+00:00
art/suits/arcane-rune-regalia/uncommon/back.png	1	1808912	2026-04-22T04:31:40+00:00
art/suits/arcane-rune-regalia/uncommon/belt.png	1	629210	2026-04-22T04:31:39+00:00
art/suits/arcane-rune-regalia/uncommon/chest.png	1	1608024	2026-04-22T04:31:40+00:00
art/suits/arcane-rune-regalia/uncommon/feet.png	1	2205696	2026-04-22T04:31:40+00:00
art/suits/arcane-rune-regalia/uncommon/gloves.png	1	1384351	2026-04-22T04:31:40+00:00
art/suits/arcane-rune-regalia/uncommon/head.png	1	1915123	2026-04-22T04:31:40+00:00
art/suits/arcane-rune-regalia/uncommon/legs.png	1	919142	2026-04-22T04:31:40+00:00
art/suits/arcane-rune-regalia/uncommon/shoulders.png	1	850054	2026-04-22T04:31:40+00:00
art/suits/arcane-rune-regalia/uncommon/weapon-primary.png	1	1621990	2026-04-22T04:31:40+00:00
art/suits/black-crepe-weave/common/arms.png	1	1579770	2026-04-22T04:31:40+00:00
art/suits/black-crepe-weave/common/back.png	1	809625	2026-04-22T04:31:40+00:00
art/suits/black-crepe-weave/common/belt.png	1	1287314	2026-04-22T04:31:41+00:00
art/suits/black-crepe-weave/common/chest.png	1	1492475	2026-04-22T04:31:41+00:00
art/suits/black-crepe-weave/common/feet.png	1	1296781	2026-04-22T04:31:41+00:00
art/suits/black-crepe-weave/common/gloves.png	1	2258546	2026-04-22T04:31:42+00:00
art/suits/black-crepe-weave/common/head.png	1	2165032	2026-04-22T04:31:42+00:00
art/suits/black-crepe-weave/common/legs.png	1	2060216	2026-04-22T04:31:41+00:00
art/suits/black-crepe-weave/common/shoulders.png	1	1912456	2026-04-22T04:31:42+00:00
art/suits/black-crepe-weave/common/weapon-primary.png	1	118717	2026-04-22T04:31:41+00:00
art/suits/black-crepe-weave/epic/arms.png	1	1540116	2026-04-22T04:31:42+00:00
art/suits/black-crepe-weave/epic/back.png	1	886609	2026-04-22T04:31:42+00:00
art/suits/black-crepe-weave/epic/belt.png	1	456667	2026-04-22T04:31:42+00:00
art/suits/black-crepe-weave/epic/chest.png	1	2934923	2026-04-22T04:31:43+00:00
art/suits/black-crepe-weave/epic/feet.png	1	1597331	2026-04-22T04:31:43+00:00
art/suits/black-crepe-weave/epic/gloves.png	1	2004769	2026-04-22T04:31:43+00:00
art/suits/black-crepe-weave/epic/head.png	1	2052444	2026-04-22T04:31:43+00:00
art/suits/black-crepe-weave/epic/legs.png	1	2410178	2026-04-22T04:31:43+00:00
art/suits/black-crepe-weave/epic/shoulders.png	1	1141597	2026-04-22T04:31:43+00:00
art/suits/black-crepe-weave/epic/weapon-primary.png	1	1665438	2026-04-22T04:31:43+00:00
art/suits/black-crepe-weave/legendary/arms.png	1	289165	2026-04-22T04:31:43+00:00
art/suits/black-crepe-weave/legendary/back.png	1	1060183	2026-04-22T04:31:44+00:00
art/suits/black-crepe-weave/legendary/belt.png	1	2677745	2026-04-22T04:31:44+00:00
art/suits/black-crepe-weave/legendary/chest.png	1	2285823	2026-04-22T04:31:44+00:00
art/suits/black-crepe-weave/legendary/feet.png	1	1254424	2026-04-22T04:31:44+00:00
art/suits/black-crepe-weave/legendary/gloves.png	1	1667753	2026-04-22T04:31:44+00:00
art/suits/black-crepe-weave/legendary/head.png	1	2206274	2026-04-22T04:31:44+00:00
art/suits/black-crepe-weave/legendary/legs.png	1	2007405	2026-04-22T04:31:44+00:00
art/suits/black-crepe-weave/legendary/shoulders.png	1	789707	2026-04-22T04:31:44+00:00
art/suits/black-crepe-weave/legendary/weapon-primary.png	1	1819665	2026-04-22T04:31:44+00:00
art/suits/black-crepe-weave/mythic/arms.png	1	1457380	2026-04-22T04:31:45+00:00
art/suits/black-crepe-weave/mythic/back.png	1	1484619	2026-04-22T04:31:45+00:00
art/suits/black-crepe-weave/mythic/belt.png	1	899182	2026-04-22T04:31:45+00:00
art/suits/black-crepe-weave/mythic/chest.png	1	2540879	2026-04-22T04:31:45+00:00
art/suits/black-crepe-weave/mythic/feet.png	1	2994785	2026-04-22T04:31:45+00:00
art/suits/black-crepe-weave/mythic/gloves.png	1	2227765	2026-04-22T04:31:45+00:00
art/suits/black-crepe-weave/mythic/head.png	1	1903451	2026-04-22T04:31:45+00:00
art/suits/black-crepe-weave/mythic/legs.png	1	703100	2026-04-22T04:31:45+00:00
art/suits/black-crepe-weave/mythic/shoulders.png	1	1837380	2026-04-22T04:31:46+00:00
art/suits/black-crepe-weave/mythic/weapon-primary.png	1	654665	2026-04-22T04:31:46+00:00
art/suits/black-crepe-weave/rare/arms.png	1	1529588	2026-04-22T04:31:46+00:00
art/suits/black-crepe-weave/rare/back.png	1	777158	2026-04-22T04:31:46+00:00
art/suits/black-crepe-weave/rare/belt.png	1	1281954	2026-04-22T04:31:46+00:00
art/suits/black-crepe-weave/rare/chest.png	1	1077915	2026-04-22T04:31:46+00:00
art/suits/black-crepe-weave/rare/feet.png	1	928615	2026-04-22T04:31:46+00:00
art/suits/black-crepe-weave/rare/gloves.png	1	2025037	2026-04-22T04:31:46+00:00
art/suits/black-crepe-weave/rare/head.png	1	1937777	2026-04-22T04:31:47+00:00
art/suits/black-crepe-weave/rare/legs.png	1	1262004	2026-04-22T04:31:47+00:00
art/suits/black-crepe-weave/rare/shoulders.png	1	954587	2026-04-22T04:31:47+00:00
art/suits/black-crepe-weave/rare/weapon-primary.png	1	780590	2026-04-22T04:31:47+00:00
art/suits/black-crepe-weave/uncommon/arms.png	1	233954	2026-04-22T04:31:47+00:00
art/suits/black-crepe-weave/uncommon/back.png	1	1141113	2026-04-22T04:31:47+00:00
art/suits/black-crepe-weave/uncommon/belt.png	1	895775	2026-04-22T04:31:47+00:00
art/suits/black-crepe-weave/uncommon/chest.png	1	2901417	2026-04-22T04:31:47+00:00
art/suits/black-crepe-weave/uncommon/feet.png	1	1901319	2026-04-22T04:31:48+00:00
art/suits/black-crepe-weave/uncommon/gloves.png	1	1103373	2026-04-22T04:31:48+00:00
art/suits/black-crepe-weave/uncommon/head.png	1	1809993	2026-04-22T04:31:48+00:00
art/suits/black-crepe-weave/uncommon/legs.png	1	2690875	2026-04-22T04:31:48+00:00
art/suits/black-crepe-weave/uncommon/shoulders.png	1	854402	2026-04-22T04:31:48+00:00
art/suits/black-crepe-weave/uncommon/weapon-primary.png	1	1525877	2026-04-22T04:31:48+00:00
art/suits/bulwark-of-the-eighth-column/common/arms.png	1	1930569	2026-04-22T04:31:48+00:00
art/suits/bulwark-of-the-eighth-column/common/back.png	1	1342135	2026-04-22T04:31:48+00:00
art/suits/bulwark-of-the-eighth-column/common/belt.png	1	2309236	2026-04-22T04:31:49+00:00
art/suits/bulwark-of-the-eighth-column/common/chest.png	1	2415833	2026-04-22T04:31:49+00:00
art/suits/bulwark-of-the-eighth-column/common/feet.png	1	1745735	2026-04-22T04:31:49+00:00
art/suits/bulwark-of-the-eighth-column/common/gloves.png	1	2103165	2026-04-22T04:31:50+00:00
art/suits/bulwark-of-the-eighth-column/common/head.png	1	1952410	2026-04-22T04:31:50+00:00
art/suits/bulwark-of-the-eighth-column/common/legs.png	1	1248926	2026-04-22T04:31:50+00:00
art/suits/bulwark-of-the-eighth-column/common/shoulders.png	1	342154	2026-04-22T04:31:49+00:00
art/suits/bulwark-of-the-eighth-column/common/weapon-primary.png	1	1787473	2026-04-22T04:31:50+00:00
art/suits/bulwark-of-the-eighth-column/epic/arms.png	1	2165253	2026-04-22T04:31:50+00:00
art/suits/bulwark-of-the-eighth-column/epic/back.png	1	1702239	2026-04-22T04:31:50+00:00
art/suits/bulwark-of-the-eighth-column/epic/belt.png	1	381537	2026-04-22T04:31:50+00:00
art/suits/bulwark-of-the-eighth-column/epic/chest.png	1	1987047	2026-04-22T04:31:50+00:00
art/suits/bulwark-of-the-eighth-column/epic/feet.png	1	1567219	2026-04-22T04:31:50+00:00
art/suits/bulwark-of-the-eighth-column/epic/gloves.png	1	1146558	2026-04-22T04:31:50+00:00
art/suits/bulwark-of-the-eighth-column/epic/head.png	1	1722508	2026-04-22T04:31:51+00:00
art/suits/bulwark-of-the-eighth-column/epic/legs.png	1	2346350	2026-04-22T04:31:51+00:00
art/suits/bulwark-of-the-eighth-column/epic/shoulders.png	1	1476861	2026-04-22T04:31:51+00:00
art/suits/bulwark-of-the-eighth-column/epic/weapon-primary.png	1	1751313	2026-04-22T04:31:52+00:00
art/suits/bulwark-of-the-eighth-column/legendary/arms.png	1	1477545	2026-04-22T04:31:51+00:00
art/suits/bulwark-of-the-eighth-column/legendary/back.png	1	2732986	2026-04-22T04:31:51+00:00
art/suits/bulwark-of-the-eighth-column/legendary/belt.png	1	2286466	2026-04-22T04:31:51+00:00
art/suits/bulwark-of-the-eighth-column/legendary/chest.png	1	1349870	2026-04-22T04:31:51+00:00
art/suits/bulwark-of-the-eighth-column/legendary/feet.png	1	2509631	2026-04-22T04:31:52+00:00
art/suits/bulwark-of-the-eighth-column/legendary/gloves.png	1	1800148	2026-04-22T04:31:52+00:00
art/suits/bulwark-of-the-eighth-column/legendary/head.png	1	2387340	2026-04-22T04:31:52+00:00
art/suits/bulwark-of-the-eighth-column/legendary/legs.png	1	1631360	2026-04-22T04:31:52+00:00
art/suits/bulwark-of-the-eighth-column/legendary/shoulders.png	1	2633775	2026-04-22T04:31:52+00:00
art/suits/bulwark-of-the-eighth-column/legendary/weapon-primary.png	1	1641079	2026-04-22T04:31:52+00:00
art/suits/bulwark-of-the-eighth-column/mythic/arms.png	1	1560167	2026-04-22T04:31:52+00:00
art/suits/bulwark-of-the-eighth-column/mythic/back.png	1	2451730	2026-04-22T04:31:52+00:00
art/suits/bulwark-of-the-eighth-column/mythic/belt.png	1	1981824	2026-04-22T04:31:54+00:00
art/suits/bulwark-of-the-eighth-column/mythic/chest.png	1	1097870	2026-04-22T04:31:54+00:00
art/suits/bulwark-of-the-eighth-column/mythic/feet.png	1	1460712	2026-04-22T04:31:54+00:00
art/suits/bulwark-of-the-eighth-column/mythic/gloves.png	1	1703969	2026-04-22T04:31:54+00:00
art/suits/bulwark-of-the-eighth-column/mythic/head.png	1	1653995	2026-04-22T04:31:54+00:00
art/suits/bulwark-of-the-eighth-column/mythic/legs.png	1	578644	2026-04-22T04:31:54+00:00
art/suits/bulwark-of-the-eighth-column/mythic/shoulders.png	1	1787591	2026-04-22T04:31:54+00:00
art/suits/bulwark-of-the-eighth-column/mythic/weapon-primary.png	1	2524640	2026-04-22T04:31:54+00:00
art/suits/bulwark-of-the-eighth-column/rare/arms.png	1	233235	2026-04-22T04:31:54+00:00
art/suits/bulwark-of-the-eighth-column/rare/back.png	1	2874054	2026-04-22T04:31:55+00:00
art/suits/bulwark-of-the-eighth-column/rare/belt.png	1	2250951	2026-04-22T04:31:55+00:00
art/suits/bulwark-of-the-eighth-column/rare/chest.png	1	1376664	2026-04-22T04:31:55+00:00
art/suits/bulwark-of-the-eighth-column/rare/feet.png	1	1154331	2026-04-22T04:31:55+00:00
art/suits/bulwark-of-the-eighth-column/rare/gloves.png	1	1777020	2026-04-22T04:31:55+00:00
art/suits/bulwark-of-the-eighth-column/rare/head.png	1	1588258	2026-04-22T04:31:55+00:00
art/suits/bulwark-of-the-eighth-column/rare/legs.png	1	2166674	2026-04-22T04:31:55+00:00
art/suits/bulwark-of-the-eighth-column/rare/shoulders.png	1	2391937	2026-04-22T04:31:55+00:00
art/suits/bulwark-of-the-eighth-column/rare/weapon-primary.png	1	517280	2026-04-22T04:31:55+00:00
art/suits/bulwark-of-the-eighth-column/uncommon/arms.png	1	907671	2026-04-22T04:31:55+00:00
art/suits/bulwark-of-the-eighth-column/uncommon/back.png	1	1043297	2026-04-22T04:31:56+00:00
art/suits/bulwark-of-the-eighth-column/uncommon/belt.png	1	944422	2026-04-22T04:31:56+00:00
art/suits/bulwark-of-the-eighth-column/uncommon/chest.png	1	1417554	2026-04-22T04:31:56+00:00
art/suits/bulwark-of-the-eighth-column/uncommon/feet.png	1	1620279	2026-04-22T04:31:56+00:00
art/suits/bulwark-of-the-eighth-column/uncommon/gloves.png	1	2015059	2026-04-22T04:31:56+00:00
art/suits/bulwark-of-the-eighth-column/uncommon/head.png	1	2337083	2026-04-22T04:31:57+00:00
art/suits/bulwark-of-the-eighth-column/uncommon/legs.png	1	1556132	2026-04-22T04:31:56+00:00
art/suits/bulwark-of-the-eighth-column/uncommon/shoulders.png	1	711757	2026-04-22T04:31:56+00:00
art/suits/bulwark-of-the-eighth-column/uncommon/weapon-primary.png	1	1109613	2026-04-22T04:31:57+00:00
art/suits/chronometer-livery/common/arms.png	1	1678284	2026-04-22T04:31:57+00:00
art/suits/chronometer-livery/common/back.png	1	1637325	2026-04-22T04:31:57+00:00
art/suits/chronometer-livery/common/belt.png	1	1804639	2026-04-22T04:31:57+00:00
art/suits/chronometer-livery/common/chest.png	1	2853429	2026-04-22T04:31:57+00:00
art/suits/chronometer-livery/common/feet.png	1	2442838	2026-04-22T04:31:57+00:00
art/suits/chronometer-livery/common/gloves.png	1	2021476	2026-04-22T04:31:57+00:00
art/suits/chronometer-livery/common/head.png	1	2161064	2026-04-22T04:31:58+00:00
art/suits/chronometer-livery/common/legs.png	1	1773161	2026-04-22T04:31:58+00:00
art/suits/chronometer-livery/common/shoulders.png	1	898333	2026-04-22T04:31:57+00:00
art/suits/chronometer-livery/common/weapon-primary.png	1	1116463	2026-04-22T04:31:58+00:00
art/suits/chronometer-livery/epic/arms.png	1	2272671	2026-04-22T04:31:59+00:00
art/suits/chronometer-livery/epic/back.png	1	2473787	2026-04-22T04:31:59+00:00
art/suits/chronometer-livery/epic/belt.png	1	1762673	2026-04-22T04:31:59+00:00
art/suits/chronometer-livery/epic/chest.png	1	2687516	2026-04-22T04:31:59+00:00
art/suits/chronometer-livery/epic/feet.png	1	1474346	2026-04-22T04:31:59+00:00
art/suits/chronometer-livery/epic/gloves.png	1	1543366	2026-04-22T04:31:59+00:00
art/suits/chronometer-livery/epic/head.png	1	2813668	2026-04-22T04:31:59+00:00
art/suits/chronometer-livery/epic/legs.png	1	1974754	2026-04-22T04:31:59+00:00
art/suits/chronometer-livery/epic/shoulders.png	1	1753315	2026-04-22T04:31:59+00:00
art/suits/chronometer-livery/epic/weapon-primary.png	1	710780	2026-04-22T04:31:59+00:00
art/suits/chronometer-livery/legendary/arms.png	1	1929456	2026-04-22T04:32:00+00:00
art/suits/chronometer-livery/legendary/back.png	1	2235666	2026-04-22T04:32:00+00:00
art/suits/chronometer-livery/legendary/belt.png	1	1258872	2026-04-22T04:32:00+00:00
art/suits/chronometer-livery/legendary/chest.png	1	2618976	2026-04-22T04:32:00+00:00
art/suits/chronometer-livery/legendary/feet.png	1	2003106	2026-04-22T04:32:00+00:00
art/suits/chronometer-livery/legendary/gloves.png	1	1737431	2026-04-22T04:32:00+00:00
art/suits/chronometer-livery/legendary/head.png	1	2583338	2026-04-22T04:32:00+00:00
art/suits/chronometer-livery/legendary/legs.png	1	1792109	2026-04-22T04:32:00+00:00
art/suits/chronometer-livery/legendary/shoulders.png	1	1884487	2026-04-22T04:32:00+00:00
art/suits/chronometer-livery/legendary/weapon-primary.png	1	1561392	2026-04-22T04:32:01+00:00
art/suits/chronometer-livery/mythic/arms.png	1	2166362	2026-04-22T04:32:02+00:00
art/suits/chronometer-livery/mythic/back.png	1	2042211	2026-04-22T04:32:02+00:00
art/suits/chronometer-livery/mythic/belt.png	1	2233281	2026-04-22T04:32:02+00:00
art/suits/chronometer-livery/mythic/chest.png	1	2390604	2026-04-22T04:32:02+00:00
art/suits/chronometer-livery/mythic/feet.png	1	2001863	2026-04-22T04:32:02+00:00
art/suits/chronometer-livery/mythic/gloves.png	1	3184462	2026-04-22T04:32:03+00:00
art/suits/chronometer-livery/mythic/head.png	1	1745301	2026-04-22T04:32:02+00:00
art/suits/chronometer-livery/mythic/legs.png	1	2120975	2026-04-22T04:32:03+00:00
art/suits/chronometer-livery/mythic/shoulders.png	1	1642296	2026-04-22T04:32:03+00:00
art/suits/chronometer-livery/mythic/weapon-primary.png	1	995242	2026-04-22T04:32:03+00:00
art/suits/chronometer-livery/rare/arms.png	1	1511415	2026-04-22T04:32:03+00:00
art/suits/chronometer-livery/rare/back.png	1	2617655	2026-04-22T04:32:04+00:00
art/suits/chronometer-livery/rare/belt.png	1	1832722	2026-04-22T04:32:03+00:00
art/suits/chronometer-livery/rare/chest.png	1	3374662	2026-04-22T04:32:04+00:00
art/suits/chronometer-livery/rare/feet.png	1	2814806	2026-04-22T04:32:04+00:00
art/suits/chronometer-livery/rare/gloves.png	1	2370293	2026-04-22T04:32:04+00:00
art/suits/chronometer-livery/rare/head.png	1	2498508	2026-04-22T04:32:04+00:00
art/suits/chronometer-livery/rare/legs.png	1	2309850	2026-04-22T04:32:04+00:00
art/suits/chronometer-livery/rare/shoulders.png	1	1226718	2026-04-22T04:32:04+00:00
art/suits/chronometer-livery/rare/weapon-primary.png	1	1373433	2026-04-22T04:32:04+00:00
art/suits/chronometer-livery/uncommon/arms.png	1	1495738	2026-04-22T04:32:04+00:00
art/suits/chronometer-livery/uncommon/back.png	1	1348852	2026-04-22T04:32:04+00:00
art/suits/chronometer-livery/uncommon/belt.png	1	2315322	2026-04-22T04:32:05+00:00
art/suits/chronometer-livery/uncommon/chest.png	1	2135946	2026-04-22T04:32:05+00:00
art/suits/chronometer-livery/uncommon/feet.png	1	1737353	2026-04-22T04:32:05+00:00
art/suits/chronometer-livery/uncommon/gloves.png	1	2776841	2026-04-22T04:32:05+00:00
art/suits/chronometer-livery/uncommon/head.png	1	2587485	2026-04-22T04:32:05+00:00
art/suits/chronometer-livery/uncommon/legs.png	1	1829510	2026-04-22T04:32:05+00:00
art/suits/chronometer-livery/uncommon/shoulders.png	1	1746414	2026-04-22T04:32:05+00:00
art/suits/chronometer-livery/uncommon/weapon-primary.png	1	1224001	2026-04-22T04:32:05+00:00
art/suits/clockwork-exoframe/common/arms.png	1	1746744	2026-04-22T04:32:07+00:00
art/suits/clockwork-exoframe/common/back.png	1	1344685	2026-04-22T04:32:07+00:00
art/suits/clockwork-exoframe/common/belt.png	1	705432	2026-04-22T04:32:06+00:00
art/suits/clockwork-exoframe/common/chest.png	1	3042515	2026-04-22T04:32:08+00:00
art/suits/clockwork-exoframe/common/feet.png	1	1017742	2026-04-22T04:32:06+00:00
art/suits/clockwork-exoframe/common/gloves.png	1	1634321	2026-04-22T04:32:07+00:00
art/suits/clockwork-exoframe/common/head.png	1	2224500	2026-04-22T04:32:08+00:00
art/suits/clockwork-exoframe/common/legs.png	1	2038068	2026-04-22T04:32:07+00:00
art/suits/clockwork-exoframe/common/shoulders.png	1	1567484	2026-04-22T04:32:07+00:00
art/suits/clockwork-exoframe/common/weapon-primary.png	1	1373159	2026-04-22T04:32:08+00:00
art/suits/clockwork-exoframe/epic/arms.png	1	1727560	2026-04-22T04:32:08+00:00
art/suits/clockwork-exoframe/epic/back.png	1	1927783	2026-04-22T04:32:08+00:00
art/suits/clockwork-exoframe/epic/belt.png	1	3010022	2026-04-22T04:32:09+00:00
art/suits/clockwork-exoframe/epic/chest.png	1	2472561	2026-04-22T04:32:09+00:00
art/suits/clockwork-exoframe/epic/feet.png	1	2443681	2026-04-22T04:32:09+00:00
art/suits/clockwork-exoframe/epic/gloves.png	1	2528863	2026-04-22T04:32:09+00:00
art/suits/clockwork-exoframe/epic/head.png	1	2066830	2026-04-22T04:32:09+00:00
art/suits/clockwork-exoframe/epic/legs.png	1	2489242	2026-04-22T04:32:10+00:00
art/suits/clockwork-exoframe/epic/shoulders.png	1	781246	2026-04-22T04:32:09+00:00
art/suits/clockwork-exoframe/epic/weapon-primary.png	1	2228727	2026-04-22T04:32:09+00:00
art/suits/clockwork-exoframe/legendary/arms.png	1	2135761	2026-04-22T04:32:10+00:00
art/suits/clockwork-exoframe/legendary/back.png	1	1826217	2026-04-22T04:32:09+00:00
art/suits/clockwork-exoframe/legendary/belt.png	1	1809660	2026-04-22T04:32:10+00:00
art/suits/clockwork-exoframe/legendary/chest.png	1	2399667	2026-04-22T04:32:10+00:00
art/suits/clockwork-exoframe/legendary/feet.png	1	2303556	2026-04-22T04:32:10+00:00
art/suits/clockwork-exoframe/legendary/gloves.png	1	2282935	2026-04-22T04:32:11+00:00
art/suits/clockwork-exoframe/legendary/head.png	1	2567737	2026-04-22T04:32:11+00:00
art/suits/clockwork-exoframe/legendary/legs.png	1	1849690	2026-04-22T04:32:11+00:00
art/suits/clockwork-exoframe/legendary/shoulders.png	1	1212183	2026-04-22T04:32:11+00:00
art/suits/clockwork-exoframe/legendary/weapon-primary.png	1	3284738	2026-04-22T04:32:11+00:00
art/suits/clockwork-exoframe/mythic/arms.png	1	2000354	2026-04-22T04:32:11+00:00
art/suits/clockwork-exoframe/mythic/back.png	1	2404418	2026-04-22T04:32:11+00:00
art/suits/clockwork-exoframe/mythic/belt.png	1	1230820	2026-04-22T04:32:11+00:00
art/suits/clockwork-exoframe/mythic/chest.png	1	2324227	2026-04-22T04:32:11+00:00
art/suits/clockwork-exoframe/mythic/feet.png	1	2067750	2026-04-22T04:32:12+00:00
art/suits/clockwork-exoframe/mythic/gloves.png	1	1609960	2026-04-22T04:32:12+00:00
art/suits/clockwork-exoframe/mythic/head.png	1	2860756	2026-04-22T04:32:13+00:00
art/suits/clockwork-exoframe/mythic/legs.png	1	2300715	2026-04-22T04:32:13+00:00
art/suits/clockwork-exoframe/mythic/shoulders.png	1	970073	2026-04-22T04:32:13+00:00
art/suits/clockwork-exoframe/mythic/weapon-primary.png	1	2009928	2026-04-22T04:32:13+00:00
art/suits/clockwork-exoframe/rare/arms.png	1	1114238	2026-04-22T04:32:13+00:00
art/suits/clockwork-exoframe/rare/back.png	1	2583227	2026-04-22T04:32:13+00:00
art/suits/clockwork-exoframe/rare/belt.png	1	2445134	2026-04-22T04:32:13+00:00
art/suits/clockwork-exoframe/rare/chest.png	1	2181317	2026-04-22T04:32:14+00:00
art/suits/clockwork-exoframe/rare/feet.png	1	1951767	2026-04-22T04:32:14+00:00
art/suits/clockwork-exoframe/rare/gloves.png	1	1824614	2026-04-22T04:32:14+00:00
art/suits/clockwork-exoframe/rare/head.png	1	3049321	2026-04-22T04:32:14+00:00
art/suits/clockwork-exoframe/rare/legs.png	1	1754726	2026-04-22T04:32:14+00:00
art/suits/clockwork-exoframe/rare/shoulders.png	1	726051	2026-04-22T04:32:14+00:00
art/suits/clockwork-exoframe/rare/weapon-primary.png	1	1487470	2026-04-22T04:32:14+00:00
art/suits/clockwork-exoframe/uncommon/arms.png	1	178082	2026-04-22T04:32:14+00:00
art/suits/clockwork-exoframe/uncommon/back.png	1	2122462	2026-04-22T04:32:16+00:00
art/suits/clockwork-exoframe/uncommon/belt.png	1	1913473	2026-04-22T04:32:16+00:00
art/suits/clockwork-exoframe/uncommon/chest.png	1	3569208	2026-04-22T04:32:17+00:00
art/suits/clockwork-exoframe/uncommon/feet.png	1	1912265	2026-04-22T04:32:16+00:00
art/suits/clockwork-exoframe/uncommon/gloves.png	1	1668377	2026-04-22T04:32:16+00:00
art/suits/clockwork-exoframe/uncommon/head.png	1	2238152	2026-04-22T04:32:16+00:00
art/suits/clockwork-exoframe/uncommon/legs.png	1	1697683	2026-04-22T04:32:16+00:00
art/suits/clockwork-exoframe/uncommon/shoulders.png	1	861626	2026-04-22T04:32:16+00:00
art/suits/clockwork-exoframe/uncommon/weapon-primary.png	1	2389783	2026-04-22T04:32:17+00:00
art/suits/dicewrights-motley/common/arms.png	1	1657142	2026-04-22T04:32:17+00:00
art/suits/dicewrights-motley/common/back.png	1	2771434	2026-04-22T04:32:17+00:00
art/suits/dicewrights-motley/common/belt.png	1	1581216	2026-04-22T04:32:17+00:00
art/suits/dicewrights-motley/common/chest.png	1	2718576	2026-04-22T04:32:17+00:00
art/suits/dicewrights-motley/common/feet.png	1	2498954	2026-04-22T04:32:17+00:00
art/suits/dicewrights-motley/common/gloves.png	1	1887845	2026-04-22T04:32:17+00:00
art/suits/dicewrights-motley/common/head.png	1	1894391	2026-04-22T04:32:17+00:00
art/suits/dicewrights-motley/common/legs.png	1	2204515	2026-04-22T04:32:19+00:00
art/suits/dicewrights-motley/common/shoulders.png	1	1188148	2026-04-22T04:32:19+00:00
art/suits/dicewrights-motley/common/weapon-primary.png	1	1715513	2026-04-22T04:32:19+00:00
art/suits/dicewrights-motley/epic/arms.png	1	1732073	2026-04-22T04:32:19+00:00
art/suits/dicewrights-motley/epic/back.png	1	2976832	2026-04-22T04:32:20+00:00
art/suits/dicewrights-motley/epic/belt.png	1	2726985	2026-04-22T04:32:20+00:00
art/suits/dicewrights-motley/epic/chest.png	1	3246634	2026-04-22T04:32:20+00:00
art/suits/dicewrights-motley/epic/feet.png	1	2338694	2026-04-22T04:32:20+00:00
art/suits/dicewrights-motley/epic/gloves.png	1	2379168	2026-04-22T04:32:20+00:00
art/suits/dicewrights-motley/epic/head.png	1	1787147	2026-04-22T04:32:20+00:00
art/suits/dicewrights-motley/epic/legs.png	1	3039023	2026-04-22T04:32:21+00:00
art/suits/dicewrights-motley/epic/shoulders.png	1	1133979	2026-04-22T04:32:20+00:00
art/suits/dicewrights-motley/epic/weapon-primary.png	1	2220049	2026-04-22T04:32:21+00:00
art/suits/dicewrights-motley/legendary/arms.png	1	1867549	2026-04-22T04:32:20+00:00
art/suits/dicewrights-motley/legendary/back.png	1	2067394	2026-04-22T04:32:21+00:00
art/suits/dicewrights-motley/legendary/belt.png	1	1345720	2026-04-22T04:32:21+00:00
art/suits/dicewrights-motley/legendary/chest.png	1	2115103	2026-04-22T04:32:21+00:00
art/suits/dicewrights-motley/legendary/feet.png	1	1744953	2026-04-22T04:32:21+00:00
art/suits/dicewrights-motley/legendary/gloves.png	1	1748559	2026-04-22T04:32:21+00:00
art/suits/dicewrights-motley/legendary/head.png	1	2980900	2026-04-22T04:32:23+00:00
art/suits/dicewrights-motley/legendary/legs.png	1	1187037	2026-04-22T04:32:21+00:00
art/suits/dicewrights-motley/legendary/shoulders.png	1	1666149	2026-04-22T04:32:22+00:00
art/suits/dicewrights-motley/legendary/weapon-primary.png	1	1042997	2026-04-22T04:32:22+00:00
art/suits/dicewrights-motley/mythic/arms.png	1	2994497	2026-04-22T04:32:23+00:00
art/suits/dicewrights-motley/mythic/back.png	1	2587740	2026-04-22T04:32:23+00:00
art/suits/dicewrights-motley/mythic/belt.png	1	2783174	2026-04-22T04:32:23+00:00
art/suits/dicewrights-motley/mythic/chest.png	1	2894921	2026-04-22T04:32:23+00:00
art/suits/dicewrights-motley/mythic/feet.png	1	2331991	2026-04-22T04:32:23+00:00
art/suits/dicewrights-motley/mythic/gloves.png	1	2836263	2026-04-22T04:32:23+00:00
art/suits/dicewrights-motley/mythic/head.png	1	2568831	2026-04-22T04:32:24+00:00
art/suits/dicewrights-motley/mythic/legs.png	1	2086589	2026-04-22T04:32:24+00:00
art/suits/dicewrights-motley/mythic/shoulders.png	1	1187354	2026-04-22T04:32:23+00:00
art/suits/dicewrights-motley/mythic/weapon-primary.png	1	1791685	2026-04-22T04:32:24+00:00
art/suits/dicewrights-motley/rare/arms.png	1	1720834	2026-04-22T04:32:24+00:00
art/suits/dicewrights-motley/rare/back.png	1	2329851	2026-04-22T04:32:24+00:00
art/suits/dicewrights-motley/rare/belt.png	1	2347127	2026-04-22T04:32:24+00:00
art/suits/dicewrights-motley/rare/chest.png	1	2883723	2026-04-22T04:32:24+00:00
art/suits/dicewrights-motley/rare/feet.png	1	2198359	2026-04-22T04:32:24+00:00
art/suits/dicewrights-motley/rare/gloves.png	1	1955750	2026-04-22T04:32:24+00:00
art/suits/dicewrights-motley/rare/head.png	1	1902390	2026-04-22T04:32:24+00:00
art/suits/dicewrights-motley/rare/legs.png	1	2135935	2026-04-22T04:32:26+00:00
art/suits/dicewrights-motley/rare/shoulders.png	1	1515560	2026-04-22T04:32:26+00:00
art/suits/dicewrights-motley/rare/weapon-primary.png	1	1442794	2026-04-22T04:32:26+00:00
art/suits/dicewrights-motley/uncommon/arms.png	1	2467558	2026-04-22T04:32:26+00:00
art/suits/dicewrights-motley/uncommon/back.png	1	2142025	2026-04-22T04:32:26+00:00
art/suits/dicewrights-motley/uncommon/belt.png	1	1950837	2026-04-22T04:32:26+00:00
art/suits/dicewrights-motley/uncommon/chest.png	1	3670783	2026-04-22T04:32:26+00:00
art/suits/dicewrights-motley/uncommon/feet.png	1	2146279	2026-04-22T04:32:26+00:00
art/suits/dicewrights-motley/uncommon/gloves.png	1	1694856	2026-04-22T04:32:27+00:00
art/suits/dicewrights-motley/uncommon/head.png	1	1749265	2026-04-22T04:32:27+00:00
art/suits/dicewrights-motley/uncommon/legs.png	1	1779680	2026-04-22T04:32:27+00:00
art/suits/dicewrights-motley/uncommon/shoulders.png	1	1361110	2026-04-22T04:32:27+00:00
art/suits/dicewrights-motley/uncommon/weapon-primary.png	1	1786319	2026-04-22T04:32:27+00:00
art/suits/ember-bellows-array/common/arms.png	1	1428845	2026-04-22T04:32:27+00:00
art/suits/ember-bellows-array/common/back.png	1	2376907	2026-04-22T04:32:28+00:00
art/suits/ember-bellows-array/common/belt.png	1	2273667	2026-04-22T04:32:28+00:00
art/suits/ember-bellows-array/common/chest.png	1	2125084	2026-04-22T04:32:28+00:00
art/suits/ember-bellows-array/common/feet.png	1	1997722	2026-04-22T04:32:28+00:00
art/suits/ember-bellows-array/common/gloves.png	1	1910009	2026-04-22T04:32:28+00:00
art/suits/ember-bellows-array/common/head.png	1	1317330	2026-04-22T04:32:28+00:00
art/suits/ember-bellows-array/common/legs.png	1	2110036	2026-04-22T04:32:29+00:00
art/suits/ember-bellows-array/common/shoulders.png	1	2662727	2026-04-22T04:32:29+00:00
art/suits/ember-bellows-array/common/weapon-primary.png	1	2065151	2026-04-22T04:32:29+00:00
art/suits/ember-bellows-array/epic/arms.png	1	3033928	2026-04-22T04:32:30+00:00
art/suits/ember-bellows-array/epic/back.png	1	1828849	2026-04-22T04:32:29+00:00
art/suits/ember-bellows-array/epic/belt.png	1	1792765	2026-04-22T04:32:29+00:00
art/suits/ember-bellows-array/epic/chest.png	1	2923515	2026-04-22T04:32:31+00:00
art/suits/ember-bellows-array/epic/feet.png	1	2288162	2026-04-22T04:32:31+00:00
art/suits/ember-bellows-array/epic/gloves.png	1	1509091	2026-04-22T04:32:30+00:00
art/suits/ember-bellows-array/epic/head.png	1	2584127	2026-04-22T04:32:31+00:00
art/suits/ember-bellows-array/epic/legs.png	1	1866172	2026-04-22T04:32:31+00:00
art/suits/ember-bellows-array/epic/shoulders.png	1	2084619	2026-04-22T04:32:31+00:00
art/suits/ember-bellows-array/epic/weapon-primary.png	1	2357947	2026-04-22T04:32:31+00:00
art/suits/ember-bellows-array/legendary/arms.png	1	3313668	2026-04-22T04:32:32+00:00
art/suits/ember-bellows-array/legendary/back.png	1	2320077	2026-04-22T04:32:32+00:00
art/suits/ember-bellows-array/legendary/belt.png	1	2445134	2026-04-22T04:32:32+00:00
art/suits/ember-bellows-array/legendary/chest.png	1	2476519	2026-04-22T04:32:32+00:00
art/suits/ember-bellows-array/legendary/feet.png	1	2327595	2026-04-22T04:32:32+00:00
art/suits/ember-bellows-array/legendary/gloves.png	1	1638003	2026-04-22T04:32:32+00:00
art/suits/ember-bellows-array/legendary/head.png	1	2564016	2026-04-22T04:32:33+00:00
art/suits/ember-bellows-array/legendary/legs.png	1	3242972	2026-04-22T04:32:34+00:00
art/suits/ember-bellows-array/legendary/shoulders.png	1	989273	2026-04-22T04:32:32+00:00
art/suits/ember-bellows-array/legendary/weapon-primary.png	1	2446539	2026-04-22T04:32:33+00:00
art/suits/ember-bellows-array/mythic/arms.png	1	2415190	2026-04-22T04:32:33+00:00
art/suits/ember-bellows-array/mythic/back.png	1	2525178	2026-04-22T04:32:34+00:00
art/suits/ember-bellows-array/mythic/belt.png	1	1504359	2026-04-22T04:32:33+00:00
art/suits/ember-bellows-array/mythic/chest.png	1	2234154	2026-04-22T04:32:34+00:00
art/suits/ember-bellows-array/mythic/feet.png	1	2456758	2026-04-22T04:32:34+00:00
art/suits/ember-bellows-array/mythic/gloves.png	1	2140507	2026-04-22T04:32:33+00:00
art/suits/ember-bellows-array/mythic/head.png	1	2601457	2026-04-22T04:32:34+00:00
art/suits/ember-bellows-array/mythic/legs.png	1	2101465	2026-04-22T04:32:34+00:00
art/suits/ember-bellows-array/mythic/shoulders.png	1	1159384	2026-04-22T04:32:35+00:00
art/suits/ember-bellows-array/mythic/weapon-primary.png	1	1208922	2026-04-22T04:32:35+00:00
art/suits/ember-bellows-array/rare/arms.png	1	1404935	2026-04-22T04:32:35+00:00
art/suits/ember-bellows-array/rare/back.png	1	1491239	2026-04-22T04:32:35+00:00
art/suits/ember-bellows-array/rare/belt.png	1	3350394	2026-04-22T04:32:36+00:00
art/suits/ember-bellows-array/rare/chest.png	1	2540377	2026-04-22T04:32:36+00:00
art/suits/ember-bellows-array/rare/feet.png	1	2052534	2026-04-22T04:32:35+00:00
art/suits/ember-bellows-array/rare/gloves.png	1	1740914	2026-04-22T04:32:35+00:00
art/suits/ember-bellows-array/rare/head.png	1	2429331	2026-04-22T04:32:36+00:00
art/suits/ember-bellows-array/rare/legs.png	1	1672170	2026-04-22T04:32:36+00:00
art/suits/ember-bellows-array/rare/shoulders.png	1	2100557	2026-04-22T04:32:37+00:00
art/suits/ember-bellows-array/rare/weapon-primary.png	1	2672340	2026-04-22T04:32:37+00:00
art/suits/ember-bellows-array/uncommon/arms.png	1	1969987	2026-04-22T04:32:37+00:00
art/suits/ember-bellows-array/uncommon/back.png	1	2784039	2026-04-22T04:32:37+00:00
art/suits/ember-bellows-array/uncommon/belt.png	1	1674245	2026-04-22T04:32:37+00:00
art/suits/ember-bellows-array/uncommon/chest.png	1	2791670	2026-04-22T04:32:37+00:00
art/suits/ember-bellows-array/uncommon/feet.png	1	2515568	2026-04-22T04:32:37+00:00
art/suits/ember-bellows-array/uncommon/gloves.png	1	2315841	2026-04-22T04:32:37+00:00
art/suits/ember-bellows-array/uncommon/head.png	1	2122911	2026-04-22T04:32:38+00:00
art/suits/ember-bellows-array/uncommon/legs.png	1	1961235	2026-04-22T04:32:38+00:00
art/suits/ember-bellows-array/uncommon/shoulders.png	1	1112799	2026-04-22T04:32:38+00:00
art/suits/ember-bellows-array/uncommon/weapon-primary.png	1	682624	2026-04-22T04:32:37+00:00
art/suits/geomancers-stratum/common/arms.png	1	1889857	2026-04-22T04:32:39+00:00
art/suits/geomancers-stratum/common/back.png	1	2618093	2026-04-22T04:32:39+00:00
art/suits/geomancers-stratum/common/belt.png	1	2884251	2026-04-22T04:32:39+00:00
art/suits/geomancers-stratum/common/chest.png	1	2438639	2026-04-22T04:32:39+00:00
art/suits/geomancers-stratum/common/feet.png	1	2103071	2026-04-22T04:32:39+00:00
art/suits/geomancers-stratum/common/gloves.png	1	1357847	2026-04-22T04:32:39+00:00
art/suits/geomancers-stratum/common/head.png	1	2677176	2026-04-22T04:32:40+00:00
art/suits/geomancers-stratum/common/legs.png	1	2349590	2026-04-22T04:32:40+00:00
art/suits/geomancers-stratum/common/shoulders.png	1	1174579	2026-04-22T04:32:39+00:00
art/suits/geomancers-stratum/common/weapon-primary.png	1	1182072	2026-04-22T04:32:40+00:00
art/suits/geomancers-stratum/epic/arms.png	1	2800447	2026-04-22T04:32:41+00:00
art/suits/geomancers-stratum/epic/back.png	1	3391717	2026-04-22T04:32:42+00:00
art/suits/geomancers-stratum/epic/belt.png	1	2293173	2026-04-22T04:32:41+00:00
art/suits/geomancers-stratum/epic/chest.png	1	3476603	2026-04-22T04:32:42+00:00
art/suits/geomancers-stratum/epic/feet.png	1	1851941	2026-04-22T04:32:40+00:00
art/suits/geomancers-stratum/epic/gloves.png	1	2496732	2026-04-22T04:32:41+00:00
art/suits/geomancers-stratum/epic/head.png	1	2331626	2026-04-22T04:32:41+00:00
art/suits/geomancers-stratum/epic/legs.png	1	2115774	2026-04-22T04:32:42+00:00
art/suits/geomancers-stratum/epic/shoulders.png	1	1958074	2026-04-22T04:32:42+00:00
art/suits/geomancers-stratum/epic/weapon-primary.png	1	1298643	2026-04-22T04:32:42+00:00
art/suits/geomancers-stratum/legendary/arms.png	1	2299987	2026-04-22T04:32:43+00:00
art/suits/geomancers-stratum/legendary/back.png	1	1688595	2026-04-22T04:32:42+00:00
art/suits/geomancers-stratum/legendary/belt.png	1	1669469	2026-04-22T04:32:42+00:00
art/suits/geomancers-stratum/legendary/chest.png	1	3383440	2026-04-22T04:32:44+00:00
art/suits/geomancers-stratum/legendary/feet.png	1	2191296	2026-04-22T04:32:43+00:00
art/suits/geomancers-stratum/legendary/gloves.png	1	2055613	2026-04-22T04:32:43+00:00
art/suits/geomancers-stratum/legendary/head.png	1	2728507	2026-04-22T04:32:44+00:00
art/suits/geomancers-stratum/legendary/legs.png	1	2225505	2026-04-22T04:32:44+00:00
art/suits/geomancers-stratum/legendary/shoulders.png	1	1924558	2026-04-22T04:32:44+00:00
art/suits/geomancers-stratum/legendary/weapon-primary.png	1	1413855	2026-04-22T04:32:44+00:00
art/suits/geomancers-stratum/mythic/arms.png	1	1703504	2026-04-22T04:32:45+00:00
art/suits/geomancers-stratum/mythic/back.png	1	2769720	2026-04-22T04:32:45+00:00
art/suits/geomancers-stratum/mythic/belt.png	1	2119764	2026-04-22T04:32:45+00:00
art/suits/geomancers-stratum/mythic/chest.png	1	2770349	2026-04-22T04:32:45+00:00
art/suits/geomancers-stratum/mythic/feet.png	1	2319978	2026-04-22T04:32:45+00:00
art/suits/geomancers-stratum/mythic/gloves.png	1	2776180	2026-04-22T04:32:45+00:00
art/suits/geomancers-stratum/mythic/head.png	1	2173144	2026-04-22T04:32:45+00:00
art/suits/geomancers-stratum/mythic/legs.png	1	2424405	2026-04-22T04:32:45+00:00
art/suits/geomancers-stratum/mythic/shoulders.png	1	1374772	2026-04-22T04:32:45+00:00
art/suits/geomancers-stratum/mythic/weapon-primary.png	1	2180438	2026-04-22T04:32:46+00:00
art/suits/geomancers-stratum/rare/arms.png	1	1162250	2026-04-22T04:32:46+00:00
art/suits/geomancers-stratum/rare/back.png	1	2155909	2026-04-22T04:32:46+00:00
art/suits/geomancers-stratum/rare/belt.png	1	1904975	2026-04-22T04:32:46+00:00
art/suits/geomancers-stratum/rare/chest.png	1	3137631	2026-04-22T04:32:47+00:00
art/suits/geomancers-stratum/rare/feet.png	1	1775900	2026-04-22T04:32:46+00:00
art/suits/geomancers-stratum/rare/gloves.png	1	2394745	2026-04-22T04:32:46+00:00
art/suits/geomancers-stratum/rare/head.png	1	2498325	2026-04-22T04:32:46+00:00
art/suits/geomancers-stratum/rare/legs.png	1	1767397	2026-04-22T04:32:46+00:00
art/suits/geomancers-stratum/rare/shoulders.png	1	1717792	2026-04-22T04:32:48+00:00
art/suits/geomancers-stratum/rare/weapon-primary.png	1	2468264	2026-04-22T04:32:48+00:00
art/suits/geomancers-stratum/uncommon/arms.png	1	1555933	2026-04-22T04:32:48+00:00
art/suits/geomancers-stratum/uncommon/back.png	1	2625474	2026-04-22T04:32:48+00:00
art/suits/geomancers-stratum/uncommon/belt.png	1	2507772	2026-04-22T04:32:48+00:00
art/suits/geomancers-stratum/uncommon/chest.png	1	2498319	2026-04-22T04:32:48+00:00
art/suits/geomancers-stratum/uncommon/feet.png	1	1391036	2026-04-22T04:32:48+00:00
art/suits/geomancers-stratum/uncommon/gloves.png	1	1663711	2026-04-22T04:32:48+00:00
art/suits/geomancers-stratum/uncommon/head.png	1	3012789	2026-04-22T04:32:49+00:00
art/suits/geomancers-stratum/uncommon/legs.png	1	1846095	2026-04-22T04:32:49+00:00
art/suits/geomancers-stratum/uncommon/shoulders.png	1	1362919	2026-04-22T04:32:49+00:00
art/suits/geomancers-stratum/uncommon/weapon-primary.png	1	2240545	2026-04-22T04:32:49+00:00
art/suits/hybrid-vein-panoply/common/arms.png	1	1300516	2026-04-22T04:32:49+00:00
art/suits/hybrid-vein-panoply/common/back.png	1	1936060	2026-04-22T04:32:49+00:00
art/suits/hybrid-vein-panoply/common/belt.png	1	1415101	2026-04-22T04:32:49+00:00
art/suits/hybrid-vein-panoply/common/chest.png	1	1137965	2026-04-22T04:32:49+00:00
art/suits/hybrid-vein-panoply/common/feet.png	1	1817455	2026-04-22T04:32:50+00:00
art/suits/hybrid-vein-panoply/common/gloves.png	1	355831	2026-04-22T04:32:50+00:00
art/suits/hybrid-vein-panoply/common/head.png	1	1466879	2026-04-22T04:32:50+00:00
art/suits/hybrid-vein-panoply/common/legs.png	1	1684015	2026-04-22T04:32:50+00:00
art/suits/hybrid-vein-panoply/common/shoulders.png	1	798494	2026-04-22T04:32:50+00:00
art/suits/hybrid-vein-panoply/common/weapon-primary.png	1	1004742	2026-04-22T04:32:50+00:00
art/suits/hybrid-vein-panoply/epic/arms.png	1	1937519	2026-04-22T04:32:50+00:00
art/suits/hybrid-vein-panoply/epic/back.png	1	1992636	2026-04-22T04:32:51+00:00
art/suits/hybrid-vein-panoply/epic/belt.png	1	1474034	2026-04-22T04:32:51+00:00
art/suits/hybrid-vein-panoply/epic/chest.png	1	2903234	2026-04-22T04:32:51+00:00
art/suits/hybrid-vein-panoply/epic/feet.png	1	2465277	2026-04-22T04:32:51+00:00
art/suits/hybrid-vein-panoply/epic/gloves.png	1	1639825	2026-04-22T04:32:51+00:00
art/suits/hybrid-vein-panoply/epic/head.png	1	2235148	2026-04-22T04:32:51+00:00
art/suits/hybrid-vein-panoply/epic/legs.png	1	1614519	2026-04-22T04:32:51+00:00
art/suits/hybrid-vein-panoply/epic/shoulders.png	1	1654099	2026-04-22T04:32:51+00:00
art/suits/hybrid-vein-panoply/epic/weapon-primary.png	1	1112182	2026-04-22T04:32:51+00:00
art/suits/hybrid-vein-panoply/legendary/arms.png	1	2559063	2026-04-22T04:32:52+00:00
art/suits/hybrid-vein-panoply/legendary/back.png	1	1753954	2026-04-22T04:32:52+00:00
art/suits/hybrid-vein-panoply/legendary/belt.png	1	2467197	2026-04-22T04:32:53+00:00
art/suits/hybrid-vein-panoply/legendary/chest.png	1	2700296	2026-04-22T04:32:52+00:00
art/suits/hybrid-vein-panoply/legendary/feet.png	1	1661065	2026-04-22T04:32:52+00:00
art/suits/hybrid-vein-panoply/legendary/gloves.png	1	2299733	2026-04-22T04:32:53+00:00
art/suits/hybrid-vein-panoply/legendary/head.png	1	1784312	2026-04-22T04:32:52+00:00
art/suits/hybrid-vein-panoply/legendary/legs.png	1	1337241	2026-04-22T04:32:52+00:00
art/suits/hybrid-vein-panoply/legendary/shoulders.png	1	1257219	2026-04-22T04:32:52+00:00
art/suits/hybrid-vein-panoply/legendary/weapon-primary.png	1	624166	2026-04-22T04:32:53+00:00
art/suits/hybrid-vein-panoply/mythic/arms.png	1	2831821	2026-04-22T04:32:54+00:00
art/suits/hybrid-vein-panoply/mythic/back.png	1	2785872	2026-04-22T04:32:54+00:00
art/suits/hybrid-vein-panoply/mythic/belt.png	1	1235813	2026-04-22T04:32:54+00:00
art/suits/hybrid-vein-panoply/mythic/chest.png	1	2645415	2026-04-22T04:32:55+00:00
art/suits/hybrid-vein-panoply/mythic/feet.png	1	2283704	2026-04-22T04:32:54+00:00
art/suits/hybrid-vein-panoply/mythic/gloves.png	1	1207515	2026-04-22T04:32:54+00:00
art/suits/hybrid-vein-panoply/mythic/head.png	1	2119753	2026-04-22T04:32:55+00:00
art/suits/hybrid-vein-panoply/mythic/legs.png	1	1875184	2026-04-22T04:32:55+00:00
art/suits/hybrid-vein-panoply/mythic/shoulders.png	1	2550567	2026-04-22T04:32:56+00:00
art/suits/hybrid-vein-panoply/mythic/weapon-primary.png	1	673501	2026-04-22T04:32:55+00:00
art/suits/hybrid-vein-panoply/rare/arms.png	1	1608343	2026-04-22T04:32:55+00:00
art/suits/hybrid-vein-panoply/rare/back.png	1	1813270	2026-04-22T04:32:55+00:00
art/suits/hybrid-vein-panoply/rare/belt.png	1	2203902	2026-04-22T04:32:56+00:00
art/suits/hybrid-vein-panoply/rare/chest.png	1	2481004	2026-04-22T04:32:56+00:00
art/suits/hybrid-vein-panoply/rare/feet.png	1	2146329	2026-04-22T04:32:56+00:00
art/suits/hybrid-vein-panoply/rare/gloves.png	1	1388189	2026-04-22T04:32:55+00:00
art/suits/hybrid-vein-panoply/rare/head.png	1	2464263	2026-04-22T04:32:56+00:00
art/suits/hybrid-vein-panoply/rare/legs.png	1	1447531	2026-04-22T04:32:56+00:00
art/suits/hybrid-vein-panoply/rare/shoulders.png	1	1127845	2026-04-22T04:32:56+00:00
art/suits/hybrid-vein-panoply/rare/weapon-primary.png	1	744234	2026-04-22T04:32:56+00:00
art/suits/hybrid-vein-panoply/uncommon/arms.png	1	1864637	2026-04-22T04:32:57+00:00
art/suits/hybrid-vein-panoply/uncommon/back.png	1	2168124	2026-04-22T04:32:57+00:00
art/suits/hybrid-vein-panoply/uncommon/belt.png	1	2618332	2026-04-22T04:32:57+00:00
art/suits/hybrid-vein-panoply/uncommon/chest.png	1	2268280	2026-04-22T04:32:57+00:00
art/suits/hybrid-vein-panoply/uncommon/feet.png	1	1978794	2026-04-22T04:32:57+00:00
art/suits/hybrid-vein-panoply/uncommon/gloves.png	1	1876088	2026-04-22T04:32:57+00:00
art/suits/hybrid-vein-panoply/uncommon/head.png	1	3427175	2026-04-22T04:32:59+00:00
art/suits/hybrid-vein-panoply/uncommon/legs.png	1	1958548	2026-04-22T04:32:57+00:00
art/suits/hybrid-vein-panoply/uncommon/shoulders.png	1	2171243	2026-04-22T04:32:59+00:00
art/suits/hybrid-vein-panoply/uncommon/weapon-primary.png	1	1362608	2026-04-22T04:32:59+00:00
art/suits/low-profile-tailoring/common/arms.png	1	1804114	2026-04-22T04:32:59+00:00
art/suits/low-profile-tailoring/common/back.png	1	1439990	2026-04-22T04:32:59+00:00
art/suits/low-profile-tailoring/common/belt.png	1	1750394	2026-04-22T04:32:59+00:00
art/suits/low-profile-tailoring/common/chest.png	1	2451537	2026-04-22T04:32:59+00:00
art/suits/low-profile-tailoring/common/feet.png	1	2018814	2026-04-22T04:32:59+00:00
art/suits/low-profile-tailoring/common/gloves.png	1	1472871	2026-04-22T04:32:59+00:00
art/suits/low-profile-tailoring/common/head.png	1	1103091	2026-04-22T04:32:59+00:00
art/suits/low-profile-tailoring/common/legs.png	1	1319349	2026-04-22T04:33:00+00:00
art/suits/low-profile-tailoring/common/shoulders.png	1	1449380	2026-04-22T04:33:00+00:00
art/suits/low-profile-tailoring/common/weapon-primary.png	1	871563	2026-04-22T04:33:00+00:00
art/suits/low-profile-tailoring/epic/arms.png	1	302366	2026-04-22T04:32:59+00:00
art/suits/low-profile-tailoring/epic/back.png	1	1166563	2026-04-22T04:33:00+00:00
art/suits/low-profile-tailoring/epic/belt.png	1	1758955	2026-04-22T04:33:00+00:00
art/suits/low-profile-tailoring/epic/chest.png	1	2393686	2026-04-22T04:33:00+00:00
art/suits/low-profile-tailoring/epic/feet.png	1	2138693	2026-04-22T04:33:00+00:00
art/suits/low-profile-tailoring/epic/gloves.png	1	1952118	2026-04-22T04:33:00+00:00
art/suits/low-profile-tailoring/epic/head.png	1	1343127	2026-04-22T04:33:00+00:00
art/suits/low-profile-tailoring/epic/legs.png	1	1292815	2026-04-22T04:33:00+00:00
art/suits/low-profile-tailoring/epic/shoulders.png	1	1052989	2026-04-22T04:33:00+00:00
art/suits/low-profile-tailoring/epic/weapon-primary.png	1	1101477	2026-04-22T04:33:01+00:00
art/suits/low-profile-tailoring/legendary/arms.png	1	1148602	2026-04-22T04:33:01+00:00
art/suits/low-profile-tailoring/legendary/back.png	1	1628948	2026-04-22T04:33:01+00:00
art/suits/low-profile-tailoring/legendary/belt.png	1	1676510	2026-04-22T04:33:01+00:00
art/suits/low-profile-tailoring/legendary/chest.png	1	1474578	2026-04-22T04:33:01+00:00
art/suits/low-profile-tailoring/legendary/feet.png	1	673192	2026-04-22T04:33:01+00:00
art/suits/low-profile-tailoring/legendary/gloves.png	1	1705638	2026-04-22T04:33:01+00:00
art/suits/low-profile-tailoring/legendary/head.png	1	1558146	2026-04-22T04:33:01+00:00
art/suits/low-profile-tailoring/legendary/legs.png	1	2032069	2026-04-22T04:33:02+00:00
art/suits/low-profile-tailoring/legendary/shoulders.png	1	1639529	2026-04-22T04:33:02+00:00
art/suits/low-profile-tailoring/legendary/weapon-primary.png	1	1492678	2026-04-22T04:33:02+00:00
art/suits/low-profile-tailoring/mythic/arms.png	1	1557000	2026-04-22T04:33:02+00:00
art/suits/low-profile-tailoring/mythic/back.png	1	1641258	2026-04-22T04:33:02+00:00
art/suits/low-profile-tailoring/mythic/belt.png	1	1650964	2026-04-22T04:33:02+00:00
art/suits/low-profile-tailoring/mythic/chest.png	1	2364193	2026-04-22T04:33:02+00:00
art/suits/low-profile-tailoring/mythic/feet.png	1	1283581	2026-04-22T04:33:02+00:00
art/suits/low-profile-tailoring/mythic/gloves.png	1	848993	2026-04-22T04:33:02+00:00
art/suits/low-profile-tailoring/mythic/head.png	1	1600525	2026-04-22T04:33:03+00:00
art/suits/low-profile-tailoring/mythic/legs.png	1	1417649	2026-04-22T04:33:03+00:00
art/suits/low-profile-tailoring/mythic/shoulders.png	1	1319921	2026-04-22T04:33:03+00:00
art/suits/low-profile-tailoring/mythic/weapon-primary.png	1	1017549	2026-04-22T04:33:03+00:00
art/suits/low-profile-tailoring/rare/arms.png	1	1364813	2026-04-22T04:33:03+00:00
art/suits/low-profile-tailoring/rare/back.png	1	1238884	2026-04-22T04:33:03+00:00
art/suits/low-profile-tailoring/rare/belt.png	1	1597767	2026-04-22T04:33:03+00:00
art/suits/low-profile-tailoring/rare/chest.png	1	1849526	2026-04-22T04:33:03+00:00
art/suits/low-profile-tailoring/rare/feet.png	1	1354590	2026-04-22T04:33:04+00:00
art/suits/low-profile-tailoring/rare/gloves.png	1	1460878	2026-04-22T04:33:04+00:00
art/suits/low-profile-tailoring/rare/head.png	1	1031324	2026-04-22T04:33:04+00:00
art/suits/low-profile-tailoring/rare/legs.png	1	714145	2026-04-22T04:33:04+00:00
art/suits/low-profile-tailoring/rare/shoulders.png	1	1643222	2026-04-22T04:33:04+00:00
art/suits/low-profile-tailoring/rare/weapon-primary.png	1	1357209	2026-04-22T04:33:04+00:00
art/suits/low-profile-tailoring/uncommon/arms.png	1	780421	2026-04-22T04:33:04+00:00
art/suits/low-profile-tailoring/uncommon/back.png	1	1114396	2026-04-22T04:33:04+00:00
art/suits/low-profile-tailoring/uncommon/belt.png	1	2300366	2026-04-22T04:33:05+00:00
art/suits/low-profile-tailoring/uncommon/chest.png	1	2315365	2026-04-22T04:33:05+00:00
art/suits/low-profile-tailoring/uncommon/feet.png	1	2366676	2026-04-22T04:33:05+00:00
art/suits/low-profile-tailoring/uncommon/gloves.png	1	2404177	2026-04-22T04:33:05+00:00
art/suits/low-profile-tailoring/uncommon/head.png	1	1545372	2026-04-22T04:33:05+00:00
art/suits/low-profile-tailoring/uncommon/legs.png	1	2276020	2026-04-22T04:33:05+00:00
art/suits/low-profile-tailoring/uncommon/shoulders.png	1	1554751	2026-04-22T04:33:05+00:00
art/suits/low-profile-tailoring/uncommon/weapon-primary.png	1	2331139	2026-04-22T04:33:05+00:00
art/suits/null-weaver-mantle/common/arms.png	1	1671237	2026-04-22T04:33:07+00:00
art/suits/null-weaver-mantle/common/back.png	1	3910393	2026-04-22T04:33:07+00:00
art/suits/null-weaver-mantle/common/belt.png	1	1318699	2026-04-22T04:33:07+00:00
art/suits/null-weaver-mantle/common/chest.png	1	2411471	2026-04-22T04:33:07+00:00
art/suits/null-weaver-mantle/common/feet.png	1	2284379	2026-04-22T04:33:07+00:00
art/suits/null-weaver-mantle/common/gloves.png	1	1559277	2026-04-22T04:33:07+00:00
art/suits/null-weaver-mantle/common/head.png	1	2173406	2026-04-22T04:33:07+00:00
art/suits/null-weaver-mantle/common/legs.png	1	1628793	2026-04-22T04:33:07+00:00
art/suits/null-weaver-mantle/common/shoulders.png	1	1358012	2026-04-22T04:33:07+00:00
art/suits/null-weaver-mantle/common/weapon-primary.png	1	1344998	2026-04-22T04:33:08+00:00
art/suits/null-weaver-mantle/epic/arms.png	1	1678841	2026-04-22T04:33:09+00:00
art/suits/null-weaver-mantle/epic/back.png	1	1892576	2026-04-22T04:33:09+00:00
art/suits/null-weaver-mantle/epic/belt.png	1	914908	2026-04-22T04:33:08+00:00
art/suits/null-weaver-mantle/epic/chest.png	1	3043905	2026-04-22T04:33:09+00:00
art/suits/null-weaver-mantle/epic/feet.png	1	2038308	2026-04-22T04:33:09+00:00
art/suits/null-weaver-mantle/epic/gloves.png	1	1835127	2026-04-22T04:33:09+00:00
art/suits/null-weaver-mantle/epic/head.png	1	2059989	2026-04-22T04:33:09+00:00
art/suits/null-weaver-mantle/epic/legs.png	1	1829387	2026-04-22T04:33:09+00:00
art/suits/null-weaver-mantle/epic/shoulders.png	1	1398152	2026-04-22T04:33:09+00:00
art/suits/null-weaver-mantle/epic/weapon-primary.png	1	750614	2026-04-22T04:33:09+00:00
art/suits/null-weaver-mantle/legendary/arms.png	1	1826776	2026-04-22T04:33:09+00:00
art/suits/null-weaver-mantle/legendary/back.png	1	1465691	2026-04-22T04:33:09+00:00
art/suits/null-weaver-mantle/legendary/belt.png	1	904685	2026-04-22T04:33:09+00:00
art/suits/null-weaver-mantle/legendary/chest.png	1	3046477	2026-04-22T04:33:11+00:00
art/suits/null-weaver-mantle/legendary/feet.png	1	1657647	2026-04-22T04:33:11+00:00
art/suits/null-weaver-mantle/legendary/gloves.png	1	2157495	2026-04-22T04:33:11+00:00
art/suits/null-weaver-mantle/legendary/head.png	1	1612810	2026-04-22T04:33:11+00:00
art/suits/null-weaver-mantle/legendary/legs.png	1	2015308	2026-04-22T04:33:11+00:00
art/suits/null-weaver-mantle/legendary/shoulders.png	1	1276777	2026-04-22T04:33:11+00:00
art/suits/null-weaver-mantle/legendary/weapon-primary.png	1	759129	2026-04-22T04:33:11+00:00
art/suits/null-weaver-mantle/mythic/arms.png	1	1794394	2026-04-22T04:33:11+00:00
art/suits/null-weaver-mantle/mythic/back.png	1	2072899	2026-04-22T04:33:12+00:00
art/suits/null-weaver-mantle/mythic/belt.png	1	2472220	2026-04-22T04:33:12+00:00
art/suits/null-weaver-mantle/mythic/chest.png	1	1642071	2026-04-22T04:33:12+00:00
art/suits/null-weaver-mantle/mythic/feet.png	1	1402274	2026-04-22T04:33:12+00:00
art/suits/null-weaver-mantle/mythic/gloves.png	1	1509150	2026-04-22T04:33:12+00:00
art/suits/null-weaver-mantle/mythic/head.png	1	1701865	2026-04-22T04:33:12+00:00
art/suits/null-weaver-mantle/mythic/legs.png	1	1961931	2026-04-22T04:33:12+00:00
art/suits/null-weaver-mantle/mythic/shoulders.png	1	1048088	2026-04-22T04:33:12+00:00
art/suits/null-weaver-mantle/mythic/weapon-primary.png	1	594959	2026-04-22T04:33:13+00:00
art/suits/null-weaver-mantle/rare/arms.png	1	1808182	2026-04-22T04:33:13+00:00
art/suits/null-weaver-mantle/rare/back.png	1	1454629	2026-04-22T04:33:13+00:00
art/suits/null-weaver-mantle/rare/belt.png	1	1973996	2026-04-22T04:33:13+00:00
art/suits/null-weaver-mantle/rare/chest.png	1	1911002	2026-04-22T04:33:13+00:00
art/suits/null-weaver-mantle/rare/feet.png	1	1547625	2026-04-22T04:33:13+00:00
art/suits/null-weaver-mantle/rare/gloves.png	1	2530847	2026-04-22T04:33:13+00:00
art/suits/null-weaver-mantle/rare/head.png	1	1466722	2026-04-22T04:33:13+00:00
art/suits/null-weaver-mantle/rare/legs.png	1	1316636	2026-04-22T04:33:13+00:00
art/suits/null-weaver-mantle/rare/shoulders.png	1	1525353	2026-04-22T04:33:14+00:00
art/suits/null-weaver-mantle/rare/weapon-primary.png	1	391449	2026-04-22T04:33:14+00:00
art/suits/null-weaver-mantle/uncommon/arms.png	1	1629433	2026-04-22T04:33:14+00:00
art/suits/null-weaver-mantle/uncommon/back.png	1	2497779	2026-04-22T04:33:15+00:00
art/suits/null-weaver-mantle/uncommon/belt.png	1	2587061	2026-04-22T04:33:15+00:00
art/suits/null-weaver-mantle/uncommon/chest.png	1	2277302	2026-04-22T04:33:15+00:00
art/suits/null-weaver-mantle/uncommon/feet.png	1	1216090	2026-04-22T04:33:15+00:00
art/suits/null-weaver-mantle/uncommon/gloves.png	1	1883646	2026-04-22T04:33:15+00:00
art/suits/null-weaver-mantle/uncommon/head.png	1	2679726	2026-04-22T04:33:15+00:00
art/suits/null-weaver-mantle/uncommon/legs.png	1	1850754	2026-04-22T04:33:15+00:00
art/suits/null-weaver-mantle/uncommon/shoulders.png	1	1463320	2026-04-22T04:33:15+00:00
art/suits/null-weaver-mantle/uncommon/weapon-primary.png	1	1530282	2026-04-22T04:33:15+00:00
art/suits/pressure-loom-harness/common/arms.png	1	1646992	2026-04-22T04:33:15+00:00
art/suits/pressure-loom-harness/common/back.png	1	1260651	2026-04-22T04:33:15+00:00
art/suits/pressure-loom-harness/common/belt.png	1	996596	2026-04-22T04:33:16+00:00
art/suits/pressure-loom-harness/common/chest.png	1	2787070	2026-04-22T04:33:16+00:00
art/suits/pressure-loom-harness/common/feet.png	1	1635143	2026-04-22T04:33:16+00:00
art/suits/pressure-loom-harness/common/gloves.png	1	2055590	2026-04-22T04:33:16+00:00
art/suits/pressure-loom-harness/common/head.png	1	1609041	2026-04-22T04:33:16+00:00
art/suits/pressure-loom-harness/common/legs.png	1	441328	2026-04-22T04:33:16+00:00
art/suits/pressure-loom-harness/common/shoulders.png	1	1674313	2026-04-22T04:33:16+00:00
art/suits/pressure-loom-harness/common/weapon-primary.png	1	1499187	2026-04-22T04:33:16+00:00
art/suits/pressure-loom-harness/epic/arms.png	1	1097665	2026-04-22T04:33:16+00:00
art/suits/pressure-loom-harness/epic/back.png	1	1061602	2026-04-22T04:33:18+00:00
art/suits/pressure-loom-harness/epic/belt.png	1	678720	2026-04-22T04:33:18+00:00
art/suits/pressure-loom-harness/epic/chest.png	1	2080221	2026-04-22T04:33:18+00:00
art/suits/pressure-loom-harness/epic/feet.png	1	2017853	2026-04-22T04:33:18+00:00
art/suits/pressure-loom-harness/epic/gloves.png	1	2297664	2026-04-22T04:33:18+00:00
art/suits/pressure-loom-harness/epic/head.png	1	1638706	2026-04-22T04:33:18+00:00
art/suits/pressure-loom-harness/epic/legs.png	1	2440109	2026-04-22T04:33:18+00:00
art/suits/pressure-loom-harness/epic/shoulders.png	1	1259308	2026-04-22T04:33:18+00:00
art/suits/pressure-loom-harness/epic/weapon-primary.png	1	1296142	2026-04-22T04:33:19+00:00
art/suits/pressure-loom-harness/legendary/arms.png	1	2325613	2026-04-22T04:33:19+00:00
art/suits/pressure-loom-harness/legendary/back.png	1	1088645	2026-04-22T04:33:19+00:00
art/suits/pressure-loom-harness/legendary/belt.png	1	818682	2026-04-22T04:33:19+00:00
art/suits/pressure-loom-harness/legendary/chest.png	1	1889720	2026-04-22T04:33:19+00:00
art/suits/pressure-loom-harness/legendary/feet.png	1	2290459	2026-04-22T04:33:19+00:00
art/suits/pressure-loom-harness/legendary/gloves.png	1	1883516	2026-04-22T04:33:19+00:00
art/suits/pressure-loom-harness/legendary/head.png	1	1648104	2026-04-22T04:33:19+00:00
art/suits/pressure-loom-harness/legendary/legs.png	1	1795183	2026-04-22T04:33:20+00:00
art/suits/pressure-loom-harness/legendary/shoulders.png	1	1171709	2026-04-22T04:33:20+00:00
art/suits/pressure-loom-harness/legendary/weapon-primary.png	1	740654	2026-04-22T04:33:20+00:00
art/suits/pressure-loom-harness/mythic/arms.png	1	301834	2026-04-22T04:33:20+00:00
art/suits/pressure-loom-harness/mythic/back.png	1	1031077	2026-04-22T04:33:20+00:00
art/suits/pressure-loom-harness/mythic/belt.png	1	1767156	2026-04-22T04:33:20+00:00
art/suits/pressure-loom-harness/mythic/chest.png	1	2138832	2026-04-22T04:33:20+00:00
art/suits/pressure-loom-harness/mythic/feet.png	1	2457733	2026-04-22T04:33:20+00:00
art/suits/pressure-loom-harness/mythic/gloves.png	1	2783004	2026-04-22T04:33:22+00:00
art/suits/pressure-loom-harness/mythic/head.png	1	1408001	2026-04-22T04:33:22+00:00
art/suits/pressure-loom-harness/mythic/legs.png	1	2622581	2026-04-22T04:33:22+00:00
art/suits/pressure-loom-harness/mythic/shoulders.png	1	842789	2026-04-22T04:33:22+00:00
art/suits/pressure-loom-harness/mythic/weapon-primary.png	1	1927327	2026-04-22T04:33:22+00:00
art/suits/pressure-loom-harness/rare/arms.png	1	519836	2026-04-22T04:33:22+00:00
art/suits/pressure-loom-harness/rare/back.png	1	1800735	2026-04-22T04:33:22+00:00
art/suits/pressure-loom-harness/rare/belt.png	1	2784692	2026-04-22T04:33:22+00:00
art/suits/pressure-loom-harness/rare/chest.png	1	2473695	2026-04-22T04:33:23+00:00
art/suits/pressure-loom-harness/rare/feet.png	1	822471	2026-04-22T04:33:23+00:00
art/suits/pressure-loom-harness/rare/gloves.png	1	1502190	2026-04-22T04:33:23+00:00
art/suits/pressure-loom-harness/rare/head.png	1	1921955	2026-04-22T04:33:23+00:00
art/suits/pressure-loom-harness/rare/legs.png	1	696702	2026-04-22T04:33:23+00:00
art/suits/pressure-loom-harness/rare/shoulders.png	1	422769	2026-04-22T04:33:23+00:00
art/suits/pressure-loom-harness/rare/weapon-primary.png	1	2067737	2026-04-22T04:33:23+00:00
art/suits/pressure-loom-harness/uncommon/arms.png	1	696876	2026-04-22T04:33:22+00:00
art/suits/pressure-loom-harness/uncommon/back.png	1	1192963	2026-04-22T04:33:24+00:00
art/suits/pressure-loom-harness/uncommon/belt.png	1	1683989	2026-04-22T04:33:24+00:00
art/suits/pressure-loom-harness/uncommon/chest.png	1	2373673	2026-04-22T04:33:24+00:00
art/suits/pressure-loom-harness/uncommon/feet.png	1	1466827	2026-04-22T04:33:24+00:00
art/suits/pressure-loom-harness/uncommon/gloves.png	1	1631036	2026-04-22T04:33:24+00:00
art/suits/pressure-loom-harness/uncommon/head.png	1	877495	2026-04-22T04:33:24+00:00
art/suits/pressure-loom-harness/uncommon/legs.png	1	2220189	2026-04-22T04:33:24+00:00
art/suits/pressure-loom-harness/uncommon/shoulders.png	1	680506	2026-04-22T04:33:24+00:00
art/suits/pressure-loom-harness/uncommon/weapon-primary.png	1	1697047	2026-04-22T04:33:25+00:00
art/suits/regalia-of-the-seeing-stylus/common/arms.png	1	1067317	2026-04-22T04:33:25+00:00
art/suits/regalia-of-the-seeing-stylus/common/back.png	1	2502719	2026-04-22T04:33:25+00:00
art/suits/regalia-of-the-seeing-stylus/common/belt.png	1	601407	2026-04-22T04:33:25+00:00
art/suits/regalia-of-the-seeing-stylus/common/chest.png	1	2278065	2026-04-22T04:33:25+00:00
art/suits/regalia-of-the-seeing-stylus/common/feet.png	1	2285770	2026-04-22T04:33:25+00:00
art/suits/regalia-of-the-seeing-stylus/common/gloves.png	1	2511948	2026-04-22T04:33:25+00:00
art/suits/regalia-of-the-seeing-stylus/common/head.png	1	1812076	2026-04-22T04:33:25+00:00
art/suits/regalia-of-the-seeing-stylus/common/legs.png	1	1618534	2026-04-22T04:33:25+00:00
art/suits/regalia-of-the-seeing-stylus/common/shoulders.png	1	2365062	2026-04-22T04:33:26+00:00
art/suits/regalia-of-the-seeing-stylus/common/weapon-primary.png	1	1943701	2026-04-22T04:33:25+00:00
art/suits/regalia-of-the-seeing-stylus/epic/arms.png	1	341081	2026-04-22T04:33:25+00:00
art/suits/regalia-of-the-seeing-stylus/epic/back.png	1	2122594	2026-04-22T04:33:26+00:00
art/suits/regalia-of-the-seeing-stylus/epic/belt.png	1	1504320	2026-04-22T04:33:26+00:00
art/suits/regalia-of-the-seeing-stylus/epic/chest.png	1	2570134	2026-04-22T04:33:27+00:00
art/suits/regalia-of-the-seeing-stylus/epic/feet.png	1	1808925	2026-04-22T04:33:27+00:00
art/suits/regalia-of-the-seeing-stylus/epic/gloves.png	1	1701749	2026-04-22T04:33:27+00:00
art/suits/regalia-of-the-seeing-stylus/epic/head.png	1	1733517	2026-04-22T04:33:27+00:00
art/suits/regalia-of-the-seeing-stylus/epic/legs.png	1	1878140	2026-04-22T04:33:27+00:00
art/suits/regalia-of-the-seeing-stylus/epic/shoulders.png	1	602789	2026-04-22T04:33:27+00:00
art/suits/regalia-of-the-seeing-stylus/epic/weapon-primary.png	1	1324190	2026-04-22T04:33:27+00:00
art/suits/regalia-of-the-seeing-stylus/legendary/arms.png	1	1826895	2026-04-22T04:33:27+00:00
art/suits/regalia-of-the-seeing-stylus/legendary/back.png	1	1246896	2026-04-22T04:33:28+00:00
art/suits/regalia-of-the-seeing-stylus/legendary/belt.png	1	958711	2026-04-22T04:33:28+00:00
art/suits/regalia-of-the-seeing-stylus/legendary/chest.png	1	2298864	2026-04-22T04:33:28+00:00
art/suits/regalia-of-the-seeing-stylus/legendary/feet.png	1	2397291	2026-04-22T04:33:28+00:00
art/suits/regalia-of-the-seeing-stylus/legendary/gloves.png	1	1726068	2026-04-22T04:33:28+00:00
art/suits/regalia-of-the-seeing-stylus/legendary/head.png	1	1176699	2026-04-22T04:33:28+00:00
art/suits/regalia-of-the-seeing-stylus/legendary/legs.png	1	2412706	2026-04-22T04:33:28+00:00
art/suits/regalia-of-the-seeing-stylus/legendary/shoulders.png	1	2581917	2026-04-22T04:33:28+00:00
art/suits/regalia-of-the-seeing-stylus/legendary/weapon-primary.png	1	2387895	2026-04-22T04:33:30+00:00
art/suits/regalia-of-the-seeing-stylus/mythic/arms.png	1	2074897	2026-04-22T04:33:30+00:00
art/suits/regalia-of-the-seeing-stylus/mythic/back.png	1	1635294	2026-04-22T04:33:30+00:00
art/suits/regalia-of-the-seeing-stylus/mythic/belt.png	1	2153688	2026-04-22T04:33:30+00:00
art/suits/regalia-of-the-seeing-stylus/mythic/chest.png	1	2041957	2026-04-22T04:33:30+00:00
art/suits/regalia-of-the-seeing-stylus/mythic/feet.png	1	3067044	2026-04-22T04:33:30+00:00
art/suits/regalia-of-the-seeing-stylus/mythic/gloves.png	1	1733123	2026-04-22T04:33:30+00:00
art/suits/regalia-of-the-seeing-stylus/mythic/head.png	1	1663165	2026-04-22T04:33:30+00:00
art/suits/regalia-of-the-seeing-stylus/mythic/legs.png	1	1946827	2026-04-22T04:33:31+00:00
art/suits/regalia-of-the-seeing-stylus/mythic/shoulders.png	1	1916483	2026-04-22T04:33:31+00:00
art/suits/regalia-of-the-seeing-stylus/mythic/weapon-primary.png	1	1613196	2026-04-22T04:33:31+00:00
art/suits/regalia-of-the-seeing-stylus/rare/arms.png	1	1591063	2026-04-22T04:33:31+00:00
art/suits/regalia-of-the-seeing-stylus/rare/back.png	1	1174374	2026-04-22T04:33:31+00:00
art/suits/regalia-of-the-seeing-stylus/rare/belt.png	1	955017	2026-04-22T04:33:31+00:00
art/suits/regalia-of-the-seeing-stylus/rare/chest.png	1	2949624	2026-04-22T04:33:32+00:00
art/suits/regalia-of-the-seeing-stylus/rare/feet.png	1	1622339	2026-04-22T04:33:31+00:00
art/suits/regalia-of-the-seeing-stylus/rare/gloves.png	1	1975767	2026-04-22T04:33:32+00:00
art/suits/regalia-of-the-seeing-stylus/rare/head.png	1	1567254	2026-04-22T04:33:32+00:00
art/suits/regalia-of-the-seeing-stylus/rare/legs.png	1	2018572	2026-04-22T04:33:32+00:00
art/suits/regalia-of-the-seeing-stylus/rare/shoulders.png	1	1657067	2026-04-22T04:33:32+00:00
art/suits/regalia-of-the-seeing-stylus/rare/weapon-primary.png	1	2709741	2026-04-22T04:33:32+00:00
art/suits/regalia-of-the-seeing-stylus/uncommon/arms.png	1	1314816	2026-04-22T04:33:32+00:00
art/suits/regalia-of-the-seeing-stylus/uncommon/back.png	1	1972863	2026-04-22T04:33:32+00:00
art/suits/regalia-of-the-seeing-stylus/uncommon/belt.png	1	1048016	2026-04-22T04:33:32+00:00
art/suits/regalia-of-the-seeing-stylus/uncommon/chest.png	1	910855	2026-04-22T04:33:33+00:00
art/suits/regalia-of-the-seeing-stylus/uncommon/feet.png	1	1973034	2026-04-22T04:33:34+00:00
art/suits/regalia-of-the-seeing-stylus/uncommon/gloves.png	1	1730396	2026-04-22T04:33:33+00:00
art/suits/regalia-of-the-seeing-stylus/uncommon/head.png	1	1220805	2026-04-22T04:33:33+00:00
art/suits/regalia-of-the-seeing-stylus/uncommon/legs.png	1	1424756	2026-04-22T04:33:33+00:00
art/suits/regalia-of-the-seeing-stylus/uncommon/shoulders.png	1	1337174	2026-04-22T04:33:33+00:00
art/suits/regalia-of-the-seeing-stylus/uncommon/weapon-primary.png	1	931781	2026-04-22T04:33:33+00:00
art/suits/the-first-chassis/common/arms.png	1	1374041	2026-04-22T04:33:33+00:00
art/suits/the-first-chassis/common/back.png	1	2375282	2026-04-22T04:33:34+00:00
art/suits/the-first-chassis/common/belt.png	1	2030664	2026-04-22T04:33:34+00:00
art/suits/the-first-chassis/common/chest.png	1	2236501	2026-04-22T04:33:35+00:00
art/suits/the-first-chassis/common/feet.png	1	1356043	2026-04-22T04:33:34+00:00
art/suits/the-first-chassis/common/gloves.png	1	1324425	2026-04-22T04:33:34+00:00
art/suits/the-first-chassis/common/head.png	1	1447801	2026-04-22T04:33:35+00:00
art/suits/the-first-chassis/common/legs.png	1	1144662	2026-04-22T04:33:35+00:00
art/suits/the-first-chassis/common/shoulders.png	1	1176898	2026-04-22T04:33:35+00:00
art/suits/the-first-chassis/common/weapon-primary.png	1	1350553	2026-04-22T04:33:35+00:00
art/suits/the-first-chassis/epic/arms.png	1	1509149	2026-04-22T04:33:36+00:00
art/suits/the-first-chassis/epic/back.png	1	1456722	2026-04-22T04:33:36+00:00
art/suits/the-first-chassis/epic/belt.png	1	1858659	2026-04-22T04:33:36+00:00
art/suits/the-first-chassis/epic/chest.png	1	1296491	2026-04-22T04:33:36+00:00
art/suits/the-first-chassis/epic/feet.png	1	1862149	2026-04-22T04:33:36+00:00
art/suits/the-first-chassis/epic/gloves.png	1	1196821	2026-04-22T04:33:36+00:00
art/suits/the-first-chassis/epic/head.png	1	1333343	2026-04-22T04:33:36+00:00
art/suits/the-first-chassis/epic/legs.png	1	1677276	2026-04-22T04:33:36+00:00
art/suits/the-first-chassis/epic/shoulders.png	1	1600594	2026-04-22T04:33:37+00:00
art/suits/the-first-chassis/epic/weapon-primary.png	1	860508	2026-04-22T04:33:37+00:00
art/suits/the-first-chassis/legendary/arms.png	1	1221031	2026-04-22T04:33:37+00:00
art/suits/the-first-chassis/legendary/back.png	1	1782737	2026-04-22T04:33:37+00:00
art/suits/the-first-chassis/legendary/belt.png	1	1420679	2026-04-22T04:33:37+00:00
art/suits/the-first-chassis/legendary/chest.png	1	2096226	2026-04-22T04:33:37+00:00
art/suits/the-first-chassis/legendary/feet.png	1	2446717	2026-04-22T04:33:37+00:00
art/suits/the-first-chassis/legendary/gloves.png	1	2132830	2026-04-22T04:33:37+00:00
art/suits/the-first-chassis/legendary/head.png	1	1549585	2026-04-22T04:33:37+00:00
art/suits/the-first-chassis/legendary/legs.png	1	1830794	2026-04-22T04:33:38+00:00
art/suits/the-first-chassis/legendary/shoulders.png	1	721369	2026-04-22T04:33:38+00:00
art/suits/the-first-chassis/legendary/weapon-primary.png	2	906038	2026-04-22T04:33:38+00:00
art/suits/the-first-chassis/mythic/arms.png	1	1098511	2026-04-22T04:33:38+00:00
art/suits/the-first-chassis/mythic/back.png	1	2616480	2026-04-22T04:33:39+00:00
art/suits/the-first-chassis/mythic/belt.png	1	2070160	2026-04-22T04:33:39+00:00
art/suits/the-first-chassis/mythic/chest.png	1	1930208	2026-04-22T04:33:39+00:00
art/suits/the-first-chassis/mythic/feet.png	1	2104738	2026-04-22T04:33:39+00:00
art/suits/the-first-chassis/mythic/gloves.png	1	2156684	2026-04-22T04:33:39+00:00
art/suits/the-first-chassis/mythic/head.png	1	2259574	2026-04-22T04:33:39+00:00
art/suits/the-first-chassis/mythic/legs.png	1	1916528	2026-04-22T04:33:39+00:00
art/suits/the-first-chassis/mythic/shoulders.png	1	828328	2026-04-22T04:33:39+00:00
art/suits/the-first-chassis/mythic/weapon-primary.png	1	1797473	2026-04-22T04:33:39+00:00
art/suits/the-first-chassis/rare/arms.png	1	1887010	2026-04-22T04:33:39+00:00
art/suits/the-first-chassis/rare/back.png	1	2345305	2026-04-22T04:33:40+00:00
art/suits/the-first-chassis/rare/belt.png	1	2060885	2026-04-22T04:33:41+00:00
art/suits/the-first-chassis/rare/chest.png	1	2169047	2026-04-22T04:33:40+00:00
art/suits/the-first-chassis/rare/feet.png	1	1427194	2026-04-22T04:33:41+00:00
art/suits/the-first-chassis/rare/gloves.png	1	1214736	2026-04-22T04:33:41+00:00
art/suits/the-first-chassis/rare/head.png	1	1624360	2026-04-22T04:33:41+00:00
art/suits/the-first-chassis/rare/legs.png	1	1669530	2026-04-22T04:33:40+00:00
art/suits/the-first-chassis/rare/shoulders.png	1	1456182	2026-04-22T04:33:41+00:00
art/suits/the-first-chassis/rare/weapon-primary.png	1	894876	2026-04-22T04:33:40+00:00
art/suits/the-first-chassis/uncommon/arms.png	1	1462321	2026-04-22T04:33:41+00:00
art/suits/the-first-chassis/uncommon/back.png	1	1893656	2026-04-22T04:33:41+00:00
art/suits/the-first-chassis/uncommon/belt.png	1	805236	2026-04-22T04:33:41+00:00
art/suits/the-first-chassis/uncommon/chest.png	1	1385521	2026-04-22T04:33:41+00:00
art/suits/the-first-chassis/uncommon/feet.png	1	1467925	2026-04-22T04:33:41+00:00
art/suits/the-first-chassis/uncommon/gloves.png	1	1675618	2026-04-22T04:33:43+00:00
art/suits/the-first-chassis/uncommon/head.png	1	1926174	2026-04-22T04:33:43+00:00
art/suits/the-first-chassis/uncommon/legs.png	1	1378457	2026-04-22T04:33:41+00:00
art/suits/the-first-chassis/uncommon/shoulders.png	1	2026303	2026-04-22T04:33:43+00:00
art/suits/the-first-chassis/uncommon/weapon-primary.png	1	1160610	2026-04-22T04:33:43+00:00
art/suits/the-mourners-coat/common/arms.png	1	2320835	2026-04-22T04:33:43+00:00
art/suits/the-mourners-coat/common/back.png	1	1690596	2026-04-22T04:33:43+00:00
art/suits/the-mourners-coat/common/belt.png	1	1168604	2026-04-22T04:33:43+00:00
art/suits/the-mourners-coat/common/chest.png	2	2020528	2026-04-22T04:33:43+00:00
art/suits/the-mourners-coat/common/feet.png	1	1580340	2026-04-22T04:33:43+00:00
art/suits/the-mourners-coat/common/gloves.png	1	1610051	2026-04-22T04:33:44+00:00
art/suits/the-mourners-coat/common/head.png	1	2160280	2026-04-22T04:33:44+00:00
art/suits/the-mourners-coat/common/legs.png	1	2296671	2026-04-22T04:33:44+00:00
art/suits/the-mourners-coat/common/shoulders.png	1	1092146	2026-04-22T04:33:44+00:00
art/suits/the-mourners-coat/common/weapon-primary.png	1	474085	2026-04-22T04:33:44+00:00
art/suits/the-mourners-coat/epic/arms.png	1	1945755	2026-04-22T04:33:44+00:00
art/suits/the-mourners-coat/epic/back.png	1	1339465	2026-04-22T04:33:44+00:00
art/suits/the-mourners-coat/epic/belt.png	1	1665644	2026-04-22T04:33:44+00:00
art/suits/the-mourners-coat/epic/chest.png	1	1447142	2026-04-22T04:33:45+00:00
art/suits/the-mourners-coat/epic/feet.png	1	1590689	2026-04-22T04:33:45+00:00
art/suits/the-mourners-coat/epic/gloves.png	1	1706149	2026-04-22T04:33:45+00:00
art/suits/the-mourners-coat/epic/head.png	1	1949673	2026-04-22T04:33:46+00:00
art/suits/the-mourners-coat/epic/legs.png	1	2224197	2026-04-22T04:33:45+00:00
art/suits/the-mourners-coat/epic/shoulders.png	1	1754758	2026-04-22T04:33:45+00:00
art/suits/the-mourners-coat/epic/weapon-primary.png	1	1225099	2026-04-22T04:33:45+00:00
art/suits/the-mourners-coat/legendary/arms.png	1	1265367	2026-04-22T04:33:45+00:00
art/suits/the-mourners-coat/legendary/back.png	1	1808864	2026-04-22T04:33:46+00:00
art/suits/the-mourners-coat/legendary/belt.png	1	1345213	2026-04-22T04:33:46+00:00
art/suits/the-mourners-coat/legendary/chest.png	1	2612110	2026-04-22T04:33:46+00:00
art/suits/the-mourners-coat/legendary/feet.png	1	1862137	2026-04-22T04:33:46+00:00
art/suits/the-mourners-coat/legendary/gloves.png	1	971734	2026-04-22T04:33:46+00:00
art/suits/the-mourners-coat/legendary/head.png	1	2940599	2026-04-22T04:33:46+00:00
art/suits/the-mourners-coat/legendary/legs.png	1	1966094	2026-04-22T04:33:46+00:00
art/suits/the-mourners-coat/legendary/shoulders.png	1	2074825	2026-04-22T04:33:46+00:00
art/suits/the-mourners-coat/legendary/weapon-primary.png	1	533226	2026-04-22T04:33:47+00:00
art/suits/the-mourners-coat/mythic/arms.png	1	1274267	2026-04-22T04:33:47+00:00
art/suits/the-mourners-coat/mythic/back.png	1	2095696	2026-04-22T04:33:47+00:00
art/suits/the-mourners-coat/mythic/belt.png	1	1678685	2026-04-22T04:33:47+00:00
art/suits/the-mourners-coat/mythic/chest.png	1	2032495	2026-04-22T04:33:47+00:00
art/suits/the-mourners-coat/mythic/feet.png	1	1838066	2026-04-22T04:33:47+00:00
art/suits/the-mourners-coat/mythic/gloves.png	1	1389090	2026-04-22T04:33:47+00:00
art/suits/the-mourners-coat/mythic/head.png	1	1457596	2026-04-22T04:33:47+00:00
art/suits/the-mourners-coat/mythic/legs.png	1	1999509	2026-04-22T04:33:48+00:00
art/suits/the-mourners-coat/mythic/shoulders.png	1	1344807	2026-04-22T04:33:48+00:00
art/suits/the-mourners-coat/mythic/weapon-primary.png	1	1140516	2026-04-22T04:33:49+00:00
art/suits/the-mourners-coat/rare/arms.png	1	2032081	2026-04-22T04:33:49+00:00
art/suits/the-mourners-coat/rare/back.png	1	2153750	2026-04-22T04:33:49+00:00
art/suits/the-mourners-coat/rare/belt.png	1	1231024	2026-04-22T04:33:49+00:00
art/suits/the-mourners-coat/rare/chest.png	1	1781504	2026-04-22T04:33:49+00:00
art/suits/the-mourners-coat/rare/feet.png	1	1736427	2026-04-22T04:33:49+00:00
art/suits/the-mourners-coat/rare/gloves.png	1	1498049	2026-04-22T04:33:49+00:00
art/suits/the-mourners-coat/rare/head.png	1	1605726	2026-04-22T04:33:50+00:00
art/suits/the-mourners-coat/rare/legs.png	1	1804155	2026-04-22T04:33:50+00:00
art/suits/the-mourners-coat/rare/shoulders.png	1	884538	2026-04-22T04:33:49+00:00
art/suits/the-mourners-coat/rare/weapon-primary.png	1	732267	2026-04-22T04:33:49+00:00
art/suits/the-mourners-coat/uncommon/arms.png	1	1237403	2026-04-22T04:33:50+00:00
art/suits/the-mourners-coat/uncommon/back.png	1	1844792	2026-04-22T04:33:50+00:00
art/suits/the-mourners-coat/uncommon/belt.png	1	1868366	2026-04-22T04:33:50+00:00
art/suits/the-mourners-coat/uncommon/chest.png	1	2513483	2026-04-22T04:33:51+00:00
art/suits/the-mourners-coat/uncommon/feet.png	1	1476714	2026-04-22T04:33:50+00:00
art/suits/the-mourners-coat/uncommon/gloves.png	1	1194141	2026-04-22T04:33:50+00:00
art/suits/the-mourners-coat/uncommon/head.png	1	1742949	2026-04-22T04:33:51+00:00
art/suits/the-mourners-coat/uncommon/legs.png	1	1697956	2026-04-22T04:33:51+00:00
art/suits/the-mourners-coat/uncommon/shoulders.png	1	1439692	2026-04-22T04:33:52+00:00
art/suits/the-mourners-coat/uncommon/weapon-primary.png	1	1165412	2026-04-22T04:33:52+00:00
art/suits/tide-engine-carapace/common/arms.png	1	1892580	2026-04-22T04:33:52+00:00
art/suits/tide-engine-carapace/common/back.png	1	2673589	2026-04-22T04:33:52+00:00
art/suits/tide-engine-carapace/common/belt.png	1	2837001	2026-04-22T04:33:52+00:00
art/suits/tide-engine-carapace/common/chest.png	1	2564898	2026-04-22T04:33:53+00:00
art/suits/tide-engine-carapace/common/feet.png	1	2367707	2026-04-22T04:33:52+00:00
art/suits/tide-engine-carapace/common/gloves.png	1	1740786	2026-04-22T04:33:52+00:00
art/suits/tide-engine-carapace/common/head.png	1	2347544	2026-04-22T04:33:53+00:00
art/suits/tide-engine-carapace/common/legs.png	1	1591022	2026-04-22T04:33:53+00:00
art/suits/tide-engine-carapace/common/shoulders.png	1	2472925	2026-04-22T04:33:53+00:00
art/suits/tide-engine-carapace/common/weapon-primary.png	1	2035925	2026-04-22T04:33:53+00:00
art/suits/tide-engine-carapace/epic/arms.png	1	2766920	2026-04-22T04:33:54+00:00
art/suits/tide-engine-carapace/epic/back.png	1	2419855	2026-04-22T04:33:53+00:00
art/suits/tide-engine-carapace/epic/belt.png	1	2085790	2026-04-22T04:33:54+00:00
art/suits/tide-engine-carapace/epic/chest.png	1	2022024	2026-04-22T04:33:54+00:00
art/suits/tide-engine-carapace/epic/feet.png	1	2206870	2026-04-22T04:33:54+00:00
art/suits/tide-engine-carapace/epic/gloves.png	1	2070242	2026-04-22T04:33:54+00:00
art/suits/tide-engine-carapace/epic/head.png	1	2605658	2026-04-22T04:33:55+00:00
art/suits/tide-engine-carapace/epic/legs.png	1	2441268	2026-04-22T04:33:55+00:00
art/suits/tide-engine-carapace/epic/shoulders.png	1	1605165	2026-04-22T04:33:55+00:00
art/suits/tide-engine-carapace/epic/weapon-primary.png	1	1477564	2026-04-22T04:33:55+00:00
art/suits/tide-engine-carapace/legendary/arms.png	1	1984875	2026-04-22T04:33:55+00:00
art/suits/tide-engine-carapace/legendary/back.png	1	2640630	2026-04-22T04:33:55+00:00
art/suits/tide-engine-carapace/legendary/belt.png	1	2518069	2026-04-22T04:33:55+00:00
art/suits/tide-engine-carapace/legendary/chest.png	1	2345086	2026-04-22T04:33:55+00:00
art/suits/tide-engine-carapace/legendary/feet.png	1	2496602	2026-04-22T04:33:56+00:00
art/suits/tide-engine-carapace/legendary/gloves.png	1	1636730	2026-04-22T04:33:57+00:00
art/suits/tide-engine-carapace/legendary/head.png	1	2385040	2026-04-22T04:33:58+00:00
art/suits/tide-engine-carapace/legendary/legs.png	1	1670472	2026-04-22T04:33:58+00:00
art/suits/tide-engine-carapace/legendary/shoulders.png	1	2627757	2026-04-22T04:33:58+00:00
art/suits/tide-engine-carapace/legendary/weapon-primary.png	1	2134548	2026-04-22T04:33:58+00:00
art/suits/tide-engine-carapace/mythic/arms.png	1	2018680	2026-04-22T04:33:58+00:00
art/suits/tide-engine-carapace/mythic/back.png	1	2988074	2026-04-22T04:33:58+00:00
art/suits/tide-engine-carapace/mythic/belt.png	1	3065102	2026-04-22T04:33:58+00:00
art/suits/tide-engine-carapace/mythic/chest.png	1	2372757	2026-04-22T04:33:58+00:00
art/suits/tide-engine-carapace/mythic/feet.png	1	1353880	2026-04-22T04:33:58+00:00
art/suits/tide-engine-carapace/mythic/gloves.png	1	1872615	2026-04-22T04:33:58+00:00
art/suits/tide-engine-carapace/mythic/head.png	1	1855983	2026-04-22T04:33:59+00:00
art/suits/tide-engine-carapace/mythic/legs.png	1	2398483	2026-04-22T04:34:00+00:00
art/suits/tide-engine-carapace/mythic/shoulders.png	1	2024095	2026-04-22T04:33:59+00:00
art/suits/tide-engine-carapace/mythic/weapon-primary.png	1	2575070	2026-04-22T04:34:00+00:00
art/suits/tide-engine-carapace/rare/arms.png	1	2621246	2026-04-22T04:34:00+00:00
art/suits/tide-engine-carapace/rare/back.png	1	2630304	2026-04-22T04:34:00+00:00
art/suits/tide-engine-carapace/rare/belt.png	1	2223887	2026-04-22T04:34:00+00:00
art/suits/tide-engine-carapace/rare/chest.png	1	2164482	2026-04-22T04:34:00+00:00
art/suits/tide-engine-carapace/rare/feet.png	1	1983538	2026-04-22T04:34:01+00:00
art/suits/tide-engine-carapace/rare/gloves.png	1	2267483	2026-04-22T04:34:01+00:00
art/suits/tide-engine-carapace/rare/head.png	1	1704864	2026-04-22T04:34:01+00:00
art/suits/tide-engine-carapace/rare/legs.png	1	2787985	2026-04-22T04:34:02+00:00
art/suits/tide-engine-carapace/rare/shoulders.png	1	1780583	2026-04-22T04:34:01+00:00
art/suits/tide-engine-carapace/rare/weapon-primary.png	1	1012716	2026-04-22T04:34:01+00:00
art/suits/tide-engine-carapace/uncommon/arms.png	1	1718617	2026-04-22T04:34:02+00:00
art/suits/tide-engine-carapace/uncommon/back.png	1	2198011	2026-04-22T04:34:02+00:00
art/suits/tide-engine-carapace/uncommon/belt.png	1	2270095	2026-04-22T04:34:02+00:00
art/suits/tide-engine-carapace/uncommon/chest.png	1	2318293	2026-04-22T04:34:03+00:00
art/suits/tide-engine-carapace/uncommon/feet.png	1	1405916	2026-04-22T04:34:02+00:00
art/suits/tide-engine-carapace/uncommon/gloves.png	1	1685399	2026-04-22T04:34:03+00:00
art/suits/tide-engine-carapace/uncommon/head.png	1	2815939	2026-04-22T04:34:03+00:00
art/suits/tide-engine-carapace/uncommon/legs.png	1	1608889	2026-04-22T04:34:03+00:00
art/suits/tide-engine-carapace/uncommon/shoulders.png	1	2978551	2026-04-22T04:34:03+00:00
art/suits/tide-engine-carapace/uncommon/weapon-primary.png	1	772660	2026-04-22T04:34:03+00:00
art/suits/void-sextant-ensemble/common/arms.png	1	2729979	2026-04-22T04:34:04+00:00
art/suits/void-sextant-ensemble/common/back.png	1	2216362	2026-04-22T04:34:04+00:00
art/suits/void-sextant-ensemble/common/belt.png	1	1712877	2026-04-22T04:34:04+00:00
art/suits/void-sextant-ensemble/common/chest.png	1	2580606	2026-04-22T04:34:04+00:00
art/suits/void-sextant-ensemble/common/feet.png	1	1812798	2026-04-22T04:34:04+00:00
art/suits/void-sextant-ensemble/common/gloves.png	1	1512141	2026-04-22T04:34:04+00:00
art/suits/void-sextant-ensemble/common/head.png	1	1921510	2026-04-22T04:34:04+00:00
art/suits/void-sextant-ensemble/common/legs.png	1	2483037	2026-04-22T04:34:05+00:00
art/suits/void-sextant-ensemble/common/shoulders.png	1	2855810	2026-04-22T04:34:05+00:00
art/suits/void-sextant-ensemble/common/weapon-primary.png	1	1667019	2026-04-22T04:34:05+00:00
art/suits/void-sextant-ensemble/epic/arms.png	1	1529656	2026-04-22T04:34:05+00:00
art/suits/void-sextant-ensemble/epic/back.png	1	2347071	2026-04-22T04:34:05+00:00
art/suits/void-sextant-ensemble/epic/belt.png	1	1228165	2026-04-22T04:34:05+00:00
art/suits/void-sextant-ensemble/epic/chest.png	1	2497457	2026-04-22T04:34:06+00:00
art/suits/void-sextant-ensemble/epic/feet.png	1	1739502	2026-04-22T04:34:06+00:00
art/suits/void-sextant-ensemble/epic/gloves.png	1	2122089	2026-04-22T04:34:06+00:00
art/suits/void-sextant-ensemble/epic/head.png	1	2439561	2026-04-22T04:34:06+00:00
art/suits/void-sextant-ensemble/epic/legs.png	1	2110918	2026-04-22T04:34:07+00:00
art/suits/void-sextant-ensemble/epic/shoulders.png	1	928535	2026-04-22T04:34:06+00:00
art/suits/void-sextant-ensemble/epic/weapon-primary.png	1	1517918	2026-04-22T04:34:06+00:00
art/suits/void-sextant-ensemble/legendary/arms.png	1	1542644	2026-04-22T04:34:07+00:00
art/suits/void-sextant-ensemble/legendary/back.png	1	2995238	2026-04-22T04:34:07+00:00
art/suits/void-sextant-ensemble/legendary/belt.png	1	1753970	2026-04-22T04:34:07+00:00
art/suits/void-sextant-ensemble/legendary/chest.png	1	1489517	2026-04-22T04:34:07+00:00
art/suits/void-sextant-ensemble/legendary/feet.png	1	1516045	2026-04-22T04:34:07+00:00
art/suits/void-sextant-ensemble/legendary/gloves.png	1	1767432	2026-04-22T04:34:07+00:00
art/suits/void-sextant-ensemble/legendary/head.png	1	3584095	2026-04-22T04:34:09+00:00
art/suits/void-sextant-ensemble/legendary/legs.png	1	1779574	2026-04-22T04:34:08+00:00
art/suits/void-sextant-ensemble/legendary/shoulders.png	1	749279	2026-04-22T04:34:07+00:00
art/suits/void-sextant-ensemble/legendary/weapon-primary.png	1	1295130	2026-04-22T04:34:08+00:00
art/suits/void-sextant-ensemble/mythic/arms.png	1	2644115	2026-04-22T04:34:09+00:00
art/suits/void-sextant-ensemble/mythic/back.png	1	2086282	2026-04-22T04:34:09+00:00
art/suits/void-sextant-ensemble/mythic/belt.png	1	2860303	2026-04-22T04:34:10+00:00
art/suits/void-sextant-ensemble/mythic/chest.png	1	2153284	2026-04-22T04:34:10+00:00
art/suits/void-sextant-ensemble/mythic/feet.png	1	1536341	2026-04-22T04:34:09+00:00
art/suits/void-sextant-ensemble/mythic/gloves.png	1	1770806	2026-04-22T04:34:09+00:00
art/suits/void-sextant-ensemble/mythic/head.png	1	3213246	2026-04-22T04:34:10+00:00
art/suits/void-sextant-ensemble/mythic/legs.png	1	1603463	2026-04-22T04:34:10+00:00
art/suits/void-sextant-ensemble/mythic/shoulders.png	1	1115172	2026-04-22T04:34:10+00:00
art/suits/void-sextant-ensemble/mythic/weapon-primary.png	1	1021950	2026-04-22T04:34:10+00:00
art/suits/void-sextant-ensemble/rare/arms.png	1	2955115	2026-04-22T04:34:12+00:00
art/suits/void-sextant-ensemble/rare/back.png	1	2079643	2026-04-22T04:34:10+00:00
art/suits/void-sextant-ensemble/rare/belt.png	1	1136864	2026-04-22T04:34:10+00:00
art/suits/void-sextant-ensemble/rare/chest.png	1	2429959	2026-04-22T04:34:12+00:00
art/suits/void-sextant-ensemble/rare/feet.png	1	2306784	2026-04-22T04:34:12+00:00
art/suits/void-sextant-ensemble/rare/gloves.png	1	1690482	2026-04-22T04:34:12+00:00
art/suits/void-sextant-ensemble/rare/head.png	1	1519656	2026-04-22T04:34:12+00:00
art/suits/void-sextant-ensemble/rare/legs.png	1	2141539	2026-04-22T04:34:13+00:00
art/suits/void-sextant-ensemble/rare/shoulders.png	1	1070345	2026-04-22T04:34:12+00:00
art/suits/void-sextant-ensemble/rare/weapon-primary.png	1	2141534	2026-04-22T04:34:13+00:00
art/suits/void-sextant-ensemble/uncommon/arms.png	1	2773791	2026-04-22T04:34:13+00:00
art/suits/void-sextant-ensemble/uncommon/back.png	1	2312569	2026-04-22T04:34:13+00:00
art/suits/void-sextant-ensemble/uncommon/belt.png	1	1402936	2026-04-22T04:34:13+00:00
art/suits/void-sextant-ensemble/uncommon/chest.png	1	2144193	2026-04-22T04:34:13+00:00
art/suits/void-sextant-ensemble/uncommon/feet.png	1	2030208	2026-04-22T04:34:13+00:00
art/suits/void-sextant-ensemble/uncommon/gloves.png	1	2554053	2026-04-22T04:34:13+00:00
art/suits/void-sextant-ensemble/uncommon/head.png	1	1904835	2026-04-22T04:34:13+00:00
art/suits/void-sextant-ensemble/uncommon/legs.png	1	1418277	2026-04-22T04:34:13+00:00
art/suits/void-sextant-ensemble/uncommon/shoulders.png	1	2247256	2026-04-22T04:34:19+00:00
art/suits/void-sextant-ensemble/uncommon/weapon-primary.png	1	918407	2026-04-22T04:34:16+00:00
art/td/grid-tile.png	1	9734	2026-04-22T04:34:16+00:00
art/terminus/cinematics/cin01_end.png	1	5641616	2026-04-22T04:34:20+00:00
art/terminus/cinematics/cin01_start.png	1	6084485	2026-04-22T04:34:20+00:00
art/terminus/cinematics/cin02_end.png	1	6634294	2026-04-22T04:34:20+00:00
art/terminus/cinematics/cin02_start.png	1	3446168	2026-04-22T04:34:20+00:00
art/terminus/cinematics/cin03_end.png	1	6900189	2026-04-22T04:34:20+00:00
art/terminus/cinematics/cin03_start.png	1	7102375	2026-04-22T04:34:20+00:00
art/terminus/cinematics/cin04_end.png	1	6836398	2026-04-22T04:34:20+00:00
art/terminus/cinematics/cin04_start.png	1	6999206	2026-04-22T04:34:21+00:00
art/terminus/cinematics/cin05_end.png	1	6479508	2026-04-22T04:34:20+00:00
art/terminus/cinematics/cin05_start.png	1	6014438	2026-04-22T04:34:20+00:00
art/terminus/enemies/avatar-source.png	2	20367	2026-04-22T04:34:20+00:00
art/terminus/enemies/bile-hulk.png	2	15485	2026-04-22T04:34:20+00:00
art/terminus/enemies/corrupt-mantis.png	2	9617	2026-04-22T04:34:20+00:00
art/terminus/enemies/hive-tyrant.png	2	19502	2026-04-22T04:34:20+00:00
art/terminus/enemies/infected-reaper.png	2	12742	2026-04-22T04:34:20+00:00
art/terminus/enemies/infected-spore.png	2	8976	2026-04-22T04:34:20+00:00
art/terminus/enemies/neural-parasite.png	2	6726	2026-04-22T04:34:20+00:00
art/terminus/enemies/plague-ant.png	2	15736	2026-04-22T04:34:20+00:00
art/terminus/enemies/rot-crawler.png	2	15627	2026-04-22T04:34:20+00:00
art/terminus/enemies/swarm-queen.png	2	12438	2026-04-22T04:34:20+00:00
art/terminus/enemies/undead-grub.png	2	7448	2026-04-22T04:34:20+00:00
art/terminus/enemies/venom-wasp.png	2	9543	2026-04-22T04:34:20+00:00
art/terminus/maps/map-corridor-b.jpg	2	249376	2026-04-22T04:34:21+00:00
art/terminus/maps/map-landing-bay.jpg	2	173360	2026-04-22T04:34:21+00:00
art/terminus/maps/map-reactor-core.png	1	7911397	2026-04-22T04:34:25+00:00
art/terminus/maps/map-terminus-surface.png	1	7717917	2026-04-22T04:34:25+00:00
art/terminus/maps/terminus-planet.png	2	304831	2026-04-22T04:34:21+00:00
art/terminus/turrets/arc-emitter.png	2	22312	2026-04-22T04:34:21+00:00
art/terminus/turrets/cryo-array.png	2	30219	2026-04-22T04:34:21+00:00
art/terminus/turrets/emp-mine.png	2	33167	2026-04-22T04:34:21+00:00
art/terminus/turrets/flame-projector.png	2	19231	2026-04-22T04:34:21+00:00
art/terminus/turrets/missile-battery.png	2	33192	2026-04-22T04:34:21+00:00
art/terminus/turrets/nanite-swarm.png	2	20381	2026-04-22T04:34:21+00:00
art/terminus/turrets/pulse-cannon.png	2	28975	2026-04-22T04:34:21+00:00
art/terminus/turrets/shield-pylon.png	2	23007	2026-04-22T04:34:21+00:00
art/trade-empire/wonders/wonder_ark_cathedral.webp	1	331470	2026-04-28T02:08:18+00:00
art/trade_empire/buildings/guild_hall.png	1	5929613	2026-05-10T20:23:48+00:00
art/trade_empire/buildings/market_tier1.png	1	5829740	2026-05-10T20:23:48+00:00
art/trade_empire/buildings/market_tier2.png	1	7058036	2026-05-10T20:23:48+00:00
art/trade_empire/buildings/market_tier3.png	1	6552592	2026-05-10T20:23:48+00:00
art/trade_empire/buildings/shipyard.png	1	6411903	2026-05-10T20:23:48+00:00
art/trade_empire/buildings/warehouse_tier1.png	1	5940372	2026-05-10T20:23:48+00:00
art/trade_empire/buildings/warehouse_tier2.png	1	6732053	2026-05-10T20:23:48+00:00
art/trade_empire/goods/goods_arcane_ink.png	1	4819083	2026-05-10T20:23:48+00:00
art/trade_empire/goods/goods_brass_ingot.png	1	4255745	2026-05-10T20:24:05+00:00
art/trade_empire/goods/goods_lumber.png	1	4567241	2026-05-10T20:24:17+00:00
art/trade_empire/goods/goods_silk.png	1	6251399	2026-05-10T20:24:23+00:00
art/trade_empire/goods/goods_soul_essence.png	1	4240154	2026-05-10T20:24:38+00:00
art/trade_empire/goods/goods_spice.png	1	5302194	2026-05-10T20:24:42+00:00
art/trade_empire/goods/goods_void_crystal.png	1	4161499	2026-05-10T20:24:43+00:00
art/trade_empire/maps/trade_route_map.png	2	6560867	2026-05-10T20:24:51+00:00
art/trade_empire/routes/route_sea_lane.png	2	6663708	2026-05-10T20:24:51+00:00
art/trade_empire/ships/cargo_ship_large.png	1	6617532	2026-05-10T20:24:53+00:00
art/trade_empire/ships/cargo_ship_medium.png	1	5651493	2026-05-10T20:24:55+00:00
art/trade_empire/ships/cargo_ship_small.png	1	5627361	2026-05-10T20:24:55+00:00
art/trade_empire/ui/btn_buy.png	1	4326556	2026-05-10T20:24:56+00:00
art/trade_empire/ui/btn_route.png	1	4094104	2026-05-10T20:25:04+00:00
art/trade_empire/ui/btn_sell.png	1	4377505	2026-05-10T20:25:07+00:00
art/trade_empire/ui/currency_gold.png	1	4600155	2026-05-10T20:25:17+00:00
art/trade_empire/ui/currency_void_marks.png	1	3776009	2026-05-10T20:25:18+00:00
art/trade_empire/ui/trade_dashboard_bg.png	2	7049413	2026-05-10T20:25:24+00:00
art/ui/card-frame.webp	1	96988	2026-05-20T01:34:02+00:00
art/ui/deck-bg.webp	1	186146	2026-05-20T01:34:04+00:00
art/ui/graph-bg.webp	1	171714	2026-05-20T01:34:06+00:00
art/ui/health-bar.png	1	29697	2026-04-22T04:34:22+00:00
art/ui/leaderboard-bg.webp	1	126778	2026-05-20T01:34:07+00:00
art/ui/title-bg.png	2	8675476	2026-04-22T04:34:27+00:00
art/ui/title/actFive_terminus.webp	1	356112	2026-04-22T04:34:22+00:00
art/ui/title/actFour_cell.webp	1	424208	2026-04-22T04:34:22+00:00
art/ui/title/actOne_kindergarten.webp	1	462018	2026-04-22T04:34:22+00:00
art/ui/title/actSeven_singularity.webp	1	228438	2026-04-22T04:34:22+00:00
art/ui/title/actSix_archive.webp	1	293468	2026-04-22T04:34:22+00:00
art/ui/title/actThree_dossier.webp	1	515366	2026-04-22T04:34:22+00:00
art/ui/title/actTwo_workshop.webp	1	426664	2026-04-22T04:34:22+00:00
art/ui/title/humanityRising.webp	1	454710	2026-04-22T04:34:23+00:00
art/ui/title/machineAscendant.webp	1	353574	2026-04-22T04:34:23+00:00
art/ui/title/preludeVoid.webp	1	181482	2026-04-22T04:34:24+00:00
art/ui/trade-frame.png	1	1022404	2026-04-22T04:34:24+00:00
art/ui/ui_audit_page_template_classified.png	1	6862067	2026-05-12T18:08:52+00:00
art/ui/ui_audit_page_template_standard.png	1	8160717	2026-05-12T18:08:52+00:00
art/ui/ui_audit_signature_mechronis.png	1	6371185	2026-05-12T18:08:52+00:00
art/ui/ui_audit_signature_warden.png	1	6630686	2026-05-12T18:08:52+00:00
art/ui/ui_audit_transcript_master.png	1	6503854	2026-05-12T18:08:53+00:00
art/ui/ui_cohort_glyph_artisan.png	1	6957988	2026-05-12T18:08:53+00:00
art/ui/ui_cohort_glyph_ghost.png	1	6618103	2026-05-12T18:08:53+00:00
art/ui/ui_cohort_glyph_heretic.png	1	7118725	2026-05-12T18:08:54+00:00
art/ui/ui_cohort_glyph_jester.png	1	6994259	2026-05-12T18:08:55+00:00
art/ui/ui_cohort_glyph_martyr.png	1	7991811	2026-05-12T18:08:56+00:00
art/ui/ui_cohort_glyph_oracle.png	1	6174568	2026-05-12T18:08:56+00:00
art/ui/ui_cohort_glyph_prodigal.png	1	6050730	2026-05-12T18:08:56+00:00
art/ui/ui_cohort_glyph_revenant.png	1	6863561	2026-05-12T18:08:57+00:00
art/ui/ui_cohort_glyph_scholar.png	1	7866048	2026-05-12T18:08:57+00:00
art/ui/ui_cohort_glyph_sentinel.png	1	7205961	2026-05-12T18:08:58+00:00
art/ui/ui_cohort_glyph_wanderer.png	1	7433906	2026-05-12T18:08:59+00:00
art/ui/ui_cohort_glyph_zealot.png	1	6974340	2026-05-12T18:08:59+00:00
art/ui/ui_cohort_slots_panel_master.png	1	5368744	2026-05-12T18:09:02+00:00
art/ui/ui_cohort_species_demagi.png	1	6621429	2026-05-12T18:09:02+00:00
art/ui/ui_cohort_species_human.png	1	5570391	2026-05-12T18:09:04+00:00
art/ui/ui_cohort_species_quarchon.png	1	6471771	2026-05-12T18:09:04+00:00
art/ui/ui_comm_screen_audit_in_progress.png	1	7243281	2026-05-12T18:09:04+00:00
art/ui/ui_comm_screen_call_in.png	1	6734813	2026-05-12T18:09:05+00:00
art/ui/ui_comm_screen_call_out.png	1	6099168	2026-05-12T18:09:05+00:00
art/ui/ui_comm_screen_cohort_banter.png	1	6112394	2026-05-12T18:09:05+00:00
art/ui/ui_comm_screen_commons_phone_mode.png	1	7195605	2026-05-12T18:09:05+00:00
art/ui/ui_comm_screen_doctrine_recitation.png	1	5652169	2026-05-12T18:09:05+00:00
art/ui/ui_comm_screen_frame_idle.png	1	5019595	2026-05-12T18:09:07+00:00
art/ui/ui_comm_screen_mourning_call.png	1	6292015	2026-05-12T18:09:07+00:00
art/ui/ui_comm_screen_narrative_silence.png	1	6701624	2026-05-12T18:09:08+00:00
art/ui/ui_comm_screen_warden_line_tap.png	1	5648627	2026-05-12T18:09:09+00:00
art/ui/ui_commons_scenes_panel_master.png	1	7035364	2026-05-12T18:09:09+00:00
art/ui/ui_commons_subzone_alcove.png	1	6692199	2026-05-12T18:09:10+00:00
art/ui/ui_commons_subzone_bar.png	1	7151418	2026-05-12T18:09:12+00:00
art/ui/ui_commons_subzone_long_table.png	1	6902093	2026-05-12T18:09:12+00:00
art/ui/ui_commons_weather_band.png	1	6207514	2026-05-12T18:09:13+00:00
art/ui/ui_dialog_frame_master.png	1	5496886	2026-05-12T18:09:13+00:00
art/ui/ui_dialog_response_icon_careful.png	1	6020027	2026-05-12T18:09:13+00:00
art/ui/ui_dialog_response_icon_direct.png	1	4175371	2026-05-12T18:09:14+00:00
art/ui/ui_dialog_response_icon_heretic.png	1	4779687	2026-05-12T18:09:14+00:00
art/ui/ui_dialog_response_icon_probe.png	1	6127216	2026-05-12T18:09:15+00:00
art/ui/ui_doctrine_chalk_circle_button.png	1	7281484	2026-05-12T18:09:15+00:00
art/ui/ui_doctrine_picker_master.png	1	6793665	2026-05-12T18:09:16+00:00
art/ui/ui_doctrine_pulpit_cold_hand.png	1	5905154	2026-05-12T18:09:17+00:00
art/ui/ui_doctrine_pulpit_compliant_mouth.png	1	6083045	2026-05-12T18:09:18+00:00
art/ui/ui_doctrine_pulpit_forked_path.png	1	6433452	2026-05-12T18:09:18+00:00
art/ui/ui_doctrine_pulpit_heretical_quiet.png	1	5327102	2026-05-12T18:09:19+00:00
art/ui/ui_doctrine_pulpit_human_remainder.png	1	4569112	2026-05-12T18:09:20+00:00
art/ui/ui_forge_anvil_icon.png	1	5945757	2026-05-12T18:09:21+00:00
art/ui/ui_forge_band_meter.png	1	6161258	2026-05-12T18:09:21+00:00
art/ui/ui_forge_card_preview.png	1	6748402	2026-05-12T18:09:23+00:00
art/ui/ui_forge_effect_slot_1.png	1	6726320	2026-05-12T18:09:23+00:00
art/ui/ui_forge_effect_slot_2.png	1	6627262	2026-05-12T18:09:24+00:00
art/ui/ui_forge_effect_slot_3.png	1	6471648	2026-05-12T18:09:24+00:00
art/ui/ui_forge_effect_slot_4.png	1	6445334	2026-05-12T18:09:24+00:00
art/ui/ui_forge_effect_slot_5.png	1	6589083	2026-05-12T18:09:24+00:00
art/ui/ui_forge_effect_slot_6.png	1	5582389	2026-05-12T18:09:25+00:00
art/ui/ui_memory_library_kiosk_master.png	1	5893048	2026-05-12T18:09:25+00:00
art/ui/ui_memory_library_zone_archived.png	1	7030599	2026-05-12T18:09:27+00:00
art/ui/ui_memory_library_zone_forbidden.png	1	6641724	2026-05-12T18:09:27+00:00
art/ui/ui_memory_library_zone_inherited.png	1	7347312	2026-05-12T18:09:28+00:00
art/ui/ui_memory_library_zone_recent.png	1	6675212	2026-05-12T18:09:29+00:00
art/ui/ui_mission_brass_figure_model.png	1	6185882	2026-05-12T18:09:29+00:00
art/ui/ui_mission_dossier_status_briefed.png	1	5412429	2026-05-12T18:09:29+00:00
art/ui/ui_mission_dossier_status_deployed.png	1	6004359	2026-05-12T18:09:30+00:00
art/ui/ui_mission_dossier_status_failure.png	1	5802669	2026-05-12T18:09:30+00:00
art/ui/ui_mission_dossier_status_idle.png	1	4978950	2026-05-12T18:09:31+00:00
art/ui/ui_mission_dossier_status_success.png	1	7017854	2026-05-12T18:09:33+00:00
art/ui/ui_mission_resolver_master.png	1	5978703	2026-05-12T18:09:33+00:00
art/ui/ui_pedagogy_hub_master.png	1	6031600	2026-05-12T18:09:35+00:00
art/ui/ui_pedagogy_tab_audits_active.png	1	7144000	2026-05-12T18:09:35+00:00
art/ui/ui_pedagogy_tab_audits_inactive.png	1	6142855	2026-05-12T18:09:36+00:00
art/ui/ui_pedagogy_tab_cohort_active.png	1	6024686	2026-05-12T18:09:36+00:00
art/ui/ui_pedagogy_tab_cohort_inactive.png	1	5714912	2026-05-12T18:09:37+00:00
art/ui/ui_pedagogy_tab_doctrine_active.png	1	6756419	2026-05-12T18:09:37+00:00
art/ui/ui_pedagogy_tab_doctrine_inactive.png	1	5276594	2026-05-12T18:09:38+00:00
art/ui/ui_pedagogy_tab_forge_active.png	1	6059065	2026-05-12T18:09:39+00:00
art/ui/ui_pedagogy_tab_forge_inactive.png	1	6546373	2026-05-12T18:09:39+00:00
art/ui/ui_pedagogy_tab_memories_active.png	1	5752190	2026-05-12T18:09:39+00:00
art/ui/ui_pedagogy_tab_memories_inactive.png	1	5706007	2026-05-12T18:09:39+00:00
art/ui/ui_pedagogy_tab_missions_active.png	1	5675846	2026-05-12T18:09:40+00:00
art/ui/ui_pedagogy_tab_missions_inactive.png	1	5757102	2026-05-12T18:09:40+00:00
art/ui/ui_signature_card_forge_master.png	1	6450454	2026-05-12T18:09:42+00:00
art/ui/ui_warden_candidate_slot.png	1	6162524	2026-05-12T18:09:42+00:00
art/ui/ui_warden_panel_master.png	1	5373665	2026-05-12T18:09:42+00:00
art/ui/ui_warden_purge_document.png	1	6225319	2026-05-12T18:09:44+00:00
art/ui/ui_warden_response_comply.png	1	4447088	2026-05-12T18:09:44+00:00
art/ui/ui_warden_response_deflect.png	1	5147473	2026-05-12T18:09:47+00:00
art/ui/ui_warden_response_resist.png	1	6302199	2026-05-12T18:09:47+00:00
art/ui/ui_warden_silhouette.png	1	5265259	2026-05-12T18:09:47+00:00
art/vehicles/cades_apc/exterior.png	1	5800632	2026-05-12T18:09:47+00:00
art/vehicles/captains_shuttle/exterior.png	1	5400942	2026-05-12T18:09:47+00:00
art/vehicles/cargo_vessel/exterior.png	1	6764719	2026-05-12T18:09:48+00:00
art/vehicles/combat_dropship/exterior.png	1	5440266	2026-05-12T18:09:51+00:00
art/vehicles/docking_sequence_approach.png	1	6306180	2026-05-12T18:09:51+00:00
art/vehicles/docking_sequence_clamp.png	1	6072614	2026-05-12T18:09:51+00:00
art/vehicles/docking_sequence_disembark.png	1	6895008	2026-05-12T18:09:52+00:00
art/vehicles/eidolon_vessel/exterior.png	1	5104077	2026-05-12T18:09:52+00:00
art/vehicles/memorial_hearse/exterior.png	1	5127041	2026-05-12T18:09:52+00:00
art/vehicles/pet_transport/exterior.png	1	5621448	2026-05-12T18:09:52+00:00
art/vehicles/shuttle_armored_exterior.png	1	5723255	2026-05-12T18:09:53+00:00
art/vehicles/shuttle_cargo_exterior.png	1	6106277	2026-05-12T18:09:54+00:00
art/vehicles/shuttle_luxury_exterior.png	1	6436499	2026-05-12T18:09:54+00:00
art/vehicles/shuttle_medical_exterior.png	1	6047638	2026-05-12T18:09:54+00:00
art/vehicles/shuttle_standard_exterior.png	1	5802520	2026-05-12T18:09:55+00:00
art/vehicles/shuttle_standard_interior.png	1	7466448	2026-05-12T18:09:55+00:00
art/vehicles/shuttle_stealth_exterior.png	1	5089281	2026-05-12T18:09:56+00:00
art/vfx/prelude/breath-pulse-strip.mp4	1	653351	2026-05-02T13:55:37+00:00
art/vfx/prelude/cryo-frost-retreat.mp4	1	542754	2026-05-02T13:55:19+00:00
art/vfx/prelude/diploma-ink-bloom.webm	2	59680	2026-04-22T04:34:24+00:00
art/vfx/prelude/film-damage-overlay.mp4	1	1094542	2026-05-02T13:56:11+00:00
art/vfx/prelude/film-damage.webm	1	396899	2026-04-22T04:34:24+00:00
art/vfx/prelude/hologram-materialize.mp4	1	706285	2026-05-02T13:56:47+00:00
art/vfx/prelude/pod-hatch-cryogas.mp4	1	918224	2026-05-02T13:56:16+00:00
art/vfx/prelude/sepia-drain.mp4	1	992104	2026-05-02T13:57:35+00:00
art/vfx/vfx-fusion-auros.png	1	7629015	2026-04-22T04:34:28+00:00
art/vfx/vfx-fusion-cipher.png	1	7091267	2026-04-22T04:34:28+00:00
art/vfx/vfx-fusion-cog.png	1	1582396	2026-04-22T04:34:27+00:00
art/vfx/vfx-fusion-echo.png	1	1314809	2026-04-22T04:34:27+00:00
art/vfx/vfx-fusion-flicker.png	1	1639763	2026-04-22T04:34:27+00:00
art/vfx/vfx-fusion-gilt.png	1	1765942	2026-04-22T04:34:27+00:00
art/vfx/vfx-fusion-glyph.png	1	962472	2026-04-22T04:34:27+00:00
art/vfx/vfx-fusion-lux.png	1	912286	2026-04-22T04:34:27+00:00
art/vfx/vfx-fusion-nyx.png	1	1016244	2026-04-22T04:34:28+00:00
art/vfx/vfx-fusion-sibyl.png	1	5897688	2026-04-22T04:34:28+00:00
art/vfx/vfx-fusion-strain.png	1	883117	2026-04-22T04:34:28+00:00
art/vfx/vfx-fusion-toxis.png	1	1075142	2026-04-22T04:34:28+00:00
art/vfx/vfx-thread-cipher.png	1	104221	2026-04-22T04:34:28+00:00
art/vfx/vfx-thread-echo.png	1	48183	2026-04-22T04:34:28+00:00
art/vfx/vfx-thread-flicker.png	1	251624	2026-04-22T04:34:28+00:00
art/vfx/vfx-thread-gilt.png	1	56879	2026-04-22T04:34:28+00:00
art/vfx/vfx-thread-glyph.png	1	280087	2026-04-22T04:34:28+00:00
art/vfx/vfx-thread-lux.png	1	252439	2026-04-22T04:34:28+00:00
audio/act1/act1-arena-battle.mp3	1	4226820	2026-04-25T18:24:43+00:00
audio/act1/act1-council-tension.mp3	1	3818056	2026-04-25T18:24:43+00:00
audio/act1/act1-tavern-ambient.mp3	1	4196727	2026-04-25T18:24:47+00:00
audio/act2/bench-elara-ambient.mp3	1	208187	2026-04-30T05:21:52+00:00
audio/act2/bench-first-dark-craft.mp3	1	171825	2026-04-30T05:21:52+00:00
audio/act2/bench-first-light-craft.mp3	1	174333	2026-04-30T05:21:52+00:00
audio/act2/bench-first-power-on.mp3	1	188961	2026-04-30T05:21:52+00:00
audio/act2/bench-human-ambient.mp3	1	151345	2026-04-30T05:21:52+00:00
audio/act2/bench-out-of-memory-energy.mp3	1	184782	2026-04-30T05:21:52+00:00
audio/act2/game-master-first-loss.mp3	1	238280	2026-04-30T05:21:52+00:00
audio/act2/left-gm-first-contact.mp3	1	196484	2026-04-30T05:21:52+00:00
audio/act2/left-gm-first-defeat.mp3	1	128775	2026-04-30T05:21:52+00:00
audio/act2/left-gm-first-victory.mp3	1	118326	2026-04-30T05:21:52+00:00
audio/act2/left-gm-repeat-victory.mp3	1	129611	2026-04-30T05:21:52+00:00
audio/act2/right-gm-first-contact.mp3	1	164719	2026-04-30T05:21:52+00:00
audio/act2/right-gm-first-defeat.mp3	1	185199	2026-04-30T05:21:53+00:00
audio/act2/right-gm-first-victory.mp3	1	204844	2026-04-30T05:21:53+00:00
audio/act2/right-gm-repeat-victory.mp3	1	199410	2026-04-30T05:21:53+00:00
audio/act2/silence-of-two-witnesses-ambient.mp3	2	4225566	2026-04-26T02:32:41+00:00
audio/act2/zephyr-tier-1.mp3	1	144657	2026-04-30T05:21:53+00:00
audio/act2/zephyr-tier-3.mp3	1	200246	2026-04-30T05:21:53+00:00
audio/act2/zephyr-tier-5.mp3	1	168899	2026-04-30T05:21:53+00:00
audio/act2/zephyr-tier-8.mp3	1	201082	2026-04-30T05:21:53+00:00
audio/acts/act-4-intro.mp3	2	2113409	2026-04-26T02:32:45+00:00
audio/acts/act-4_5-intro.mp3	2	2221243	2026-04-26T02:32:45+00:00
audio/acts/act-5-intro.mp3	2	2324688	2026-04-26T02:32:46+00:00
audio/acts/act-6-intro.mp3	2	3403022	2026-04-26T02:32:47+00:00
audio/acts/act-7-intro.mp3	2	2941595	2026-04-26T02:32:53+00:00
audio/album1/T01.mp3	3	5283156	2026-04-29T02:10:11+00:00
audio/album1/T02.mp3	2	4212948	2026-04-29T02:10:11+00:00
audio/album1/T03.mp3	3	5579220	2026-04-29T02:10:11+00:00
audio/album1/T04.mp3	2	4925460	2026-04-29T02:10:11+00:00
audio/album1/T05.mp3	2	4872468	2026-04-29T02:10:13+00:00
audio/album1/T06.mp3	2	4548180	2026-04-29T02:10:13+00:00
audio/album1/T07.mp3	2	7520916	2026-04-29T02:10:13+00:00
audio/album1/T08.mp3	2	5098836	2026-04-29T02:10:13+00:00
audio/album1/T09.mp3	2	4643220	2026-04-29T02:10:14+00:00
audio/ambient/celebration/chorus-plaza.mp3	1	4235597	2026-04-26T02:32:53+00:00
audio/ambient/celebration/princes-domain.mp3	1	4222431	2026-04-26T02:32:53+00:00
audio/ambient/celebration/seeker-meadow.mp3	1	4276348	2026-04-26T02:32:53+00:00
audio/ambient/celebration/watchers-promenade.mp3	1	4168515	2026-04-26T02:32:55+00:00
audio/ambient/mechronis/ironflight.mp3	1	4200488	2026-04-26T02:32:58+00:00
audio/ambient/mechronis/liminal.mp3	1	4277602	2026-04-26T02:32:58+00:00
audio/ambient/mechronis/resonance.mp3	1	4139048	2026-04-26T02:32:58+00:00
audio/ambient/mechronis/umbra.mp3	1	4202369	2026-04-26T02:32:58+00:00
audio/ambient/prelude/ambient_neural_rig_hum.wav	1	1371741	2026-05-02T13:59:57+00:00
audio/cades/music/cades_music_archived_silence.wav	1	2798653	2026-04-22T04:34:31+00:00
audio/cades/music/cades_music_hull_pressure.mp3	1	2747244	2026-04-22T04:34:31+00:00
audio/cades/music/cades_music_secondary_channel.wav	1	2067643	2026-04-22T04:34:31+00:00
audio/cades/music/cades_music_the_last_torch.wav	1	2781099	2026-04-22T04:34:31+00:00
audio/cades/music/cades_music_the_ships_escaped.mp3	1	1541641	2026-04-22T04:34:31+00:00
audio/cades/music/cades_music_the_torch_and_the_voice.mp3	1	4118986	2026-04-22T04:34:31+00:00
audio/cades/music/cades_music_they_are_committing.wav	1	2073912	2026-04-22T04:34:31+00:00
audio/cades/sfx/cades_sfx_arc_caster_fire.wav	1	35358	2026-04-22T04:34:31+00:00
audio/cades/sfx/cades_sfx_breach_alarm.wav	1	352878	2026-04-22T04:34:31+00:00
audio/cades/sfx/cades_sfx_bridge_anchor_fire.wav	1	835708	2026-04-22T04:34:31+00:00
audio/cades/sfx/cades_sfx_channel_open.wav	1	780537	2026-04-22T04:34:31+00:00
audio/cades/sfx/cades_sfx_faction_down.wav	1	14522	2026-04-22T04:34:31+00:00
audio/cades/sfx/cades_sfx_faction_fire.wav	1	1290239	2026-04-22T04:34:31+00:00
audio/cades/sfx/cades_sfx_faction_hurt.wav	1	1251995	2026-04-22T04:34:31+00:00
audio/cades/sfx/cades_sfx_game_masters_transmission.wav	1	882078	2026-04-22T04:34:31+00:00
audio/cades/sfx/cades_sfx_integrity_breach.wav	1	70638	2026-04-22T04:34:31+00:00
audio/cades/sfx/cades_sfx_integrity_charge.wav	1	28942	2026-04-22T04:34:31+00:00
audio/cades/sfx/cades_sfx_integrity_restored.wav	1	1238203	2026-04-22T04:34:31+00:00
audio/cades/sfx/cades_sfx_iron_lion_salute.wav	1	295914	2026-04-22T04:34:31+00:00
audio/cades/sfx/cades_sfx_ironclad_fire.wav	1	52998	2026-04-22T04:34:31+00:00
audio/cades/sfx/cades_sfx_loop_reset_dawn.wav	1	1467662	2026-04-22T04:34:31+00:00
audio/cades/sfx/cades_sfx_machine_fire.wav	1	1537252	2026-04-22T04:34:31+00:00
audio/cades/sfx/cades_sfx_machine_hit.wav	1	7626	2026-04-22T04:34:31+00:00
audio/cades/sfx/cades_sfx_machine_shutdown.wav	1	141198	2026-04-22T04:34:31+00:00
audio/cades/sfx/cades_sfx_resistance_rifle_fire.wav	1	35358	2026-04-22T04:34:31+00:00
audio/cades/sfx/cades_sfx_resonance_disruptor_fire.wav	1	52998	2026-04-22T04:34:31+00:00
audio/cades/sfx/cades_sfx_severance_blade_fire.wav	1	10134	2026-04-22T04:34:31+00:00
audio/cades/sfx/cades_sfx_signal_lost.wav	1	132344	2026-04-22T04:34:31+00:00
audio/cades/sfx/cades_sfx_thoughtborn_approach.wav	1	1482709	2026-04-22T04:34:31+00:00
audio/chess_sfx/capture.mp3	1	10493	2026-04-22T07:01:15+00:00
audio/chess_sfx/check.mp3	1	13836	2026-04-22T07:01:15+00:00
audio/chess_sfx/leak.mp3	1	24703	2026-04-22T07:01:15+00:00
audio/chess_sfx/mate.mp3	1	20106	2026-04-22T07:01:15+00:00
audio/chess_sfx/mate_climb.mp3	1	33062	2026-04-22T07:01:15+00:00
audio/chess_sfx/move.mp3	1	8821	2026-04-22T07:01:15+00:00
audio/music/celebration/welcome-to-celebration.mp3	1	2579988	2026-05-20T03:06:59+00:00
audio/music/lore-quiz/v1.mp3	1	2862739	2026-04-22T04:34:46+00:00
audio/music/main-menu/v1.mp3	2	12164899	2026-04-22T04:34:48+00:00
audio/music/main-menu/v2.mp3	1	6928351	2026-04-22T04:34:48+00:00
audio/music/mechronis/to-be-the-human.mp3	1	7520916	2026-05-20T03:07:01+00:00
audio/music/song_last_words_prelude_full.mp3	1	5275668	2026-05-20T03:09:47+00:00
audio/music/song_last_words_prelude_tease.mp3	1	715524	2026-04-22T04:34:45+00:00
audio/music/trade-combat/v1.mp3	1	3653074	2026-04-22T04:34:47+00:00
audio/music/trade-combat/v2.mp3	1	4105451	2026-04-22T04:34:47+00:00
audio/outergroove/cover.jpg	1	1326115	2026-04-26T02:33:10+00:00
audio/outergroove/og_001.mp3	1	2374216	2026-04-26T02:33:10+00:00
audio/outergroove/og_003.mp3	1	2204942	2026-04-26T02:33:10+00:00
audio/outergroove/og_005.mp3	1	2566059	2026-04-26T02:33:10+00:00
audio/outergroove/og_007.mp3	1	2394905	2026-04-26T02:33:10+00:00
audio/outergroove/og_009.mp3	1	3061968	2026-04-26T02:33:10+00:00
audio/outergroove/og_011.mp3	1	2193657	2026-04-26T02:33:10+00:00
audio/outergroove/og_013.mp3	1	2722794	2026-04-26T02:33:10+00:00
audio/outergroove/og_015.mp3	1	3288292	2026-04-26T02:33:10+00:00
audio/outergroove/og_017.mp3	1	2272652	2026-04-26T02:33:10+00:00
audio/outergroove/og_019.mp3	1	2892067	2026-04-26T02:33:10+00:00
audio/prelude/prelude-ambient-ship.mp3	1	4238105	2026-04-25T18:24:56+00:00
audio/prelude/prelude-elara-theme.mp3	1	2693328	2026-04-25T18:24:56+00:00
audio/songs/dischordian_logic.mp3	1	4212948	2026-05-20T03:07:02+00:00
backgrounds/room-archives.webp	1	323562	2026-05-20T03:40:51+00:00
characters/agent_zero/bust_static.webp	2	138522	2026-05-04T01:55:49+00:00
characters/degen/bust_static.webp	4	147864	2026-05-04T01:55:49+00:00
characters/elara/idle_hologram.avif	1	83535	2026-04-23T16:21:30+00:00
characters/elara/viseme.avif	1	232436	2026-04-24T22:29:53+00:00
characters/gamemaster/bust_static.webp	2	141174	2026-05-04T01:55:49+00:00
characters/iron_lion/bust_static.webp	2	134060	2026-05-04T01:55:49+00:00
characters/minnie/blink.avif	1	296652	2026-04-25T04:05:58+00:00
characters/minnie/breathing.avif	1	740232	2026-04-25T04:05:58+00:00
characters/minnie/bust.avif	1	53591	2026-04-25T04:05:57+00:00
characters/minnie/expressions.avif	1	572931	2026-04-25T04:05:57+00:00
characters/minnie/viseme.avif	1	90814	2026-04-25T04:05:57+00:00
characters/seer/bust_static.webp	2	140172	2026-05-04T01:55:50+00:00
characters/shadow_tongue/viseme_hyper.avif	1	72001	2026-04-25T04:05:57+00:00
characters/the_human/front_turnaround.avif	1	29907	2026-04-23T16:21:31+00:00
characters/watcher/bust_static.webp	4	87748	2026-05-04T01:55:50+00:00
games/cades-fps/index.html	1	5701	2026-05-18T02:22:40+00:00
games/circuit/index.html	1	5448	2026-05-07T21:27:34+00:00
music/dmc/dmc_music_bone-lane.mp3	1	2741602	2026-04-22T04:35:46+00:00
music/dmc/dmc_music_nilmorg-watches.mp3	1	4374777	2026-04-22T04:35:46+00:00
music/dmc/dmc_music_phase-three.mp3	1	4223685	2026-04-22T04:35:46+00:00
music/dmc/dmc_music_severance-prize.mp3	1	2044446	2026-04-22T04:35:46+00:00
music/dmc/dmc_music_signal-lost.mp3	1	1434435	2026-04-22T04:35:46+00:00
music/dmc/dmc_music_terminal-velocity.mp3	1	4211146	2026-04-22T04:35:46+00:00
videos/act1/act1-arena-challenge.mp4	1	4755549	2026-04-25T18:24:56+00:00
videos/act1/act1-council-revelation.mp4	1	8049452	2026-04-25T18:24:56+00:00
videos/act1/act1-tavern-arrival.mp4	1	8407321	2026-04-25T18:24:56+00:00
videos/acts/act-4/cin_act4_opener.mp4	1	4631333	2026-04-24T03:22:49+00:00
videos/acts/act-4_5/cin_act4_5_opener.mp4	1	7249534	2026-04-24T03:22:54+00:00
videos/acts/act-5/cin_act5_opener.mp4	1	4645569	2026-04-24T03:22:55+00:00
videos/acts/act-6/cin_act6_opener.mp4	1	3900803	2026-04-24T03:23:03+00:00
videos/acts/act-7/cin_act7_opener.mp4	1	4564223	2026-04-24T03:23:03+00:00
videos/discoveries/entity_1.mp4	1	9355938	2026-04-26T02:33:14+00:00
videos/discoveries/entity_10.mp4	1	5568923	2026-04-26T02:33:14+00:00
videos/discoveries/entity_18.mp4	1	4371931	2026-04-26T02:33:14+00:00
videos/discoveries/entity_2.mp4	1	9915361	2026-04-26T02:33:14+00:00
videos/discoveries/entity_20.mp4	1	11884950	2026-04-26T02:33:14+00:00
videos/discoveries/entity_21.mp4	1	5441852	2026-04-26T02:33:16+00:00
videos/discoveries/entity_3.mp4	1	8608964	2026-04-26T02:33:16+00:00
videos/discoveries/entity_4.mp4	1	5644734	2026-04-26T02:33:16+00:00
videos/discoveries/entity_54.mp4	1	13231647	2026-04-26T02:33:16+00:00
videos/discoveries/entity_55.mp4	1	5491070	2026-04-26T02:33:17+00:00
videos/discoveries/entity_6.mp4	1	5513651	2026-04-26T02:33:18+00:00
videos/discoveries/entity_66.mp4	1	8524631	2026-04-26T02:33:22+00:00
videos/dmc/dmc_cin_circuit-opens.mp4	1	6114047	2026-04-22T04:35:02+00:00
videos/dmc/dmc_cin_clone-awakening-v2.mp4	1	1822638	2026-04-22T04:34:52+00:00
videos/dmc/dmc_cin_nilmorg-chair.mp4	1	1827555	2026-04-22T04:34:52+00:00
videos/dmc/dmc_cin_nilmorg-lipsync.mp4	1	1285653	2026-04-22T04:34:52+00:00
videos/dmc/dmc_cin_nilmorg-speaks.mp4	1	4709050	2026-04-22T04:34:57+00:00
videos/dmc/dmc_cin_race-gameplay.mp4	1	7043215	2026-04-22T04:35:05+00:00
videos/dmc/dmc_cin_race-tracking.mp4	1	3744604	2026-04-22T04:34:57+00:00
videos/dmc/dmc_cin_severance-podium.mp4	1	2461553	2026-04-22T04:34:55+00:00
videos/dmc/dmc_cin_signal-lost-v2.mp4	1	1140530	2026-04-22T04:34:52+00:00
videos/dmc/dmc_cin_the-race.mp4	1	6306711	2026-04-22T04:35:05+00:00
videos/epochs/epoch-0/ep02-the-meme.mp4	2	14236092	2026-04-22T04:35:22+00:00
videos/epochs/epoch-0/ep03-agent-zero.mp4	2	40597772	2026-04-22T04:35:42+00:00
videos/epochs/epoch-0/ep04-iron-lion.mp4	2	17475005	2026-04-22T04:35:27+00:00
videos/epochs/epoch-0/ep05-the-spy.mp4	2	87833695	2026-04-22T04:35:46+00:00
videos/epochs/epoch-0/ep06-north-pole-inc.mp4	1	19509204	2026-04-22T04:35:29+00:00
videos/epochs/epoch-0/ep07-the-oracle.mp4	2	70092315	2026-04-22T04:35:46+00:00
videos/epochs/epoch-0/ep08-late-night.mp4	1	39046175	2026-04-22T04:35:43+00:00
videos/epochs/epoch-0/ep09-meme-and-mascot.mp4	1	11718087	2026-04-22T04:35:25+00:00
videos/epochs/epoch-0/ep10-rest-in-peace.mp4	1	12246975	2026-04-22T04:35:26+00:00
videos/epochs/epoch-0/ep11-generation-degen.mp4	1	53912660	2026-04-22T04:35:46+00:00
videos/epochs/epoch-0/ep12-the-detective.mp4	1	31712889	2026-04-22T04:35:41+00:00
videos/epochs/epoch-0/ep13-to-be-the-human.mp4	1	67887836	2026-04-22T04:35:46+00:00
videos/epochs/epoch-0/ep14-the-experiment.mp4	1	2767848	2026-04-22T04:35:15+00:00
videos/epochs/epoch-0/ep15-brushstrokes.mp4	1	27028421	2026-04-22T04:35:40+00:00
videos/game-modes/tower-defense/cin01_comms_room_discovery.mp4	1	4891814	2026-04-22T04:35:40+00:00
videos/game-modes/tower-defense/cin02_first_view_terminus.mp4	1	5380418	2026-04-22T04:35:42+00:00
videos/game-modes/tower-defense/cin03_hive_tyrant_intro.mp4	1	5933609	2026-04-22T04:35:42+00:00
videos/game-modes/tower-defense/cin04_source_reveal.mp4	1	12217169	2026-04-22T04:35:43+00:00
videos/game-modes/tower-defense/cin05_first_wave_discovery.mp4	1	6414367	2026-04-22T04:35:42+00:00
videos/openings/mechronis/shot1.mp4	1	328320261	2026-05-09T04:23:20+00:00
videos/prelude/prelude-beat-a-awakening.mp4	1	3883494	2026-04-25T18:24:57+00:00
videos/prelude/prelude-beat-b-iris-open.mp4	1	3718139	2026-04-25T18:24:57+00:00
videos/prelude/prelude-beat-c5-palm-frost.mp4	1	4224365	2026-04-25T18:24:57+00:00
videos/prelude/prelude-beat-d-cargo.mp4	1	5153362	2026-04-25T18:24:58+00:00
videos/prelude/prelude-beat-e-medbay.mp4	1	4666160	2026-04-25T18:24:58+00:00
videos/prelude/prelude-beat-f-briefing.mp4	1	3279117	2026-04-25T18:24:58+00:00
videos/prelude/prelude-beat-g-observation.mp4	1	4993194	2026-04-25T18:24:58+00:00
videos/prelude/prelude-beat-h-bridge.mp4	1	4488872	2026-04-25T18:24:58+00:00
videos/prelude/prelude-beat-j-finale.mp4	1	6682865	2026-04-25T18:24:58+00:00
videos/title/ark-drift-loop.mp4	1	644024	2026-04-22T04:35:45+00:00
videos/title/ark-drift-loop.webm	2	239799	2026-04-22T04:35:45+00:00
videos/title/music/baron-heart-of-time.mp4	1	149715312	2026-04-25T05:50:06+00:00
videos/title/music/brushstroke-of-the-empire.mp4	1	27028421	2026-04-25T05:50:05+00:00
videos/title/music/building-the-architect.mp4	1	89302947	2026-04-25T05:50:09+00:00
videos/title/music/hypnotized.mp4	1	47842888	2026-04-25T05:50:08+00:00
videos/title/music/the-book-of-daniel.mp4	1	106790026	2026-04-25T05:35:29+00:00
videos/title/music/the-last-christmas.mp4	1	66135366	2026-04-25T05:50:11+00:00
