videos/cinematics/planet_of_the_wolf/planet-of-the-wolf.mp4	426102139	2026-05-20T04:05:47+00:00
videos/openings/welcome-to-celebration/shot1.mp4	407073178	2026-05-09T04:23:20+00:00
videos/cinematics/necromancers_lair/necromancers-lair.mp4	346039265	2026-05-20T04:05:45+00:00
videos/transmissions/the-necromancers-lair.mp4	346039265	2026-05-14T16:49:29+00:00
videos/cinematics/syndicate_of_death/syndicate-of-death.mp4	172410583	2026-05-20T04:05:44+00:00
videos/dlc_mystery/y1q4_witness_plaza/dlc_y1q4_witness_plaza.mp4	56597214	2026-05-10T07:21:55+00:00
videos/fight-intros/ch20_conexus_complete.mp4	50799945	2026-05-10T07:24:21+00:00
videos/epochs/epoch-0/the-prisoner.mp4	49590742	2026-04-22T04:35:46+00:00
videos/cinematics/lord_kanshi_sha/lord-kanshi-sha.mp4	46004785	2026-05-20T02:52:10+00:00
videos/dlc_mystery/y2q1_charter_schism/dlc_y2q1_charter_schism.mp4	44147041	2026-05-10T07:21:58+00:00
videos/fight-intros/ch14_source_complete.mp4	38983663	2026-05-10T07:22:50+00:00
games/cades-fps/index.wasm	37686550	2026-05-18T02:22:40+00:00
games/circuit/index.wasm	37686550	2026-04-24T04:54:04+00:00
videos/dlc_mystery/y1q2_pale_inheritance/dlc_y1q2_pale_inheritance.mp4	36124832	2026-05-10T07:21:54+00:00
videos/fight-intros/ch18_agent_zero_complete.mp4	33960000	2026-05-10T07:24:16+00:00
videos/title/the-dischordia-opening.mp4	30699045	2026-05-01T07:39:16+00:00
videos/fight-intros/ch10_human_complete.mp4	30415940	2026-05-10T07:22:19+00:00
videos/dlc_mystery/y1q1_first_charter/dlc_y1q1_first_charter.mp4	29567141	2026-05-10T07:21:54+00:00
videos/guild-cutscenes/f4_abilities/cs_sig_11_dark.mp4	28580803	2026-05-10T07:24:53+00:00
videos/fight-intros/ch16_ironlion_rematch_complete.mp4	28503236	2026-05-10T07:24:12+00:00
videos/fight-intros/ch15_jailer_complete.mp4	28374567	2026-05-10T07:23:40+00:00
videos/guild-cutscenes/f4_abilities/cs_sig_8_dark.mp4	28002566	2026-05-10T07:26:13+00:00
videos/fight-intros/ch21_oracle_meme_complete.mp4	27915642	2026-05-10T07:24:37+00:00
videos/dlc_mystery/y1q3_curriculum_crisis/dlc_y1q3_curriculum_crisis.mp4	27874039	2026-05-10T07:21:54+00:00
videos/guild-cutscenes/f4_abilities/cs_sig_3_dark.mp4	27849689	2026-05-10T07:25:29+00:00
videos/fight-intros/ch13_architect_complete.mp4	27843146	2026-05-10T07:22:45+00:00
videos/guild-cutscenes/f4_abilities/cs_sig_10_dark.mp4	27833883	2026-05-10T07:24:42+00:00
videos/guild-cutscenes/f4_abilities/cs_sig_10_light.mp4	26989113	2026-05-10T07:24:45+00:00
videos/fight-intros/ch09_kael_recruiter_complete.mp4	26826205	2026-05-10T07:22:13+00:00
videos/fight-intros/ch12_collector_rematch_complete.mp4	26628682	2026-05-10T07:22:43+00:00
videos/fight-intros/ch11_gamemaster_robot_complete.mp4	26404329	2026-05-10T07:22:35+00:00
videos/fight-intros/ch20_dreamer_complete.mp4	26358955	2026-05-10T07:24:37+00:00
videos/fight-intros/ch17_elara_glitched_complete.mp4	25960573	2026-05-10T07:24:15+00:00
videos/fight-intros/ch06_necromancer_complete.mp4	25095168	2026-05-10T07:22:00+00:00
videos/guild-cutscenes/f4_abilities/cs_sig_9_dark.mp4	24027838	2026-05-10T07:26:24+00:00
videos/guild-cutscenes/f4_abilities/cs_sig_5_dark.mp4	23142776	2026-05-10T07:25:46+00:00
videos/fight-intros/ch19_antiquarian_complete.mp4	23071063	2026-05-10T07:24:16+00:00
videos/guild-cutscenes/f4_abilities/cs_sig_4_dark.mp4	23025256	2026-05-10T07:25:32+00:00
videos/fight-intros/ch21_shadow_tongue_complete.mp4	22106751	2026-05-10T07:24:38+00:00
videos/prestige/the_reset_complete.mp4	22069973	2026-05-10T07:27:17+00:00
videos/guild-cutscenes/f4_abilities/cs_sig_6_dark.mp4	21619652	2026-05-10T07:26:01+00:00
videos/epochs/epoch-0/meme-the-last-stand.mp4	21476767	2026-04-22T04:35:36+00:00
videos/fight-intros/ch19_nilmorg_complete.mp4	20863170	2026-05-10T07:24:17+00:00
videos/fight-intros/ch07_meme_complete.mp4	20070262	2026-05-10T07:22:00+00:00
videos/guild-cutscenes/f4_abilities/cs_sig_8_light.mp4	19835573	2026-05-10T07:26:16+00:00
videos/guild-cutscenes/f4_abilities/cs_sig_7_dark.mp4	19682321	2026-05-10T07:26:04+00:00
videos/fight-intros/ch08_collector_complete.mp4	19371715	2026-05-10T07:22:07+00:00
videos/guild-cutscenes/f4_abilities/cs_sig_5_light.mp4	17661188	2026-05-10T07:25:51+00:00
videos/guild-cutscenes/f4_abilities/cs_sig_11_light.mp4	17572464	2026-05-10T07:25:00+00:00
videos/fight-intros/ch11_gamemaster_human_complete.mp4	17338532	2026-05-10T07:22:20+00:00
videos/guild-cutscenes/f4_abilities/cs_sig_3_light.mp4	16998289	2026-05-10T07:25:33+00:00
videos/guild-cutscenes/f4_abilities/cs_sig_2_dark.mp4	16981454	2026-05-10T07:25:25+00:00
videos/guild-cutscenes/f4_abilities/cs_sig_7_light.mp4	16879169	2026-05-10T07:26:06+00:00
videos/guild-cutscenes/f4_abilities/cs_sig_1_dark.mp4	16571112	2026-05-10T07:25:13+00:00
videos/cinematics/01_pack_opening/cinematic_01_card_pack_opening.mp4	16212514	2026-04-28T04:41:04+00:00
videos/guild-cutscenes/f4_abilities/cs_sig_6_light.mp4	16207944	2026-05-10T07:26:01+00:00
videos/cinematics/02_hierarchy_reveal/cinematic_02_hierarchy_reveal.mp4	14590211	2026-04-28T04:41:04+00:00
art/cutscenes/guild_room/cs_guild_mirror_first_arrival.mp4	14335199	2026-05-12T07:26:18+00:00
art/cutscenes/guild_room/cs_guild_storm_first_arrival.mp4	14243850	2026-05-12T07:26:23+00:00
videos/fight-intros/ch05_watcher_complete.mp4	14164149	2026-05-10T07:21:58+00:00
videos/guild-cutscenes/f4_abilities/cs_sig_9_light.mp4	14141387	2026-05-10T07:26:26+00:00
videos/cinematics/04_act2_whisper/cinematic_04_act2_whisper_begins.mp4	13883936	2026-04-28T04:41:04+00:00
videos/guild-cutscenes/f4_abilities/cs_sig_4_light.mp4	13440582	2026-05-10T07:25:38+00:00
videos/cinematics/09_act7_convergence/cinematic_09_act7_convergence_resolves.mp4	12882764	2026-04-28T04:41:05+00:00
audio/music/connection-web/v2.mp3	12677471	2026-04-22T04:34:48+00:00
videos/guild-cutscenes/f4_abilities/cs_sig_12_dark.mp4	12401501	2026-05-10T07:25:03+00:00
videos/cinematics/05_act3_offer/cinematic_05_act3_offer_presented.mp4	12311345	2026-04-28T04:41:04+00:00
art/cutscenes/guild_room/cs_guild_vine_first_arrival.mp4	12218078	2026-05-12T07:26:30+00:00
art/cutscenes/guild_room/cs_guild_thread_first_arrival.mp4	12198872	2026-05-12T07:26:24+00:00
audio/music/main-menu/v3.mp3	12164899	2026-04-22T04:34:48+00:00
videos/guild-cutscenes/f4_abilities/cs_sig_1_light.mp4	12074479	2026-05-10T07:25:20+00:00
audio/music/deck-building/v2.mp3	11723844	2026-04-22T04:34:48+00:00
videos/cinematics/07_act5_map/cinematic_07_act5_map_year_one_close.mp4	11566986	2026-04-28T04:41:05+00:00
videos/cinematics/03_act1_memoir/cinematic_03_act1_memoir_opens.mp4	11380572	2026-04-28T04:41:04+00:00
videos/cinematics/06_act4_revelation/cinematic_06_act4_revelation_meets.mp4	11198370	2026-04-28T04:41:05+00:00
art/cutscenes/doctrine_binding/cs_doctrine_recitation_ceremony.mp4	10937218	2026-05-12T07:25:57+00:00
vfx-atlases/acts/act-5/iron_lion_broadcast_static.png	10873532	2026-04-24T03:23:14+00:00
vfx-atlases/acts/act-2/silence_freeze_grain.png	10687835	2026-04-24T03:23:14+00:00
videos/guild-cutscenes/f4_abilities/cs_sig_2_light.mp4	10673963	2026-05-10T07:25:26+00:00
art/cutscenes/comm_screen/cs_comm_archon_call.mp4	10326755	2026-05-12T07:25:45+00:00
art/cutscenes/guild_room/cs_guild_garden_first_arrival.mp4	10150032	2026-05-12T07:26:13+00:00
art/cutscenes/guild_room/cs_guild_glass_first_arrival.mp4	10052320	2026-05-12T07:26:15+00:00
videos/human_reveal/human_reveal_to_ghost.mp4	9997501	2026-05-10T07:26:51+00:00
art/cinematics/climax_videos/climax_architect_awakens.mp4	9904834	2026-05-10T20:04:24+00:00
art/cutscenes/forge/cs_forge_corrupted.mp4	9884040	2026-05-12T07:25:59+00:00
art/cutscenes/cohort_park/cs_cohort_training.mp4	9844476	2026-05-12T07:25:45+00:00
art/cutscenes/guild_room/cs_guild_tide_first_arrival.mp4	9833126	2026-05-12T07:26:26+00:00
art/cutscenes/memory_card/cs_memory_card_release.mp4	9796894	2026-05-12T07:26:47+00:00
videos/cinematics/08_act6_confession/cinematic_08_act6_confession_spoken.mp4	9769117	2026-04-28T04:41:05+00:00
art/cutscenes/mission/cs_mission_discovery.mp4	9706984	2026-05-12T07:26:50+00:00
art/cutscenes/guild_room/cs_guild_song_first_arrival.mp4	9705304	2026-05-12T07:26:22+00:00
videos/acts/act-5/cin_act5_iron_lion_final.mp4	9681001	2026-04-24T03:22:55+00:00
art/cutscenes/guild_room/cs_guild_iron_first_arrival.mp4	9599907	2026-05-12T22:59:26+00:00
games/cades-fps/index.pck	9490856	2026-05-18T02:22:40+00:00
art/cutscenes/guild_room/cs_guild_chapel_first_arrival.mp4	9457344	2026-05-12T07:26:09+00:00
art/rooms/videos/shadow_vault_meeting.mp4	9431153	2026-04-30T23:37:09+00:00
videos/vfx/dreamer_visions/vfx_cryo_frost_retreat.mp4	9395180	2026-05-10T07:27:30+00:00
casino/environmental/ES-001_Scratch_Marks_Cryo_Pod.png	9284455	2026-05-19T23:23:02+00:00
art/cutscenes/mission/cs_mission_ambush.mp4	9269514	2026-05-12T07:26:47+00:00
art/cutscenes/animated/first_human_contact/fallback.png	9204379	2026-05-20T03:26:13+00:00
art/cutscenes/animated/first_human_contact/keyframes/shot1_end.png	9188128	2026-05-20T03:26:08+00:00
art/cards/panopticon/the_coordinators_dossier.png	9157820	2026-05-20T01:32:44+00:00
art/card-game/card-table-tactical-board.png	9094405	2026-04-22T04:28:43+00:00
videos/awakening/ELARA_INTRO.mp4	9063459	2026-04-27T03:10:27+00:00
videos/awakening/ALIGNMENT_QUESTION.mp4	9047626	2026-04-27T03:10:26+00:00
art/cutscenes/guild_room/cs_guild_cipher_first_arrival.mp4	8980648	2026-05-12T07:26:09+00:00
casino/game_tables/LD-003-D_NPC_The_Kid.png	8779763	2026-05-19T23:23:01+00:00
art/cutscenes/berth/cs_berth_nightmare.mp4	8705721	2026-05-12T07:25:45+00:00
art/celebration/slideshow/celebration_slide_06.jpg	8643630	2026-04-22T04:29:09+00:00
art/cutscenes/animated/_shared/textures/frost_overlay.png	8553992	2026-05-20T03:26:14+00:00
art/cards/neutral/the_anchor_of_kael.png	8549638	2026-05-20T01:33:18+00:00
art/cutscenes/guild_room/cs_guild_remnant_first_arrival.mp4	8488734	2026-05-12T07:26:19+00:00
art/cutscenes/cohort_park/cs_cohort_argument.mp4	8465254	2026-05-12T07:25:45+00:00
art/cards/architect/engine_warden.png	8424686	2026-05-20T01:32:02+00:00
art/cutscenes/guild_room/cs_guild_tower_first_arrival.mp4	8420262	2026-05-12T07:26:29+00:00
art/cards/act1/card-mind-control.png	8414030	2026-04-25T18:22:34+00:00
art/cutscenes/forge/cs_forge_upgrade.mp4	8374988	2026-05-12T07:26:05+00:00
videos/dmc/dmc_cin_signal-lost.mp4	8340704	2026-04-22T04:35:07+00:00
art/cutscenes/guild_room/cs_guild_anvil_first_arrival.mp4	8327418	2026-05-12T07:26:06+00:00
art/cards/thought_virus/persistent_strain.png	8322901	2026-05-20T01:32:36+00:00
vfx-atlases/acts/act-2/substrate_layer.png	8317941	2026-04-24T03:23:14+00:00
art/special-maps/special-matrix-sorting-arena.png	8307027	2026-04-22T04:31:09+00:00
art/cards/architect/arc_lance.png	8287719	2026-05-20T01:32:00+00:00
videos/events/dreamer_awakens.mp4	8286353	2026-05-10T07:21:58+00:00
art/cards/dreamer/dream_anchor.png	8228460	2026-05-20T01:32:10+00:00
casino/effects/FX-003_Jackpot_Frame7-9.png	8219795	2026-05-19T23:23:02+00:00
art/cards/insurgency/cell_decoy.png	8189533	2026-05-20T01:32:17+00:00
art/cards/neutral/witness_of_the_quiet_year.png	8181347	2026-05-20T01:32:57+00:00
casino/effects/FX-003_Jackpot_Frame4-6.png	8164407	2026-05-19T23:23:01+00:00
casino/game_tables/GT-003_Void_Card_Back.png	8160037	2026-05-19T23:23:01+00:00
art/cutscenes/berth/cs_berth_wake.mp4	8155888	2026-05-12T07:25:45+00:00
art/portraits/act1/portrait-watcher.png	8153282	2026-04-25T18:24:07+00:00
art/cards/hierarchy/the_reckoning_daughter.png	8142814	2026-05-20T01:32:49+00:00
art/cutscenes/guild_room/cs_guild_ledger_first_arrival.mp4	8120424	2026-05-12T07:26:18+00:00
casino/environmental/ES-008_Ghost_Process_Terminal.png	8103719	2026-05-19T23:23:01+00:00
art/cutscenes/cohort_park/cs_cohort_bonding.mp4	8086884	2026-05-12T07:25:45+00:00
art/cutscenes/forge/cs_forge_failure.mp4	8083795	2026-05-12T07:26:02+00:00
art/cutscenes/animated/first_human_contact/keyframes/shot1_mid.png	8081802	2026-05-20T03:26:08+00:00
art/cutscenes/guild_room/cs_guild_circuit_first_arrival.mp4	8055068	2026-05-12T07:26:11+00:00
art/cinematics/climax_videos/climax_terminus_breach.mp4	8048931	2026-05-10T20:04:24+00:00
art/eidolons/sibyl/sibyl-dream-asc.png	8044299	2026-04-22T04:29:37+00:00
art/cards/card_back_universal.png	8038091	2026-05-20T01:34:18+00:00
casino/degen/DG-003_NeYon_Reveal.png	8032042	2026-05-19T23:23:00+00:00
art/cutscenes/animated/_shared/textures/static_noise_rgb.png	8029128	2026-05-20T03:26:14+00:00
art/celebration/slideshow/celebration_slide_08.jpg	8013332	2026-04-22T04:29:09+00:00
art/celebration/slideshow/celebration_slide_04.jpg	8001163	2026-04-22T04:29:08+00:00
art/cards/panopticon/now_you_are_ours.png	7985205	2026-05-20T01:32:46+00:00
casino/environmental/ES-007_Unnamed_Constellation.png	7981978	2026-05-19T23:23:01+00:00
art/cutscenes/doctrine_binding/cs_doctrine_cold_hand.mp4	7975438	2026-05-12T07:25:45+00:00
casino/effects/FX-001_Win_Frame3-4.png	7971701	2026-05-19T23:23:00+00:00
art/portraits/act1/portrait-iron-lion.png	7959869	2026-04-25T18:23:58+00:00
casino/game_tables/LD-003-B_NPC_The_Giggler.png	7955778	2026-05-19T23:23:01+00:00
art/fighters/warlord/warlord_portraits.png	7953305	2026-04-22T04:30:16+00:00
art/portraits/act1/portrait-gamemaster.png	7940523	2026-04-25T18:23:54+00:00
art/cutscenes/guild_room/cs_guild_smoke_first_arrival.mp4	7937086	2026-05-12T07:26:22+00:00
art/portraits/act1/portrait-agent-zero.png	7921090	2026-04-25T18:23:48+00:00
art/eidolons/sibyl/sibyl-norm-comp.png	7921041	2026-04-22T04:29:39+00:00
casino/game_tables/LD-003-C_NPC_The_Veteran.png	7917677	2026-05-19T23:23:01+00:00
art/cards/new_babylon/audit_artillery.png	7903789	2026-05-20T01:32:27+00:00
art/eidolons/sibyl/sibyl-dream-comp.png	7881898	2026-04-22T04:29:37+00:00
art/cards/act1/card-dodge.png	7857696	2026-04-25T18:22:17+00:00
art/cards/architect/observation_pylon.png	7856551	2026-05-20T01:32:04+00:00
art/cards/hierarchy/the_pale_emissary.png	7849037	2026-05-20T01:32:48+00:00
art/portraits/act1/portrait-human.png	7846608	2026-04-25T18:23:55+00:00
art/eidolons/cog/cog-dream-asc.png	7831378	2026-04-22T04:29:25+00:00
art/rooms/act1/room-arena-lobby.png	7822621	2026-04-25T18:24:08+00:00
art/cutscenes/act1/act1-council-revelation_start.png	7817448	2026-04-25T18:22:57+00:00
casino/effects/FX-003_Jackpot_Frame10-12.png	7810819	2026-05-19T23:23:01+00:00
casino/props_chips/CHIP-BRONZE.png	7809028	2026-05-19T23:23:02+00:00
videos/prestige/shot_4.mp4	7787263	2026-05-10T07:27:14+00:00
art/cards/neutral/wolfpack_initiate.png	7786726	2026-05-20T01:33:09+00:00
art/cards/insurgency/oath_keeper.png	7777582	2026-05-20T01:32:21+00:00
art/cards/thought_virus/pyre_swarm.png	7774428	2026-05-20T01:32:38+00:00
art/portraits/act1/portrait-warlord.png	7767017	2026-04-25T18:24:06+00:00
art/cards/antiquarian/era_mote.png	7760792	2026-05-20T01:31:50+00:00
art/cards/neutral/the_reading_room.png	7760636	2026-05-20T01:33:12+00:00
art/cards/dreamer/glimmer_wisp.png	7727380	2026-05-20T01:32:12+00:00
art/cards/antiquarian/the_antiquarian.png	7722381	2026-05-20T01:31:58+00:00
casino/environmental/ES-003_Maintenance_Log.png	7712030	2026-05-19T23:23:01+00:00
art/cutscenes/animated/first_human_contact/keyframes/shot1_start.png	7678396	2026-05-20T03:26:08+00:00
art/cards/insurgency/trench_sergeant.png	7676793	2026-05-20T01:32:25+00:00
casino/degen/DG-001-EXPR-D_Nervous.png	7655440	2026-05-19T23:23:00+00:00
art/cutscenes/act1/act1-tavern-arrival_end.png	7641598	2026-04-25T18:22:57+00:00
vfx-atlases/acts/act-5/kael_map_ink.png	7639894	2026-04-24T03:23:14+00:00
art/cards/architect/schematic_spark.png	7637120	2026-05-20T01:32:08+00:00
art/cards/panopticon/l_signature.png	7627052	2026-05-20T01:32:42+00:00
casino/effects/FX-002_Loss_Frame3-4.png	7603416	2026-05-19T23:23:01+00:00
cabin-art/items/WALL-03_Equilibrium_Sigil.png	7592370	2026-05-19T23:22:58+00:00
art/slideshows/album4/T04/T04_00_title.png	7583813	2026-05-20T01:33:49+00:00
art/rooms/room-galley.png	7580622	2026-04-22T04:31:03+00:00
art/battlefields/bf_zenon_field_tent.png	7569126	2026-04-22T04:28:25+00:00
art/eidolons/auros/auros-scar-comp.png	7568957	2026-04-22T04:29:24+00:00
art/cards/neutral/tidewall.png	7563624	2026-05-20T01:33:03+00:00
art/celebration/slideshow/celebration_slide_05.jpg	7555110	2026-04-22T04:29:06+00:00
art/cards/neutral/honor_guard.png	7549931	2026-05-20T01:33:07+00:00
art/cards/act1/card-lightning-chain.png	7534006	2026-04-25T18:22:28+00:00
art/cutscenes/animated/awakening/keyframes/shot1_start.png	7529156	2026-05-20T03:26:04+00:00
art/eidolons/nyx/nyx-dream-asc.png	7520461	2026-04-22T04:29:29+00:00
art/cards/act1/card-shield-bash.png	7509062	2026-04-25T18:22:41+00:00
art/cards/neutral/cut_the_threads.png	7482978	2026-05-20T01:33:01+00:00
art/portraits/act1/portrait-meme.png	7453447	2026-04-25T18:24:01+00:00
casino/environmental/ES-006_Channel_7_Static.png	7451452	2026-05-19T23:23:01+00:00
casino/effects/FX-002_Loss_Frame1-2.png	7450799	2026-05-19T23:23:00+00:00
art/cutscenes/mechronis_audit/cs_audit_day21_warden.mp4	7442526	2026-05-12T22:59:26+00:00
art/rooms/videos/archives_glyph_rewriting_loop.mp4	7440748	2026-04-30T23:37:08+00:00
art/rooms/room-comms-array.png	7425486	2026-04-22T04:31:02+00:00
art/rooms/room-armory.png	7424747	2026-04-22T04:30:58+00:00
cabin-art/items/WALL-01_Architect_Banner.png	7417102	2026-05-19T23:22:58+00:00
art/cards/architect/schematic_bastion.png	7415109	2026-05-20T01:32:06+00:00
casino/degen/DG-001-EXPR-A_Neutral.png	7404201	2026-05-19T23:23:00+00:00
art/cutscenes/mission/cs_mission_tier3_briefing.mp4	7400302	2026-05-12T07:26:54+00:00
art/cards/new_babylon/audit_tower.png	7397417	2026-05-20T01:32:28+00:00
art/cards/act1/card-void-rift.png	7396974	2026-04-25T18:22:51+00:00
art/rooms/act1/room-tavern.png	7387876	2026-04-25T18:24:16+00:00
art/cards/antiquarian/relic_acolyte.png	7383969	2026-05-20T01:31:54+00:00
art/battlefields/act1/bf-rooftop-chase.png	7383425	2026-04-25T18:22:11+00:00
videos/guild-cutscenes/f4_abilities/cs_sig_12_light.mp4	7370288	2026-05-10T07:25:04+00:00
casino/degen/DG-001-EXPR-C_Sympathetic.png	7362508	2026-05-19T23:23:01+00:00
art/battlefields/act1/bf-underground-forge.png	7359245	2026-04-25T18:22:16+00:00
art/cutscenes/mission/cs_mission_deploy.mp4	7356140	2026-05-12T07:26:49+00:00
art/cutscenes/guild_room/cs_guild_bone_first_arrival.mp4	7345451	2026-05-12T07:26:09+00:00
casino/effects/FX-001_Win_Frame5-6.png	7333391	2026-05-19T23:23:02+00:00
art/eidolons/sibyl/sibyl-hier-comp.png	7328537	2026-04-22T04:29:38+00:00
art/cards/panopticon/undying_witness.png	7323106	2026-05-20T01:32:40+00:00
videos/awakening/SPECIES_QUESTION.mp4	7316711	2026-04-27T03:10:26+00:00
art/battlefields/act1/bf-council-floor.png	7309501	2026-04-25T18:22:11+00:00
art/battlefields/act1/bf-arena-pit.png	7295162	2026-04-25T18:22:11+00:00
art/cards/act1/card-slash.png	7273664	2026-04-25T18:22:46+00:00
art/eidolons/auros/auros-dream-asc.png	7268960	2026-04-22T04:29:21+00:00
art/cards/act1/card-shadow-bolt.png	7263797	2026-04-25T18:22:41+00:00
art/eidolons/auros/auros-norm-comp.png	7262246	2026-04-22T04:29:24+00:00
art/cards/new_babylon/compliance_watcher.png	7249156	2026-05-20T01:32:30+00:00
art/cards/insurgency/strafe_runner.png	7245755	2026-05-20T01:32:23+00:00
casino/game_tables/FB-001_Faction_War_Betting_Board.png	7240242	2026-05-19T23:23:01+00:00
art/eidolons/sibyl/sibyl-scar-comp.png	7238234	2026-04-22T04:29:42+00:00
videos/acts/act-2/cin_act2_engineer_recording_3.mp4	7237101	2026-04-24T03:22:36+00:00
art/vfx/prelude/iris-hatch-open_closed.png	7235626	2026-04-25T18:24:33+00:00
art/portraits/act1/portrait-collector.png	7229339	2026-04-25T18:23:48+00:00
casino/game_tables/LD-003-A_NPC_The_Stone.png	7227429	2026-05-19T23:23:01+00:00
art/portraits/human/human_balanced.png	7225219	2026-04-22T04:30:49+00:00
vfx-atlases/acts/act-7/army_composite_parallax.png	7223516	2026-04-24T03:23:25+00:00
art/celebration/slideshow/celebration_slide_03.jpg	7220465	2026-04-22T04:29:06+00:00
casino/effects/FX-001_Win_Frame7-8.png	7217942	2026-05-19T23:23:01+00:00
art/cards/insurgency/ghost_cell_runner.png	7214487	2026-05-20T01:32:19+00:00
art/art_runtime/hacking_reality_end.png	7201991	2026-04-22T04:28:14+00:00
casino/environmental/ES-002_Project_Vector_Vial.png	7196100	2026-05-19T23:23:01+00:00
art/eidolons/cog/cog-scar-comp.png	7192647	2026-04-22T04:29:29+00:00
casino/effects/FX-003_Jackpot_Frame1-3.png	7191963	2026-05-19T23:23:01+00:00
art/portraits/human/human_warm.png	7183061	2026-04-22T04:30:50+00:00
casino/environmental/ES-009_Sealed_Biohazard_Container.png	7180725	2026-05-19T23:23:01+00:00
art/battlefields/act1/bf-void-bridge.png	7172245	2026-04-25T18:22:17+00:00
cabin-art/items/WALL-02_Dreamer_Banner.png	7167812	2026-05-19T23:22:58+00:00
art/cutscenes/act1/act1-tavern-arrival_start.png	7164059	2026-04-25T18:22:58+00:00
art/portraits/act1/portrait-degen.png	7163794	2026-04-25T18:23:49+00:00
art/eidolons/sibyl/sibyl-scar-frag.png	7158082	2026-04-22T04:29:42+00:00
art/cutscenes/animated/elara_memory_recovery/fallback.png	7152392	2026-05-20T03:26:12+00:00
videos/awakening/ELEMENT_QUESTION_DEMAGI.mp4	7150489	2026-04-27T03:10:26+00:00
art/cards/act1/card-strike.png	7150146	2026-04-25T18:22:46+00:00
art/celebration/slideshow/celebration_slide_07.jpg	7149361	2026-04-22T04:29:08+00:00
art/portraits/act1/portrait-elara.png	7146388	2026-04-25T18:23:51+00:00
casino/props_chips/DG-GLASS.png	7140676	2026-05-19T23:23:02+00:00
art/cards/act1/card-ice-wall.png	7138161	2026-04-25T18:22:25+00:00
art/cards/dreamer/vision_anchor.png	7126985	2026-05-20T01:32:15+00:00
art/cutscenes/cohort_park/cs_cohort_farewell.mp4	7117601	2026-05-12T07:25:45+00:00
art/eidolons/cog/cog-hier-asc.png	7116258	2026-04-22T04:29:26+00:00
art/cutscenes/guild_room/cs_guild_glass_archon_dialogue_start.png	7113340	2026-05-12T07:26:15+00:00
art/cards/neutral/the_sworn_pen.png	7096550	2026-05-20T01:32:55+00:00
casino/props_chips/DG-WATCH.png	7094297	2026-05-19T23:23:02+00:00
casino/props_chips/CHIP-GOLD.png	7083203	2026-05-19T23:23:02+00:00
art/guild-cutscenes/f1_onboarding/cs_guild_first_message_end.png	7079125	2026-05-02T21:03:29+00:00
casino/environmental/ES-005_Agent_Zero_Weapon_Slot.png	7077005	2026-05-19T23:23:01+00:00
casino/degen/DG-001-EXPR-B_Amused.png	7074549	2026-05-19T23:23:01+00:00
art/cutscenes/animated/awakening/fallback.png	7068479	2026-05-20T03:26:09+00:00
art/portraits/act1/portrait-enigma.png	7067682	2026-04-25T18:23:53+00:00
art/eidolons/cog/cog-hier-comp.png	7047859	2026-04-22T04:29:27+00:00
art/cutscenes/act1/act1-arena-challenge_end.png	7047691	2026-04-25T18:22:53+00:00
art/cards/act1/card-heal.png	7047560	2026-04-25T18:22:25+00:00
casino/game_tables/LD-002_Dice_Cup.png	7039832	2026-05-19T23:23:01+00:00
art/cards/act1/card-trap.png	7035322	2026-04-25T18:22:49+00:00
art/cutscenes/doctrine_binding/cs_doctrine_compliant_mouth.mp4	7026822	2026-05-12T07:25:45+00:00
art/cutscenes/animated/breaking_point/keyframes/refused_both.png	7025717	2026-05-20T03:26:06+00:00
art/art_runtime/the-authority.png	7003573	2026-04-22T04:28:18+00:00
art/eidolons/nyx/nyx-norm-asc.png	6998001	2026-04-22T04:29:35+00:00
art/fighters/white_oracle/white_oracle_portraits.png	6992016	2026-04-22T04:30:16+00:00
art/battlefields/act1/bf-garden-ruins.png	6985605	2026-04-25T18:22:11+00:00
casino/interaction/ES-010_Discovery_Pulse_Frame3.png	6977460	2026-05-19T23:23:01+00:00
art/cards/act1/card-back.png	6972040	2026-04-25T18:22:18+00:00
art/eidolons/cog/cog-norm-comp.png	6963224	2026-04-22T04:29:28+00:00
art/cutscenes/prelude/beat-i-archive_start.png	6963207	2026-04-25T18:23:45+00:00
art/cards/antiquarian/relic_archive.png	6959286	2026-05-20T01:31:56+00:00
art/celebration/slideshow/celebration_slide_01.jpg	6958295	2026-04-22T04:29:06+00:00
art/eidolons/toxis/toxis-hier-asc.png	6953675	2026-04-22T04:29:42+00:00
videos/guild-cutscenes/f5_guild_hall/cs_guild_tier_up.mp4	6951703	2026-05-02T22:13:40+00:00
art/guild-cutscenes/f3_combat/cs_epoch_insurgency_start.png	6950840	2026-05-02T21:06:44+00:00
art/cards/act1/card-poison.png	6949419	2026-04-25T18:22:36+00:00
art/rooms/act1/room-market-square.png	6942340	2026-04-25T18:24:13+00:00
casino/environments/CF-006_Betting_Board_Amphitheater.jpg	6937120	2026-05-19T23:23:01+00:00
art/vfx/prelude/human-palm-frost_end.png	6934219	2026-04-25T18:24:24+00:00
art/cards/neutral/phoenix_cadre.png	6932867	2026-05-20T01:33:11+00:00
art/battlefields/act1/bf-ship-corridor.png	6927051	2026-04-25T18:22:11+00:00
art/eidolons/nyx/nyx-scar-asc.png	6912976	2026-04-22T04:29:36+00:00
casino/props_chips/CHIP-PLATINUM.png	6911137	2026-05-19T23:23:02+00:00
art/cutscenes/prelude/beat-c-engineering_start.png	6908774	2026-04-25T18:23:15+00:00
art/rooms/act1/room-dockyard.png	6902490	2026-04-25T18:24:11+00:00
art/eidolons/cog/cog-hier-frag.png	6900834	2026-04-22T04:29:27+00:00
art/rooms/room-captains-quarters.png	6899563	2026-04-22T04:30:59+00:00
art/fighters/source/source_reactions_victory.png	6896067	2026-04-22T04:30:13+00:00
art/guild-cutscenes/f4_abilities/cs_sig_4_dark_end.png	6895877	2026-05-02T21:13:35+00:00
videos/prelude/prelude-beat-i-archive.mp4	6894787	2026-04-25T18:24:58+00:00
art/rooms/room-cargo-hold.png	6894099	2026-04-22T04:30:59+00:00
art/eidolons/sibyl/sibyl-norm-asc.png	6893104	2026-04-22T04:29:39+00:00
art/battlefields/act1/bf-market-alley.png	6878490	2026-04-25T18:22:11+00:00
art/cutscenes/doctrine_binding/cs_doctrine_heretical_quiet.mp4	6877840	2026-05-12T07:25:52+00:00
art/rooms/panopticon_core/baseline.png	6875348	2026-05-20T01:34:14+00:00
casino/game_tables/DR-001_Void_Charge_Device.png	6874852	2026-05-19T23:23:01+00:00
cabin-art/items/SHELF-02_Arena_Medallion.png	6863732	2026-05-19T23:22:57+00:00
art/eidolons/toxis/toxis-scar-comp.png	6860175	2026-04-22T04:29:45+00:00
casino/interaction/ES-010_Discovery_Pulse_Frame2.png	6855754	2026-05-19T23:23:01+00:00
casino/game_tables/VB-001_Bingo_Card.png	6849962	2026-05-19T23:23:01+00:00
art/battlefields/bf_vortex_pressurized_bay.png	6846560	2026-04-22T04:28:24+00:00
art/fighters/iron_lion/iron_lion_reactions_victory.png	6841116	2026-04-22T04:30:05+00:00
art/rooms/room-engineering.png	6817106	2026-04-22T04:31:03+00:00
art/art_runtime/room-mechronis-atrium.png	6814838	2026-04-22T04:28:18+00:00
art/fight/hud/round_card_final_original.png	6813924	2026-05-10T20:05:48+00:00
art/cutscenes/act1/act1-council-revelation_end.png	6808790	2026-04-25T18:22:55+00:00
art/battlefields/act1/bf-tavern-brawl.png	6807619	2026-04-25T18:22:11+00:00
art/fighters/meme/meme_portraits.png	6790719	2026-04-22T04:30:08+00:00
casino/interaction/ES-011_Lore_Text_Panel.png	6790587	2026-05-19T23:23:02+00:00
art/guild-cutscenes/f5_guild_hall/cs_training_grounds_end.png	6778158	2026-05-02T21:18:22+00:00
videos/events/antiquarian_reveals.mp4	6767953	2026-05-10T07:21:58+00:00
art/celebration/slideshow/celebration_slide_02.jpg	6762313	2026-04-22T04:29:06+00:00
art/guild-cutscenes/f4_abilities/cs_sig_5_light_end.png	6759265	2026-05-02T21:14:26+00:00
art/rooms/room-cryo-bay.png	6754736	2026-04-22T04:31:01+00:00
art/cutscenes/prelude/beat-d-cargo-bay_start.png	6750620	2026-04-25T18:23:29+00:00
art/cards/neutral/the_watchtowers_eye.png	6727707	2026-05-20T01:33:14+00:00
art/fighters/architect/architect_portraits.png	6725937	2026-04-22T04:29:55+00:00
art/eidolons/toxis/toxis-dream-asc.png	6722887	2026-04-22T04:29:42+00:00
art/fighters/wraith_calder/wraith_calder_reactions_victory.png	6719419	2026-04-22T04:30:16+00:00
art/guild-cutscenes/f3_combat/cs_epoch_privacy_start.png	6719016	2026-05-02T21:07:04+00:00
casino/props_chips/CHIP-SILVER.png	6716736	2026-05-19T23:23:02+00:00
cabin-art/items/FLOOR-03_Pet_Bed.png	6716490	2026-05-19T23:22:57+00:00
art/cutscenes/prelude/beat-a5-corridor_end.png	6706710	2026-04-25T18:23:02+00:00
art/eidolons/nyx/nyx-dream-comp.png	6704681	2026-04-22T04:29:29+00:00
art/fighters/degen/degen_reactions_victory.png	6704334	2026-04-22T04:30:00+00:00
art/cutscenes/prelude/beat-h-bridge_end.png	6703271	2026-04-25T18:23:41+00:00
audio/music/connection-web/v1.mp3	6701462	2026-04-22T04:34:44+00:00
art/portraits/act1/portrait-seer.png	6693305	2026-04-25T18:24:04+00:00
videos/acts/act-4/cin_act4_kael_extraction_4.mp4	6691660	2026-04-24T03:22:47+00:00
art/cutscenes/guild_room/cs_guild_blood_first_arrival.mp4	6689812	2026-05-12T07:26:06+00:00
art/cutscenes/prelude/beat-j-finale_end.png	6688755	2026-04-25T18:23:46+00:00
art/cutscenes/prelude/beat-g-observation_start.png	6684971	2026-04-25T18:23:40+00:00
art/eidolons/sibyl/sibyl-scar-asc.png	6684163	2026-04-22T04:29:39+00:00
art/portraits/human/human_shadow.png	6678462	2026-04-22T04:30:49+00:00
casino/game_tables/GT-001_Tournament_Bracket.png	6676488	2026-05-19T23:23:01+00:00
art/cards/neutral/the_seer_visiting_fellow.png	6672389	2026-05-20T01:32:53+00:00
art/cutscenes/act1/act1-arena-challenge_start.png	6670485	2026-04-25T18:22:55+00:00
art/cutscenes/prelude/beat-h-bridge_start.png	6664647	2026-04-25T18:23:43+00:00
art/fighters/iron_lion/iron_lion_attacks_specials.png	6663272	2026-04-22T04:30:04+00:00
videos/acts/act-3/cin_act3_thaloria_echo.mp4	6662458	2026-04-24T03:22:36+00:00
art/cutscenes/animated/breaking_point/keyframes/split_screen_intro.png	6660630	2026-05-20T03:26:06+00:00
art/cutscenes/doctrine_binding/cs_doctrine_forked_path.mp4	6657323	2026-05-12T07:25:51+00:00
art/cutscenes/mission/cs_mission_return_failure.mp4	6655328	2026-05-12T07:26:51+00:00
casino/environments/CF-005_VIP_Lounge.jpg	6654370	2026-05-19T23:23:01+00:00
videos/acts/act-4/cin_act4_kael_extraction_2.mp4	6652366	2026-04-24T03:22:37+00:00
casino/environmental/ES-004_Changing_Book.png	6643316	2026-05-19T23:23:01+00:00
art/eidolons/toxis/toxis-scar-asc.png	6641764	2026-04-22T04:29:44+00:00
casino/props_chips/CHIP-VOID.png	6639949	2026-05-19T23:23:02+00:00
casino/effects/FX-001_Win_Frame1-2.png	6634721	2026-05-19T23:23:02+00:00
art/cutscenes/animated/breaking_point/keyframes/chose_human.png	6633251	2026-05-20T03:26:06+00:00
art/cutscenes/animated/breaking_point/keyframes/choice_moment.png	6629467	2026-05-20T03:26:06+00:00
art/fighters/necromancer/necromancer_portraits.png	6621405	2026-04-22T04:30:08+00:00
art/eidolons/cog/cog-scar-asc.png	6617473	2026-04-22T04:29:29+00:00
art/cutscenes/prelude/beat-b-escape_end.png	6610644	2026-04-25T18:23:10+00:00
casino/interaction/ES-010_Discovery_Pulse_Frame4.png	6606491	2026-05-19T23:23:01+00:00
art/cutscenes/prelude/beat-e-medbay_start.png	6604027	2026-04-25T18:23:32+00:00
art/cutscenes/animated/awakening/keyframes/shot1_end.png	6566466	2026-05-20T03:26:04+00:00
audio/music/ark-exploration/v1.mp3	6565170	2026-04-22T04:34:44+00:00
art/cutscenes/mechronis_audit/cs_audit_day28_verdict_purge.mp4	6557419	2026-05-12T07:26:37+00:00
art/fighters/warden/warden_attacks_specials.png	6550154	2026-04-22T04:30:14+00:00
art/cutscenes/comm_screen/cs_comm_warden_tap.mp4	6549713	2026-05-12T07:25:45+00:00
casino/trust/DF-TRUST-80_Mask_Comes_Off.jpg	6545096	2026-05-19T23:23:02+00:00
art/fighters/jailer/jailer_reactions_victory.png	6534369	2026-04-22T04:30:05+00:00
art/rooms/prelude/room-bridge.png	6527317	2026-05-02T13:57:25+00:00
art/cutscenes/animated/breaking_point/fallback.png	6521780	2026-05-20T03:26:11+00:00
art/fighters/jailer/jailer_attacks_specials.png	6514189	2026-04-22T04:30:05+00:00
art/eidolons/auros/auros-dream-comp.png	6514151	2026-04-22T04:29:20+00:00
art/eidolons/sibyl/sibyl-dream-frag.png	6510136	2026-04-22T04:29:36+00:00
art/fighters/iron_lion/iron_lion_portraits.png	6508105	2026-04-22T04:30:04+00:00
art/guild-cutscenes/f5_guild_hall/cs_oracle_room_unlock_end.png	6507406	2026-05-02T21:17:42+00:00
art/cutscenes/mission/cs_mission_return_success.mp4	6503233	2026-05-12T22:59:26+00:00
vfx-atlases/acts/act-4_5/identity_chip_etching.png	6502004	2026-04-24T03:23:14+00:00
art/rooms/prelude/room-galley.png	6498342	2026-05-02T13:55:02+00:00
cabin-art/items/SHELF-04_Apprentice_Figurine.png	6498047	2026-05-19T23:22:57+00:00
art/fighters/warlord/warlord_reactions_victory.png	6496346	2026-04-22T04:30:15+00:00
art/fighters/white_oracle/white_oracle_reactions_victory.png	6491873	2026-04-22T04:30:16+00:00
art/guild-cutscenes/f3_combat/cs_epoch_privacy_end.png	6489807	2026-05-02T21:06:48+00:00
art/fighters/warlord/warlord_idle_movement.png	6489803	2026-04-22T04:30:15+00:00
videos/acts/act-4/cin_act4_kael_extraction_3.mp4	6488228	2026-04-24T03:22:45+00:00
art/cutscenes/animated/elara_memory_recovery/keyframes/frag05_panopticon.png	6476848	2026-05-20T03:26:07+00:00
art/portraits/act1/portrait-engineer.png	6473832	2026-04-25T18:23:52+00:00
art/rooms/prelude/room-armory.png	6473097	2026-05-02T13:55:01+00:00
art/eidolons/toxis/toxis-norm-comp.png	6472410	2026-04-22T04:29:44+00:00
art/guild-cutscenes/f4_abilities/cs_sig_4_dark_start.png	6470505	2026-05-02T21:13:39+00:00
art/eidolons/toxis/toxis-scar-frag.png	6468460	2026-04-22T04:29:45+00:00
videos/awakening/ELEMENT_QUESTION_QUARCHON.mp4	6466626	2026-04-27T03:10:26+00:00
art/fighters/akai_shi/akai_shi_portraits.png	6465154	2026-04-22T04:29:54+00:00
art/fighters/akai_shi/akai_shi_attacks_specials.png	6460898	2026-04-22T04:29:53+00:00
art/cutscenes/prelude/beat-b-escape_start.png	6458554	2026-04-25T18:23:13+00:00
casino/trust/DF-TRUST-100_Entropys_Confession.jpg	6458450	2026-05-19T23:23:02+00:00
art/fighters/enigma/enigma_specials_reactions_victory.png	6457532	2026-04-22T04:30:00+00:00
art/guild-cutscenes/f4_abilities/cs_sig_4_light_start.png	6452341	2026-05-02T21:13:52+00:00
cabin-art/items/WALL-08_Signal_Map.png	6448241	2026-05-19T23:22:58+00:00
art/fighters/prisoner/prisoner_portraits.png	6445845	2026-04-22T04:30:10+00:00
art/cards/act1/card-fireball.png	6444416	2026-04-25T18:22:18+00:00
art/fighters/warlord/warlord_attacks_specials.png	6443361	2026-04-22T04:30:14+00:00
art/eidolons/nyx/nyx-scar-comp.png	6442362	2026-04-22T04:29:36+00:00
art/eidolons/auros/auros-scar-asc.png	6439679	2026-04-22T04:29:23+00:00
art/guild-cutscenes/f4_abilities/cs_sig_3_light_start.png	6438047	2026-05-02T21:13:09+00:00
art/cutscenes/prelude/beat-d-cargo-bay_end.png	6434678	2026-04-25T18:23:23+00:00
art/fighters/agent_zero/agent_zero_portraits.png	6433963	2026-04-22T04:29:51+00:00
art/guild-cutscenes/f5_guild_hall/cs_room_unlock_end.png	6423135	2026-05-02T21:17:49+00:00
art/fighters/warden/warden_portraits.png	6419254	2026-04-22T04:30:13+00:00
casino/environments/CF-008_Dream_Roulette_Chamber.jpg	6406583	2026-05-19T23:23:01+00:00
art/rooms/prelude/room-comms-array.png	6385691	2026-05-02T13:55:52+00:00
art/rooms/act1/room-council-chamber.png	6385247	2026-04-25T18:24:10+00:00
art/fighters/jailer/jailer_idle_movement.png	6382321	2026-04-22T04:30:05+00:00
art/rooms/room-corridor.png	6379983	2026-04-22T04:31:01+00:00
casino/trust/DF-TRUST-50_NeYon_Space_Revealed.jpg	6378203	2026-05-19T23:23:02+00:00
videos/prestige/shot_1.mp4	6375164	2026-05-10T07:26:58+00:00
art/fighters/human/human_attacks_specials.png	6366709	2026-04-22T04:30:01+00:00
art/fight/hud/round_card_round_2_original.png	6364279	2026-05-10T20:06:01+00:00
cabin-art/items/WALL-06_Wanted_Poster.png	6354601	2026-05-19T23:22:58+00:00
cabin-art/items/DESK-01_Antiquarians_Journal.png	6353625	2026-05-19T23:22:57+00:00
cabin-art/items/DESK-08_Ship_Model.png	6352528	2026-05-19T23:22:57+00:00
art/eidolons/toxis/toxis-hier-comp.png	6343297	2026-04-22T04:29:43+00:00
art/vfx/prelude/enigma-hand-on-rim_frame.png	6342947	2026-04-25T18:24:20+00:00
art/cutscenes/prelude/beat-c-engineering_end.png	6341511	2026-04-25T18:23:13+00:00
cabin-art/items/WALL-09_Necromancer_Rune.png	6338197	2026-05-19T23:22:58+00:00
art/fighters/collector/collector_basic_attacks.png	6335654	2026-04-22T04:29:55+00:00
casino/degen/DG-001_Bartender_Phase.png	6331831	2026-05-19T23:23:01+00:00
casino/degen/DG-002_Casino_Boss_Phase.png	6325104	2026-05-19T23:23:01+00:00
art/fighters/jailer/jailer_portraits.png	6324919	2026-04-22T04:30:05+00:00
art/fighters/enigma/enigma_portraits.png	6320885	2026-04-22T04:30:00+00:00
art/fighters/prisoner/prisoner_attacks_specials.png	6320646	2026-04-22T04:30:10+00:00
art/fighters/iron_lion/iron_lion_idle_movement.png	6318772	2026-04-22T04:30:04+00:00
art/cutscenes/prelude/beat-j-finale_start.png	6311929	2026-04-25T18:23:46+00:00
casino/game_tables/GT-002_Blackjack_Table.jpg	6308975	2026-05-19T23:23:01+00:00
art/cards/new_babylon/compliance_zealot.png	6299934	2026-05-20T01:32:32+00:00
videos/events/necromancer_returns.mp4	6295690	2026-05-10T07:21:58+00:00
art/rooms/insurgency_safehouse/baseline.png	6293556	2026-05-20T01:34:12+00:00
art/art_runtime/little-meme.png	6292887	2026-04-22T04:28:14+00:00
vfx-atlases/acts/act-6/elara_face_resolve_grain.png	6290566	2026-04-24T03:23:22+00:00
art/fighters/human/human_idle_movement.png	6284966	2026-04-22T04:30:02+00:00
art/cutscenes/doctrine_binding/cs_doctrine_human_remainder.mp4	6282248	2026-05-12T07:25:54+00:00
art/eidolons/auros/auros-hier-asc.png	6280727	2026-04-22T04:29:22+00:00
art/cutscenes/animated/awakening/keyframes/shot2_start.png	6280719	2026-05-20T03:26:04+00:00
art/fighters/architect/architect_victory_ko_art.png	6280432	2026-04-22T04:29:55+00:00
art/fighters/warden/warden_reactions_victory.png	6278443	2026-04-22T04:30:14+00:00
art/cutscenes/guild_room/cs_guild_dust_first_arrival.mp4	6269889	2026-05-12T07:26:12+00:00
art/fighters/source/source_portraits.png	6268881	2026-04-22T04:30:12+00:00
cabin-art/items/SHELF-07_Oracle_Lens.png	6267128	2026-05-19T23:22:57+00:00
art/fighters/source/source_attacks_specials.png	6266814	2026-04-22T04:30:11+00:00
casino/game_tables/CG-001_Card_Battlers_Gauntlet_Table.jpg	6266659	2026-05-19T23:23:01+00:00
art/fighters/white_oracle/white_oracle_idle_movement.png	6264488	2026-04-22T04:30:16+00:00
art/art_reference/enigma_blocking_panel_4.png	6258592	2026-04-22T04:28:10+00:00
cabin-art/backgrounds/CABIN-003_Clinical_White.jpg	6254561	2026-05-19T23:22:57+00:00
art/fighters/source/source_idle_movement.png	6252175	2026-04-22T04:30:12+00:00
cabin-art/backgrounds/CABIN-006_Neon_Dreams.jpg	6247101	2026-05-19T23:22:57+00:00
art/battlefields/bf_nexon_command_bunker.png	6245191	2026-04-22T04:28:24+00:00
art/cutscenes/animated/elara_memory_recovery/keyframes/frag06_consciousness_transfer.png	6243526	2026-05-20T03:26:07+00:00
art/guild-cutscenes/f4_abilities/cs_sig_1_dark_end.png	6241943	2026-05-02T21:11:24+00:00
art/cutscenes/prelude/beat-g-observation_end.png	6241528	2026-04-25T18:23:36+00:00
art/eidolons/nyx/nyx-hier-comp.png	6237484	2026-04-22T04:29:33+00:00
art/vfx/prelude/diploma-ink-bloom_end.png	6233116	2026-04-25T18:24:19+00:00
vfx-atlases/acts/act-7/invisible_war_overlay.png	6230448	2026-04-24T03:23:26+00:00
art/fighters/human/human_reactions_victory.png	6230304	2026-04-22T04:30:02+00:00
art/cutscenes/mission/cs_mission_briefing_start.png	6228859	2026-05-12T07:26:49+00:00
art/fighters/warden/warden_idle_movement.png	6227917	2026-04-22T04:30:13+00:00
art/fighters/white_oracle/white_oracle_attacks_specials.png	6227247	2026-04-22T04:30:16+00:00
art/cutscenes/animated/elara_memory_recovery/keyframes/frag02_spires_shatter.png	6225203	2026-05-20T03:26:07+00:00
art/card_art/card_art_weapon_i_didnt_build.png	6222155	2026-04-22T04:28:43+00:00
cabin-art/backgrounds/CABIN-001_Void_Glow.jpg	6221291	2026-05-19T23:22:57+00:00
art/eidolons/toxis/toxis-norm-asc.png	6215006	2026-04-22T04:29:43+00:00
art/art_runtime/programmer.png	6212614	2026-04-22T04:28:17+00:00
art/guild-cutscenes/f4_abilities/cs_sig_8_light_start.png	6212416	2026-05-02T21:16:08+00:00
art/rooms/room-briefing-room.png	6210688	2026-04-22T04:30:58+00:00
art/art_runtime/hacking_reality_start.png	6210045	2026-04-22T04:28:12+00:00
art/fighters/human/human_portraits.png	6209692	2026-04-22T04:30:01+00:00
art/fighters/necromancer/necromancer_idle_movement.png	6208048	2026-04-22T04:30:08+00:00
art/portraits/act1/portrait-necromancer.png	6200666	2026-04-25T18:24:02+00:00
art/cutscenes/chess_tutorial/cs_chess_tut_g4_intro_start.png	6195055	2026-05-12T22:25:04+00:00
art/guild-cutscenes/f1_onboarding/cs_sorting_ceremony_post_end.png	6191875	2026-05-02T21:04:14+00:00
art/cutscenes/prelude/beat-f-briefing_end.png	6188786	2026-04-25T18:23:34+00:00
cabin-art/items/WALL-07_Conspiracy_Board.png	6171623	2026-05-19T23:22:58+00:00
art/fight/hud/portrait_frame_p1_original.png	6171103	2026-05-10T20:05:36+00:00
art/fighters/architect/architect_basic_attacks.png	6170553	2026-04-22T04:29:54+00:00
art/cutscenes/animated/elara_memory_recovery/keyframes/frag03_senate_chambers.png	6163882	2026-05-20T03:26:07+00:00
casino/game_tables/LD-001_Liars_Dice_Table.jpg	6157221	2026-05-19T23:23:01+00:00
art/trade_empire/buildings/market_tier2_original.png	6150089	2026-05-10T20:23:48+00:00
art/guild-cutscenes/f4_abilities/cs_sig_3_dark_start.png	6147237	2026-05-02T21:12:52+00:00
art/fighters/collector/collector_portraits.png	6140297	2026-04-22T04:29:56+00:00
art/fighters/necromancer/necromancer_reactions_victory.png	6138927	2026-04-22T04:30:09+00:00
art/rooms/antiquarian_sanctum/baseline.png	6137197	2026-05-20T01:34:08+00:00
art/fight/hud/flawless_victory_banner_original.png	6134404	2026-05-10T20:05:23+00:00
art/guild-cutscenes/f4_abilities/cs_sig_3_light_end.png	6133445	2026-05-02T21:13:00+00:00
art/guild-cutscenes/f1_onboarding/cs_sorting_ceremony_pre_end.png	6120061	2026-05-02T20:31:36+00:00
art/cards/neutral/void_shard.png	6119269	2026-05-20T01:32:59+00:00
art/cutscenes/prelude/beat-i-archive_end.png	6118112	2026-04-25T18:23:44+00:00
art/rooms/architect_throne/baseline.png	6110663	2026-05-20T01:34:10+00:00
art/guild-cutscenes/f4_abilities/cs_sig_5_dark_end.png	6108470	2026-05-02T21:14:05+00:00
art/fighters/collector/collector_idle_movement.png	6106158	2026-04-22T04:29:56+00:00
art/fighters/architect/architect_specials_supers.png	6104338	2026-04-22T04:29:55+00:00
art/cards/new_babylon/sector_magistrate.png	6100937	2026-05-20T01:32:34+00:00
art/cutscenes/forge/cs_forge_corrupted_start.png	6100348	2026-05-12T07:26:00+00:00
art/cutscenes/chess_ladder/cs_chess_ladder_the_warlord_first_seated_start.png	6100232	2026-05-12T22:24:56+00:00
art/fighters/meme/meme_idle_movement.png	6095438	2026-04-22T04:30:07+00:00
art/cutscenes/prelude/beat-f-briefing_start.png	6085077	2026-04-25T18:23:36+00:00
art/cutscenes/animated/thought_virus_manifests/keyframes/ship_blueprint_clean.png	6083572	2026-05-20T03:26:05+00:00
art/fighters/meme/meme_reactions_victory.png	6080559	2026-04-22T04:30:08+00:00
art/eidolons/auros/auros-scar-frag.png	6078191	2026-04-22T04:29:24+00:00
art/fighters/akai_shi/akai_shi_reactions_victory.png	6078041	2026-04-22T04:29:54+00:00
art/card_art/card_art_countermelody.png	6076788	2026-04-22T04:28:43+00:00
art/eidolons/toxis/toxis-dream-comp.png	6072643	2026-04-22T04:29:41+00:00
art/fighters/enigma/enigma_basic_attacks.png	6066492	2026-04-22T04:30:00+00:00
art/guild-cutscenes/f4_abilities/cs_sig_8_dark_start.png	6063304	2026-05-02T21:16:08+00:00
art/rooms/prelude/room-captains-quarters.png	6062789	2026-05-02T13:55:01+00:00
art/fighters/degen/degen_portraits.png	6060278	2026-04-22T04:29:58+00:00
art/cutscenes/chess_tutorial/cs_chess_tut_g4_5_intro_end.png	6055272	2026-05-12T22:25:03+00:00
art/cinematics/climax_videos/climax_watcher_eye.mp4	6049007	2026-05-10T20:04:24+00:00
art/guild-cutscenes/f5_guild_hall/cs_training_grounds_start.png	6038629	2026-05-02T21:18:23+00:00
videos/acts/act-3/cin_act3_opener.mp4	6034279	2026-04-24T03:22:36+00:00
art/cutscenes/prelude/beat-c5-window_start.png	6029844	2026-04-25T18:23:21+00:00
art/cutscenes/doctrine_binding/cs_doctrine_first_arrival.mp4	6028610	2026-05-12T07:25:45+00:00
art/eidolons/nyx/nyx-scar-frag.png	6025143	2026-04-22T04:29:36+00:00
art/cutscenes/doctrine_binding/cs_doctrine_recitation_start.png	6022966	2026-05-12T07:25:57+00:00
art/duel/duel-bg.png	6021527	2026-05-20T01:34:16+00:00
art/cutscenes/mechronis_audit/cs_audit_day21_martyr.mp4	6007788	2026-05-12T07:26:34+00:00
art/guild-cutscenes/f5_guild_hall/cs_war_room_unlock_start.png	6006222	2026-05-02T21:18:59+00:00
art/guild-cutscenes/f5_guild_hall/cs_guild_tier_up_start.png	6002950	2026-05-02T21:17:17+00:00
art/cutscenes/animated/thought_virus_manifests/keyframes/infection_critical.png	5996068	2026-05-20T03:26:05+00:00
art/guild-cutscenes/f4_abilities/cs_sig_2_light_end.png	5994766	2026-05-02T21:12:25+00:00
art/rooms/prelude/room-cargo-hold.png	5993805	2026-05-02T13:55:01+00:00
art/cutscenes/doctrine_binding/cs_doctrine_first_arrival_start.png	5991331	2026-05-12T07:25:47+00:00
art/trade_empire/buildings/warehouse_tier2_original.png	5989502	2026-05-10T20:23:48+00:00
art/fighters/agent_zero/agent_zero_idle_movement.png	5988786	2026-04-22T04:29:51+00:00
art/fighters/prisoner/prisoner_idle_movement.png	5988228	2026-04-22T04:30:10+00:00
art/guild-cutscenes/f3_combat/cs_epoch_insurgency_end.png	5986186	2026-05-02T21:06:41+00:00
art/art_runtime/to_be_the_human_end.png	5985210	2026-04-22T04:28:18+00:00
art/eidolons/nyx/nyx-dream-frag.png	5981204	2026-04-22T04:29:28+00:00
videos/cutscenes/awakening/first_clone_born.mp4	5981162	2026-05-10T07:21:52+00:00
audio/music/ark-exploration/v2.mp3	5976456	2026-04-22T04:34:44+00:00
cabin-art/backgrounds/CABIN-005_Candlelight.jpg	5975745	2026-05-19T23:22:57+00:00
art/art_runtime/warlord-zero.png	5975290	2026-04-22T04:28:19+00:00
art/cutscenes/prelude/beat-a-awakening_end.png	5974681	2026-04-25T18:22:59+00:00
art/cutscenes/prelude/beat-c5-window_end.png	5973336	2026-04-25T18:23:21+00:00
art/cutscenes/prelude/beat-a-awakening_start.png	5970609	2026-04-25T18:23:00+00:00
cabin-art/backgrounds/CABIN-007_Corrupted.jpg	5969418	2026-05-19T23:22:57+00:00
art/cards/neutral/the_hospitality_officer.png	5966140	2026-05-20T01:33:16+00:00
art/vfx/prelude/starfield-drift_frame.png	5959136	2026-04-25T18:24:38+00:00
art/fighters/meme/meme_attacks_specials.png	5958947	2026-04-22T04:30:05+00:00
cabin-art/items/FLOOR-01_Meditation_Mat.png	5947192	2026-05-19T23:22:57+00:00
cabin-art/items/DESK-02_Elaras_Crystal.png	5946693	2026-05-19T23:22:57+00:00
casino/effects/FX-002_Loss_Frame5-6.png	5946666	2026-05-19T23:23:01+00:00
cabin-art/items/WALL-10_Memory_Mosaic.png	5945026	2026-05-19T23:22:58+00:00
cabin-art/items/DESK-07_Kaels_Last_Message.png	5939677	2026-05-19T23:22:57+00:00
art/art_runtime/game-master-original.png	5935728	2026-04-22T04:28:11+00:00
art/guild-cutscenes/f4_abilities/cs_sig_9_light_end.png	5934925	2026-05-02T21:16:37+00:00
art/cutscenes/memory_card/cs_memory_card_corrupt.mp4	5934894	2026-05-12T07:26:42+00:00
art/fighters/degen/degen_idle_movement.png	5934479	2026-04-22T04:29:58+00:00
art/card_art/card_art_memory_card_procedural.png	5933833	2026-04-22T04:28:43+00:00
art/eidolons/auros/auros-norm-frag.png	5929366	2026-04-22T04:29:23+00:00
art/eidolons/auros/auros-dream-frag.png	5925815	2026-04-22T04:29:21+00:00
art/fighters/wraith_calder/wraith_calder_attacks_specials.png	5925359	2026-04-22T04:30:16+00:00
art/guild-cutscenes/f3_combat/cs_epoch_fall_end.png	5923270	2026-05-02T21:06:29+00:00
art/guild-cutscenes/f4_abilities/cs_sig_8_dark_end.png	5919806	2026-05-02T21:16:01+00:00
cabin-art/items/SHELF-05_Void_Crystal_Specimen.png	5913502	2026-05-19T23:22:57+00:00
art/guild-cutscenes/f4_abilities/cs_sig_7_dark_end.png	5911384	2026-05-02T21:15:22+00:00
art/guild-cutscenes/f5_guild_hall/cs_room_unlock_start.png	5904243	2026-05-02T21:17:58+00:00
art/guild-cutscenes/f4_abilities/cs_sig_12_light_start.png	5899462	2026-05-02T21:11:22+00:00
art/fighters/prisoner/prisoner_reactions_victory.png	5895962	2026-04-22T04:30:11+00:00
art/cutscenes/chess_tutorial/cs_chess_tut_g4_intro_end.png	5895297	2026-05-12T22:25:04+00:00
art/cutscenes/animated/elara_memory_recovery/keyframes/frag01_atarion_spires.png	5894857	2026-05-20T03:26:07+00:00
cabin-art/items/DESK-06_Agent_Zeros_Dagger.png	5894825	2026-05-19T23:22:57+00:00
art/portraits/portrait_wanda_wyrlord.png	5890210	2026-04-22T04:30:50+00:00
art/fighters/collector/collector_reactions_victory_ko.png	5884719	2026-04-22T04:29:57+00:00
casino/environments/CF-003_Dice_Pit.jpg	5874172	2026-05-19T23:23:01+00:00
cabin-art/items/FLOOR-02_Weapons_Rack.png	5873561	2026-05-19T23:22:57+00:00
cabin-art/items/SHELF-03_Card_Display_Case.png	5865707	2026-05-19T23:22:58+00:00
art/art_reference/enigma_blocking_panel_3.png	5859785	2026-04-22T04:28:11+00:00
art/art_runtime/detective-student.png	5858947	2026-04-22T04:28:11+00:00
art/guild-cutscenes/f4_abilities/cs_sig_1_light_end.png	5838535	2026-05-02T21:11:54+00:00
art/fighters/akai_shi/akai_shi_idle_movement.png	5838129	2026-04-22T04:29:53+00:00
cabin-art/backgrounds/CABIN-002_Atarion_Sunset.jpg	5832267	2026-05-19T23:22:57+00:00
art/eidolons/nyx/nyx-hier-frag.png	5831681	2026-04-22T04:29:35+00:00
cabin-art/items/WALL-05_Crew_Photo.png	5831332	2026-05-19T23:22:58+00:00
art/fighters/collector/collector_specials_supers.png	5829189	2026-04-22T04:29:57+00:00
art/guild-cutscenes/f4_abilities/cs_sig_11_dark_end.png	5825135	2026-05-02T21:10:19+00:00
art/cutscenes/animated/elara_memory_recovery/keyframes/frag07_ark1047.png	5821061	2026-05-20T03:26:07+00:00
art/guild-cutscenes/f4_abilities/cs_sig_8_light_end.png	5819940	2026-05-02T21:16:08+00:00
art/trade_empire/buildings/market_tier3_original.png	5818477	2026-05-10T20:23:48+00:00
art/specimens/eidolon_004-fragment.png	5817901	2026-05-20T01:33:30+00:00
art/art_runtime/professor-eidola.png	5816313	2026-04-22T04:28:14+00:00
art/cutscenes/memory_card/cs_memory_card_mint_start.png	5815534	2026-05-12T07:26:45+00:00
art/portraits/portrait_vernon_vortex.png	5812351	2026-04-22T04:30:50+00:00
art/art_runtime/room-zenon-cell.png	5805900	2026-04-22T04:28:18+00:00
art/fighters/wraith_calder/wraith_calder_portraits.png	5804653	2026-04-22T04:30:16+00:00
art/rooms/prelude/room-cryo-bay.png	5804337	2026-05-02T13:55:01+00:00
art/fighters/necromancer/necromancer_attacks_specials.png	5800090	2026-04-22T04:30:08+00:00
videos/acts/act-3/cin_act3_engineer_recording_4.mp4	5798371	2026-04-24T03:22:36+00:00
art/rooms/prelude/room-engineering-bay.png	5793587	2026-05-02T13:55:01+00:00
art/art_runtime/welcome_to_celebration_end.png	5788379	2026-04-22T04:28:19+00:00
art/fighters/degen/degen_attacks_specials.png	5784358	2026-04-22T04:29:58+00:00
art/trade_empire/ships/cargo_ship_large_original.png	5778349	2026-05-10T20:24:55+00:00
art/specimens/eidolon_003-fragment.png	5777058	2026-05-20T01:33:27+00:00
art/card_art/card_art_classmates_compass.png	5776074	2026-04-22T04:28:43+00:00
art/cutscenes/prelude/beat-d5-galley_start.png	5773565	2026-04-25T18:23:30+00:00
casino/environments/CF-007_Void_Bingo_Hall.jpg	5772559	2026-05-19T23:23:01+00:00
casino/trust/DF-TRUST-25_Bartender_Remembers.jpg	5770580	2026-05-19T23:23:02+00:00
art/cutscenes/chess_ladder/cs_chess_ladder_the_source_first_seated_start.png	5766126	2026-05-12T22:24:55+00:00
art/cutscenes/chess_ladder/cs_chess_ladder_the_oracle_first_seated_end.png	5761141	2026-05-12T22:24:52+00:00
art/fighters/wraith_calder/wraith_calder_idle_movement.png	5760609	2026-04-22T04:30:16+00:00
cabin-art/items/DESK-03_Humans_Coin.png	5757607	2026-05-19T23:22:58+00:00
art/art_runtime/little-collector.png	5755006	2026-04-22T04:28:13+00:00
art/fighters/architect/architect_idle_movement.png	5753158	2026-04-22T04:29:54+00:00
art/vfx/prelude/starlight-shaft-dust_frame.png	5753066	2026-04-25T18:24:41+00:00
art/rooms/videos/cryo_bay_awakening.mp4	5752005	2026-04-30T23:37:08+00:00
art/card_art/card_art_recruiters_gift.png	5744062	2026-04-22T04:28:43+00:00
art/guild-cutscenes/f5_guild_hall/cs_oracle_room_unlock_start.png	5739850	2026-05-02T21:17:46+00:00
art/guild-cutscenes/f4_abilities/cs_sig_9_light_start.png	5731819	2026-05-02T21:16:54+00:00
videos/dmc/dmc_cin_clone-awakening.mp4	5727801	2026-04-22T04:34:58+00:00
art/guild-cutscenes/f4_abilities/cs_sig_1_light_start.png	5727726	2026-05-02T21:11:56+00:00
art/cutscenes/mechronis_audit/cs_audit_day14_heretic.mp4	5721790	2026-05-12T07:26:31+00:00
art/fighters/enigma/enigma_idle_movement.png	5721459	2026-04-22T04:30:00+00:00
art/cutscenes/chess_ladder/cs_chess_ladder_the_architect_first_seated_end.png	5714230	2026-05-12T22:24:45+00:00
art/art_runtime/welcome_to_celebration_start.png	5713202	2026-04-22T04:28:21+00:00
art/cutscenes/mechronis_audit/cs_audit_day28_verdict_mercy.mp4	5710827	2026-05-12T07:26:37+00:00
art/cutscenes/animated/_shared/particles/frost_crystal_sprites.png	5700319	2026-05-20T03:26:15+00:00
art/cutscenes/animated/_shared/textures/senate_interior_bg.png	5699647	2026-05-20T03:26:14+00:00
art/cutscenes/prelude/beat-e-medbay_end.png	5698663	2026-04-25T18:23:30+00:00
cabin-art/items/WALL-04_Terminus_Star_Chart.png	5697780	2026-05-19T23:22:58+00:00
art/portraits/portrait_young_iron_lion.png	5693809	2026-04-22T04:30:51+00:00
art/vfx/prelude/holo-pedestal-bloom_end.png	5693590	2026-04-25T18:24:21+00:00
cabin-art/items/DESK-10_Personal_Terminal.png	5692636	2026-05-19T23:22:57+00:00
art/guild-cutscenes/f2_daily/cs_house_cup_weekly_reset_start.png	5689440	2026-05-02T21:05:31+00:00
art/art_runtime/room-nexon-battlefield.png	5687866	2026-04-22T04:28:17+00:00
art/battlefields/bf_celebration_schoolyard_day10.png	5683266	2026-04-22T04:28:21+00:00
art/battlefields/bf_ark_archives_dimmed.png	5682010	2026-04-22T04:28:21+00:00
art/guild-cutscenes/f4_abilities/cs_sig_6_dark_end.png	5681324	2026-05-02T21:14:39+00:00
cabin-art/items/SHELF-09_Memes_Antenna.png	5680269	2026-05-19T23:22:58+00:00
art/rooms/prelude/room-medical-bay.png	5679885	2026-05-02T13:55:02+00:00
art/guild-cutscenes/f3_combat/cs_epoch_prophecy_end.png	5676115	2026-05-02T21:07:22+00:00
art/cutscenes/animated/awakening/keyframes/shot3_start.png	5672607	2026-05-20T03:26:04+00:00
art/guild-cutscenes/f4_abilities/cs_sig_5_dark_start.png	5672463	2026-05-02T21:14:25+00:00
art/trade_empire/buildings/shipyard_original.png	5672122	2026-05-10T20:23:48+00:00
casino/environments/CF-004_Slots_Gallery.jpg	5660693	2026-05-19T23:23:01+00:00
videos/human_reveal/human_reveal_to_fragment.mp4	5657269	2026-05-10T07:26:39+00:00
art/cutscenes/prelude/beat-a5-corridor_start.png	5655044	2026-04-25T18:23:08+00:00
art/art_runtime/iron-lion-expelled.png	5653833	2026-04-22T04:28:11+00:00
casino/environments/CF-002_Card_Tables_Quarter.jpg	5650879	2026-05-19T23:23:01+00:00
art/fighters/agent_zero/agent_zero_attacks_specials.png	5650316	2026-04-22T04:29:50+00:00
art/fighters/agent_zero/agent_zero_reactions_victory.png	5646558	2026-04-22T04:29:51+00:00
art/cutscenes/forge/cs_forge_purified.mp4	5645840	2026-05-12T07:26:05+00:00
art/guild-cutscenes/f4_abilities/cs_sig_10_light_start.png	5643012	2026-05-02T21:10:05+00:00
art/battlefields/bf_mechronis_classroom_standard.png	5638012	2026-04-22T04:28:23+00:00
art/guild-cutscenes/f4_abilities/cs_sig_4_light_end.png	5631026	2026-05-02T21:13:43+00:00
art/guild-cutscenes/f3_combat/cs_epoch_revelation_start.png	5630196	2026-05-02T21:07:33+00:00
art/cutscenes/chess_tutorial/cs_chess_tut_g5_5_intro_start.png	5625084	2026-05-12T22:25:06+00:00
art/specimens/eidolon_006-fragment.png	5620752	2026-05-20T01:33:36+00:00
art/art_reference/enigma_section6_reference_base.png	5619423	2026-04-22T04:28:11+00:00
art/slideshows/album4/T05/T05_00_title.png	5617103	2026-05-20T01:33:51+00:00
art/cutscenes/chess_ladder/cs_chess_ladder_game_master_first_seated_start.png	5616137	2026-05-12T22:24:42+00:00
art/cutscenes/guild_room/cs_guild_thurible_first_arrival.mp4	5612313	2026-05-12T07:26:24+00:00
art/cutscenes/chess_tutorial/cs_chess_tut_g5_5_intro_end.png	5612167	2026-05-12T22:25:05+00:00
art/cutscenes/chess_ladder/cs_chess_ladder_the_collector_first_seated_start.png	5611688	2026-05-12T22:24:47+00:00
art/card_art/card_art_friend_i_saved.png	5610803	2026-04-22T04:28:43+00:00
art/vfx/prelude/role-wireframe-bloom_end.png	5607939	2026-04-25T18:24:37+00:00
art/fight/hud/portrait_frame_p2_original.png	5607093	2026-05-10T20:05:37+00:00
art/card_art/card_art_jar_wouldnt_close.png	5606677	2026-04-22T04:28:43+00:00
art/guild-cutscenes/f5_guild_hall/cs_trophy_case_start.png	5593980	2026-05-02T21:18:35+00:00
art/battlefields/bf_celebration_schoolyard_day10_alt.png	5590168	2026-04-22T04:28:22+00:00
art/battlefields/act1/bf-dockyard-platform.png	5586935	2026-04-25T18:22:11+00:00
art/card_art/card_art_converter.png	5583616	2026-04-22T04:28:42+00:00
art/eidolons/sibyl/sibyl-hier-frag.png	5583327	2026-04-22T04:29:37+00:00
cabin-art/items/SHELF-10_Thought_Virus_Containment.png	5582037	2026-05-19T23:22:57+00:00
art/guild-cutscenes/f5_guild_hall/cs_guild_tier_up_end.png	5578830	2026-05-02T21:17:17+00:00
art/card_art/card_art_standstill.png	5578785	2026-04-22T04:28:43+00:00
art/guild-cutscenes/f4_abilities/cs_sig_6_light_start.png	5573868	2026-05-02T21:15:11+00:00
art/guild-cutscenes/f2_daily/cs_house_cup_weekly_reset_end.png	5573450	2026-05-02T21:05:17+00:00
casino/game_tables/VB-002_Bingo_Ball.png	5569319	2026-05-19T23:23:01+00:00
art/cards/neutral/witness_whose_time_has_come.png	5568878	2026-05-20T01:33:05+00:00
cabin-art/backgrounds/CABIN-008_Starlight.jpg	5566791	2026-05-19T23:22:57+00:00
art/rooms/room-mess-hall.png	5561090	2026-04-22T04:31:03+00:00
art/guild-cutscenes/f5_guild_hall/cs_guild_decor_end.png	5560858	2026-05-02T21:17:15+00:00
art/cutscenes/chess_ladder/cs_chess_ladder_the_programmer_first_seated_start.png	5558538	2026-05-12T22:24:54+00:00
vfx-atlases/acts/act-3/eyes_helmet_dust.png	5557746	2026-04-24T03:23:14+00:00
art/guild-cutscenes/f5_guild_hall/cs_war_room_unlock_end.png	5555432	2026-05-02T21:18:54+00:00
art/guild-cutscenes/f5_guild_hall/cs_trophy_case_end.png	5555252	2026-05-02T21:18:32+00:00
art/art_runtime/professor-matrikala.png	5554560	2026-04-22T04:28:15+00:00
art/fighters/architect/architect_reactions_throws.png	5540902	2026-04-22T04:29:55+00:00
art/cutscenes/chess_tutorial/cs_chess_tut_g5_intro_end.png	5536854	2026-05-12T22:25:06+00:00
art/cutscenes/chess_ladder/cs_chess_ladder_the_source_first_seated_end.png	5536156	2026-05-12T22:24:55+00:00
art/portraits/portrait_wayne_warden.png	5530275	2026-04-22T04:30:51+00:00
art/vfx/prelude/memo-holo-rise_end.png	5522763	2026-04-25T18:24:34+00:00
art/guild-cutscenes/f3_combat/cs_war_victory_end.png	5521728	2026-05-02T21:09:20+00:00
art/art_runtime/to_be_the_human_start.png	5515978	2026-04-22T04:28:18+00:00
videos/acts/act-7/cin_act7_stance_pattern.mp4	5509972	2026-04-24T03:23:06+00:00
art/slideshows/album4/T06/T06_00_title.png	5507174	2026-05-20T01:33:52+00:00
art/guild-cutscenes/f4_abilities/cs_sig_11_light_end.png	5506080	2026-05-02T21:10:31+00:00
cabin-art/items/DESK-04_Data_Pad.png	5497501	2026-05-19T23:22:58+00:00
art/card_art/card_art_only_reason_i_stayed.png	5495945	2026-04-22T04:28:43+00:00
art/fight/hud/victory_banner_original.png	5493459	2026-05-10T20:06:05+00:00
art/cutscenes/chess_tutorial/cs_chess_tut_g2_intro_start.png	5490182	2026-05-12T22:24:59+00:00
art/guild-cutscenes/f4_abilities/cs_sig_10_dark_start.png	5490026	2026-05-02T21:09:51+00:00
art/guild-cutscenes/f4_abilities/cs_sig_12_dark_start.png	5486358	2026-05-02T21:11:02+00:00
art/art_runtime/little-watcher.png	5484485	2026-04-22T04:28:13+00:00
art/cutscenes/mission/cs_mission_tier2_briefing.mp4	5482319	2026-05-12T07:26:54+00:00
art/portraits/portrait_warlord_swarm_env.png	5478910	2026-04-22T04:30:50+00:00
art/battlefields/bf_celebration_pavilion_day28.png	5476242	2026-04-22T04:28:20+00:00
art/cutscenes/animated/elara_memory_recovery/keyframes/frag04_senator_voss.png	5473856	2026-05-20T03:26:07+00:00
casino/interaction/ES-010_Discovery_Pulse_Frame1.png	5471466	2026-05-19T23:23:01+00:00
art/cutscenes/animated/_shared/textures/mist_volumetric.png	5464612	2026-05-20T03:26:14+00:00
art/portraits/portrait_corey_collector.png	5461112	2026-04-22T04:30:49+00:00
art/cutscenes/chess_climb/cs_chess_climb_tier_2_hierarchy_table_end.png	5460261	2026-05-12T22:24:38+00:00
cabin-art/items/DESK-05_Holographic_Globe.png	5459890	2026-05-19T23:22:58+00:00
art/cutscenes/animated/_shared/particles/infection_tendril_sprites.png	5455511	2026-05-20T03:26:15+00:00
art/cutscenes/chess_tutorial/cs_chess_tut_g4_intro.mp4	5453928	2026-05-12T22:25:03+00:00
art/cutscenes/chess_ladder/cs_chess_ladder_the_collector_first_seated_end.png	5449724	2026-05-12T22:24:46+00:00
art/art_reference/enigma_blocking_panel_2.png	5449676	2026-04-22T04:28:10+00:00
art/portraits/portrait_young_human_seeker.png	5448678	2026-04-22T04:30:51+00:00
art/eidolons/sibyl/sibyl-norm-frag.png	5444789	2026-04-22T04:29:38+00:00
videos/acts/act-3/cin_act3_infiltration_insurgency.mp4	5443310	2026-04-24T03:22:36+00:00
art/vfx/prelude/memo-paper-drift_frame.png	5442256	2026-04-25T18:24:35+00:00
art/guild-cutscenes/f3_combat/cs_epoch_revelation_end.png	5441002	2026-05-02T21:07:28+00:00
art/cutscenes/chess_ladder/cs_chess_ladder_the_human_first_seated_end.png	5437635	2026-05-12T22:24:50+00:00
art/slideshows/album4/T09/T09_00_title.png	5427873	2026-05-20T01:33:58+00:00
art/cutscenes/guild_room/cs_guild_glass_archon_dialogue.mp4	5424743	2026-05-12T07:26:14+00:00
art/battlefields/bf_celebration_schoolyard_day20.png	5424400	2026-04-22T04:28:22+00:00
art/guild-cutscenes/f4_abilities/cs_sig_11_light_start.png	5420398	2026-05-02T21:10:49+00:00
art/cutscenes/chess_ladder/cs_chess_ladder_iron_lion_first_seated_end.png	5417515	2026-05-12T22:24:44+00:00
art/trade_empire/goods/goods_silk_original.png	5415619	2026-05-10T20:24:28+00:00
art/rooms/prelude/room-archives.png	5413181	2026-05-02T13:57:41+00:00
cabin-art/items/FLOOR-04_Storage_Crate.png	5409697	2026-05-19T23:22:57+00:00
art/slideshows/album4/T07/T07_00_title.png	5409695	2026-05-20T01:33:54+00:00
cabin-art/items/DESK-09_Coffee_Mug.png	5407610	2026-05-19T23:22:57+00:00
videos/acts/act-3/cin_act3_engineer_recording_5.mp4	5406730	2026-04-24T03:22:36+00:00
art/cutscenes/chess_climb/cs_chess_climb_tier_3_labyrinth_wager_end.png	5406430	2026-05-12T22:24:38+00:00
art/cutscenes/chess_tutorial/cs_chess_tut_g7_intro_start.png	5399715	2026-05-12T22:25:11+00:00
art/guild-cutscenes/f4_abilities/cs_sig_7_dark_start.png	5395642	2026-05-02T21:15:23+00:00
art/card_art/card_art_iron_stance.png	5394968	2026-04-22T04:28:43+00:00
art/guild-cutscenes/f4_abilities/cs_sig_10_dark_end.png	5388585	2026-05-02T21:09:44+00:00
art/rooms/room-medical-bay.png	5387281	2026-04-22T04:31:03+00:00
art/card_art/card_art_last_word.png	5386664	2026-04-22T04:28:43+00:00
art/cards/neutral/eternal_pilgrim.png	5382762	2026-05-20T01:32:51+00:00
art/cutscenes/animated/awakening/keyframes/shot3_end.png	5379651	2026-05-20T03:26:04+00:00
art/cards/antiquarian/hourglass_sentinel.png	5376282	2026-05-20T01:31:52+00:00
art/portraits/portrait_young_kael.png	5372016	2026-04-22T04:30:51+00:00
cabin-art/items/SHELF-06_Iron_Lion_Helm_Fragment.png	5368481	2026-05-19T23:22:57+00:00
art/card_art/card_art_first_card.png	5355216	2026-04-22T04:28:43+00:00
art/guild-cutscenes/f3_combat/cs_war_first_blood_end.png	5354289	2026-05-02T21:09:06+00:00
art/rooms/prelude/room-corridor.png	5351350	2026-05-02T13:55:01+00:00
art/vfx/prelude/human-palm-frost_start.png	5345245	2026-04-25T18:24:32+00:00
art/cutscenes/animated/breaking_point/keyframes/chose_elara.png	5343593	2026-05-20T03:26:06+00:00
art/slideshows/album2/T06/T06_00_title.png	5339411	2026-05-20T01:33:39+00:00
art/cutscenes/chess_ladder/cs_chess_ladder_the_programmer_first_seated_end.png	5337311	2026-05-12T22:24:54+00:00
art/cutscenes/chess_tutorial/cs_chess_tut_g3_intro_start.png	5329151	2026-05-12T22:25:00+00:00
art/slideshows/album4/T02/T02_00_title.png	5327602	2026-05-20T01:33:45+00:00
art/guild-cutscenes/f4_abilities/cs_sig_6_dark_start.png	5318739	2026-05-02T21:14:59+00:00
art/rooms/videos/bridge_fast_travel_unlocked.mp4	5317005	2026-04-30T23:37:08+00:00
art/rooms/prelude/room-mess-hall.png	5314800	2026-05-02T13:55:02+00:00
art/cutscenes/wardens_dock/cs_warden_purge_notice_start.png	5313529	2026-05-12T07:26:57+00:00
art/art_runtime/room-authority-gallery.png	5310927	2026-04-22T04:28:17+00:00
art/fight/hud/perfect_banner_original.png	5310259	2026-05-10T20:05:34+00:00
videos/acts/act-7/cin_act7_stance_bridge.mp4	5308597	2026-04-24T03:23:05+00:00
art/portraits/portrait_young_agent_zero.png	5302051	2026-04-22T04:30:51+00:00
casino/environments/CF-001_Main_Casino_Floor.jpg	5299005	2026-05-19T23:23:01+00:00
art/fight/hud/round_card_round_1_original.png	5297808	2026-05-10T20:06:00+00:00
art/cutscenes/prelude/beat-d5-galley_end.png	5296874	2026-04-25T18:23:29+00:00
art/art_runtime/room-kindergarten.png	5296345	2026-04-22T04:28:17+00:00
art/cutscenes/chess_ladder/cs_chess_ladder_iron_lion_first_seated_start.png	5295508	2026-05-12T22:24:44+00:00
art/trade_empire/buildings/guild_hall_original.png	5287131	2026-05-10T20:23:48+00:00
art/guild-cutscenes/f3_combat/cs_war_defeat_start.png	5284158	2026-05-02T21:08:48+00:00
art/slideshows/album2/T05/T05_00_title.png	5282006	2026-05-20T01:33:37+00:00
art/art_runtime/seer-visit.png	5280902	2026-04-22T04:28:18+00:00
art/cutscenes/animated/thought_virus_manifests/fallback.png	5279990	2026-05-20T03:26:10+00:00
art/portraits/portrait_kanshi_sha_watcher.png	5277626	2026-04-22T04:30:49+00:00
art/cutscenes/chess_tutorial/cs_chess_tut_g1_intro_end.png	5277296	2026-05-12T22:24:57+00:00
art/rooms/prelude/room-briefing-room.png	5271436	2026-05-02T13:55:01+00:00
videos/acts/act-3/cin_act3_eyes_fall.mp4	5267232	2026-04-24T03:22:36+00:00
art/eidolons/toxis/toxis-norm-frag.png	5266559	2026-04-22T04:29:43+00:00
art/cutscenes/chess_tutorial/cs_chess_tut_g3_intro_end.png	5259334	2026-05-12T22:25:00+00:00
art/cutscenes/chess_climb/cs_chess_climb_tier_1_wagered_start.png	5258898	2026-05-12T22:24:38+00:00
art/cutscenes/memory_card/cs_memory_card_mint.mp4	5254665	2026-05-12T07:26:45+00:00
art/trade_empire/buildings/warehouse_tier1_original.png	5251032	2026-05-10T20:23:48+00:00
art/guild-cutscenes/f3_combat/cs_placement_lock_start.png	5250673	2026-05-02T21:08:03+00:00
art/guild-cutscenes/f4_abilities/cs_sig_2_light_start.png	5250615	2026-05-02T21:12:42+00:00
art/portraits/portrait_young_eyes.png	5245662	2026-04-22T04:30:50+00:00
cabin-art/items/FLOOR-05_Bioluminescent_Plant.png	5242988	2026-05-19T23:22:57+00:00
art/guild-cutscenes/f4_abilities/cs_sig_7_light_end.png	5240338	2026-05-02T21:15:34+00:00
art/guild-cutscenes/f2_daily/cs_contract_unlock_start.png	5236351	2026-05-02T21:04:55+00:00
art/eidolons/cog/cog-dream-frag.png	5229982	2026-04-22T04:29:24+00:00
art/card_art/card_art_memorized_page.png	5228179	2026-04-22T04:28:43+00:00
art/slideshows/album4/T01/T01_00_title.png	5222159	2026-05-20T01:33:43+00:00
art/cutscenes/berth/cs_berth_sleep.mp4	5220485	2026-05-12T07:25:45+00:00
art/cutscenes/mechronis_audit/cs_audit_day7_zealot_start.png	5218824	2026-05-12T07:26:41+00:00
art/ui/deck-bg.png	5216563	2026-05-20T01:34:03+00:00
art/guild-cutscenes/f4_abilities/cs_sig_12_dark_end.png	5212850	2026-05-02T21:10:56+00:00
art/guild-cutscenes/f1_onboarding/cs_sorting_ceremony_pre_start.png	5210843	2026-05-02T21:04:45+00:00
art/cutscenes/chess_ladder/cs_chess_ladder_the_oracle_first_seated_start.png	5210613	2026-05-12T22:24:53+00:00
art/cutscenes/chess_ladder/cs_chess_ladder_the_architect_first_seated_start.png	5209018	2026-05-12T22:24:46+00:00
art/guild-cutscenes/f4_abilities/cs_sig_12_light_end.png	5206298	2026-05-02T21:11:21+00:00
cabin-art/items/SHELF-08_Data_Crystal_Archive.png	5199270	2026-05-19T23:22:57+00:00
art/cutscenes/chess_climb/cs_chess_climb_tier_1_wagered.mp4	5198857	2026-05-12T22:24:38+00:00
audio/music/investigation/v2.mp3	5189094	2026-04-22T04:34:47+00:00
art/portraits/elara/elara_lucid.png	5176774	2026-04-22T04:30:47+00:00
art/cutscenes/animated/_shared/textures/split_bg_right_human.png	5175909	2026-05-20T03:26:14+00:00
art/guild-cutscenes/f4_abilities/cs_sig_6_light_end.png	5174710	2026-05-02T21:15:05+00:00
art/guild-cutscenes/f3_combat/cs_epoch_fall_start.png	5169731	2026-05-02T21:06:34+00:00
art/cutscenes/chess_tutorial/cs_chess_tut_g4_5_intro_start.png	5166835	2026-05-12T22:25:03+00:00
cabin-art/backgrounds/CABIN-004_Detectives_Lamp.jpg	5166231	2026-05-19T23:22:57+00:00
art/cutscenes/chess_climb/cs_chess_climb_tier_2_hierarchy_table_start.png	5165770	2026-05-12T22:24:38+00:00
art/guild-cutscenes/f4_abilities/cs_sig_2_dark_end.png	5158730	2026-05-02T21:12:06+00:00
art/battlefields/bf_newbabylon_tribunal.png	5157952	2026-04-22T04:28:23+00:00
art/guild-cutscenes/f4_abilities/cs_sig_7_light_start.png	5157676	2026-05-02T21:15:43+00:00
art/guild-cutscenes/f3_combat/cs_epoch_prophecy_start.png	5148160	2026-05-02T21:07:24+00:00
art/cutscenes/animated/thought_virus_manifests/keyframes/infection_spreading.png	5146715	2026-05-20T03:26:05+00:00
art/cutscenes/chess_ladder/cs_chess_ladder_the_human_first_seated_start.png	5145292	2026-05-12T22:24:50+00:00
art/guild-cutscenes/f3_combat/cs_war_victory_start.png	5144899	2026-05-02T21:09:34+00:00
art/guild-cutscenes/f4_abilities/cs_sig_3_dark_end.png	5142972	2026-05-02T21:12:52+00:00
art/cutscenes/animated/awakening/keyframes/shot2_end.png	5141896	2026-05-20T03:26:04+00:00
videos/guild-cutscenes/f5_guild_hall/cs_oracle_room_unlock.mp4	5141439	2026-05-02T22:13:41+00:00
art/cutscenes/chess_tutorial/cs_chess_tut_g5_intro_start.png	5127054	2026-05-12T22:25:08+00:00
art/guild-cutscenes/f4_abilities/cs_sig_2_dark_start.png	5121673	2026-05-02T21:12:06+00:00
art/portraits/elara/elara_fragmented.png	5116195	2026-04-22T04:30:47+00:00
videos/acts/act-5/cin_act5_sector_wakes.mp4	5114109	2026-04-24T03:22:56+00:00
art/specimens/eidolon_001-fragment.png	5111871	2026-05-20T01:33:22+00:00
art/cutscenes/chess_tutorial/cs_chess_tut_g7_intro_end.png	5104966	2026-05-12T22:25:10+00:00
art/cutscenes/chess_ladder/cs_chess_ladder_the_programmer_first_seated.mp4	5100301	2026-05-12T22:24:54+00:00
art/portraits/elara/elara_luminous.png	5096936	2026-04-22T04:30:47+00:00
art/guild-cutscenes/f4_abilities/cs_sig_9_dark_start.png	5095642	2026-05-02T21:16:37+00:00
art/cutscenes/animated/elara_memory_recovery/keyframes/frag08_elara_resolved.png	5093396	2026-05-20T03:26:07+00:00
art/art_reference/enigma_blocking_panel_1.png	5087141	2026-04-22T04:28:10+00:00
art/cutscenes/chess_climb/cs_chess_climb_tier_1_wagered_end.png	5086811	2026-05-12T22:24:38+00:00
art/character_sheets/frames/portrait_frame_silver_original.png	5078501	2026-05-10T20:04:03+00:00
art/trade_empire/buildings/market_tier1_original.png	5073566	2026-05-10T20:23:48+00:00
art/specimens/eidolon_002-fragment.png	5071673	2026-05-20T01:33:25+00:00
art/guild-cutscenes/f2_daily/cs_contract_unlock_end.png	5070397	2026-05-02T21:04:54+00:00
audio/music/main-menu/the-enigmas-lament.mp3	5058468	2026-04-22T04:34:46+00:00
art/guild-cutscenes/f4_abilities/cs_sig_5_light_start.png	5057448	2026-05-02T21:14:36+00:00
art/guild-cutscenes/f4_abilities/cs_sig_9_dark_end.png	5053994	2026-05-02T21:16:26+00:00
art/guild-cutscenes/f1_onboarding/cs_guild_join_start.png	5044318	2026-05-02T20:31:00+00:00
art/guild-cutscenes/f4_abilities/cs_sig_11_dark_start.png	5039782	2026-05-02T21:10:27+00:00
art/guild-cutscenes/f3_combat/cs_war_declared_end.png	5033337	2026-05-02T21:08:29+00:00
art/eidolons/cog/cog-norm-frag.png	5032345	2026-04-22T04:29:27+00:00
art/eidolons/toxis/toxis-dream-frag.png	5028506	2026-04-22T04:29:42+00:00
art/slideshows/album4/T08/T08_00_title.png	5026690	2026-05-20T01:33:56+00:00
art/cutscenes/chess_ladder/cs_chess_ladder_the_enigma_first_seated_end.png	5025818	2026-05-12T22:24:48+00:00
vfx-atlases/acts/act-2/chess_depth_ring.png	5014408	2026-04-24T03:23:14+00:00
art/ui/card-frame.png	5013320	2026-05-20T01:34:01+00:00
art/trade_empire/ships/cargo_ship_medium_original.png	5012454	2026-05-10T20:24:55+00:00
art/guild-cutscenes/f1_onboarding/cs_sorting_ceremony_post_start.png	5009520	2026-05-02T21:04:37+00:00
art/ui/graph-bg.png	4999889	2026-05-20T01:34:05+00:00
videos/guild-cutscenes/f3_combat/cs_war_victory.mp4	4998163	2026-05-02T21:20:03+00:00
art/cinematics/witnessing_vfx/witness_mechronis_original.png	4997932	2026-05-10T20:05:04+00:00
art/guild-cutscenes/f5_guild_hall/cs_guild_decor_start.png	4994299	2026-05-02T21:17:16+00:00
art/cutscenes/mechronis_audit/cs_audit_day14_scholar.mp4	4985929	2026-05-12T07:26:34+00:00
art/cutscenes/animated/_shared/ui/morality_meter.png	4983690	2026-05-20T03:26:16+00:00
art/cutscenes/chess_tutorial/cs_chess_tut_g2_intro_end.png	4978932	2026-05-12T22:24:59+00:00
art/fight/hud/ko_splash_original.png	4969128	2026-05-10T20:05:33+00:00
art/vfx/prelude/mission-glyph-bloom_end.png	4965860	2026-04-25T18:24:36+00:00
art/character_sheets/frames/portrait_frame_gold_original.png	4960394	2026-05-10T20:04:02+00:00
videos/awakening/CLASS_QUESTION.mp4	4956590	2026-04-27T03:10:26+00:00
art/specimens/eidolon_005-fragment.png	4950921	2026-05-20T01:33:33+00:00
art/slideshows/album4/T03/T03_00_title.png	4947912	2026-05-20T01:33:47+00:00
videos/acts/act-3/cin_act3_infiltration_hierarchy.mp4	4944627	2026-04-24T03:22:36+00:00
art/cutscenes/berth/cs_berth_visitor.mp4	4940394	2026-05-12T07:25:45+00:00
art/trade_empire/ships/cargo_ship_small_original.png	4936168	2026-05-10T20:24:56+00:00
videos/acts/act-4/cin_act4_kael_extraction_1.mp4	4919924	2026-04-24T03:22:36+00:00
art/guild-cutscenes/f4_abilities/cs_sig_1_dark_start.png	4918794	2026-05-02T21:11:42+00:00
art/cutscenes/chess_ladder/cs_chess_ladder_the_enigma_first_seated_start.png	4912149	2026-05-12T22:24:49+00:00
art/cutscenes/chess_ladder/cs_chess_ladder_the_necromancer_first_seated_end.png	4891702	2026-05-12T22:24:51+00:00
audio/music/cipher-decode/v2.mp3	4885560	2026-04-22T04:34:42+00:00
art/fight/hud/health_bar_p2_original.png	4884699	2026-05-10T20:05:26+00:00
art/fight/vfx/super_screenflash_original.png	4883033	2026-05-10T20:23:33+00:00
art/guild-cutscenes/f2_daily/cs_donation_milestone_start.png	4882115	2026-05-02T21:05:11+00:00
audio/music/cipher-decode/v1.mp3	4878858	2026-04-22T04:34:42+00:00
art/cinematics/witnessing_vfx/witness_authority_original.png	4878677	2026-05-10T20:04:48+00:00
art/cutscenes/chess_tutorial/cs_chess_tut_g6_intro_end.png	4875725	2026-05-12T22:25:09+00:00
videos/guild-cutscenes/f5_guild_hall/cs_training_grounds.mp4	4872670	2026-05-02T22:13:45+00:00
art/guild-cutscenes/f3_combat/cs_placement_lock_end.png	4866311	2026-05-02T21:07:58+00:00
art/cutscenes/animated/_shared/particles/glow_orb_sprites.png	4860465	2026-05-20T03:26:15+00:00
art/cutscenes/chess_ladder/cs_chess_ladder_game_master_first_seated_end.png	4858020	2026-05-12T22:24:40+00:00
art/cutscenes/chess_climb/cs_chess_climb_tier_3_labyrinth_wager_start.png	4839397	2026-05-12T22:24:38+00:00
art/slideshows/album2/T15/T15_00_title.png	4833178	2026-05-20T01:33:41+00:00
art/cutscenes/animated/_shared/textures/split_bg_left_elara.png	4828023	2026-05-20T03:26:14+00:00
art/cutscenes/chess_climb/cs_chess_climb_tier_0_exhibition_start.png	4817077	2026-05-12T22:24:38+00:00
art/cutscenes/chess_tutorial/cs_chess_tut_g6_intro_start.png	4807429	2026-05-12T22:25:09+00:00
art/ui/leaderboard-bg.png	4793912	2026-05-20T01:34:07+00:00
art/guild-cutscenes/f3_combat/cs_war_first_blood_start.png	4793607	2026-05-02T21:09:06+00:00
art/guild-cutscenes/f2_emotes/cs_emote_archon_03_archive.png	4790880	2026-05-02T21:05:49+00:00
art/guild-cutscenes/f2_daily/cs_contract_complete_start.png	4785645	2026-05-02T21:04:46+00:00
art/guild-cutscenes/f1_onboarding/cs_guild_join_end.png	4784745	2026-05-02T21:03:29+00:00
art/battlefields/bf_mechronis_common_room.png	4774970	2026-04-22T04:28:23+00:00
art/vfx/prelude/mission-glyph-bloom_start.png	4774310	2026-04-25T18:24:36+00:00
videos/awakening/CRYO_OPEN.mp4	4774278	2026-04-27T03:10:26+00:00
art/cutscenes/chess_ladder/cs_chess_ladder_the_necromancer_first_seated_start.png	4773723	2026-05-12T22:24:52+00:00
art/guild-cutscenes/f3_combat/cs_war_declared_start.png	4770298	2026-05-02T21:08:32+00:00
art/guild-cutscenes/f2_emotes/cs_emote_archon_06_yellowcoats.png	4750640	2026-05-02T20:41:29+00:00
videos/acts/act-2/cin_act2_engineer_recording_2.mp4	4743393	2026-04-24T03:22:36+00:00
art/cutscenes/mission/cs_mission_briefing.mp4	4743215	2026-05-12T07:26:48+00:00
art/slideshows/album4/T10/T10_00_title.png	4734643	2026-05-20T01:34:00+00:00
art/character_sheets/attribute_icons/attr_resilience_original.png	4726549	2026-05-10T20:03:25+00:00
art/cutscenes/chess_ladder/cs_chess_ladder_agent_zero_first_seated_end.png	4724124	2026-05-12T22:24:38+00:00
art/guild-cutscenes/f3_combat/cs_thought_virus_end.png	4721185	2026-05-02T21:08:04+00:00
art/cutscenes/comm_screen/cs_comm_cohort_banter.mp4	4714276	2026-05-12T07:25:45+00:00
art/cinematics/witnessing_vfx/witness_dreamer_original.png	4713818	2026-05-10T20:04:50+00:00
art/misc/loading_screen.png	4708824	2026-05-20T01:34:21+00:00
art/cutscenes/comm_screen/cs_comm_doctrine_recitation.mp4	4701794	2026-05-12T07:25:45+00:00
art/guild-cutscenes/f4_abilities/cs_sig_10_light_end.png	4700406	2026-05-02T21:10:01+00:00
art/character_sheets/class_icons/class_engineer_original.png	4697602	2026-05-10T20:03:54+00:00
art/fight/hud/super_meter_original.png	4692832	2026-05-10T20:06:03+00:00
videos/acts/act-4/cin_act4_path_discovery.mp4	4679274	2026-04-24T03:22:51+00:00
art/ui/title/overlays/corruption_tendrils.png	4670298	2026-04-22T04:34:25+00:00
art/trade_empire/goods/goods_spice_original.png	4664372	2026-05-10T20:24:44+00:00
videos/confession_close/act6_confession_human_empathy.mp4	4662550	2026-05-10T07:21:52+00:00
art/guild-cutscenes/f3_combat/cs_war_mvp_end.png	4660365	2026-05-02T21:09:19+00:00
audio/music/song_last_words_prelude_cut.mp3	4659372	2026-04-22T04:34:47+00:00
art/guild-cutscenes/f3_combat/cs_thought_virus_start.png	4650804	2026-05-02T21:08:19+00:00
art/cutscenes/memory_card/cs_memory_card_inherit.mp4	4648337	2026-05-12T07:26:43+00:00
art/character_sheets/species_icons/species_synthetic_original.png	4639529	2026-05-10T20:04:16+00:00
videos/dmc/dmc_cin_severance-prize.mp4	4630471	2026-04-22T04:34:58+00:00
art/cutscenes/chess_climb/cs_chess_climb_tier_0_exhibition_end.png	4617494	2026-05-12T22:24:38+00:00
art/fight/hud/health_bar_p1_original.png	4615542	2026-05-10T20:05:23+00:00
videos/vfx/act_spells/vfx_convergence_chord.mp4	4608497	2026-04-28T04:41:05+00:00
art/card_game/card_vfx/card_void_drain_original.png	4603716	2026-05-10T20:02:47+00:00
cabin-art/items/SHELF-01_Chess_Trophy.png	4594278	2026-05-19T23:22:57+00:00
art/guild-cutscenes/f2_daily/cs_contract_complete_end.png	4590013	2026-05-02T20:31:26+00:00
art/character_sheets/attribute_icons/attr_strength_original.png	4569596	2026-05-10T20:03:32+00:00
art/character_sheets/attribute_icons/attr_intellect_original.png	4547155	2026-05-10T20:03:18+00:00
art/cutscenes/animated/_shared/textures/atarion_sky.png	4544310	2026-05-20T03:26:14+00:00
art/cutscenes/chess_ladder/cs_chess_ladder_agent_zero_first_seated_start.png	4524633	2026-05-12T22:24:38+00:00
art/cutscenes/chess_tutorial/cs_chess_tut_g5_5_intro.mp4	4523945	2026-05-12T22:25:05+00:00
art/cutscenes/chess_tutorial/cs_chess_tut_g3_intro.mp4	4510041	2026-05-12T22:24:59+00:00
art/guild-cutscenes/f1_onboarding/cs_friend_accept_start.png	4507451	2026-05-02T21:03:29+00:00
art/guild-cutscenes/f1_onboarding/cs_friend_accept_end.png	4498649	2026-05-02T21:03:29+00:00
art/guild-cutscenes/f2_daily/cs_donation_milestone_end.png	4497135	2026-05-02T21:05:02+00:00
art/card_game/soul_stones/soul_stone_hierarchy_original.png	4486996	2026-05-10T20:03:01+00:00
art/guild-cutscenes/f1_onboarding/cs_guild_first_message_start.png	4477508	2026-05-02T20:30:59+00:00
art/character_sheets/species_icons/species_void_touched_original.png	4476580	2026-05-10T20:04:16+00:00
art/cinematics/witnessing_vfx/witness_terminus_original.png	4466756	2026-05-10T20:05:10+00:00
videos/acts/act-4/cin_act4_path_betrayal.mp4	4460580	2026-04-24T03:22:49+00:00
art/character_sheets/species_icons/species_hybrid_original.png	4455716	2026-05-10T20:04:14+00:00
art/guild-cutscenes/f2_emotes/cs_emote_archon_08_locks.png	4449653	2026-05-02T20:41:31+00:00
art/cutscenes/animated/_shared/textures/deck_blueprint_base.png	4435247	2026-05-20T03:26:14+00:00
art/card_game/soul_stones/soul_stone_terminus_original.png	4422595	2026-05-10T20:03:11+00:00
art/fight/vfx/projectile_trail_terminus_original.png	4421967	2026-05-10T20:23:28+00:00
art/guild-cutscenes/f2_emotes/cs_emote_archon_12_architects_study.png	4414570	2026-05-02T21:06:26+00:00
art/cutscenes/chess_ladder/cs_chess_ladder_the_source_first_seated.mp4	4405836	2026-05-12T22:24:54+00:00
art/card_game/card_vfx/card_destroy_shatter_original.png	4403704	2026-05-10T20:02:46+00:00
art/guild-cutscenes/f2_emotes/cs_emote_archon_02_eyes.png	4394846	2026-05-02T20:41:29+00:00
videos/acts/act-5/cin_act5_engineer_recording_7.mp4	4394152	2026-04-24T03:22:55+00:00
vfx-atlases/acts/act-4/caravaggio_light_cone.png	4386821	2026-04-24T03:23:14+00:00
audio/music/trade-port/v2.mp3	4379438	2026-04-22T04:34:52+00:00
audio/music/deck-building/v3.mp3	4376818	2026-04-22T04:34:43+00:00
audio/sfx/fight/combat_sfx_pack.mp3	4373524	2026-05-10T20:25:39+00:00
vfx-atlases/acts/act-4/prison_mirror_reflection.png	4368609	2026-04-24T03:23:14+00:00
art/guild-cutscenes/f2_emotes/cs_emote_archon_05_influencers.png	4362156	2026-05-02T21:06:06+00:00
art/guild-cutscenes/f2_emotes/cs_emote_archon_01_chorus.png	4354930	2026-05-02T21:05:37+00:00
art/guild-cutscenes/f2_emotes/cs_emote_archon_09_greygamers.png	4346755	2026-05-02T20:42:40+00:00
art/fight/hud/combo_pop_gold_original.png	4341759	2026-05-10T20:05:23+00:00
art/cinematics/witnessing_vfx/witness_hierarchy_original.png	4335693	2026-05-10T20:04:52+00:00
art/guild-cutscenes/f2_emotes/cs_emote_archon_11_forge.png	4333337	2026-05-02T21:06:21+00:00
videos/acts/act-2/cin_act2_silence_of_two_witnesses.mp4	4320033	2026-04-24T03:22:36+00:00
vfx-atlases/acts/act-4/kael_memory_palace.png	4307480	2026-04-24T03:23:14+00:00
art/cutscenes/animated/thought_virus_manifests/keyframes/final_ping.png	4306726	2026-05-20T03:26:05+00:00
audio/music/investigation/v1.mp3	4305711	2026-04-22T04:34:45+00:00
art/guild-cutscenes/f3_combat/cs_war_mvp_start.png	4301925	2026-05-02T21:09:20+00:00
videos/acts/act-4/cin_act4_engineer_recording_6.mp4	4296774	2026-04-24T03:22:36+00:00
art/guild-cutscenes/f3_combat/cs_war_defeat_end.png	4296600	2026-05-02T21:08:34+00:00
art/cinematics/witnessing_vfx/witness_insurgency_original.png	4295903	2026-05-10T20:04:54+00:00
audio/music/trade-combat/v4.mp3	4291346	2026-04-22T04:34:48+00:00
art/cutscenes/mechronis_audit/cs_audit_day7_zealot.mp4	4290704	2026-05-12T07:26:38+00:00
art/card_game/soul_stones/soul_stone_authority_original.png	4287050	2026-05-10T20:02:58+00:00
art/cinematics/witnessing_vfx/witness_watcher_original.png	4284659	2026-05-10T20:05:14+00:00
videos/vfx/card_flips/vfx_pack_flip_neyon.mp4	4275348	2026-04-28T04:41:05+00:00
art/character_sheets/class_icons/class_diplomat_original.png	4272000	2026-05-10T20:03:52+00:00
art/guild-cutscenes/f2_emotes/cs_emote_archon_07_congress.png	4264300	2026-05-02T20:41:09+00:00
audio/sfx/card-game/card_pickup.mp3	4255032	2026-05-10T20:25:39+00:00
art/character_sheets/class_icons/class_mystic_original.png	4252193	2026-05-10T20:03:57+00:00
videos/prestige/shot_3.mp4	4243341	2026-05-10T07:26:59+00:00
art/guild-cutscenes/f2_emotes/cs_emote_archon_03_archive_original.png	4223329	2026-05-02T20:41:14+00:00
art/fight/vfx/block_shimmer_original.png	4191896	2026-05-10T20:22:36+00:00
art/trade_empire/goods/goods_arcane_ink_original.png	4187927	2026-05-10T20:23:48+00:00
art/cutscenes/chess_climb/cs_chess_climb_tier_2_hierarchy_table.mp4	4183206	2026-05-12T22:24:38+00:00
vfx-atlases/acts/act-5/vortex_consumption_edge.png	4180626	2026-04-24T03:23:14+00:00
art/guild-cutscenes/f2_emotes/cs_emote_archon_10_living.png	4170918	2026-05-02T20:43:36+00:00
videos/acts/act-3/cin_act3_infiltration_empire.mp4	4167747	2026-04-24T03:22:36+00:00
art/guild-cutscenes/f2_emotes/cs_emote_archon_06_yellowcoats_original.png	4164844	2026-05-02T21:06:09+00:00
videos/events/terminus_advance.mp4	4164243	2026-05-10T07:21:58+00:00
art/cutscenes/chess_ladder/cs_chess_ladder_the_oracle_first_seated.mp4	4162909	2026-05-12T22:24:52+00:00
vfx-atlases/acts/act-2/bench_glow_dark.png	4151408	2026-04-24T03:23:14+00:00
vfx-atlases/acts/act-2/bench_glow_light.png	4148776	2026-04-24T03:23:14+00:00
art/card_game/soul_stones/soul_stone_mechronis_original.png	4141094	2026-05-10T20:03:11+00:00
art/cutscenes/wardens_dock/cs_warden_resist.mp4	4138668	2026-05-12T07:26:57+00:00
art/character_sheets/class_icons/class_warrior_original.png	4136146	2026-05-10T20:04:01+00:00
art/rooms/videos/observation_deck_bond_resonance_pulse.mp4	4131369	2026-04-30T23:37:08+00:00
art/cutscenes/animated/_shared/particles/glass_shatter_sprites.png	4118360	2026-05-20T03:26:15+00:00
art/card_game/soul_stones/soul_stone_insurgency_original.png	4109002	2026-05-10T20:03:10+00:00
art/cutscenes/chess_tutorial/cs_chess_tut_g1_intro.mp4	4106023	2026-05-12T22:24:56+00:00
vfx-atlases/acts/act-3/thaloria_echo_mist.png	4105450	2026-04-24T03:23:14+00:00
vfx-atlases/acts/act-7/voices_align_chord_ring.png	4100557	2026-04-24T03:23:27+00:00
videos/guild-cutscenes/f3_combat/cs_war_first_blood.mp4	4097870	2026-05-02T22:11:22+00:00
art/guild-cutscenes/f2_emotes/cs_emote_archon_04_between.png	4080725	2026-05-02T21:05:54+00:00
audio/music/trade-navigation/v3.mp3	4077957	2026-04-22T04:34:48+00:00
art/fight/vfx/projectile_trail_authority_original.png	4077307	2026-05-10T20:23:14+00:00
audio/music/character-select/v2.mp3	4076661	2026-04-22T04:34:42+00:00
art/card_game/card_vfx/card_debuff_curse_original.png	4075546	2026-05-10T20:02:46+00:00
art/card_game/card_vfx/card_draw_glow_original.png	4068824	2026-05-10T20:02:46+00:00
art/trade_empire/goods/goods_lumber_original.png	4067546	2026-05-10T20:24:18+00:00
art/card_game/card_vfx/card_combo_chain_original.png	4060095	2026-05-10T20:02:46+00:00
art/fight/vfx/void_energy_burst_original.png	4054942	2026-05-10T20:23:38+00:00
art/character_sheets/attribute_icons/attr_perception_original.png	4054618	2026-05-10T20:03:19+00:00
art/cutscenes/animated/_shared/particles/crystal_shard_sprites.png	4049406	2026-05-20T03:26:15+00:00
art/vfx/prelude/diploma-ink-bloom_start.png	4042927	2026-04-25T18:24:20+00:00
art/cutscenes/wardens_dock/cs_warden_escape.mp4	4041389	2026-05-12T07:26:57+00:00
videos/events/shadow_tongue_edits.mp4	4041038	2026-05-10T07:21:58+00:00
art/fight/vfx/projectile_trail_insurgency_original.png	4030057	2026-05-10T20:23:18+00:00
art/character_sheets/species_icons/species_neyon_original.png	4022519	2026-05-10T20:04:16+00:00
art/character_sheets/attribute_icons/attr_charisma_original.png	4016763	2026-05-10T20:03:18+00:00
art/character_sheets/class_icons/class_assassin_original.png	4003322	2026-05-10T20:03:52+00:00
art/fight/vfx/projectile_trail_hierarchy_original.png	3995672	2026-05-10T20:23:16+00:00
art/cutscenes/animated/_shared/ui/skip_button.png	3986228	2026-05-20T03:26:16+00:00
videos/acts/act-4/cin_act4_memorial_corridor.mp4	3967884	2026-04-24T03:22:48+00:00
art/fight/hud/timer_clock_original.png	3967686	2026-05-10T20:06:03+00:00
art/card_game/card_vfx/card_buff_glow_original.png	3967036	2026-05-10T20:02:46+00:00
videos/awakening/FIRST_STEPS.mp4	3965167	2026-04-27T03:10:27+00:00
art/trade_empire/ui/currency_gold_original.png	3958389	2026-05-10T20:25:17+00:00
vfx-atlases/acts/act-4_5/entropy_table_glow.png	3953214	2026-04-24T03:23:14+00:00
audio/music/trade-navigation/v2.mp3	3950607	2026-04-22T04:34:48+00:00
videos/confession_close/act6_confession_human_challenge.mp4	3944446	2026-05-10T07:21:52+00:00
videos/acts/act-7/cin_act7_two_wars_diagram.mp4	3942461	2026-04-24T03:23:06+00:00
vfx-atlases/acts/act-3/infiltration_choice_beam.png	3910377	2026-04-24T03:23:14+00:00
art/card_game/soul_stones/soul_stone_dreamer_original.png	3901351	2026-05-10T20:03:00+00:00
art/trade_empire/ui/btn_sell_original.png	3893360	2026-05-10T20:25:15+00:00
art/guild-cutscenes/f2_emotes/cs_emote_archon_12_architects_study_original.png	3893224	2026-05-02T20:47:21+00:00
art/guild-cutscenes/f2_emotes/cs_emote_archon_02_eyes_original.png	3880893	2026-05-02T21:05:44+00:00
art/card_game/card_vfx/card_legendary_reveal_original.png	3880159	2026-05-10T20:02:46+00:00
art/guild-cutscenes/f2_emotes/cs_emote_archon_09_greygamers_original.png	3876885	2026-05-02T21:06:20+00:00
audio/music/arena-battle/v1.mp3	3867530	2026-04-22T04:34:42+00:00
art/character_sheets/species_icons/species_human_original.png	3867490	2026-05-10T20:04:13+00:00
art/keyframes/awakening/element_quarchon_end.png	3861905	2026-04-27T03:10:29+00:00
art/fight/hud/combo_pop_bronze_original.png	3857340	2026-05-10T20:05:23+00:00
art/guild-cutscenes/f2_emotes/cs_emote_archon_08_locks_original.png	3856653	2026-05-02T20:42:38+00:00
vfx-atlases/acts/act-6/watcher_shape_stencil.png	3850333	2026-04-24T03:23:24+00:00
art/guild-cutscenes/f2_emotes/cs_emote_archon_01_chorus_original.png	3839259	2026-05-02T20:41:29+00:00
art/guild-cutscenes/f2_emotes/cs_emote_archon_05_influencers_original.png	3838113	2026-05-02T21:06:06+00:00
art/fight/vfx/projectile_trail_mechronis_original.png	3826610	2026-05-10T20:23:19+00:00
art/cutscenes/chess_climb/cs_chess_climb_tier_3_labyrinth_wager.mp4	3823867	2026-05-12T22:24:38+00:00
videos/vfx/cosmetic_ceremonies/vfx_founder_badge.mp4	3812910	2026-04-28T04:41:05+00:00
art/character_sheets/attribute_icons/attr_agility_original.png	3812881	2026-05-10T20:03:18+00:00
art/trade_empire/ui/btn_buy_original.png	3809153	2026-05-10T20:24:58+00:00
art/cutscenes/chess_tutorial/cs_chess_tut_g4_5_intro.mp4	3792032	2026-05-12T22:25:01+00:00
art/fight/vfx/knockdown_dirt_original.png	3789310	2026-05-10T20:23:11+00:00
art/guild-cutscenes/f2_emotes/cs_emote_archon_11_forge_original.png	3787856	2026-05-02T20:45:06+00:00
art/trade_empire/goods/goods_brass_ingot_original.png	3778224	2026-05-10T20:24:16+00:00
art/fight/hud/combo_pop_platinum_original.png	3770397	2026-05-10T20:05:23+00:00
art/guild-cutscenes/f2_emotes/cs_emote_archon_07_congress_original.png	3767031	2026-05-02T20:41:30+00:00
art/cutscenes/chess_ladder/cs_chess_ladder_the_warlord_first_seated.mp4	3764736	2026-05-12T22:24:55+00:00
audio/music/trade-combat/v3.mp3	3762884	2026-04-22T04:34:48+00:00
art/fight/vfx/character_glow_super_ready_original.png	3758652	2026-05-10T20:22:40+00:00
art/cutscenes/wardens_dock/cs_warden_purge_notice.mp4	3757343	2026-05-12T07:26:57+00:00
art/trade_empire/goods/goods_soul_essence_original.png	3739683	2026-05-10T20:24:42+00:00
videos/prestige/shot_2.mp4	3724940	2026-05-10T07:26:58+00:00
videos/acts/act-5/cin_act5_bulb_dims.mp4	3715343	2026-04-24T03:22:55+00:00
art/trade_empire/goods/goods_void_crystal_original.png	3715294	2026-05-10T20:24:44+00:00
art/fight/vfx/heal_shimmer_original.png	3710031	2026-05-10T20:22:55+00:00
art/guild-cutscenes/f2_emotes/cs_emote_archon_10_living_original.png	3707878	2026-05-02T20:44:33+00:00
videos/acts/act-4/cin_act4_path_willing.mp4	3707400	2026-04-24T03:22:52+00:00
art/keyframes/awakening/alignment_question_end.png	3705633	2026-04-27T03:10:28+00:00
videos/acts/act-5/cin_act5_bridge_of_kael.mp4	3699503	2026-04-24T03:22:55+00:00
videos/awakening/ATTRIBUTES.mp4	3698361	2026-04-27T03:10:27+00:00
art/fight/vfx/hit_spark_heavy_original.png	3696730	2026-05-10T20:22:59+00:00
videos/wheel_reactions/wheel_act4_broken_trust.mp4	3688942	2026-05-10T07:27:40+00:00
art/card_game/card_vfx/card_summon_burst_original.png	3687108	2026-05-10T20:02:46+00:00
videos/vfx/card_flips/vfx_pack_flip_epic.mp4	3665242	2026-04-28T04:41:05+00:00
art/fight/hud/combo_pop_silver_original.png	3660704	2026-05-10T20:05:23+00:00
art/cutscenes/comm_screen/cs_comm_mourning_call.mp4	3660294	2026-05-12T07:25:45+00:00
art/fight/vfx/ko_blackout_original.png	3653453	2026-05-10T20:23:14+00:00
audio/music/deck-building/v1.mp3	3650816	2026-04-22T04:34:42+00:00
art/trade_empire/ui/btn_route_original.png	3642680	2026-05-10T20:25:05+00:00
art/guild-cutscenes/f2_emotes/cs_emote_archon_04_between_original.png	3639064	2026-05-02T21:05:55+00:00
videos/confession_close/act6_confession_human_practical.mp4	3636174	2026-05-10T07:21:52+00:00
art/keyframes/awakening/species_question_end.png	3635220	2026-04-27T03:10:29+00:00
art/fight/vfx/freeze_frame_outline_original.png	3621930	2026-05-10T20:22:49+00:00
videos/acts/act-6/cin_act6_elara_confession.mp4	3617641	2026-04-24T03:22:56+00:00
art/keyframes/awakening/element_demagi_start.png	3598295	2026-04-27T03:10:29+00:00
art/card_game/soul_stones/soul_stone_watcher_original.png	3597633	2026-05-10T20:03:12+00:00
art/fight/vfx/projectile_trail_dreamer_original.png	3595734	2026-05-10T20:23:14+00:00
videos/prelude/prelude-beat-a5-corridor-first-steps.mp4	3579292	2026-04-22T04:35:43+00:00
videos/vfx/hierarchy_mechanics/vfx_stock_buyback.mp4	3578776	2026-04-28T04:41:05+00:00
videos/confession_close/act6_confession_human_oracle_sense.mp4	3565072	2026-05-10T07:21:52+00:00
art/fight/vfx/hit_spark_medium_original.png	3564683	2026-05-10T20:23:03+00:00
videos/acts/act-6/cin_act6_human_confession.mp4	3546990	2026-04-24T03:23:03+00:00
audio/acts/act-7/act-7-voices-align.mp3	3532799	2026-04-24T03:22:32+00:00
art/cutscenes/chess_ladder/cs_chess_ladder_game_master_first_seated.mp4	3528446	2026-05-12T22:24:38+00:00
videos/awakening/NAME_INPUT.mp4	3516877	2026-04-27T03:10:26+00:00
art/keyframes/awakening/element_demagi_end.png	3510592	2026-04-27T03:10:28+00:00
art/keyframes/awakening/name_input_end.png	3504948	2026-04-27T03:10:29+00:00
art/keyframes/awakening/elara_intro_end.png	3472391	2026-04-27T03:10:28+00:00
art/fight/vfx/hit_spark_light_original.png	3463143	2026-05-10T20:22:59+00:00
art/keyframes/awakening/first_steps_start.png	3457258	2026-04-27T03:10:29+00:00
art/rooms/videos/engineering_schematic_edit_reveal.mp4	3442587	2026-04-30T23:37:08+00:00
art/keyframes/awakening/species_question_start.png	3435271	2026-04-27T03:10:29+00:00
art/cutscenes/chess_ladder/cs_chess_ladder_the_collector_first_seated.mp4	3432650	2026-05-12T22:24:46+00:00
art/trade_empire/ui/currency_void_marks_original.png	3417773	2026-05-10T20:25:20+00:00
art/keyframes/awakening/cryo_open_end.png	3414723	2026-04-27T03:10:28+00:00
videos/vfx/card_flips/vfx_pack_flip_legendary.mp4	3412565	2026-04-28T04:41:05+00:00
audio/acts/act-6/act-6-elara-confession.mp3	3408038	2026-04-24T03:22:26+00:00
art/keyframes/awakening/class_question_end.png	3399741	2026-04-27T03:10:28+00:00
videos/acts/act-7/cin_act7_voices_align.mp4	3386578	2026-04-24T03:23:07+00:00
videos/cutscenes/awakening/93847_sunrises.mp4	3379163	2026-05-10T07:21:52+00:00
art/cutscenes/chess_tutorial/cs_chess_tut_g2_intro.mp4	3362420	2026-05-12T22:24:59+00:00
art/cutscenes/wardens_dock/cs_warden_comply.mp4	3355188	2026-05-12T07:26:57+00:00
art/keyframes/awakening/element_quarchon_start.png	3351794	2026-04-27T03:10:29+00:00
art/keyframes/awakening/cryo_open_start.png	3350104	2026-04-27T03:10:28+00:00
audio/acts/act-6/act-6-human-confession.mp3	3333432	2026-04-24T03:22:26+00:00
art/cinematics/act-4-revelation/frame01.png	3330439	2026-04-26T02:32:14+00:00
art/cutscenes/chess_tutorial/cs_chess_tut_g5_intro.mp4	3330289	2026-05-12T22:25:06+00:00
art/keyframes/awakening/name_input_start.png	3314705	2026-04-27T03:10:29+00:00
audio/music/trade-navigation/v1.mp3	3300317	2026-04-22T04:34:47+00:00
videos/guild-cutscenes/f5_guild_hall/cs_war_room_unlock.mp4	3282875	2026-05-02T22:13:46+00:00
art/keyframes/awakening/class_question_start.png	3234817	2026-04-27T03:10:28+00:00
audio/music/trade-port/v1.mp3	3208419	2026-04-22T04:34:48+00:00
art/keyframes/awakening/attributes_start.png	3206352	2026-04-27T03:10:28+00:00
art/keyframes/awakening/elara_intro_start.png	3186046	2026-04-27T03:10:28+00:00
audio/music/arena-battle/v2.mp3	3171341	2026-04-22T04:34:42+00:00
videos/guild-cutscenes/f3_combat/cs_epoch_change.mp4	3170232	2026-05-02T21:19:39+00:00
art/cutscenes/chess_tutorial/cs_chess_tut_g7_intro.mp4	3166895	2026-05-12T22:25:10+00:00
art/keyframes/awakening/first_steps_end.png	3120585	2026-04-27T03:10:29+00:00
videos/vfx/dreamer_visions/vfx_substrate_pulse.mp4	3117350	2026-05-10T07:27:30+00:00
videos/acts/act-7/cin_act7_stance_humanity.mp4	3113000	2026-04-24T03:23:05+00:00
videos/wheel_reactions/wheel_act4_fragile_trust.mp4	3108692	2026-05-10T07:27:40+00:00
art/misc/conexus_logo_emblem.png	3108290	2026-05-20T01:34:20+00:00
audio/stage_music/stage_architect_throne.mp3	3080776	2026-05-10T20:25:39+00:00
art/cutscenes/chess_climb/cs_chess_climb_tier_0_exhibition.mp4	3077319	2026-05-12T22:24:38+00:00
videos/vfx/card_flips/vfx_pack_flip_mythic.mp4	3070194	2026-04-28T04:41:05+00:00
audio/acts/act-4_5/act-4_5-identity-wager.mp3	3064475	2026-04-24T03:22:24+00:00
videos/human_reveal/human_reveal_to_full.mp4	3060530	2026-05-10T07:26:52+00:00
audio/acts/act-3/act-3-eyes-fall.mp3	3027486	2026-04-24T03:22:21+00:00
art/cinematics/act-5-map/frame01.png	3020538	2026-04-26T02:32:14+00:00
art/rooms/videos/shadow_tongue_text_corruption_loop.mp4	3009723	2026-04-30T23:37:09+00:00
art/cutscenes/chess_ladder/cs_chess_ladder_the_enigma_first_seated.mp4	2978531	2026-05-12T22:24:48+00:00
audio/stage_music/stage_tournament_hall.mp3	2949119	2026-05-10T20:25:44+00:00
art/cutscenes/chess_ladder/cs_chess_ladder_the_necromancer_first_seated.mp4	2942606	2026-05-12T22:24:51+00:00
audio/music/character-select/v3.mp3	2938993	2026-04-22T04:34:42+00:00
art/cutscenes/chess_tutorial/cs_chess_tut_g6_intro.mp4	2910508	2026-05-12T22:25:08+00:00
videos/acts/act-4_5/cin_act4_5_identity_wager.mp4	2909412	2026-04-24T03:22:52+00:00
videos/guild-cutscenes/f3_combat/cs_thought_virus.mp4	2905580	2026-05-02T21:19:45+00:00
videos/vfx/cosmetic_ceremonies/vfx_card_back_reveal.mp4	2904359	2026-04-28T04:41:05+00:00
videos/wheel_reactions/wheel_act4_reconciled.mp4	2889001	2026-05-10T07:27:41+00:00
videos/acts/act-2/cin_act2_opener.mp4	2880009	2026-04-24T03:22:36+00:00
videos/confession_close/act6_confession_human_refusal.mp4	2830951	2026-05-10T07:21:52+00:00
audio/acts/act-5/act-5-engineer-recording-7.mp3	2829373	2026-04-24T03:22:25+00:00
videos/prelude/prelude-beat-a-cryo-wake.mp4	2828005	2026-04-22T04:35:43+00:00
audio/music/character-select/v1.mp3	2826320	2026-04-22T04:34:42+00:00
art/cinematics/act-4-5-dmc/hero.png	2814376	2026-04-26T02:32:13+00:00
audio/acts/act-3/act-3-thaloria-echo.mp3	2808057	2026-04-24T03:22:21+00:00
videos/guild-cutscenes/f1_onboarding/cs_sorting_ceremony.mp4	2799895	2026-05-02T21:19:28+00:00
videos/acts/act-2/cin_act2_gamemaster_right_intro.mp4	2782101	2026-04-24T03:22:36+00:00
videos/prelude/prelude-beat-h-comms-array.mp4	2776581	2026-04-22T04:35:46+00:00
audio/acts/act-5/act-5-bridge-of-kael.mp3	2754768	2026-04-24T03:22:25+00:00
art/cinematics/act-4-5-dmc/frame01.png	2754548	2026-04-26T02:32:13+00:00
art/keyframes/awakening/attributes_end.png	2741160	2026-04-27T03:10:28+00:00
videos/guild-cutscenes/f5_guild_hall/cs_trophy_case.mp4	2739241	2026-05-02T22:13:45+00:00
videos/vfx/card_flips/vfx_pack_flip_uncommon.mp4	2738961	2026-04-28T04:41:05+00:00
art/cutscenes/chess_ladder/cs_chess_ladder_agent_zero_first_seated.mp4	2725420	2026-05-12T22:24:38+00:00
art/cinematics/silence-of-two-witnesses/hero.png	2724430	2026-04-26T02:32:25+00:00
art/keyframes/awakening/alignment_question_start.png	2722866	2026-04-27T03:10:28+00:00
videos/human_reveal/human_reveal_to_convergence.mp4	2713759	2026-05-10T07:26:36+00:00
videos/cutscenes/awakening/the_mandate.mp4	2693461	2026-05-10T07:21:52+00:00
art/cinematics/act-7-convergence/hero.png	2693288	2026-04-26T02:32:23+00:00
videos/vfx/act_spells/vfx_soul_map_lock.mp4	2688985	2026-04-28T04:41:05+00:00
videos/vfx/act_spells/vfx_confession_flame.mp4	2678390	2026-04-28T04:41:05+00:00
art/cutscenes/chess_ladder/cs_chess_ladder_iron_lion_first_seated.mp4	2675149	2026-05-12T22:24:43+00:00
art/cinematics/act-5-map/hero.png	2672383	2026-04-26T02:32:15+00:00
audio/acts/act-2-stingers/engineer_recording_underscore.mp3	2666369	2026-04-24T03:22:21+00:00
audio/acts/act-4/act-4-path-willing.mp3	2635022	2026-04-24T03:22:24+00:00
videos/guild-cutscenes/f5_guild_hall/cs_guild_decor.mp4	2634921	2026-05-02T22:13:39+00:00
videos/confession_close/act6_confession_human_reluctant_ally.mp4	2628691	2026-05-10T07:21:52+00:00
art/cinematics/act-7-convergence/frame02.png	2625423	2026-04-26T02:32:21+00:00
art/cinematics/act-4-revelation/hero.png	2615678	2026-04-26T02:32:14+00:00
videos/prelude/prelude-beat-c5-window.mp4	2595551	2026-04-22T04:35:43+00:00
audio/acts/act-7/act-7-two-wars-transition.mp3	2589256	2026-04-24T03:22:32+00:00
videos/prelude/prelude-beat-h5-memo-pile.mp4	2587282	2026-04-22T04:35:46+00:00
art/cinematics/act-6-confession/hero.png	2581651	2026-04-26T02:32:19+00:00
videos/guild-cutscenes/f5_guild_hall/cs_room_unlock.mp4	2581064	2026-05-02T22:13:42+00:00
videos/guild-cutscenes/f1_onboarding/cs_guild_join.mp4	2567487	2026-05-02T21:19:20+00:00
art/cinematics/act-4-5-dmc/frame02.png	2561738	2026-04-26T02:32:13+00:00
art/cinematics/act-5-map/frame03.png	2561090	2026-04-26T02:32:15+00:00
videos/vfx/card_flips/vfx_pack_flip_rare.mp4	2549226	2026-04-28T04:41:05+00:00
audio/acts/act-5/act-5-intro.mp3	2546624	2026-04-24T03:22:25+00:00
videos/prelude/prelude-beat-b-corridor-escape.mp4	2515943	2026-04-22T04:35:43+00:00
art/cinematics/act-6-confession/frame02.png	2511110	2026-04-26T02:32:17+00:00
art/cinematics/act-7-convergence/frame01.png	2510552	2026-04-26T02:32:20+00:00
videos/guild-cutscenes/f3_combat/cs_war_declared.mp4	2503917	2026-05-02T21:19:50+00:00
art/cinematics/act-5-map/frame02.png	2487357	2026-04-26T02:32:14+00:00
videos/vfx/act_spells/vfx_memoir_glyph.mp4	2476451	2026-04-28T04:41:05+00:00
art/cinematics/act-6-confession/frame03.png	2471013	2026-04-26T02:32:17+00:00
art/cinematics/silence-of-two-witnesses/frame03.png	2469588	2026-04-26T02:32:25+00:00
art/opponents/opponent-the-human-young-portrait.png	2441713	2026-04-22T04:30:40+00:00
audio/sfx/card-game/card_cancel.mp3	2409951	2026-05-10T20:25:39+00:00
videos/vfx/hierarchy_mechanics/vfx_perf_review.mp4	2408300	2026-04-28T04:41:05+00:00
art/cutscenes/chess_ladder/cs_chess_ladder_the_human_first_seated.mp4	2391067	2026-05-12T22:24:49+00:00
videos/vfx/act_spells/vfx_whisper_mist.mp4	2376517	2026-04-28T04:41:05+00:00
art/cinematics/act-4-5-dmc/frame03.png	2364897	2026-04-26T02:32:13+00:00
videos/acts/act-7/cin_act7_stance_command.mp4	2336172	2026-04-24T03:23:05+00:00
art/cinematics/act-4-revelation/frame02.png	2329824	2026-04-26T02:32:13+00:00
art/portraits/portrait_minnie_meme.png	2326859	2026-04-22T04:30:47+00:00
art/cutscenes/chess_ladder/cs_chess_ladder_the_architect_first_seated.mp4	2322825	2026-05-12T22:24:45+00:00
videos/vfx/cosmetic_ceremonies/vfx_season_title.mp4	2320867	2026-04-28T04:41:05+00:00
art/rooms/videos/comms_array_signal_discovery.mp4	2319668	2026-04-30T23:37:08+00:00
art/opponents/opponent-kael-portrait.png	2318439	2026-04-22T04:30:38+00:00
art/ui/title/overlays/elara_betrayed.png	2274998	2026-04-22T04:34:24+00:00
videos/guild-cutscenes/f2_daily/cs_contract_unlock.mp4	2271396	2026-05-02T21:19:33+00:00
videos/guild-cutscenes/f3_combat/cs_war_mvp.mp4	2257217	2026-05-02T21:20:03+00:00
art/cinematics/act-7-convergence/frame03.png	2246745	2026-04-26T02:32:22+00:00
videos/prelude/prelude-beat-g-medical-bay.mp4	2242718	2026-04-22T04:35:45+00:00
art/cinematics/act-4-revelation/frame03.png	2226326	2026-04-26T02:32:13+00:00
art/vfx/hologram-materialize-noire.webm	2220169	2026-04-22T04:34:25+00:00
art/opponents/opponent-the-eyes-portrait.png	2210004	2026-04-22T04:30:37+00:00
videos/vfx/hierarchy_mechanics/vfx_quarterly_earnings.mp4	2191060	2026-04-28T04:41:05+00:00
audio/stage_music/stage_draft_chamber.mp3	2182372	2026-05-10T20:25:39+00:00
audio/stage_music/stage_panopticon.mp3	2159176	2026-05-10T20:25:41+00:00
audio/stage_music/stage_new_babylon.mp3	2156668	2026-05-10T20:25:41+00:00
audio/stage_music/stage_shadow_sanctum.mp3	2154787	2026-05-10T20:25:43+00:00
art/cinematics/act-6-confession/frame01.png	2153436	2026-04-26T02:32:16+00:00
audio/stage_music/stage_terminus.mp3	2151652	2026-05-10T20:25:43+00:00
art/cinematics/silence-of-two-witnesses/frame01.png	2145414	2026-04-26T02:32:24+00:00
videos/guild-cutscenes/f1_onboarding/cs_guild_first_message.mp4	2145011	2026-05-02T21:19:18+00:00
audio/stage_music/stage_watcher_panopticon.mp3	2139741	2026-05-10T20:25:48+00:00
audio/stage_music/stage_blood_weave.mp3	2129083	2026-05-10T20:25:39+00:00
audio/stage_music/stage_thaloria.mp3	2127829	2026-05-10T20:25:43+00:00
audio/stage_music/stage_mechronis.mp3	2117171	2026-05-10T20:25:40+00:00
audio/acts/act-4/act-4-path-discovery.mp3	2113409	2026-04-24T03:22:24+00:00
videos/prelude/prelude-beat-d5-galley.mp4	2112583	2026-04-22T04:35:43+00:00
audio/stage_music/stage_terminus_core.mp3	2107140	2026-05-10T20:25:43+00:00
audio/stage_music/stage_ranked_table.mp3	2095855	2026-05-10T20:25:45+00:00
videos/vfx/card_flips/vfx_pack_flip_common.mp4	2086780	2026-04-28T04:41:05+00:00
audio/stage_music/stage_necromancer_castle.mp3	2084570	2026-05-10T20:25:52+00:00
art/cinematics/silence-of-two-witnesses/frame02.png	2059424	2026-04-26T02:32:28+00:00
audio/acts/act-7/act-7-intro.mp3	2029399	2026-04-24T03:22:35+00:00
videos/vfx/dreamer_visions/vfx_iris_collapse.mp4	2019882	2026-05-10T07:27:37+00:00
videos/prelude/prelude-beat-c-engineering-role-choice.mp4	1983032	2026-04-22T04:35:43+00:00
videos/acts/act-6/cin_act6_watcher_reveal.mp4	1972878	2026-04-24T03:23:04+00:00
art/vfx/prelude/role-wireframe-bloom_start.png	1954468	2026-04-25T18:24:41+00:00
audio/acts/act-4/act-4-memorial-corridor.mp3	1949778	2026-04-24T03:22:26+00:00
art/eidolons/cog/cog-norm-asc.png	1892704	2026-04-22T04:29:24+00:00
videos/prelude/prelude-beat-i-bridge-witnessing.mp4	1887658	2026-04-22T04:35:45+00:00
videos/guild-cutscenes/f3_combat/cs_placement_lock.mp4	1884206	2026-05-02T21:19:49+00:00
audio/acts/act-5/act-5-bulb-dims.mp3	1877680	2026-04-24T03:22:28+00:00
audio/acts/act-4/act-4-extraction-4.mp3	1846333	2026-04-24T03:22:23+00:00
videos/confession_close/act6_confession_human_partial.mp4	1829150	2026-05-10T07:22:05+00:00
audio/acts/act-3/act-3-intro.mp3	1811852	2026-04-24T03:22:23+00:00
videos/prelude/prelude-beat-d-cargo-bay.mp4	1787616	2026-04-22T04:35:43+00:00
art/eidolons/cog/cog-dream-comp.png	1752894	2026-04-22T04:29:22+00:00
videos/prelude/prelude-beat-f5-empty-chair.mp4	1742244	2026-04-22T04:35:45+00:00
nilmorg-portraits/nilmorg_neutral.png	1732898	2026-05-19T23:22:59+00:00
art/ui/title/transmissionBezel.png	1729147	2026-04-22T04:34:24+00:00
audio/acts/act-4/act-4-extraction-1.mp3	1710915	2026-04-24T03:22:24+00:00
art/eidolons/cog/cog-scar-frag.png	1702837	2026-04-22T04:29:27+00:00
art/eidolons/sibyl/sibyl-hier-asc.png	1687188	2026-04-22T04:29:33+00:00
videos/guild-cutscenes/f2_daily/cs_house_cup_weekly_reset.mp4	1671268	2026-05-02T21:19:43+00:00
nilmorg-portraits/nilmorg_amused.png	1669029	2026-05-19T23:22:59+00:00
nilmorg-portraits/nilmorg_disappointed.png	1653255	2026-05-19T23:22:59+00:00
nilmorg-portraits/nilmorg_threatening.png	1646173	2026-05-19T23:22:59+00:00
audio/acts/act-6/act-6-intro.mp3	1643832	2026-04-24T03:22:30+00:00
nilmorg-portraits/nilmorg_pleased.png	1639786	2026-05-19T23:22:59+00:00
audio/acts/act-3/act-3-infiltration-hierarchy.mp3	1626278	2026-04-24T03:22:23+00:00
art/eidolons/nyx/nyx-hier-asc.png	1625813	2026-04-22T04:29:28+00:00
videos/guild-cutscenes/f3_combat/cs_war_defeat.mp4	1599385	2026-05-02T21:20:02+00:00
audio/stage_music/stage_crucible.mp3	1599319	2026-05-10T20:25:42+00:00
art/eidolons/toxis/toxis-hier-frag.png	1599244	2026-04-22T04:29:41+00:00
audio/acts/act-3/act-3-infiltration-insurgency.mp3	1598692	2026-04-24T03:22:25+00:00
videos/guild-cutscenes/f2_daily/cs_donation_milestone.mp4	1569320	2026-05-02T21:19:38+00:00
audio/sfx/card-game/void_energy_spend.mp3	1527221	2026-05-10T20:25:41+00:00
audio/acts/act-5/act-5-iron-lion-final.mp3	1526595	2026-04-24T03:22:27+00:00
audio/sfx/card-game/draw.mp3	1524714	2026-05-10T20:25:41+00:00
audio/voice_barks/female_fighter_barks.wav	1514444	2026-05-10T20:25:49+00:00
art/eidolons/auros/auros-hier-comp.png	1508728	2026-04-22T04:29:18+00:00
art/eidolons/auros/auros-hier-frag.png	1501594	2026-04-22T04:29:18+00:00
art/eidolons/auros/auros-norm-asc.png	1501468	2026-04-22T04:29:18+00:00
art/opponents/opponent-iron-lion-portrait.png	1499963	2026-04-22T04:30:37+00:00
art/ui/title/nebula-far.png	1493984	2026-04-22T04:34:24+00:00
art/cutscenes/doctrine_binding/cs_doctrine_recitation_ceremony_start.png	1488156	2026-05-12T22:32:47+00:00
audio/sfx/card-game/card_play.mp3	1478947	2026-05-10T20:25:40+00:00
audio/acts/act-7/act-7-stance-command.mp3	1473305	2026-04-24T03:22:34+00:00
videos/guild-cutscenes/f2_daily/cs_contract_complete.mp4	1470483	2026-05-02T21:19:33+00:00
art/opponents/opponent-agent-zero-portrait.png	1446073	2026-04-22T04:30:37+00:00
audio/acts/act-7/act-7-final-line-ambient.mp3	1434435	2026-04-24T03:22:31+00:00
art/cutscenes/berth/cs_berth_wake_start.png	1433651	2026-05-12T22:32:45+00:00
audio/acts/act-3/act-3-infiltration-empire.mp3	1426284	2026-04-24T03:22:25+00:00
audio/ambient/prelude/ambient_bridge_powered_systems_mix.wav	1424404	2026-05-02T13:59:32+00:00
art/ui/title/ark-mid.png	1423788	2026-04-22T04:34:24+00:00
audio/acts/act-7/act-7-stance-pattern.mp3	1416880	2026-04-24T03:22:33+00:00
audio/sfx/fight/special_sfx_pack.mp3	1414999	2026-05-10T20:25:41+00:00
audio/acts/act-2-stingers/bench_ambient_loop.mp3	1414372	2026-04-24T03:22:26+00:00
audio/acts/act-6/act-6-watcher-reveal.mp3	1406849	2026-04-24T03:22:31+00:00
videos/wheel_reactions/wheel_act3_full_secret.mp4	1401729	2026-05-10T07:27:39+00:00
videos/wheel_reactions/wheel_act3_transparent.mp4	1396619	2026-05-10T07:27:42+00:00
videos/guild-cutscenes/f1_onboarding/cs_friend_accept.mp4	1395471	2026-05-02T21:19:15+00:00
art/cutscenes/cohort_park/cs_cohort_bonding_start.png	1390379	2026-05-12T22:32:46+00:00
art/eidolons/nyx/nyx-norm-frag.png	1381342	2026-04-22T04:29:28+00:00
audio/acts/act-5/act-5-sector-wakes.mp3	1378637	2026-04-24T03:22:27+00:00
videos/prelude/prelude-beat-e-mess-hall-flashback.mp4	1355107	2026-04-22T04:35:43+00:00
audio/ambient/prelude/ambient_transfer_array_standby.wav	1341021	2026-05-02T14:01:26+00:00
art/eidolons/nyx/nyx-norm-comp.png	1339053	2026-04-22T04:29:28+00:00
audio/sfx/card-game/mulligan.mp3	1337886	2026-05-10T20:25:40+00:00
audio/ambient/prelude/transfer-array-standby.mp3	1337517	2026-04-22T04:34:28+00:00
art/prelude/last-words/slide-4-3.webp	1329444	2026-04-22T04:30:52+00:00
audio/voice_barks/announcer_lines.wav	1306244	2026-05-10T20:25:50+00:00
audio/ambient/prelude/neural-rig-hum.mp3	1301421	2026-04-22T04:34:28+00:00
art/cutscenes/comm_screen/cs_comm_archon_call_start.png	1290642	2026-05-12T22:32:46+00:00
art/cards/panopticon/the_coordinators_dossier.webp	1286612	2026-05-20T01:32:45+00:00
videos/prelude/prelude-beat-j-archives.mp4	1284140	2026-04-22T04:35:45+00:00
art/chess/board.png	1283596	2026-04-22T04:29:06+00:00
art/slideshows/album5/T14/sih_t14_f09.webp	1281758	2026-05-07T16:50:59+00:00
audio/ambient/prelude/bridge-powered-systems.mp3	1258893	2026-04-22T04:34:28+00:00
audio/voice_barks/male_fighter_barks.wav	1255844	2026-05-10T20:25:49+00:00
art/cutscenes/forge/cs_forge_first_creation_start.png	1244677	2026-05-12T22:32:47+00:00
art/prelude/last-words/slide-2-3.webp	1237698	2026-04-22T04:30:51+00:00
audio/acts/act-7/act-7-stance-bridge.mp3	1236322	2026-04-24T03:22:32+00:00
art/cutscenes/mission/cs_mission_ambush_start.png	1235506	2026-05-12T22:32:52+00:00
art/cutscenes/berth/cs_berth_visitor_start.png	1232616	2026-05-12T22:32:45+00:00
art/cutscenes/cohort_park/cs_cohort_farewell_start.png	1223059	2026-05-12T22:32:46+00:00
art/cutscenes/mission/cs_mission_discovery_start.png	1212954	2026-05-12T22:32:52+00:00
art/prelude/last-words/slide-3-3.webp	1212668	2026-04-22T04:30:52+00:00
art/prelude/last-words/slide-3-5.webp	1211212	2026-04-22T04:30:52+00:00
art/prelude/last-words/slide-2-5.webp	1203774	2026-04-22T04:30:51+00:00
art/ui/title/overlays/year_one_gold_dust.png	1201493	2026-04-22T04:34:24+00:00
art/cutscenes/mechronis_audit/cs_audit_day21_martyr_start.png	1197503	2026-05-12T22:32:50+00:00
videos/wheel_reactions/wheel_act3_pragmatic.mp4	1189426	2026-05-10T07:27:39+00:00
art/prelude/last-words/slide-3-2.webp	1176686	2026-04-22T04:30:51+00:00
art/cutscenes/cohort_park/cs_cohort_training_start.png	1168050	2026-05-12T22:32:49+00:00
art/prelude/last-words/slide-4-5.webp	1167908	2026-04-22T04:30:52+00:00
art/cutscenes/comm_screen/cs_comm_doctrine_recitation_start.png	1163526	2026-05-12T22:32:49+00:00
art/cutscenes/mission/cs_mission_return_failure_start.png	1153536	2026-05-12T22:32:52+00:00
art/prelude/last-words/slide-4-4.webp	1152194	2026-04-22T04:30:52+00:00
art/prelude/last-words/slide-2-4.webp	1149106	2026-04-22T04:30:51+00:00
art/prelude/last-words/slide-1-4.webp	1144430	2026-04-22T04:30:50+00:00
art/cutscenes/cohort_park/cs_cohort_argument_start.png	1143952	2026-05-12T22:32:48+00:00
art/expansions/hierarchy-of-damned/act-exclusives/act1_substrate_static.webp	1140310	2026-04-28T02:08:18+00:00
videos/confession_close/act6_confession_elara_partial.mp4	1135889	2026-05-10T07:21:52+00:00
art/cutscenes/guild_room/cs_guild_glass_first_arrival_start.png	1128883	2026-05-12T22:32:49+00:00
art/cutscenes/doctrine_binding/cs_doctrine_heretical_quiet_start.png	1128084	2026-05-12T22:32:49+00:00
art/cutscenes/guild_room/cs_guild_vine_first_arrival_start.png	1127281	2026-05-12T22:32:51+00:00
videos/confession_close/act6_confession_elara_refusal.mp4	1124965	2026-05-10T07:21:53+00:00
art/slideshows/album1/T01/T01_04.webp	1124146	2026-04-29T00:30:54+00:00
art/prelude/last-words/slide-2-2.webp	1122340	2026-04-22T04:30:51+00:00
art/cutscenes/comm_screen/cs_comm_warden_tap_start.png	1121349	2026-05-12T22:32:48+00:00
art/cutscenes/forge/cs_forge_purified_start.png	1121335	2026-05-12T22:32:48+00:00
art/cutscenes/comm_screen/cs_comm_cohort_banter_start.png	1117554	2026-05-12T22:32:49+00:00
art/cutscenes/doctrine_binding/cs_doctrine_forked_path_start.png	1108021	2026-05-12T22:32:48+00:00
art/cutscenes/doctrine_binding/cs_doctrine_compliant_mouth_start.png	1107655	2026-05-12T22:32:49+00:00
art/cutscenes/guild_room/cs_guild_thurible_first_arrival_start.png	1106537	2026-05-12T22:32:51+00:00
art/cards/architect/engine_warden.webp	1104512	2026-05-20T01:32:03+00:00
art/cutscenes/guild_room/cs_guild_garden_first_arrival_start.png	1103503	2026-05-12T22:32:49+00:00
art/cutscenes/guild_room/cs_guild_blood_first_arrival_start.png	1103065	2026-05-12T22:32:50+00:00
art/cutscenes/guild_room/cs_guild_ledger_first_arrival_start.png	1101444	2026-05-12T22:32:50+00:00
art/cutscenes/guild_room/cs_guild_thread_first_arrival_start.png	1099523	2026-05-12T22:32:50+00:00
art/cutscenes/doctrine_binding/cs_doctrine_cold_hand_start.png	1095354	2026-05-12T22:32:46+00:00
art/cutscenes/comm_screen/cs_comm_mourning_call_start.png	1094920	2026-05-12T22:32:46+00:00
art/cutscenes/mechronis_audit/cs_audit_day28_verdict_mercy_start.png	1093673	2026-05-12T22:32:51+00:00
art/cutscenes/doctrine_binding/cs_doctrine_human_remainder_start.png	1091748	2026-05-12T22:32:49+00:00
art/cards/act1/card-mind-control.webp	1085550	2026-04-25T18:22:36+00:00
art/cutscenes/guild_room/cs_guild_dust_first_arrival_start.png	1084483	2026-05-12T22:32:48+00:00
art/cutscenes/mechronis_audit/cs_audit_day28_verdict_purge_start.png	1084305	2026-05-12T22:32:52+00:00
art/cutscenes/memory_card/cs_memory_card_release_start.png	1084238	2026-05-12T22:32:52+00:00
audio/locke/locke_beat_h_first_message.mp3	1084230	2026-04-22T04:34:41+00:00
art/cutscenes/guild_room/cs_guild_mirror_first_arrival_start.png	1080357	2026-05-12T22:32:50+00:00
art/cards/neutral/the_anchor_of_kael.webp	1078816	2026-05-20T01:33:19+00:00
art/cutscenes/guild_room/cs_guild_storm_first_arrival_start.png	1077590	2026-05-12T22:32:49+00:00
art/cutscenes/guild_room/cs_guild_anvil_first_arrival_start.png	1076645	2026-05-12T22:32:47+00:00
art/cutscenes/guild_room/cs_guild_chapel_first_arrival_start.png	1076519	2026-05-12T22:32:48+00:00
art/prelude/last-words/slide-3-4.webp	1073082	2026-04-22T04:30:52+00:00
art/cutscenes/guild_room/cs_guild_circuit_first_arrival_start.png	1073033	2026-05-12T22:32:48+00:00
art/cutscenes/forge/cs_forge_upgrade_start.png	1072753	2026-05-12T22:32:47+00:00
videos/confession_close/act6_confession_elara_reluctant_ally.mp4	1070346	2026-05-10T07:21:54+00:00
art/cutscenes/mission/cs_mission_tier2_briefing_start.png	1067128	2026-05-12T22:32:52+00:00
art/ui/title/identityFrame.png	1064145	2026-04-22T04:34:24+00:00
art/cutscenes/guild_room/cs_guild_tide_first_arrival_start.png	1063038	2026-05-12T22:32:51+00:00
art/cutscenes/guild_room/cs_guild_song_first_arrival_start.png	1055984	2026-05-12T22:32:51+00:00
art/cutscenes/mechronis_audit/cs_audit_day14_heretic_start.png	1055706	2026-05-12T22:32:51+00:00
art/slideshows/album1/T27/T27_15.webp	1054078	2026-04-29T00:31:01+00:00
art/prelude/last-words/slide-1-5.webp	1049244	2026-04-22T04:30:50+00:00
art/cutscenes/guild_room/cs_guild_bone_first_arrival_start.png	1048731	2026-05-12T22:32:48+00:00
art/cards/thought_virus/persistent_strain.webp	1047858	2026-05-20T01:32:37+00:00
art/slideshows/album1/T01/T01_13.webp	1037158	2026-04-29T00:30:55+00:00
videos/confession_close/act6_confession_elara_empathy.mp4	1037081	2026-05-10T07:21:52+00:00
art/cutscenes/mission/cs_mission_tier3_briefing_start.png	1036922	2026-05-12T22:32:52+00:00
art/cutscenes/guild_room/cs_guild_cipher_first_arrival_start.png	1035565	2026-05-12T22:32:51+00:00
art/slideshows/album1/T01/T01_04_frame1_4.webp	1034818	2026-04-29T00:30:55+00:00
videos/acts/act-2/cin_act2_gamemaster_left_intro.mp4	1033666	2026-04-24T03:22:36+00:00
art/cutscenes/guild_room/cs_guild_remnant_first_arrival_start.png	1033436	2026-05-12T22:32:49+00:00
art/expansions/hierarchy-of-damned/interns/s2_hierarchy_intn_ticket_triager.webp	1023156	2026-04-28T02:08:18+00:00
art/slideshows/album1/T08/T08_06.webp	1023074	2026-04-29T00:30:57+00:00
art/vfx/hologram-materialize-noire.mp4	1022423	2026-04-22T04:34:24+00:00
art/cutscenes/guild_room/cs_guild_smoke_first_arrival_start.png	1018789	2026-05-12T22:32:51+00:00
art/cutscenes/guild_room/cs_guild_tower_first_arrival_start.png	1012734	2026-05-12T22:32:51+00:00
art/prelude/last-words/slide-4-1.webp	1012646	2026-04-22T04:30:52+00:00
art/cutscenes/mission/cs_mission_deploy_start.png	1009742	2026-05-12T22:32:52+00:00
audio/elara/elara.engineering.crafting-bench.talk.mp3	1005653	2026-05-07T01:30:56+00:00
art/rooms/mystery-states/cipher_den_initial.webp	1005632	2026-04-30T23:37:07+00:00
art/slideshows/album1/T06/T06_11.webp	1002582	2026-04-29T00:30:56+00:00
art/rooms/species/hybrid_sanctum_initial.webp	1001866	2026-04-30T23:37:10+00:00
videos/confession_close/act6_confession_elara_practical.mp4	991702	2026-05-10T07:21:53+00:00
audio/elara/elara.station-dock.codas-trading-floor.talk.mp3	989353	2026-05-07T01:31:00+00:00
art/slideshows/album1/T08/T08_12.webp	988470	2026-04-29T00:30:57+00:00
art/cards/dreamer/dream_anchor.webp	988356	2026-05-20T01:32:11+00:00
videos/confession_close/act6_confession_elara_challenge.mp4	986773	2026-05-10T07:21:52+00:00
art/cards/neutral/witness_of_the_quiet_year.webp	986336	2026-05-20T01:32:58+00:00
art/cutscenes/berth/cs_berth_nightmare_start.png	979622	2026-05-12T22:32:45+00:00
art/cards/architect/arc_lance.webp	978266	2026-05-20T01:32:01+00:00
art/prelude/last-words/slide-3-1.webp	977270	2026-04-22T04:30:51+00:00
art/cutscenes/memory_card/cs_memory_card_inherit_start.png	969723	2026-05-12T22:32:51+00:00
art/cutscenes/memory_card/cs_memory_card_corrupt_start.png	967731	2026-05-12T22:32:51+00:00
art/cards/insurgency/cell_decoy.webp	966346	2026-05-20T01:32:18+00:00
art/portraits/act1/portrait-watcher.webp	964798	2026-04-25T18:24:08+00:00
art/slideshows/album1/T12/T12_05.webp	964758	2026-04-29T00:30:57+00:00
audio/elara/elara.war-room.signal-flag-rack.use.mp3	963439	2026-05-07T01:31:01+00:00
art/cards/panopticon/now_you_are_ours.webp	955686	2026-05-20T01:32:47+00:00
art/celebration/slideshow/celebration_slide_06.webp	953974	2026-04-22T04:29:05+00:00
art/fighters/warlord/warlord_portraits.webp	946708	2026-04-22T04:30:12+00:00
art/cards/hierarchy/the_reckoning_daughter.webp	946604	2026-05-20T01:32:51+00:00
audio/elara/elara.war-room.casualty-board.use.mp3	943377	2026-05-07T01:31:00+00:00
art/prelude/last-words/slide-2-1.webp	939294	2026-04-22T04:30:51+00:00
art/slideshows/album1/T13/T13_10.webp	936616	2026-04-29T00:30:58+00:00
art/slideshows/album1/T19/T19_16.webp	934696	2026-04-29T00:30:59+00:00
art/slideshows/album1/T16/T16_04.webp	928802	2026-04-29T00:30:58+00:00
art/prelude/last-words/slide-1-1.webp	928054	2026-04-22T04:30:50+00:00
art/slideshows/album5/T28/sih_t28_f19.webp	926758	2026-05-07T16:51:12+00:00
videos/confession_close/act6_confession_elara_oracle_sense.mp4	926652	2026-05-10T07:21:52+00:00
art/slideshows/album5/T04/sih_t04_f19.webp	924672	2026-05-07T16:50:51+00:00
art/prelude/last-words/slide-4-2.webp	917880	2026-04-22T04:30:52+00:00
art/logos/dischordian-saga.png	912914	2026-04-22T04:30:25+00:00
art/expansions/hierarchy-of-damned/directors/s2_hierarchy_dir_compliance_inquisitor.webp	912540	2026-04-28T02:08:18+00:00
art/cards/new_babylon/audit_artillery.webp	908550	2026-05-20T01:32:28+00:00
art/slideshows/album5/T12/sih_t12_f22.webp	905168	2026-05-07T16:50:57+00:00
art/specimens/cipher-ascended.png	901257	2026-04-22T04:31:09+00:00
audio/elara/elara.order-tribunal.evidence-locker.use.lucid.mp3	900328	2026-05-07T01:30:58+00:00
art/slideshows/album1/T20/T20_01.webp	897960	2026-04-29T00:30:59+00:00
art/slideshows/album1/T05/T05_15.webp	897810	2026-04-29T00:30:56+00:00
art/slideshows/album1/T11/T11_08.webp	896094	2026-04-29T00:30:57+00:00
audio/elara/elara.war-room.holo-table.use.mp3	894058	2026-05-07T01:31:01+00:00
art/specimens/spore-ascended.png	893363	2026-04-22T04:31:10+00:00
art/slideshows/album5/T13/sih_t13_f03.webp	893226	2026-05-07T16:50:58+00:00
art/specimens/glyph-ascended.png	889441	2026-04-22T04:31:10+00:00
art/slideshows/album1/T01/T01_07.webp	888030	2026-04-29T00:30:55+00:00
art/slideshows/album1/T19/T19_19.webp	886638	2026-04-29T00:30:59+00:00
art/slideshows/album1/T11/T11_01.webp	881782	2026-04-29T00:30:57+00:00
art/slideshows/album5/T04/sih_t04_f09.webp	881042	2026-05-07T16:50:50+00:00
art/portraits/act1/portrait-gamemaster.webp	876670	2026-04-25T18:23:55+00:00
art/slideshows/album5/T24/sih_t24_f19.webp	876426	2026-05-07T16:51:07+00:00
art/slideshows/album1/T05/T05_10.webp	875816	2026-04-29T00:30:56+00:00
art/slideshows/album1/T05/T05_04.webp	875806	2026-04-29T00:30:56+00:00
art/cutscenes/act1/act1-tavern-arrival_end.webp	875664	2026-04-25T18:22:57+00:00
art/cards/act1/card-dodge.webp	873990	2026-04-25T18:22:20+00:00
art/slideshows/album1/T14/T14_14.webp	871394	2026-04-29T00:30:58+00:00
art/slideshows/album1/T27/T27_09.webp	868230	2026-04-29T00:31:00+00:00
art/slideshows/album1/T27/T27_14.webp	867500	2026-04-29T00:31:01+00:00
audio/elara/elara.engineering.crafting-bench.use.mp3	867309	2026-05-07T01:30:56+00:00
art/cards/architect/observation_pylon.webp	867104	2026-05-20T01:32:05+00:00
art/slideshows/album1/T22/T22_10.webp	866524	2026-04-29T00:30:59+00:00
art/portraits/act1/portrait-agent-zero.webp	865472	2026-04-25T18:23:52+00:00
art/cards/insurgency/oath_keeper.webp	864868	2026-05-20T01:32:22+00:00
art/slideshows/album1/T06/T06_08.webp	864496	2026-04-29T00:30:56+00:00
art/rooms/mystery-states/observation_deck_purification_active.webp	863780	2026-04-30T23:37:07+00:00
art/slideshows/album1/T08/T08_09.webp	863726	2026-04-29T00:30:57+00:00
art/slideshows/album5/T22/sih_t22_f08.webp	863268	2026-05-07T16:51:05+00:00
art/slideshows/album1/T25/T25_08.webp	862182	2026-04-29T00:31:00+00:00
art/cutscenes/act1/act1-council-revelation_start.webp	861756	2026-04-25T18:22:57+00:00
art/slideshows/album5/T24/sih_t24_f15.webp	857940	2026-05-07T16:51:07+00:00
art/slideshows/album1/T04/T04_18.webp	857428	2026-04-29T00:30:56+00:00
art/portraits/act1/portrait-iron-lion.webp	856796	2026-04-25T18:23:59+00:00
audio/elara/elara.engineering.schematic-pad.talk.luminous.mp3	854770	2026-05-07T01:30:56+00:00
art/eidolons/cog/cog-dream-asc.webp	853766	2026-04-22T04:29:21+00:00
art/slideshows/album1/T27/T27_19.webp	851802	2026-04-29T00:31:01+00:00
art/slideshows/album1/T13/T13_14.webp	851676	2026-04-29T00:30:58+00:00
art/slideshows/album1/T08/T08_11.webp	850402	2026-04-29T00:30:57+00:00
art/rooms/act1/room-arena-lobby.webp	849568	2026-04-25T18:24:09+00:00
audio/elara/elara.cipher-den.rosetta-pad.use.mp3	845993	2026-05-07T01:30:54+00:00
art/slideshows/album1/T04/T04_16.webp	845344	2026-04-29T00:30:56+00:00
art/slideshows/album1/T02/T02_08.webp	844874	2026-04-29T00:30:55+00:00
audio/elara/elara.dreams-workshop.fragment-rack.use.mp3	844321	2026-05-07T01:30:55+00:00
audio/elara/elara.order-tribunal.judges-bench.talk.luminous.mp3	844321	2026-05-07T01:31:00+00:00
art/cards/insurgency/trench_sergeant.webp	843218	2026-05-20T01:32:26+00:00
art/slideshows/album1/T07/T07_22.webp	843136	2026-04-29T00:30:56+00:00
art/portraits/act1/portrait-warlord.webp	842186	2026-04-25T18:24:07+00:00
art/slideshows/album1/T06/T06_03.webp	840666	2026-04-29T00:30:56+00:00
audio/elara/elara.antiquarian-library.codas-purpose-shelf.talk.mp3	840559	2026-05-07T01:30:50+00:00
art/slideshows/album1/T15/T15_04.webp	839780	2026-04-29T00:30:58+00:00
audio/elara/elara.oracle-sanctum.incense-brazier.use.lucid.mp3	839306	2026-05-07T01:30:57+00:00
art/slideshows/album1/T19/T19_01.webp	838990	2026-04-29T00:30:59+00:00
art/slideshows/album5/T08/sih_t08_f18.webp	838350	2026-05-07T16:50:54+00:00
art/slideshows/album1/T26/T26_06.webp	836746	2026-04-29T00:31:00+00:00
art/expansions/hierarchy-of-damned/managers/s2_hierarchy_mgr_midyear_adjuster.webp	836680	2026-04-28T02:08:19+00:00
audio/elara/elara.oracle-sanctum.incense-brazier.use.luminous.mp3	836380	2026-05-07T01:30:57+00:00
art/expansions/hierarchy-of-damned/analysts/s2_hierarchy_anl_internal_mobility.webp	835254	2026-04-28T02:08:18+00:00
art/cards/thought_virus/pyre_swarm.webp	833580	2026-05-20T01:32:39+00:00
art/expansions/hierarchy-of-damned/interns/s2_hierarchy_intn_lunch_order_coordinator.webp	832476	2026-04-28T02:08:18+00:00
art/slideshows/album1/T26/T26_10.webp	831870	2026-04-29T00:31:00+00:00
audio/sfx/card-game/card_damage.mp3	830692	2026-05-10T20:25:39+00:00
art/slideshows/album5/T24/sih_t24_f23.webp	830418	2026-05-07T16:51:07+00:00
art/slideshows/album1/T13/T13_13.webp	829646	2026-04-29T00:30:58+00:00
art/slideshows/album1/T11/T11_06.webp	829402	2026-04-29T00:30:57+00:00
audio/elara/elara.order-tribunal.evidence-locker.talk.mp3	828021	2026-05-07T01:30:58+00:00
art/slideshows/album5/bg/sih_bg_agora.webp	825536	2026-05-07T16:51:18+00:00
art/slideshows/album1/T22/T22_05.webp	823286	2026-04-29T00:30:59+00:00
audio/acts/act-2-stingers/silence_of_two_witnesses.mp3	821915	2026-04-24T03:22:24+00:00
art/rooms/species/dimensional_observatory_initial.webp	820340	2026-04-30T23:37:09+00:00
art/cards/antiquarian/era_mote.webp	819638	2026-05-20T01:31:51+00:00
art/cards/hierarchy/the_pale_emissary.webp	819016	2026-05-20T01:32:49+00:00
art/slideshows/album1/T16/T16_06.webp	818590	2026-04-29T00:30:58+00:00
art/slideshows/album1/T27/T27_16.webp	818548	2026-04-29T00:31:01+00:00
art/slideshows/album1/T25/T25_04.webp	817280	2026-04-29T00:31:00+00:00
art/slideshows/album5/T22/sih_t22_f15.webp	815316	2026-05-07T16:51:06+00:00
art/slideshows/album1/T27/T27_13.webp	814034	2026-04-29T00:31:01+00:00
art/portraits/act1/portrait-human.webp	813722	2026-04-25T18:23:57+00:00
audio/elara/elara.engineering.reactor-core.talk.mp3	813392	2026-05-14T16:47:53+00:00
art/slideshows/album5/T28/sih_t28_f16.webp	813368	2026-05-07T16:51:11+00:00
art/slideshows/album1/T13/T13_07.webp	812270	2026-04-29T00:30:58+00:00
art/slideshows/album1/T27/T27_03.webp	811186	2026-04-29T00:31:00+00:00
art/fighters/meme/meme_portraits.webp	810550	2026-04-22T04:30:04+00:00
art/slideshows/album5/T18/sih_t18_f07.webp	808892	2026-05-07T16:51:02+00:00
art/slideshows/album1/T25/T25_07.webp	805876	2026-04-29T00:31:00+00:00
audio/elara/elara.engineering.blueprints.use.mp3	805869	2026-05-07T01:30:56+00:00
art/slideshows/album5/T18/sih_t18_f09.webp	804428	2026-05-07T16:51:02+00:00
art/card-game/card-table-tactical-board.webp	803678	2026-04-22T04:28:36+00:00
art/slideshows/album5/T10/sih_t10_f03.webp	803090	2026-05-07T16:50:55+00:00
audio/prince/prince_beat_e_diploma.mp3	802943	2026-04-22T04:34:47+00:00
videos/prelude/prelude-beat-f-briefing-room.mp4	802744	2026-04-22T04:35:43+00:00
art/slideshows/album5/T18/sih_t18_f05.webp	800314	2026-05-07T16:51:02+00:00
art/cards/neutral/wolfpack_initiate.webp	799436	2026-05-20T01:33:10+00:00
art/slideshows/album1/T12/T12_04.webp	799414	2026-04-29T00:30:57+00:00
art/slideshows/album1/T11/T11_03.webp	799340	2026-04-29T00:30:57+00:00
art/slideshows/album5/T09/sih_t09_f07.webp	799030	2026-05-07T16:50:55+00:00
art/slideshows/album5/T02/sih_t02_f10.webp	798928	2026-05-07T16:50:49+00:00
art/slideshows/album1/T27/T27_12.webp	798850	2026-04-29T00:31:01+00:00
art/cutscenes/mechronis_audit/cs_audit_day14_scholar_start.png	798134	2026-05-12T22:32:50+00:00
art/slideshows/album1/T15/T15_14.webp	796036	2026-04-29T00:30:58+00:00
art/slideshows/album1/T14/T14_04.webp	796026	2026-04-29T00:30:58+00:00
art/cards/antiquarian/the_antiquarian.webp	795400	2026-05-20T01:31:59+00:00
art/slideshows/album1/T03/T03_06.webp	794950	2026-04-29T00:30:55+00:00
art/slideshows/album1/T14/T14_09.webp	794920	2026-04-29T00:30:58+00:00
art/slideshows/album1/T18/T18_07.webp	794690	2026-04-29T00:30:59+00:00
art/slideshows/album1/T27/T27_02.webp	794570	2026-04-29T00:31:00+00:00
art/slideshows/album5/T12/sih_t12_f19.webp	793584	2026-05-07T16:50:57+00:00
art/expansions/hierarchy-of-damned/managers/s2_hierarchy_mgr_calendar_demon.webp	791866	2026-04-28T02:08:18+00:00
art/slideshows/album5/T29/sih_t29_f05.webp	787212	2026-05-07T16:51:12+00:00
art/rooms/mystery-states/shadow_vault_cell_sealed.webp	786232	2026-04-30T23:37:08+00:00
art/expansions/hierarchy-of-damned/analysts/s2_hierarchy_anl_reporting_specialist.webp	784718	2026-04-28T02:08:18+00:00
art/slideshows/album1/T22/T22_04.webp	784498	2026-04-29T00:30:59+00:00
art/rooms/mystery-states/oracle_sanctum_prophecy_active.webp	784324	2026-04-30T23:37:08+00:00
art/rooms/mystery-states/station_dock_initial.webp	779134	2026-04-30T23:37:08+00:00
art/slideshows/album1/T07/T07_01.webp	777962	2026-04-29T00:30:56+00:00
art/slideshows/album1/T28/T28_17.webp	777054	2026-04-29T00:31:01+00:00
art/slideshows/album1/T23/T23_13.webp	776956	2026-04-29T00:31:00+00:00
audio/elara/elara.dreams-workshop.dream-loom.use.mp3	776612	2026-05-07T01:30:56+00:00
art/slideshows/album1/T21/T21_02.webp	776592	2026-04-29T00:30:59+00:00
audio/elara/elara.order-tribunal.judges-bench.talk.lucid.mp3	776194	2026-05-07T01:30:58+00:00
art/slideshows/album1/T26/T26_08.webp	774988	2026-04-29T00:31:00+00:00
art/slideshows/album1/T04/T04_06.webp	774566	2026-04-29T00:30:55+00:00
art/cards/dreamer/glimmer_wisp.webp	774342	2026-05-20T01:32:13+00:00
art/cards/card_back_universal.webp	773224	2026-05-20T01:34:19+00:00
art/slideshows/album1/T27/T27_08.webp	772448	2026-04-29T00:31:00+00:00
art/slideshows/album1/T22/T22_08.webp	772212	2026-04-29T00:30:59+00:00
art/slideshows/album1/T27/T27_11.webp	772152	2026-04-29T00:31:01+00:00
art/slideshows/album1/T28/T28_16.webp	772092	2026-04-29T00:31:01+00:00
art/rooms/act1/room-tavern.webp	771908	2026-04-25T18:24:16+00:00
art/cutscenes/chess_ladder/cs_chess_ladder_the_warlord_first_seated_end.png	771465	2026-05-12T22:24:56+00:00
art/slideshows/album1/T16/T16_02.webp	771214	2026-04-29T00:30:58+00:00
art/cards/neutral/tidewall.webp	770614	2026-05-20T01:33:04+00:00
art/fighters/iron_lion/iron_lion_portraits.webp	769932	2026-04-22T04:30:00+00:00
art/slideshows/album1/T24/T24_05.webp	769272	2026-04-29T00:31:00+00:00
art/cards/panopticon/l_signature.webp	768608	2026-05-20T01:32:43+00:00
art/slideshows/album1/T05/T05_11.webp	768512	2026-04-29T00:30:56+00:00
audio/elara/elara.engineering.schematic-pad.talk.lucid.mp3	766581	2026-05-07T01:30:56+00:00
art/slideshows/album5/T24/sih_t24_f18.webp	765442	2026-05-07T16:51:07+00:00
art/cards/neutral/the_reading_room.webp	762106	2026-05-20T01:33:13+00:00
art/slideshows/album1/T11/T11_04.webp	760888	2026-04-29T00:30:57+00:00
art/slideshows/album5/T28/sih_t28_f22.webp	760242	2026-05-07T16:51:12+00:00
art/slideshows/album5/T12/sih_t12_f18.webp	759610	2026-05-07T16:50:57+00:00
art/slideshows/album5/T32/sih_t32_f09.webp	759340	2026-05-07T16:51:13+00:00
art/slideshows/album1/T18/T18_00_title.webp	759306	2026-04-29T00:30:58+00:00
art/ui/title/overlays/act2_dual_signal.png	757116	2026-04-22T04:34:24+00:00
art/slideshows/album1/T20/T20_03.webp	756874	2026-04-29T00:30:59+00:00
art/slideshows/album5/T34/sih_t34_f18.webp	756030	2026-05-07T16:51:16+00:00
art/slideshows/album1/T02/T02_10.webp	755922	2026-04-29T00:30:55+00:00
art/slideshows/album1/T03/T03_08.webp	755588	2026-04-29T00:30:55+00:00
art/rooms/species/the_between_initial.webp	755514	2026-04-30T23:37:11+00:00
art/eidolons/nyx/nyx-dream-asc.webp	755398	2026-04-22T04:29:27+00:00
art/slideshows/album5/T16/sih_t16_f12.webp	755180	2026-05-07T16:51:01+00:00
art/fighters/white_oracle/white_oracle_portraits.webp	754396	2026-04-22T04:30:14+00:00
art/cards/new_babylon/audit_tower.webp	752946	2026-05-20T01:32:29+00:00
art/cards/act1/card-lightning-chain.webp	752906	2026-04-25T18:22:34+00:00
art/slideshows/album1/T07/T07_23.webp	752698	2026-04-29T00:30:56+00:00
art/cards/act1/card-shield-bash.webp	752390	2026-04-25T18:22:43+00:00
art/expansions/hierarchy-of-damned/directors/s2_hierarchy_dir_pivot_demon.webp	750770	2026-04-28T02:08:18+00:00
art/slideshows/album1/T11/T11_11.webp	750196	2026-04-29T00:30:57+00:00
art/slideshows/album1/T24/T24_00_title.webp	748918	2026-04-29T00:31:00+00:00
art/slideshows/album5/T10/sih_t10_f18.webp	747784	2026-05-07T16:50:56+00:00
audio/elara/elara.engineering.egg-eng-formula.look.mp3	746519	2026-05-07T01:30:56+00:00
art/rooms/mystery-states/shadow_vault_cell_resealed.webp	745252	2026-04-30T23:37:08+00:00
art/slideshows/album5/T14/sih_t14_f05.webp	744928	2026-05-07T16:50:59+00:00
art/slideshows/album5/T08/sih_t08_f22.webp	744794	2026-05-07T16:50:54+00:00
art/slideshows/album5/T30/sih_t30_f19.webp	744182	2026-05-07T16:51:13+00:00
art/slideshows/album5/T20/sih_t20_f10.webp	741802	2026-05-07T16:51:04+00:00
art/slideshows/album1/T24/T24_01.webp	741460	2026-04-29T00:31:00+00:00
art/rooms/mystery-states/station_dock_ship_docked.webp	741308	2026-04-30T23:37:08+00:00
art/slideshows/album1/T28/T28_07.webp	739880	2026-04-29T00:31:01+00:00
art/fighters/necromancer/necromancer_portraits.webp	738304	2026-04-22T04:30:05+00:00
art/specimens/glyph-companion.png	737904	2026-04-22T04:31:10+00:00
art/slideshows/album1/T06/T06_12.webp	736656	2026-04-29T00:30:56+00:00
audio/elara/elara.war-room.holo-table.talk.mp3	736070	2026-05-07T01:31:00+00:00
art/slideshows/album1/T03/T03_12.webp	735804	2026-04-29T00:30:55+00:00
art/battlefields/act1/bf-underground-forge.webp	734714	2026-04-25T18:22:16+00:00
art/cards/insurgency/strafe_runner.webp	733802	2026-05-20T01:32:24+00:00
art/slideshows/album5/T18/sih_t18_f21.webp	732376	2026-05-07T16:51:02+00:00
art/slideshows/album1/T22/T22_14.webp	732340	2026-04-29T00:30:59+00:00
art/slideshows/album1/T06/T06_13.webp	730654	2026-04-29T00:30:56+00:00
art/cards/neutral/cut_the_threads.webp	730086	2026-05-20T01:33:02+00:00
art/slideshows/album1/T13/T13_08.webp	729866	2026-04-29T00:30:58+00:00
art/cards/neutral/honor_guard.webp	729762	2026-05-20T01:33:08+00:00
art/slideshows/album1/T03/T03_09.webp	729458	2026-04-29T00:30:55+00:00
art/specimens/spore-ascended.webp	729230	2026-04-22T04:31:10+00:00
art/slideshows/album5/T32/sih_t32_f11.webp	728460	2026-05-07T16:51:14+00:00
art/rooms/mystery-states/shadow_vault_cell_released.webp	725996	2026-04-30T23:37:08+00:00
art/portraits/act1/portrait-meme.webp	725824	2026-04-25T18:24:02+00:00
art/specimens/gilt-ascended.png	725406	2026-04-22T04:31:09+00:00
art/slideshows/album5/T13/sih_t13_f04.webp	722934	2026-05-07T16:50:58+00:00
art/slideshows/album1/T01/T01_03.webp	722044	2026-04-29T00:30:54+00:00
art/rooms/prelude/room-archives.webp	721236	2026-04-26T02:32:34+00:00
art/slideshows/album5/T20/sih_t20_f07.webp	718330	2026-05-07T16:51:04+00:00
art/cards/architect/schematic_spark.webp	717582	2026-05-20T01:32:09+00:00
art/slideshows/album5/T10/sih_t10_f05.webp	716042	2026-05-07T16:50:55+00:00
art/slideshows/album5/narrators/sih_antiq_concede.webp	715818	2026-05-11T01:29:43+00:00
art/expansions/hierarchy-of-damned/analysts/s2_hierarchy_anl_knowledge_management.webp	715592	2026-04-28T02:08:18+00:00
art/slideshows/album1/T10/T10_01.webp	714790	2026-04-29T00:30:57+00:00
art/slideshows/album1/T15/T15_06.webp	714084	2026-04-29T00:30:58+00:00
art/slideshows/album1/T03/T03_05.webp	713240	2026-04-29T00:30:55+00:00
art/slideshows/album5/T10/sih_t10_f15.webp	713016	2026-05-07T16:50:56+00:00
art/slideshows/album1/T27/T27_06.webp	712782	2026-04-29T00:31:00+00:00
art/specimens/glyph-ascended.webp	711444	2026-04-22T04:31:10+00:00
art/slideshows/album1/T24/T24_10.webp	710760	2026-04-29T00:31:00+00:00
audio/romance/locke/locke.romance.s3.clauses.mp3	710574	2026-05-08T20:25:34+00:00
art/slideshows/album5/narrators/sih_antiq_argue.webp	708880	2026-05-11T01:29:41+00:00
audio/acts/act-7/act-7-stance-humanity.mp3	707812	2026-04-24T03:22:31+00:00
art/prelude/last-words/slide-1-2.webp	706570	2026-04-22T04:30:50+00:00
art/slideshows/album5/T12/sih_t12_f03.webp	706382	2026-05-07T16:50:57+00:00
art/slideshows/album1/T07/T07_10.webp	705848	2026-04-29T00:30:56+00:00
art/rooms/species/blood_archive_initial.webp	705642	2026-04-30T23:37:09+00:00
art/fighters/iron_lion/iron_lion_reactions_victory.webp	705042	2026-04-22T04:30:02+00:00
art/expansions/hierarchy-of-damned/interns/s2_hierarchy_intn_onboarding_survivor.webp	704982	2026-04-28T02:08:18+00:00
art/fighters/source/source_reactions_victory.webp	704702	2026-04-22T04:30:09+00:00
art/slideshows/album5/T28/sih_t28_f08.webp	704502	2026-05-07T16:51:11+00:00
art/slideshows/album1/T10/T10_03.webp	703462	2026-04-29T00:30:57+00:00
audio/elara/elara.oracle-sanctum.oracle-pool.use.luminous.mp3	701797	2026-05-07T01:30:58+00:00
art/slideshows/album1/T26/T26_13.webp	701164	2026-04-29T00:31:00+00:00
audio/sfx/card-game/card_hover.mp3	700916	2026-05-10T20:25:39+00:00
art/slideshows/album5/T10/sih_t10_f11.webp	700896	2026-05-07T16:50:55+00:00
art/slideshows/album5/T30/sih_t30_f10.webp	700726	2026-05-07T16:51:12+00:00
art/eidolons/auros/auros-dream-asc.webp	699764	2026-04-22T04:29:16+00:00
art/slideshows/album5/T04/sih_t04_f04.webp	699586	2026-05-07T16:50:50+00:00
art/slideshows/album5/T14/sih_t14_f16.webp	698602	2026-05-07T16:50:59+00:00
art/slideshows/album1/T27/T27_07.webp	698298	2026-04-29T00:31:00+00:00
art/slideshows/album5/T18/sih_t18_f17.webp	698058	2026-05-07T16:51:02+00:00
art/slideshows/album5/T01/sih_t01_f15.webp	697906	2026-05-07T16:50:48+00:00
art/slideshows/album1/T15/T15_00_title.webp	697694	2026-04-29T00:30:58+00:00
art/slideshows/album1/T08/T08_14.webp	697654	2026-04-29T00:30:57+00:00
art/slideshows/album1/T05/T05_05.webp	696608	2026-04-29T00:30:56+00:00
art/slideshows/album1/T27/T27_18.webp	696570	2026-04-29T00:31:01+00:00
art/slideshows/album5/T14/sih_t14_f12.webp	696328	2026-05-07T16:50:59+00:00
art/slideshows/album5/T20/sih_t20_f18.webp	696098	2026-05-07T16:51:04+00:00
art/slideshows/album1/T13/T13_06.webp	695568	2026-04-29T00:30:58+00:00
art/slideshows/album1/T27/T27_10.webp	695354	2026-04-29T00:31:01+00:00
art/slideshows/album1/T24/T24_07.webp	695196	2026-04-29T00:31:00+00:00
art/cutscenes/wardens_dock/cs_warden_resist_start.png	694241	2026-05-12T22:32:52+00:00
art/slideshows/album5/T16/sih_t16_f03.webp	694056	2026-05-07T16:51:00+00:00
art/expansions/hierarchy-of-damned/managers/s2_hierarchy_mgr_quarterly_forecaster.webp	693198	2026-04-28T02:08:19+00:00
art/slideshows/album5/T10/sih_t10_f09.webp	693090	2026-05-07T16:50:55+00:00
art/rooms/mystery-states/commsarray_signal_clear.webp	690988	2026-04-30T23:37:08+00:00
art/slideshows/album1/T06/T06_06.webp	690588	2026-04-29T00:30:56+00:00
art/specimens/lux-ascended.png	690186	2026-04-22T04:31:10+00:00
art/cutscenes/wardens_dock/cs_warden_escape_start.png	689368	2026-05-12T22:32:52+00:00
art/slideshows/album1/T05/T05_13.webp	689178	2026-04-29T00:30:56+00:00
art/slideshows/album5/bg/sih_bg_street.webp	688392	2026-05-07T16:51:18+00:00
art/cutscenes/act1/act1-tavern-arrival_start.webp	688006	2026-04-25T18:22:58+00:00
art/slideshows/album5/T04/sih_t04_f02.webp	687628	2026-05-07T16:50:50+00:00
art/slideshows/album5/T24/sih_t24_f14.webp	687486	2026-05-07T16:51:07+00:00
art/slideshows/album1/T07/T07_17.webp	687434	2026-04-29T00:30:56+00:00
art/cards/act1/card-void-rift.webp	687152	2026-04-25T18:22:52+00:00
art/slideshows/album1/T09/T09_02.webp	686852	2026-04-29T00:30:57+00:00
art/battlefields/act1/bf-arena-pit.webp	686634	2026-04-25T18:22:13+00:00
audio/romance/locke/locke.romance.s2.eye_history.mp3	686333	2026-05-08T20:25:33+00:00
art/slideshows/album5/T34/sih_t34_f14.webp	686252	2026-05-07T16:51:15+00:00
art/cards/panopticon/undying_witness.webp	686200	2026-05-20T01:32:41+00:00
art/cutscenes/wardens_dock/cs_warden_comply_start.png	684369	2026-05-12T22:32:52+00:00
art/slideshows/album5/T16/sih_t16_f08.webp	683878	2026-05-07T16:51:01+00:00
audio/elara/elara.engineering.reactor-core.use.mp3	683825	2026-05-14T16:47:52+00:00
art/expansions/hierarchy-of-damned/act-exclusives/act3_soul_map_calibration.webp	683390	2026-04-28T02:08:18+00:00
art/cards/new_babylon/compliance_watcher.webp	683118	2026-05-20T01:32:31+00:00
audio/elara/elara.war-room.casualty-board.talk.mp3	681735	2026-05-07T01:31:02+00:00
art/cards/insurgency/ghost_cell_runner.webp	681694	2026-05-20T01:32:20+00:00
art/slideshows/album1/T27/T27_05.webp	680410	2026-04-29T00:31:00+00:00
art/slideshows/album1/T28/T28_09.webp	679782	2026-04-29T00:31:01+00:00
art/slideshows/album5/T10/sih_t10_f12.webp	679278	2026-05-07T16:50:55+00:00
art/slideshows/album5/T26/sih_t26_f06.webp	676618	2026-05-07T16:51:09+00:00
art/slideshows/album1/T05/T05_16.webp	676374	2026-04-29T00:30:56+00:00
characters/the_antiquarian/viseme.avif	675305	2026-04-25T01:51:02+00:00
art/slideshows/album1/T26/T26_14.webp	674990	2026-04-29T00:31:00+00:00
art/slideshows/album5/T24/sih_t24_f22.webp	674906	2026-05-07T16:51:07+00:00
art/slideshows/album1/T23/T23_12.webp	673732	2026-04-29T00:31:00+00:00
art/slideshows/album1/T06/T06_14.webp	673426	2026-04-29T00:30:56+00:00
art/slideshows/album1/T20/T20_09.webp	673370	2026-04-29T00:30:59+00:00
art/slideshows/album1/T13/T13_12.webp	673134	2026-04-29T00:30:58+00:00
art/celebration/slideshow/celebration_slide_08.webp	672674	2026-04-22T04:29:06+00:00
art/slideshows/album1/T10/T10_05.webp	672516	2026-04-29T00:30:57+00:00
art/fighters/architect/architect_portraits.webp	670978	2026-04-22T04:29:52+00:00
art/slideshows/album5/T17/sih_t17_f02.webp	670732	2026-05-07T16:51:01+00:00
art/specimens/cipher-ascended.webp	670476	2026-04-22T04:31:09+00:00
art/slideshows/album5/T11/sih_t11_f05.webp	669616	2026-05-07T16:50:56+00:00
art/slideshows/album1/T26/T26_11.webp	669582	2026-04-29T00:31:00+00:00
art/slideshows/album1/T03/T03_01.webp	669392	2026-04-29T00:30:55+00:00
audio/romance/elara/elara.romance.s4.uncatalogued.mp3	669196	2026-05-08T20:25:35+00:00
art/slideshows/album5/T08/sih_t08_f16.webp	667828	2026-05-07T16:50:54+00:00
art/slideshows/album1/T08/T08_02.webp	667714	2026-04-29T00:30:56+00:00
art/slideshows/album1/T11/T11_02.webp	666878	2026-04-29T00:30:57+00:00
art/slideshows/album5/T32/sih_t32_f14.webp	666618	2026-05-07T16:51:14+00:00
art/slideshows/album5/T24/sih_t24_f12.webp	666452	2026-05-07T16:51:06+00:00
art/slideshows/album5/T22/sih_t22_f02.webp	666146	2026-05-07T16:51:05+00:00
art/slideshows/album5/T18/sih_t18_f13.webp	665956	2026-05-07T16:51:02+00:00
art/cards/act1/card-shadow-bolt.webp	665270	2026-04-25T18:22:41+00:00
art/cards/architect/schematic_bastion.webp	664692	2026-05-20T01:32:07+00:00
art/rooms/prelude/room-mess-hall.webp	664630	2026-04-26T02:32:36+00:00
art/fighters/iron_lion/iron_lion_attacks_specials.webp	664172	2026-04-22T04:30:00+00:00
audio/romance/elara/elara.romance.s2.fragment.mp3	663763	2026-05-08T20:25:34+00:00
art/slideshows/album1/T19/T19_03.webp	663694	2026-04-29T00:30:59+00:00
art/prelude/last-words/slide-1-3.webp	662640	2026-04-22T04:30:50+00:00
art/slideshows/album1/T29/T29_06.webp	662158	2026-04-29T00:31:01+00:00
art/slideshows/album1/T09/T09_12.webp	662032	2026-04-29T00:30:57+00:00
audio/episodes/mechronis_m12_the_diploma_that_isnt/mechronis_m12_scene_2_the_refusal_or_the_accept/0.mp3	661673	2026-05-08T20:25:27+00:00
art/cards/act1/card-ice-wall.webp	661664	2026-04-25T18:22:27+00:00
art/slideshows/album1/T08/T08_16.webp	660878	2026-04-29T00:30:57+00:00
art/slideshows/album1/T09/T09_00_title.webp	660510	2026-04-29T00:30:57+00:00
art/slideshows/album5/T06/sih_t06_f09.webp	660034	2026-05-07T16:50:51+00:00
art/slideshows/album1/T03/T03_04.webp	660030	2026-04-29T00:30:55+00:00
art/slideshows/album1/T18/T18_03.webp	659142	2026-04-29T00:30:58+00:00
audio/elara/ask_elara_dischordia.mp3	658747	2026-05-07T01:30:45+00:00
art/battlefields/act1/bf-council-floor.webp	658680	2026-04-25T18:22:16+00:00
art/slideshows/album5/T28/sih_t28_f17.webp	658020	2026-05-07T16:51:11+00:00
art/slideshows/album1/T07/T07_05.webp	657600	2026-04-29T00:30:56+00:00
art/slideshows/album5/T18/sih_t18_f19.webp	656754	2026-05-07T16:51:02+00:00
art/expansions/hierarchy-of-damned/act-exclusives/act1_first_witness.webp	656406	2026-04-28T02:08:18+00:00
art/rooms/mystery-states/observation_deck_bond_resonance.webp	656322	2026-04-30T23:37:08+00:00
art/slideshows/album1/T27/T27_17.webp	655754	2026-04-29T00:31:01+00:00
art/slideshows/album1/T18/T18_09.webp	655702	2026-04-29T00:30:59+00:00
art/cards/act1/card-slash.webp	654916	2026-04-25T18:22:46+00:00
art/slideshows/album5/T14/sih_t14_f03.webp	654660	2026-05-07T16:50:58+00:00
art/slideshows/album1/T02/T02_03.webp	654400	2026-04-29T00:30:55+00:00
art/slideshows/album5/T30/sih_t30_f11.webp	654184	2026-05-07T16:51:13+00:00
audio/elara/elara.station-dock.codas-trading-floor.use.lucid.mp3	654150	2026-05-07T01:31:00+00:00
art/celebration/slideshow/celebration_slide_04.webp	653938	2026-04-22T04:29:05+00:00
audio/elara/elara.cipher-den.uncorruption-bench.talk.mp3	652896	2026-05-07T01:30:55+00:00
art/slideshows/album1/T05/T05_02.webp	652128	2026-04-29T00:30:56+00:00
art/slideshows/album1/T29/T29_08.webp	652056	2026-04-29T00:31:01+00:00
art/rooms/prelude/room-armory.webp	652004	2026-04-26T02:32:33+00:00
art/cards/antiquarian/relic_acolyte.webp	651928	2026-05-20T01:31:55+00:00
art/slideshows/album1/T27/T27_04.webp	650294	2026-04-29T00:31:00+00:00
art/slideshows/album5/T02/sih_t02_f07.webp	649574	2026-05-07T16:50:48+00:00
art/battlefields/act1/bf-rooftop-chase.webp	648862	2026-04-25T18:22:15+00:00
art/slideshows/album1/T16/T16_05.webp	648618	2026-04-29T00:30:58+00:00
art/slideshows/album5/T28/sih_t28_f13.webp	648352	2026-05-07T16:51:10+00:00
art/slideshows/album5/T30/sih_t30_f02.webp	648058	2026-05-07T16:51:12+00:00
art/slideshows/album1/T12/T12_01.webp	647876	2026-04-29T00:30:57+00:00
art/slideshows/album1/T19/T19_10.webp	647692	2026-04-29T00:30:59+00:00
art/slideshows/album1/T29/T29_04.webp	647416	2026-04-29T00:31:01+00:00
art/slideshows/album5/T32/sih_t32_f10.webp	645916	2026-05-07T16:51:14+00:00
audio/romance/vex/vex.romance.s3.commit.mp3	645373	2026-05-08T20:25:35+00:00
art/rooms/mystery-states/archives_uncorrupted.webp	645024	2026-04-30T23:37:08+00:00
art/battlefields/act1/bf-void-bridge.webp	644902	2026-04-25T18:22:18+00:00
audio/human/ask_human_eight_factions.mp3	644537	2026-05-07T01:31:10+00:00
art/slideshows/album5/T02/sih_t02_f17.webp	643962	2026-05-07T16:50:48+00:00
art/slideshows/album1/T14/T14_02.webp	643748	2026-04-29T00:30:58+00:00
audio/episodes/celebration_c11_the_uncles_verdict/celebration_c11_scene_2_the_verdict/0.mp3	643701	2026-05-08T20:25:20+00:00
art/slideshows/album1/T28/T28_05.webp	643358	2026-04-29T00:31:01+00:00
art/slideshows/album1/T23/T23_11.webp	643060	2026-04-29T00:30:59+00:00
audio/elara/elara.order-tribunal.evidence-locker.use.luminous.mp3	642865	2026-05-07T01:30:59+00:00
art/fighters/akai_shi/akai_shi_portraits.webp	642222	2026-04-22T04:29:50+00:00
art/slideshows/album5/T30/sih_t30_f18.webp	641852	2026-05-07T16:51:13+00:00
art/slideshows/album5/T28/sih_t28_f07.webp	641506	2026-05-07T16:51:10+00:00
art/slideshows/album5/T19/sih_t19_f08.webp	641442	2026-05-07T16:51:03+00:00
art/slideshows/album5/T20/sih_t20_f06.webp	641382	2026-05-07T16:51:03+00:00
art/slideshows/album1/T13/T13_02.webp	641242	2026-04-29T00:30:58+00:00
art/slideshows/album5/T14/sih_t14_f10.webp	641220	2026-05-07T16:50:59+00:00
art/slideshows/album5/T24/sih_t24_f13.webp	641064	2026-05-07T16:51:07+00:00
art/slideshows/album5/T05/sih_t05_f05.webp	640920	2026-05-07T16:50:51+00:00
art/slideshows/album5/T14/sih_t14_f02.webp	640842	2026-05-07T16:50:58+00:00
audio/elara/elara.antiquarian-library.locked-vault.talk.luminous.mp3	640775	2026-05-07T01:30:51+00:00
art/slideshows/album1/T14/T14_15.webp	640748	2026-04-29T00:30:58+00:00
audio/elara/elara.oracle-sanctum.prophecy-tablet.use.lucid.mp3	639939	2026-05-07T01:30:58+00:00
art/slideshows/album5/T26/sih_t26_f03.webp	639724	2026-05-07T16:51:09+00:00
art/slideshows/album1/T19/T19_20.webp	639110	2026-04-29T00:30:59+00:00
art/slideshows/album1/T23/T23_00_title.webp	639020	2026-04-29T00:30:59+00:00
art/slideshows/album1/T07/T07_12.webp	638884	2026-04-29T00:30:56+00:00
art/slideshows/album5/T28/sih_t28_f04.webp	638618	2026-05-07T16:51:10+00:00
art/rooms/mystery-states/engineering_core_initial.webp	638258	2026-04-30T23:37:08+00:00
art/slideshows/album5/T28/sih_t28_f20.webp	637816	2026-05-07T16:51:11+00:00
art/slideshows/album5/T15/sih_t15_f02.webp	637496	2026-05-07T16:51:00+00:00
audio/elara/elara.antiquarian-library.hierophants-marginalia-stack.use.lucid.mp3	637013	2026-05-07T01:30:50+00:00
art/slideshows/album5/T28/sih_t28_f10.webp	636834	2026-05-07T16:51:10+00:00
art/slideshows/album5/T24/sih_t24_f17.webp	636464	2026-05-07T16:51:07+00:00
art/slideshows/album5/T04/sih_t04_f07.webp	636446	2026-05-07T16:50:50+00:00
audio/elara/elara.order-tribunal.mol-vereth-audit-ledger.talk.mp3	636177	2026-05-07T01:30:59+00:00
art/portraits/act1/portrait-collector.webp	635788	2026-04-25T18:23:48+00:00
art/slideshows/album1/T18/T18_01.webp	635634	2026-04-29T00:30:58+00:00
art/slideshows/album5/T14/sih_t14_f15.webp	635520	2026-05-07T16:50:59+00:00
art/fighters/warden/warden_portraits.webp	635106	2026-04-22T04:30:10+00:00
art/eidolons/sibyl/sibyl-norm-comp.webp	634864	2026-04-22T04:29:35+00:00
art/eidolons/sibyl/sibyl-dream-asc.webp	634654	2026-04-22T04:29:32+00:00
art/slideshows/album1/T07/T07_11.webp	634308	2026-04-29T00:30:56+00:00
art/rooms/prelude/room-medical-bay.webp	634004	2026-04-26T02:32:35+00:00
art/slideshows/album1/T17/T17_04.webp	633478	2026-04-29T00:30:58+00:00
art/slideshows/album5/T15/sih_t15_f06.webp	633274	2026-05-07T16:51:00+00:00
audio/elara/elara.cipher-den.dictionary-of-edits.use.mp3	633252	2026-05-07T01:30:54+00:00
audio/elara/elara.dreams-workshop.fragment-rack.talk.mp3	632834	2026-05-07T01:30:55+00:00
art/vfx/prelude/iris-hatch-open_closed.webp	632800	2026-04-25T18:24:35+00:00
art/slideshows/album1/T10/T10_11.webp	632776	2026-04-29T00:30:57+00:00
art/slideshows/album5/T08/sih_t08_f05.webp	632694	2026-05-07T16:50:53+00:00
art/slideshows/album1/T06/T06_10.webp	632608	2026-04-29T00:30:56+00:00
art/fighters/wraith_calder/wraith_calder_reactions_victory.webp	632462	2026-04-22T04:30:15+00:00
art/fighters/prisoner/prisoner_portraits.webp	632408	2026-04-22T04:30:07+00:00
audio/elara/elara.antiquarian-library.codas-purpose-shelf.look.luminous.mp3	631162	2026-05-07T01:30:51+00:00
art/fighters/degen/degen_reactions_victory.webp	631074	2026-04-22T04:29:56+00:00
art/slideshows/album1/T22/T22_12.webp	630512	2026-04-29T00:30:59+00:00
art/slideshows/album1/T10/T10_10.webp	629314	2026-04-29T00:30:57+00:00
art/slideshows/album5/T08/sih_t08_f11.webp	628752	2026-05-07T16:50:54+00:00
art/slideshows/album5/T06/sih_t06_f13.webp	628200	2026-05-07T16:50:52+00:00
art/slideshows/album1/T01/T01_11.webp	628136	2026-04-29T00:30:55+00:00
art/fighters/jailer/jailer_portraits.webp	627200	2026-04-22T04:30:02+00:00
art/slideshows/album1/T24/T24_03.webp	627160	2026-04-29T00:31:00+00:00
art/slideshows/album1/T21/T21_03.webp	626684	2026-04-29T00:30:59+00:00
art/slideshows/album1/T29/T29_05.webp	625958	2026-04-29T00:31:01+00:00
art/fighters/iron_lion/iron_lion_idle_movement.webp	624894	2026-04-22T04:30:00+00:00
art/slideshows/album5/T10/sih_t10_f07.webp	624232	2026-05-07T16:50:55+00:00
art/slideshows/album1/T06/T06_07.webp	623852	2026-04-29T00:30:56+00:00
art/opponents/opponent-the-human-young-full.png	623757	2026-04-22T04:30:37+00:00
art/slideshows/album5/T15/sih_t15_f07.webp	623210	2026-05-07T16:51:00+00:00
art/slideshows/album5/T28/sih_t28_f09.webp	622838	2026-05-07T16:51:10+00:00
audio/elara/elara.bridge.diplomacy-table.use.lucid.mp3	622803	2026-05-14T16:47:51+00:00
art/expansions/hierarchy-of-damned/act-exclusives/act5_sector_navigation_charm.webp	621942	2026-04-28T02:08:18+00:00
art/slideshows/album1/T02/T02_14.webp	621754	2026-04-29T00:30:55+00:00
art/slideshows/album1/T25/T25_06.webp	621732	2026-04-29T00:31:00+00:00
art/eidolons/auros/auros-norm-comp.webp	621206	2026-04-22T04:29:18+00:00
art/slideshows/album1/T11/T11_14.webp	620134	2026-04-29T00:30:57+00:00
art/fighters/source/source_attacks_specials.webp	620092	2026-04-22T04:30:08+00:00
art/slideshows/album5/bg/sih_bg_wisdom.webp	619972	2026-05-07T16:51:18+00:00
art/slideshows/album1/T13/T13_11.webp	619044	2026-04-29T00:30:58+00:00
audio/elara/ask_elara_path_a_b_c.mp3	618623	2026-05-07T01:30:46+00:00
art/slideshows/album1/T15/T15_11.webp	618536	2026-04-29T00:30:58+00:00
art/expansions/hierarchy-of-damned/interns/s2_hierarchy_intn_document_reviewer.webp	617150	2026-04-28T02:08:18+00:00
art/slideshows/album1/T25/T25_01.webp	616726	2026-04-29T00:31:00+00:00
art/slideshows/album1/T07/T07_00_title.webp	616432	2026-04-29T00:30:56+00:00
art/rooms/prelude/room-briefing-room.webp	616256	2026-04-26T02:32:34+00:00
audio/elara/elara.cipher-den.encrypted-correspondence.talk.lucid.mp3	616115	2026-05-07T01:30:53+00:00
art/slideshows/album5/T08/sih_t08_f02.webp	615540	2026-05-07T16:50:53+00:00
art/slideshows/album5/T28/sih_t28_f14.webp	615062	2026-05-07T16:51:10+00:00
art/fighters/warden/warden_attacks_specials.webp	614948	2026-04-22T04:30:10+00:00
audio/elara/elara.antiquarian-library.card-catalog.talk.lucid.mp3	614862	2026-05-07T01:30:50+00:00
art/slideshows/album5/T24/sih_t24_f16.webp	614318	2026-05-07T16:51:07+00:00
art/fighters/akai_shi/akai_shi_attacks_specials.webp	614092	2026-04-22T04:29:50+00:00
art/slideshows/album1/T12/T12_09.webp	613804	2026-04-29T00:30:57+00:00
art/slideshows/album5/T26/sih_t26_f18.webp	613630	2026-05-07T16:51:09+00:00
art/opponents/opponent-kael-full.png	613357	2026-04-22T04:30:37+00:00
art/slideshows/album1/T03/T03_11.webp	612998	2026-04-29T00:30:55+00:00
audio/elara/elara.captains-quarters.vex-workshop-diary.talk.lucid.mp3	612772	2026-05-07T01:30:53+00:00
audio/encounters/emissary/emissary.pres.elara_warning.mp3	612772	2026-05-08T20:25:19+00:00
audio/acts/act-2/act-2-intro.mp3	611891	2026-04-24T03:22:23+00:00
art/slideshows/album5/narrators/sih_antiq_warn.webp	611518	2026-05-11T01:29:46+00:00
art/portraits/act1/portrait-degen.webp	611282	2026-04-25T18:23:50+00:00
art/slideshows/album1/T04/T04_07.webp	611190	2026-04-29T00:30:55+00:00
art/slideshows/album1/T07/T07_19.webp	610318	2026-04-29T00:30:56+00:00
audio/elara/elara.elemental-nexus.node-pillar.look.luminous.mp3	609428	2026-05-01T07:35:57+00:00
art/slideshows/album5/T26/sih_t26_f15.webp	608902	2026-05-07T16:51:10+00:00
art/slideshows/album1/T07/T07_16.webp	608616	2026-04-29T00:30:56+00:00
art/slideshows/album5/T08/sih_t08_f12.webp	608450	2026-05-07T16:50:54+00:00
art/slideshows/album1/T05/T05_01.webp	608346	2026-04-29T00:30:56+00:00
art/slideshows/album5/T18/sih_t18_f10.webp	608304	2026-05-07T16:51:02+00:00
audio/elara/elara.antiquarian-library.card-catalog.use.lucid.mp3	608174	2026-05-07T01:30:50+00:00
audio/elara/elara.antiquarian-library.velkraals-correspondence-folio.look.lucid.mp3	607338	2026-05-07T01:30:51+00:00
audio/episodes/celebration_c9_the_match/celebration_c9_scene_4_the_goggles/7.mp3	607338	2026-05-08T20:25:25+00:00
art/slideshows/album1/T23/T23_23.webp	607152	2026-04-29T00:31:00+00:00
art/rooms/mystery-states/observation_deck_initial.webp	607106	2026-04-30T23:37:09+00:00
audio/elara/ask_elara_three_kaels.mp3	606084	2026-05-07T01:30:46+00:00
audio/elara/elara.oracle-sanctum.seers-recording-cabinet.use.luminous.mp3	606084	2026-05-07T01:30:58+00:00
art/cards/dreamer/vision_anchor.webp	605808	2026-05-20T01:32:16+00:00
art/slideshows/album5/T06/sih_t06_f08.webp	605490	2026-05-07T16:50:52+00:00
art/slideshows/album5/T12/sih_t12_f14.webp	605048	2026-05-07T16:50:57+00:00
art/fighters/jailer/jailer_attacks_specials.webp	604550	2026-04-22T04:30:02+00:00
art/slideshows/album1/T01/T01_15.webp	604320	2026-04-29T00:30:55+00:00
art/expansions/hierarchy-of-damned/interns/s2_hierarchy_intn_slack_reactor.webp	604052	2026-04-28T02:08:18+00:00
art/rooms/species/the_elemental_forge_initial.webp	603954	2026-04-30T23:37:09+00:00
art/slideshows/album1/T01/T01_14.webp	602068	2026-04-29T00:30:55+00:00
art/slideshows/album5/T19/sih_t19_f07.webp	601976	2026-05-07T16:51:03+00:00
art/specimens/glyph-companion.webp	601956	2026-04-22T04:31:10+00:00
art/slideshows/album1/T19/T19_14.webp	601486	2026-04-29T00:30:59+00:00
art/opponents/opponent-the-eyes-full.png	601322	2026-04-22T04:30:37+00:00
page-backgrounds/SET-001_system-terminal.jpg	600429	2026-05-19T23:22:55+00:00
art/slideshows/album5/T30/sih_t30_f06.webp	600222	2026-05-07T16:51:12+00:00
art/slideshows/album1/T25/T25_02.webp	599752	2026-04-29T00:31:00+00:00
art/fighters/source/source_portraits.webp	599672	2026-04-22T04:30:08+00:00
audio/elara/elara.antiquarian-library.velkraals-correspondence-folio.use.luminous.mp3	599397	2026-05-07T01:30:51+00:00
art/rooms/species/probability_chamber_initial.webp	597838	2026-04-30T23:37:09+00:00
audio/elara/elara.antiquarian-library.card-catalog.use.luminous.mp3	597725	2026-05-07T01:30:50+00:00
art/slideshows/album5/T25/sih_t25_f04.webp	597622	2026-05-07T16:51:08+00:00
art/slideshows/album1/T12/T12_06.webp	596804	2026-04-29T00:30:57+00:00
art/portraits/act1/portrait-enigma.webp	596374	2026-04-25T18:23:53+00:00
audio/elara/elara.antiquarian-library.antiquarian-bust.use.luminous.mp3	596053	2026-05-07T01:30:49+00:00
audio/elara/elara.comms-array.radio-console.look.t1.luminous.mp3	596053	2026-04-30T05:22:12+00:00
art/battlefields/act1/bf-garden-ruins.webp	596024	2026-04-25T18:22:15+00:00
art/slideshows/album1/T14/T14_05.webp	596014	2026-04-29T00:30:58+00:00
art/cutscenes/act1/act1-arena-challenge_end.webp	595894	2026-04-25T18:22:53+00:00
art/slideshows/album1/T24/T24_02.webp	595860	2026-04-29T00:31:00+00:00
audio/elara/elara.antiquarian-library.insurgency-witness-roster.talk.mp3	595635	2026-05-07T01:30:50+00:00
audio/human/detective.comms-array.radio-console.look.t2.balanced.mp3	595635	2026-04-30T05:22:32+00:00
art/slideshows/album1/T15/T15_13.webp	595260	2026-04-29T00:30:58+00:00
audio/romance/vex/vex.romance.s5.act7_dedication.mp3	594799	2026-05-08T20:25:35+00:00
audio/elara/elara.antiquarian-library.insurgency-witness-roster.use.lucid.mp3	593964	2026-05-07T01:30:50+00:00
audio/elara/elara.oracle-sanctum.seers-recording-cabinet.talk.luminous.mp3	593964	2026-05-07T01:30:58+00:00
art/prelude/last-words-tease/slide-4.webp	593938	2026-04-22T04:30:52+00:00
art/slideshows/album1/T14/T14_11.webp	593576	2026-04-29T00:30:58+00:00
art/slideshows/album5/narrators/sih_antiq_wry.webp	593360	2026-05-11T01:29:47+00:00
art/slideshows/album5/T14/sih_t14_f11.webp	593310	2026-05-07T16:50:59+00:00
art/slideshows/album5/T02/sih_t02_f22.webp	593170	2026-05-07T16:50:49+00:00
art/slideshows/album1/T12/T12_13.webp	593050	2026-04-29T00:30:58+00:00
art/eidolons/cog/cog-hier-comp.webp	592942	2026-04-22T04:29:23+00:00
audio/elara/elara.oracle-sanctum.seers-recording-cabinet.look.luminous.mp3	592710	2026-05-07T01:30:58+00:00
art/cards/neutral/the_sworn_pen.webp	592698	2026-05-20T01:32:56+00:00
art/rooms/act1/room-market-square.webp	591994	2026-04-25T18:24:14+00:00
art/slideshows/album5/T34/sih_t34_f12.webp	591518	2026-05-07T16:51:15+00:00
art/slideshows/album1/T03/T03_15.webp	591314	2026-04-29T00:30:55+00:00
art/slideshows/album1/T11/T11_09.webp	591212	2026-04-29T00:30:57+00:00
art/slideshows/album1/T20/T20_05.webp	590960	2026-04-29T00:30:59+00:00
characters/iron_lion/viseme.avif	590787	2026-04-25T01:51:02+00:00
art/slideshows/album5/T34/sih_t34_f21.webp	589704	2026-05-07T16:51:16+00:00
art/slideshows/album5/T14/sih_t14_f08.webp	589556	2026-05-07T16:50:58+00:00
art/rooms/mystery-states/archives_tier_fluent.webp	589400	2026-04-30T23:37:08+00:00
art/rooms/mystery-states/engineering_edited_schematics.webp	589364	2026-04-30T23:37:08+00:00
art/slideshows/album5/T12/sih_t12_f13.webp	589014	2026-05-07T16:50:57+00:00
art/slideshows/album5/T06/sih_t06_f22.webp	588778	2026-05-07T16:50:52+00:00
page-backgrounds/CDX-001_archive-room.jpg	588097	2026-05-19T23:22:56+00:00
art/slideshows/album5/T12/sih_t12_f20.webp	587788	2026-05-07T16:50:57+00:00
art/fighters/jailer/jailer_reactions_victory.webp	587564	2026-04-22T04:30:03+00:00
audio/elara/elara.antiquarian-library.locked-vault.talk.lucid.mp3	587276	2026-05-07T01:30:51+00:00
art/cards/act1/card-trap.webp	587234	2026-04-25T18:22:50+00:00
art/slideshows/album1/T13/T13_03.webp	586794	2026-04-29T00:30:58+00:00
art/slideshows/album1/T23/T23_06.webp	586604	2026-04-29T00:30:59+00:00
art/slideshows/album5/narrators/sih_antiq_grief.webp	586330	2026-05-11T01:29:44+00:00
art/rooms/prelude/room-comms-array.webp	585866	2026-04-26T02:32:34+00:00
art/fighters/jailer/jailer_idle_movement.webp	585532	2026-04-22T04:30:02+00:00
art/slideshows/album1/T10/T10_08.webp	585480	2026-04-29T00:30:57+00:00
audio/elara/elara.antiquarian-library.hierophants-marginalia-stack.use.luminous.mp3	585186	2026-05-07T01:30:50+00:00
art/slideshows/album1/T16/T16_03.webp	585118	2026-04-29T00:30:58+00:00
art/slideshows/album1/T07/T07_20.webp	585098	2026-04-29T00:30:56+00:00
art/slideshows/album5/T08/sih_t08_f07.webp	585072	2026-05-07T16:50:53+00:00
art/slideshows/album1/T14/T14_06.webp	584566	2026-04-29T00:30:58+00:00
art/slideshows/album1/T12/T12_12.webp	583922	2026-04-29T00:30:58+00:00
art/slideshows/album1/T08/T08_03.webp	582854	2026-04-29T00:30:56+00:00
art/slideshows/album1/T27/T27_01.webp	582582	2026-04-29T00:31:00+00:00
art/special-maps/special-matrix-sorting-arena.webp	581748	2026-04-22T04:31:08+00:00
art/rooms/mystery-states/archives_corrupted.webp	581596	2026-04-30T23:37:07+00:00
audio/elara/elara.antiquarian-library.hierophants-marginalia-stack.talk.luminous.mp3	581425	2026-05-07T01:30:51+00:00
audio/romance/elara/elara.romance.s3.fork.mp3	581425	2026-05-08T20:25:33+00:00
art/fighters/collector/collector_portraits.webp	581394	2026-04-22T04:29:54+00:00
art/expansions/hierarchy-of-damned/analysts/s2_hierarchy_anl_risk_modeler.webp	581140	2026-04-28T02:08:18+00:00
art/slideshows/album1/T01/T01_12.webp	580690	2026-04-29T00:30:55+00:00
art/slideshows/album1/T28/T28_20.webp	580682	2026-04-29T00:31:01+00:00
art/slideshows/album1/T07/T07_24.webp	580660	2026-04-29T00:30:56+00:00
audio/elara/elara.war-room.signal-flag-rack.talk.mp3	579753	2026-05-07T01:31:01+00:00
art/slideshows/album5/T15/sih_t15_f10.webp	579614	2026-05-07T16:51:00+00:00
art/slideshows/album1/T23/T23_15.webp	579576	2026-04-29T00:31:00+00:00
audio/elara/elara.war-room.signal-flag-rack.look.luminous.mp3	579335	2026-05-01T07:36:00+00:00
art/rooms/panopticon_core/baseline.webp	579092	2026-05-20T01:34:15+00:00
art/slideshows/album5/T26/sih_t26_f11.webp	578694	2026-05-07T16:51:09+00:00
art/slideshows/album1/T23/T23_01.webp	578546	2026-04-29T00:30:59+00:00
audio/romance/elara/elara.romance.s5.devotion.mp3	578499	2026-05-08T20:25:33+00:00
art/slideshows/album1/T09/T09_09.webp	578402	2026-04-29T00:30:57+00:00
art/fighters/degen/degen_portraits.webp	577706	2026-04-22T04:29:55+00:00
audio/prince/prince_beat_e_toy_soldier.mp3	577663	2026-04-22T04:34:48+00:00
art/slideshows/album5/T08/sih_t08_f08.webp	577332	2026-05-07T16:50:53+00:00
art/slideshows/album5/T36/sih_t36_f06.webp	576676	2026-05-07T16:51:16+00:00
art/slideshows/album1/T29/T29_00_title.webp	576486	2026-04-29T00:31:01+00:00
art/cards/act1/card-heal.webp	576238	2026-04-25T18:22:24+00:00
art/slideshows/album5/T09/sih_t09_f02.webp	575874	2026-05-07T16:50:54+00:00
art/slideshows/album1/T08/T08_10.webp	575860	2026-04-29T00:30:57+00:00
art/slideshows/album1/T24/T24_06.webp	575534	2026-04-29T00:31:00+00:00
art/slideshows/album1/T16/T16_01.webp	575206	2026-04-29T00:30:58+00:00
art/rooms/mystery-states/bridge_annotations_visible.webp	575146	2026-04-30T23:37:07+00:00
art/expansions/hierarchy-of-damned/managers/s2_hierarchy_mgr_vendor_mgmt_wraith.webp	574592	2026-04-28T02:08:19+00:00
art/cards/act1/card-poison.webp	574584	2026-04-25T18:22:39+00:00
audio/sfx/card-game/trigger_oncast.mp3	574275	2026-05-10T20:25:39+00:00
art/slideshows/album1/T26/T26_01.webp	573848	2026-04-29T00:31:00+00:00
art/slideshows/album5/T26/sih_t26_f16.webp	572924	2026-05-07T16:51:09+00:00
art/portraits/act1/portrait-elara.webp	572498	2026-04-25T18:23:52+00:00
art/slideshows/album5/T02/sih_t02_f25.webp	572196	2026-05-07T16:50:49+00:00
audio/elara/elara.oracle-sanctum.prophecy-tablet.use.luminous.mp3	571812	2026-05-07T01:30:59+00:00
audio/elara/elara.synthesis-chamber.recipe-board.look.luminous.mp3	571812	2026-05-01T07:36:00+00:00
art/battlefields/act1/bf-ship-corridor.webp	571514	2026-04-25T18:22:16+00:00
art/slideshows/album1/T23/T23_25.webp	571432	2026-04-29T00:31:00+00:00
art/slideshows/album1/T02/T02_02.webp	571102	2026-04-29T00:30:55+00:00
audio/elara/elara.comms-array.egg-signal.use.luminous.mp3	570976	2026-05-07T01:30:55+00:00
art/cards/act1/card-strike.webp	570532	2026-04-25T18:22:48+00:00
art/slideshows/album1/T10/T10_13.webp	569538	2026-04-29T00:30:57+00:00
art/slideshows/album1/T12/T12_11.webp	569438	2026-04-29T00:30:58+00:00
audio/episodes/mechronis_m1_choric_compliance/mechronis_m1_scene_1_the_lectern/0.mp3	569304	2026-05-08T20:25:26+00:00
audio/romance/vex/vex.romance.s3.found_open.mp3	569304	2026-05-08T20:25:35+00:00
art/slideshows/album5/T06/sih_t06_f27.webp	568574	2026-05-07T16:50:53+00:00
art/slideshows/album5/T22/sih_t22_f12.webp	568020	2026-05-07T16:51:05+00:00
art/rooms/mystery-states/commsarray_static_haunted.webp	567820	2026-04-30T23:37:08+00:00
art/slideshows/album1/T12/T12_14.webp	567662	2026-04-29T00:30:58+00:00
art/slideshows/album5/T28/sih_t28_f03.webp	567118	2026-05-07T16:51:10+00:00
art/slideshows/album1/T27/T27_00_title.webp	566910	2026-04-29T00:31:00+00:00
art/slideshows/album5/T20/sih_t20_f03.webp	566898	2026-05-07T16:51:03+00:00
art/slideshows/album5/T04/sih_t04_f14.webp	566858	2026-05-07T16:50:50+00:00
art/specimens/flicker-companion.png	566548	2026-04-22T04:31:09+00:00
art/eidolons/cog/cog-hier-asc.webp	566446	2026-04-22T04:29:23+00:00
audio/elara/elara.station-dock.codas-trading-floor.use.luminous.mp3	565960	2026-05-07T01:31:00+00:00
art/cards/antiquarian/relic_archive.webp	565906	2026-05-20T01:31:57+00:00
audio/romance/locke/locke.romance.s3.path_c_betrayal.mp3	565124	2026-05-08T20:25:34+00:00
art/slideshows/album5/narrators/sih_antiq_archive.webp	564968	2026-05-11T01:29:41+00:00
art/eidolons/toxis/toxis-hier-asc.webp	564932	2026-04-22T04:29:39+00:00
art/fighters/meme/meme_idle_movement.webp	564616	2026-04-22T04:30:04+00:00
art/slideshows/album5/T12/sih_t12_f17.webp	564378	2026-05-07T16:50:57+00:00
art/slideshows/album1/T06/T06_01.webp	563830	2026-04-29T00:30:56+00:00
art/slideshows/album5/narrators/sih_antiq_awe.webp	563614	2026-05-11T01:29:42+00:00
audio/elara/elara.antiquarian-library.velkraals-correspondence-folio.use.lucid.mp3	563453	2026-05-07T01:30:51+00:00
art/vfx/prelude/human-palm-frost_end.webp	563090	2026-04-25T18:24:31+00:00
art/slideshows/album1/T19/T19_11.webp	562780	2026-04-29T00:30:59+00:00
art/slideshows/album5/T18/sih_t18_f20.webp	562388	2026-05-07T16:51:03+00:00
art/fighters/source/source_idle_movement.webp	561248	2026-04-22T04:30:08+00:00
art/slideshows/album1/T29/T29_07.webp	560884	2026-04-29T00:31:01+00:00
art/slideshows/album5/T34/sih_t34_f05.webp	560666	2026-05-07T16:51:15+00:00
art/slideshows/album5/T32/sih_t32_f16.webp	560614	2026-05-07T16:51:14+00:00
art/slideshows/album1/T28/T28_10.webp	560538	2026-04-29T00:31:01+00:00
audio/elara/elara.archives.data-banks.look.t4.luminous.mp3	560527	2026-04-30T05:22:01+00:00
audio/elara/elara.oracle-sanctum.seers-recording-cabinet.look.lucid.mp3	560527	2026-05-07T01:31:01+00:00
art/slideshows/album1/T06/T06_04.webp	560462	2026-04-29T00:30:56+00:00
audio/elara/elara.oracle-sanctum.prophecy-tablet.talk.luminous.mp3	559691	2026-05-07T01:30:58+00:00
art/slideshows/album5/T08/sih_t08_f09.webp	558130	2026-05-07T16:50:53+00:00
audio/elara/elara.bridge.diplomacy-table.talk.luminous.mp3	557601	2026-05-14T16:47:51+00:00
art/slideshows/album5/T08/sih_t08_f04.webp	557584	2026-05-07T16:50:53+00:00
art/slideshows/album1/T19/T19_04.webp	557566	2026-04-29T00:30:59+00:00
art/slideshows/album1/T18/T18_02.webp	557188	2026-04-29T00:30:58+00:00
art/expansions/hierarchy-of-damned/directors/s2_hierarchy_dir_jira_ghoul.webp	557184	2026-04-28T02:08:18+00:00
art/keyframes/awakening/element_quarchon_end.webp	556602	2026-04-27T03:10:28+00:00
audio/elara/elara.archives.indigo-glow-lectern.look.lucid.mp3	555929	2026-05-01T07:35:56+00:00
art/trade-empire/sectors/sector_empire_frontier.webp	555844	2026-04-28T02:08:17+00:00
art/slideshows/album1/T04/T04_01.webp	555818	2026-04-29T00:30:55+00:00
art/eidolons/sibyl/sibyl-hier-comp.webp	555624	2026-04-22T04:29:34+00:00
art/slideshows/album1/T09/T09_11.webp	554832	2026-04-29T00:30:57+00:00
art/slideshows/album5/T08/sih_t08_f10.webp	554460	2026-05-07T16:50:53+00:00
art/eidolons/cog/cog-scar-comp.webp	553984	2026-04-22T04:29:26+00:00
audio/romance/locke/locke.romance.s5.devotion.mp3	553839	2026-05-08T20:25:34+00:00
art/slideshows/album1/T07/T07_18.webp	553782	2026-04-29T00:30:56+00:00
art/slideshows/album1/T08/T08_07.webp	553406	2026-04-29T00:30:57+00:00
art/slideshows/album1/T27/T27_20.webp	553376	2026-04-29T00:31:01+00:00
audio/elara/elara.archives.data-banks.look.t2.luminous.mp3	552586	2026-04-30T05:22:01+00:00
audio/elara/elara.captains-quarters.vex-workshop-diary.look.lucid.mp3	552586	2026-05-07T01:30:53+00:00
audio/encounters/reckoning/reckoning.assign.human_warns.mp3	552586	2026-05-08T20:25:19+00:00
art/slideshows/album5/T26/sih_t26_f10.webp	552042	2026-05-07T16:51:08+00:00
art/slideshows/album1/T11/T11_15.webp	551588	2026-04-29T00:30:57+00:00
art/slideshows/album1/T03/T03_03.webp	551304	2026-04-29T00:30:55+00:00
art/slideshows/album1/T01/T01_07_frame2_2.webp	551242	2026-04-29T00:30:55+00:00
art/expansions/hierarchy-of-damned/analysts/s2_hierarchy_anl_tax_compliance.webp	550966	2026-04-28T02:08:18+00:00
art/slideshows/album1/T16/T16_08.webp	550668	2026-04-29T00:30:58+00:00
art/fighters/white_oracle/white_oracle_attacks_specials.webp	550400	2026-04-22T04:30:13+00:00
art/fighters/human/human_reactions_victory.webp	547976	2026-04-22T04:30:00+00:00
art/slideshows/album1/T05/T05_07.webp	547850	2026-04-29T00:30:56+00:00
art/slideshows/album1/T15/T15_08.webp	547158	2026-04-29T00:30:58+00:00
art/slideshows/album5/narrators/sih_antiq_dread.webp	547128	2026-05-11T01:29:44+00:00
art/slideshows/album5/T24/sih_t24_f03.webp	547002	2026-05-07T16:51:06+00:00
art/slideshows/album5/T30/sih_t30_f13.webp	546784	2026-05-07T16:51:13+00:00
audio/elara/elara.oracle-sanctum.incense-brazier.talk.luminous.mp3	546316	2026-05-07T01:30:57+00:00
art/expansions/hierarchy-of-damned/interns/s2_hierarchy_intn_data_entry_drone.webp	546258	2026-04-28T02:08:18+00:00
art/slideshows/album5/T24/sih_t24_f25.webp	545972	2026-05-07T16:51:07+00:00
art/slideshows/album1/T26/T26_12.webp	545922	2026-04-29T00:31:00+00:00
art/slideshows/album5/T10/sih_t10_f16.webp	545446	2026-05-07T16:50:56+00:00
art/fighters/agent_zero/agent_zero_portraits.webp	545376	2026-04-22T04:29:48+00:00
art/slideshows/album5/T17/sih_t17_f08.webp	545180	2026-05-07T16:51:01+00:00
audio/elara/elara.cipher-den.rosetta-pad.talk.lucid.mp3	545062	2026-05-07T01:30:53+00:00
art/slideshows/album5/T12/sih_t12_f08.webp	544904	2026-05-07T16:50:57+00:00
art/slideshows/album5/narrators/sih_antiq_neutral.webp	544814	2026-05-11T01:29:45+00:00
art/slideshows/album5/T26/sih_t26_f07.webp	544692	2026-05-07T16:51:09+00:00
art/battlefields/act1/bf-tavern-brawl.webp	543932	2026-04-25T18:22:12+00:00
art/slideshows/album5/T02/sih_t02_f06.webp	543854	2026-05-07T16:50:48+00:00
art/slideshows/album5/T16/sih_t16_f09.webp	543640	2026-05-07T16:51:01+00:00
art/slideshows/album5/T33/sih_t33_f04.webp	543494	2026-05-07T16:51:15+00:00
art/slideshows/album5/T16/sih_t16_f05.webp	543090	2026-05-07T16:51:00+00:00
art/slideshows/album1/T22/T22_09.webp	543056	2026-04-29T00:30:59+00:00
art/fighters/akai_shi/akai_shi_reactions_victory.webp	542474	2026-04-22T04:29:50+00:00
art/slideshows/album5/T26/sih_t26_f05.webp	542010	2026-05-07T16:51:08+00:00
art/eidolons/sibyl/sibyl-dream-comp.webp	541448	2026-04-22T04:29:32+00:00
art/slideshows/album1/T28/T28_11.webp	541220	2026-04-29T00:31:01+00:00
art/fighters/degen/degen_attacks_specials.webp	540676	2026-04-22T04:29:55+00:00
art/slideshows/album1/T19/T19_09.webp	540216	2026-04-29T00:30:59+00:00
audio/elara/elara.antiquarian-library.codas-purpose-shelf.use.lucid.mp3	539629	2026-05-07T01:30:51+00:00
audio/elara/elara.cipher-den.encrypted-correspondence.talk.luminous.mp3	539211	2026-05-07T01:30:54+00:00
art/slideshows/album5/T06/sih_t06_f14.webp	539122	2026-05-07T16:50:52+00:00
art/slideshows/album1/T05/T05_12.webp	538658	2026-04-29T00:30:56+00:00
art/slideshows/album5/T30/sih_t30_f03.webp	538466	2026-05-07T16:51:12+00:00
art/slideshows/album1/T09/T09_08.webp	538362	2026-04-29T00:30:57+00:00
art/slideshows/album5/T06/sih_t06_f26.webp	538334	2026-05-07T16:50:52+00:00
art/expansions/hierarchy-of-damned/directors/s2_hierarchy_dir_q4_ritualist.webp	537582	2026-04-28T02:08:18+00:00
art/slideshows/album5/T36/sih_t36_f13.webp	537178	2026-05-07T16:51:17+00:00
art/fighters/white_oracle/white_oracle_idle_movement.webp	536882	2026-04-22T04:30:13+00:00
art/slideshows/album1/T08/T08_05.webp	536802	2026-04-29T00:30:57+00:00
art/slideshows/album5/T28/sih_t28_f02.webp	536158	2026-05-07T16:51:10+00:00
art/fighters/warden/warden_reactions_victory.webp	535598	2026-04-22T04:30:10+00:00
art/fighters/collector/collector_basic_attacks.webp	535536	2026-04-22T04:29:53+00:00
audio/elara/elara.captains-quarters.vex-workshop-diary.look.luminous.mp3	535449	2026-05-07T01:30:53+00:00
art/slideshows/album5/T24/sih_t24_f20.webp	535428	2026-05-07T16:51:07+00:00
art/fighters/meme/meme_attacks_specials.webp	535324	2026-04-22T04:30:03+00:00
art/slideshows/album5/T20/sih_t20_f19.webp	535266	2026-05-07T16:51:04+00:00
art/slideshows/album5/T29/sih_t29_f06.webp	534374	2026-05-07T16:51:12+00:00
art/slideshows/album5/T02/sih_t02_f16.webp	534336	2026-05-07T16:50:49+00:00
art/slideshows/album5/T26/sih_t26_f20.webp	534242	2026-05-07T16:51:09+00:00
art/slideshows/album1/T10/T10_12.webp	534038	2026-04-29T00:30:57+00:00
art/fighters/warden/warden_idle_movement.webp	533786	2026-04-22T04:30:10+00:00
art/slideshows/album1/T07/T07_04.webp	532830	2026-04-29T00:30:56+00:00
art/slideshows/album5/T32/sih_t32_f08.webp	532664	2026-05-07T16:51:14+00:00
art/cards/act1/card-back.webp	532606	2026-04-25T18:22:20+00:00
audio/elara/elara.war-room.holo-table.look.luminous.mp3	532524	2026-05-01T07:36:00+00:00
audio/encounters/rlyeh/rlyeh.entry.elara_warning.mp3	532524	2026-05-08T20:25:19+00:00
art/slideshows/album1/T23/T23_04.webp	532178	2026-04-29T00:30:59+00:00
art/slideshows/album1/T01/T01_09_frame2_4.webp	531666	2026-04-29T00:30:55+00:00
art/slideshows/album5/T06/sih_t06_f06.webp	531610	2026-05-07T16:50:51+00:00
art/cutscenes/prelude/beat-c-engineering_start.webp	531390	2026-04-25T18:23:16+00:00
art/slideshows/album1/T01/T01_01_frame1_1.webp	531322	2026-04-29T00:30:54+00:00
art/slideshows/album1/T19/T19_05.webp	530900	2026-04-29T00:30:59+00:00
art/slideshows/album5/T14/sih_t14_f17.webp	530494	2026-05-07T16:50:59+00:00
art/slideshows/album1/T18/T18_05.webp	530374	2026-04-29T00:30:59+00:00
art/slideshows/album1/T18/T18_06.webp	530098	2026-04-29T00:30:59+00:00
art/slideshows/album5/T25/sih_t25_f05.webp	529426	2026-05-07T16:51:08+00:00
art/slideshows/album1/T05/T05_00_title.webp	528972	2026-04-29T00:30:56+00:00
art/slideshows/album5/T21/sih_t21_f04.webp	528946	2026-05-07T16:51:04+00:00
audio/elara/elara.antiquarian-library.card-catalog.talk.luminous.mp3	528762	2026-05-07T01:30:50+00:00
audio/elara/elara.archives.unnameable-hue-cabinet.look.luminous.mp3	528762	2026-05-01T07:35:56+00:00
art/slideshows/album1/T04/T04_13.webp	528574	2026-04-29T00:30:56+00:00
art/slideshows/album5/T06/sih_t06_f25.webp	528492	2026-05-07T16:50:52+00:00
art/slideshows/album1/T19/T19_15.webp	528428	2026-04-29T00:30:59+00:00
art/slideshows/album5/T34/sih_t34_f08.webp	528168	2026-05-07T16:51:15+00:00
audio/elara/elara.antiquarian-library.insurgency-witness-roster.look.luminous.mp3	527926	2026-05-07T01:30:51+00:00
art/slideshows/album5/T06/sih_t06_f23.webp	527754	2026-05-07T16:50:52+00:00
art/slideshows/album1/T04/T04_14.webp	527752	2026-04-29T00:30:56+00:00
art/slideshows/album1/T28/T28_08.webp	527444	2026-04-29T00:31:01+00:00
audio/elara/elara.cipher-den.rosetta-pad.talk.luminous.mp3	527090	2026-05-07T01:30:54+00:00
audio/elara/elara.cipher-den.uncorruption-bench.look.luminous.mp3	527090	2026-05-07T01:30:54+00:00
audio/elara/elara.comms-array.static-screen.use.lucid.mp3	527090	2026-05-07T01:30:54+00:00
art/eidolons/toxis/toxis-scar-comp.webp	527040	2026-04-22T04:29:42+00:00
art/slideshows/album1/T07/T07_03.webp	526648	2026-04-29T00:30:56+00:00
art/eidolons/cog/cog-norm-comp.webp	526448	2026-04-22T04:29:24+00:00
art/slideshows/album5/T22/sih_t22_f09.webp	526350	2026-05-07T16:51:05+00:00
art/slideshows/album5/T29/sih_t29_f07.webp	526218	2026-05-07T16:51:12+00:00
audio/elara/elara.captains-quarters.cat-photo.look.t3.luminous.mp3	525836	2026-04-30T05:22:09+00:00
audio/elara/elara.engineering.blueprints.talk.mp3	525836	2026-05-14T16:47:52+00:00
art/slideshows/album1/T15/T15_10.webp	525562	2026-04-29T00:30:58+00:00
art/fighters/enigma/enigma_basic_attacks.webp	525372	2026-04-22T04:29:57+00:00
audio/human/ask_human_eight_sectors.mp3	525000	2026-05-07T01:31:09+00:00
art/slideshows/album5/T32/sih_t32_f04.webp	524952	2026-05-07T16:51:13+00:00
art/expansions/hierarchy-of-damned/interns/s2_hierarchy_intn_coffee_runner.webp	524722	2026-04-28T02:08:18+00:00
audio/episodes/mechronis_m10_the_final_exam/mechronis_m10_scene_2_kindness_during_victory/0.mp3	524164	2026-05-08T20:25:27+00:00
art/cutscenes/prelude/beat-i-archive_start.webp	524140	2026-04-25T18:23:45+00:00
art/fighters/human/human_portraits.webp	523626	2026-04-22T04:29:58+00:00
art/cutscenes/act1/act1-council-revelation_end.webp	522884	2026-04-25T18:22:55+00:00
audio/elara/elara.social-hub.mess-table.look.luminous.mp3	522075	2026-05-01T07:36:00+00:00
audio/elara/elara.order-tribunal.judges-bench.use.luminous.mp3	521239	2026-05-07T01:30:59+00:00
art/slideshows/album1/T04/T04_03.webp	521046	2026-04-29T00:30:55+00:00
art/eidolons/nyx/nyx-scar-asc.webp	520714	2026-04-22T04:29:31+00:00
art/eidolons/nyx/nyx-norm-asc.webp	520512	2026-04-22T04:29:28+00:00
art/slideshows/album5/T18/sih_t18_f14.webp	520318	2026-05-07T16:51:02+00:00
art/fighters/akai_shi/akai_shi_idle_movement.webp	520108	2026-04-22T04:29:50+00:00
art/slideshows/album1/T15/T15_15.webp	519950	2026-04-29T00:30:58+00:00
art/fighters/meme/meme_reactions_victory.webp	519738	2026-04-22T04:30:04+00:00
art/slideshows/album1/T17/T17_00_title.webp	519730	2026-04-29T00:30:58+00:00
audio/elara/elara.antiquarian-library.locked-vault.use.luminous.mp3	519567	2026-05-07T01:30:51+00:00
audio/encounters/malkia/malkia.s4.elara_notices.mp3	519567	2026-05-08T20:25:19+00:00
art/eidolons/cog/cog-hier-frag.webp	519376	2026-04-22T04:29:23+00:00
art/fighters/warlord/warlord_reactions_victory.webp	518834	2026-04-22T04:30:12+00:00
audio/elara/ask_elara_conexus_fabrication.mp3	518313	2026-05-07T01:30:45+00:00
audio/elara/elara.bridge.shadow-tongue-annotations.talk.luminous.mp3	518313	2026-05-14T16:47:51+00:00
art/slideshows/album1/T20/T20_02.webp	517226	2026-04-29T00:30:59+00:00
art/slideshows/album1/T20/T20_08.webp	516996	2026-04-29T00:30:59+00:00
audio/elara/elara.station-dock.codas-trading-floor.look.lucid.mp3	516641	2026-05-07T01:31:00+00:00
art/slideshows/album5/T22/sih_t22_f14.webp	516406	2026-05-07T16:51:05+00:00
art/slideshows/album1/T20/T20_00_title.webp	516252	2026-04-29T00:30:59+00:00
audio/encounters/rlyeh/rlyeh.res.wake_elara.mp3	515387	2026-05-08T20:25:20+00:00
art/specimens/gilt-ascended.webp	515218	2026-04-22T04:31:09+00:00
art/keyframes/awakening/alignment_question_end.webp	515164	2026-04-27T03:10:28+00:00
art/slideshows/album5/T32/sih_t32_f20.webp	514764	2026-05-07T16:51:14+00:00
audio/elara/elara.station-dock.codas-trading-floor.look.luminous.mp3	514551	2026-05-07T01:31:00+00:00
art/slideshows/album1/T03/T03_17.webp	514504	2026-04-29T00:30:55+00:00
art/cards/neutral/the_watchtowers_eye.webp	514170	2026-05-20T01:33:15+00:00
art/specimens/echo-ascended.png	513831	2026-04-22T04:31:09+00:00
art/slideshows/album5/T25/sih_t25_f07.webp	513096	2026-05-07T16:51:08+00:00
art/slideshows/album1/T19/T19_17.webp	513056	2026-04-29T00:30:59+00:00
art/slideshows/album1/T02/T02_13.webp	512926	2026-04-29T00:30:55+00:00
art/rooms/prelude/room-captains-quarters.webp	512924	2026-04-26T02:32:33+00:00
art/specimens/lux-ascended.webp	512808	2026-04-22T04:31:10+00:00
audio/elara/elara.bridge.tactical-display.look.t2.luminous.mp3	512462	2026-04-30T05:22:07+00:00
audio/elara/elara.cipher-den.vex-seer-pair-binder.use.luminous.mp3	512462	2026-05-07T01:30:54+00:00
art/cutscenes/prelude/beat-d-cargo-bay_start.webp	512298	2026-04-25T18:23:29+00:00
art/slideshows/album5/T06/sih_t06_f18.webp	511950	2026-05-07T16:50:52+00:00
art/slideshows/album1/T28/T28_13.webp	511578	2026-04-29T00:31:01+00:00
art/slideshows/album5/T12/sih_t12_f09.webp	511548	2026-05-07T16:50:57+00:00
art/slideshows/album1/T23/T23_09.webp	511544	2026-04-29T00:30:59+00:00
art/slideshows/album1/T24/T24_09.webp	511362	2026-04-29T00:31:00+00:00
art/slideshows/album5/T02/sih_t02_f08.webp	510954	2026-05-07T16:50:48+00:00
art/slideshows/album5/T21/sih_t21_f07.webp	510512	2026-05-07T16:51:05+00:00
art/expansions/hierarchy-of-damned/interns/s2_hierarchy_intn_print_room_attendant.webp	510422	2026-04-28T02:08:18+00:00
art/slideshows/album5/T02/sih_t02_f26.webp	510398	2026-05-07T16:50:49+00:00
art/slideshows/album5/T08/sih_t08_f13.webp	509968	2026-05-07T16:50:54+00:00
art/slideshows/album1/T22/T22_01.webp	509570	2026-04-29T00:30:59+00:00
audio/human/detective.bridge.diplomacy-table.look.t1.balanced.mp3	509118	2026-04-30T05:22:27+00:00
art/battlefields/act1/bf-market-alley.webp	509082	2026-04-25T18:22:12+00:00
art/slideshows/album5/T20/sih_t20_f11.webp	509012	2026-05-07T16:51:04+00:00
audio/human/ask_human_soul_stones.mp3	508700	2026-05-07T01:31:09+00:00
art/slideshows/album1/T09/T09_13.webp	508610	2026-04-29T00:30:57+00:00
art/slideshows/album1/T20/T20_13.webp	508550	2026-04-29T00:30:59+00:00
art/slideshows/album5/T12/sih_t12_f16.webp	508408	2026-05-07T16:50:57+00:00
art/slideshows/album5/T07/sih_t07_f06.webp	507894	2026-05-07T16:50:53+00:00
art/slideshows/album1/T08/T08_18.webp	507542	2026-04-29T00:30:57+00:00
art/fighters/collector/collector_idle_movement.webp	507378	2026-04-22T04:29:53+00:00
art/slideshows/album5/T20/sih_t20_f05.webp	507376	2026-05-07T16:51:03+00:00
art/slideshows/album5/T16/sih_t16_f17.webp	507046	2026-05-07T16:51:01+00:00
art/slideshows/album1/T28/T28_14.webp	506664	2026-04-29T00:31:01+00:00
art/slideshows/album1/T01/T01_01.webp	506220	2026-04-29T00:30:55+00:00
audio/elara/ask_elara_chess_stakes.mp3	506192	2026-05-07T01:30:45+00:00
art/slideshows/album5/T25/sih_t25_f03.webp	506014	2026-05-07T16:51:08+00:00
art/slideshows/album5/T12/sih_t12_f11.webp	505962	2026-05-07T16:50:57+00:00
art/fighters/white_oracle/white_oracle_reactions_victory.webp	505718	2026-04-22T04:30:14+00:00
art/slideshows/album5/T27/sih_t27_f03.webp	505122	2026-05-07T16:51:09+00:00
art/slideshows/album1/T04/T04_08.webp	504984	2026-04-29T00:30:55+00:00
audio/elara/elara.cipher-den.vex-seer-pair-binder.look.luminous.mp3	504938	2026-05-07T01:30:54+00:00
art/slideshows/album1/T21/T21_04.webp	504158	2026-04-29T00:30:59+00:00
audio/elara/elara.captains-quarters.degens-corner.look.lucid.mp3	504102	2026-05-07T01:30:52+00:00
audio/elara/elara.cryo.cracked-panel.look.t3.luminous.mp3	504102	2026-04-30T05:22:13+00:00
art/celebration/slideshow/celebration_slide_05.webp	504010	2026-04-22T04:29:04+00:00
art/cards/neutral/phoenix_cadre.webp	503946	2026-05-20T01:33:12+00:00
art/slideshows/album5/T02/sih_t02_f19.webp	503658	2026-05-07T16:50:49+00:00
audio/elara/elara.captains-quarters.vex-workshop-diary.talk.luminous.mp3	503266	2026-05-07T01:30:53+00:00
art/slideshows/album5/T26/sih_t26_f17.webp	503032	2026-05-07T16:51:09+00:00
art/fighters/necromancer/necromancer_attacks_specials.webp	502842	2026-04-22T04:30:05+00:00
art/slideshows/album1/T10/T10_00_title.webp	502068	2026-04-29T00:30:57+00:00
art/slideshows/album1/T05/T05_14.webp	502028	2026-04-29T00:30:56+00:00
audio/elara/elara.oracle-sanctum.oracle-pool.talk.lucid.mp3	502013	2026-05-07T01:30:59+00:00
art/slideshows/album1/T02/T02_05.webp	501934	2026-04-29T00:30:55+00:00
art/slideshows/album1/T13/T13_01.webp	501156	2026-04-29T00:30:58+00:00
art/rooms/act1/room-dockyard.webp	500722	2026-04-25T18:24:11+00:00
art/slideshows/album5/T30/sih_t30_f16.webp	500258	2026-05-07T16:51:13+00:00
audio/elara/elara.bridge.shadow-tongue-annotations.look.luminous.mp3	499505	2026-05-01T07:35:56+00:00
art/fighters/warlord/warlord_attacks_specials.webp	499158	2026-04-22T04:30:12+00:00
audio/elara/elara.antiquarian-library.locked-vault.use.lucid.mp3	498251	2026-05-07T01:30:51+00:00
art/fighters/collector/collector_specials_supers.webp	498200	2026-04-22T04:29:55+00:00
audio/elara/elara.archives.data-banks.look.t1.luminous.mp3	497415	2026-04-30T05:22:01+00:00
art/cutscenes/prelude/beat-a5-corridor_end.webp	497006	2026-04-25T18:23:07+00:00
art/slideshows/album1/T01/T01_18.webp	496928	2026-04-29T00:30:55+00:00
audio/elara/elara.archives.rewritten-ledger.look.lucid.mp3	496579	2026-05-01T07:35:56+00:00
art/slideshows/album5/T32/sih_t32_f02.webp	496380	2026-05-07T16:51:13+00:00
art/slideshows/album1/T03/T03_14.webp	496356	2026-04-29T00:30:55+00:00
art/eidolons/toxis/toxis-dream-asc.webp	496270	2026-04-22T04:29:37+00:00
art/slideshows/album5/T13/sih_t13_f10.webp	496254	2026-05-07T16:50:58+00:00
art/slideshows/album5/T31/sih_t31_f02.webp	496090	2026-05-07T16:51:13+00:00
audio/elara/elara.captains-quarters.vex-workshop-diary.use.lucid.mp3	495325	2026-05-07T01:30:53+00:00
art/slideshows/album5/T15/sih_t15_f09.webp	495290	2026-05-07T16:51:00+00:00
art/slideshows/album1/T01/T01_05_frame1_5.webp	494380	2026-04-29T00:30:55+00:00
art/slideshows/album5/T34/sih_t34_f04.webp	494364	2026-05-07T16:51:15+00:00
art/slideshows/album5/T10/sih_t10_f19.webp	494272	2026-05-07T16:50:56+00:00
art/slideshows/album5/T16/sih_t16_f14.webp	493962	2026-05-07T16:51:01+00:00
audio/elara/ask_elara_binary_1047.mp3	492817	2026-05-07T01:30:45+00:00
art/slideshows/album1/T22/T22_07.webp	492808	2026-04-29T00:30:59+00:00
art/slideshows/album1/T29/T29_03.webp	492244	2026-04-29T00:31:01+00:00
art/cutscenes/act1/act1-arena-challenge_start.webp	491672	2026-04-25T18:22:54+00:00
art/fighters/enigma/enigma_portraits.webp	491620	2026-04-22T04:29:57+00:00
art/slideshows/album5/T22/sih_t22_f17.webp	491592	2026-05-07T16:51:05+00:00
art/keyframes/awakening/species_question_end.webp	491462	2026-04-27T03:10:29+00:00
art/eidolons/sibyl/sibyl-norm-asc.webp	491118	2026-04-22T04:29:35+00:00
audio/elara/elara.antiquarian-library.hierophants-marginalia-stack.talk.lucid.mp3	490728	2026-05-07T01:30:52+00:00
audio/elara/elara.oracle-sanctum.seers-recording-cabinet.talk.lucid.mp3	490728	2026-05-07T01:30:58+00:00
audio/romance/locke/locke.romance.s2.partner_offer.mp3	490728	2026-05-08T20:25:33+00:00
art/slideshows/album1/T15/T15_09.webp	490470	2026-04-29T00:30:58+00:00
art/slideshows/album5/narrators/sih_story_grief.webp	490444	2026-05-11T01:29:50+00:00
art/slideshows/album5/T02/sih_t02_f14.webp	490202	2026-05-07T16:50:48+00:00
art/slideshows/album5/T32/sih_t32_f22.webp	489734	2026-05-07T16:51:14+00:00
art/slideshows/album1/T02/T02_01.webp	489666	2026-04-29T00:30:55+00:00
art/slideshows/album5/T32/sih_t32_f19.webp	489102	2026-05-07T16:51:14+00:00
audio/elara/elara.cryo.dead-pod.look.t3.fragmented.mp3	489056	2026-04-30T05:22:14+00:00
art/slideshows/album5/T12/sih_t12_f06.webp	488896	2026-05-07T16:50:56+00:00
art/fighters/degen/degen_idle_movement.webp	488712	2026-04-22T04:29:55+00:00
art/slideshows/album5/T26/sih_t26_f13.webp	488490	2026-05-07T16:51:08+00:00
art/slideshows/album5/T06/sih_t06_f16.webp	488284	2026-05-07T16:50:52+00:00
art/slideshows/album5/T16/sih_t16_f07.webp	487836	2026-05-07T16:51:00+00:00
art/slideshows/album5/T27/sih_t27_f04.webp	487656	2026-05-07T16:51:10+00:00
art/rooms/prelude/room-engineering-bay.webp	487156	2026-04-25T18:24:18+00:00
art/slideshows/album5/T16/sih_t16_f13.webp	486384	2026-05-07T16:51:01+00:00
art/expansions/hierarchy-of-damned/special-editions/secret_act4_witnesses_always_knew.webp	486324	2026-04-28T02:08:19+00:00
art/slideshows/album5/bg/sih_bg_newearth.webp	485788	2026-05-07T16:51:18+00:00
audio/romance/locke/locke.romance.s5.citation.mp3	485712	2026-05-08T20:25:35+00:00
art/trade-empire/sectors/sector_warp_spine_relay.webp	485564	2026-04-24T16:45:25+00:00
art/fighters/enigma/enigma_idle_movement.webp	484266	2026-04-22T04:29:57+00:00
audio/elara/elara.archives.corrupted-scroll-rack.look.lucid.mp3	484040	2026-05-01T07:35:55+00:00
art/fighters/architect/architect_victory_ko_art.webp	483254	2026-04-22T04:29:52+00:00
art/slideshows/album1/T06/T06_05.webp	482828	2026-04-29T00:30:56+00:00
audio/acts/act-4/act-4-intro.mp3	482741	2026-04-24T03:22:24+00:00
art/fighters/wraith_calder/wraith_calder_idle_movement.webp	482500	2026-04-22T04:30:15+00:00
art/slideshows/album5/T20/sih_t20_f09.webp	482404	2026-05-07T16:51:04+00:00
audio/elara/elara.oracle-sanctum.oracle-pool.talk.luminous.mp3	482368	2026-05-07T01:30:57+00:00
art/slideshows/album1/T15/T15_01.webp	482142	2026-04-29T00:30:58+00:00
art/slideshows/album5/T34/sih_t34_f10.webp	481918	2026-05-07T16:51:15+00:00
art/slideshows/album5/T06/sih_t06_f11.webp	481140	2026-05-07T16:50:51+00:00
art/specimens/lux-companion.png	480993	2026-04-22T04:31:10+00:00
art/slideshows/album1/T20/T20_06.webp	480956	2026-04-29T00:30:59+00:00
art/slideshows/album1/T07/T07_07.webp	480600	2026-04-29T00:30:56+00:00
art/slideshows/album1/T17/T17_05.webp	480286	2026-04-29T00:30:58+00:00
art/rooms/mystery-states/war_room_active_conflict.webp	479850	2026-04-30T23:37:08+00:00
art/slideshows/album5/T18/sih_t18_f06.webp	479832	2026-05-07T16:51:02+00:00
art/slideshows/album5/T14/sih_t14_f04.webp	479370	2026-05-07T16:50:58+00:00
art/slideshows/album5/T20/sih_t20_f15.webp	478920	2026-05-07T16:51:04+00:00
art/slideshows/album1/T10/T10_09.webp	478720	2026-04-29T00:30:57+00:00
art/slideshows/album1/T20/T20_07.webp	478360	2026-04-29T00:30:59+00:00
art/fighters/enigma/enigma_specials_reactions_victory.webp	477930	2026-04-22T04:29:58+00:00
art/slideshows/album5/T26/sih_t26_f12.webp	477844	2026-05-07T16:51:09+00:00
art/slideshows/album5/T12/sih_t12_f12.webp	477456	2026-05-07T16:50:57+00:00
art/slideshows/album1/T26/T26_09.webp	477352	2026-04-29T00:31:00+00:00
art/slideshows/album5/T12/sih_t12_f07.webp	477122	2026-05-07T16:50:56+00:00
art/slideshows/album1/T09/T09_03.webp	477066	2026-04-29T00:30:57+00:00
art/slideshows/album5/T32/sih_t32_f07.webp	476264	2026-05-07T16:51:13+00:00
art/fighters/wraith_calder/wraith_calder_attacks_specials.webp	476254	2026-04-22T04:30:15+00:00
art/slideshows/album5/T21/sih_t21_f05.webp	476158	2026-05-07T16:51:04+00:00
art/slideshows/album1/T05/T05_09.webp	475994	2026-04-29T00:30:56+00:00
audio/elara/elara.comms-array.egg-signal.look.lucid.mp3	475681	2026-04-30T05:22:11+00:00
audio/episodes/celebration_c11_the_uncles_verdict/celebration_c11_scene_1_the_breach/0.mp3	475681	2026-05-08T20:25:24+00:00
audio/encounters/reckoning/reckoning.audit.elara_orient.mp3	475263	2026-05-08T20:25:19+00:00
art/slideshows/album5/T16/sih_t16_f10.webp	474566	2026-05-07T16:51:00+00:00
art/slideshows/album5/T20/sih_t20_f04.webp	474536	2026-05-07T16:51:03+00:00
art/fighters/agent_zero/agent_zero_attacks_specials.webp	473850	2026-04-22T04:29:48+00:00
art/slideshows/album1/T04/T04_11.webp	473680	2026-04-29T00:30:55+00:00
art/slideshows/album5/T06/sih_t06_f04.webp	473632	2026-05-07T16:50:51+00:00
audio/elara/elara.antiquarian-library.insurgency-witness-roster.look.lucid.mp3	473591	2026-05-07T01:30:50+00:00
art/slideshows/album5/T04/sih_t04_f12.webp	473494	2026-05-07T16:50:50+00:00
art/slideshows/album1/T02/T02_07.webp	472688	2026-04-29T00:30:55+00:00
art/slideshows/album1/T22/T22_03.webp	472666	2026-04-29T00:30:59+00:00
art/slideshows/album5/T28/sih_t28_f21.webp	472342	2026-05-07T16:51:11+00:00
audio/elara/elara.comms-array.egg-signal.use.lucid.mp3	472337	2026-05-07T01:30:54+00:00
audio/elara/elara.medbay.medical-log.look.t1.luminous.mp3	472337	2026-04-30T05:22:19+00:00
audio/elara/elara.order-tribunal.judges-bench.use.lucid.mp3	472337	2026-05-07T01:30:59+00:00
art/slideshows/album1/T13/T13_04.webp	471634	2026-04-29T00:30:58+00:00
art/slideshows/album1/T26/T26_00_title.webp	471580	2026-04-29T00:31:00+00:00
art/keyframes/awakening/element_demagi_start.webp	471108	2026-04-27T03:10:28+00:00
art/cutscenes/prelude/beat-g-observation_start.webp	470918	2026-04-25T18:23:40+00:00
art/slideshows/album1/T22/T22_06.webp	470772	2026-04-29T00:30:59+00:00
audio/elara/elara.captains-quarters.degens-corner.talk.mp3	470666	2026-05-07T01:30:52+00:00
audio/episodes/celebration_c7_the_patrons_summons/celebration_c7_scene_2_witnessing_choice/0.mp3	470666	2026-05-08T20:25:23+00:00
art/slideshows/album5/narrators/sih_story_broken.webp	470566	2026-05-11T01:29:48+00:00
art/eidolons/auros/auros-scar-comp.webp	470554	2026-04-22T04:29:20+00:00
art/slideshows/album5/T01/sih_t01_f09.webp	470380	2026-05-07T16:50:47+00:00
art/slideshows/album1/T19/T19_13.webp	470304	2026-04-29T00:30:59+00:00
art/slideshows/album5/T16/sih_t16_f11.webp	470104	2026-05-07T16:51:00+00:00
art/slideshows/album1/T12/T12_03.webp	470044	2026-04-29T00:30:57+00:00
art/slideshows/album5/T30/sih_t30_f09.webp	470004	2026-05-07T16:51:12+00:00
art/slideshows/album5/T15/sih_t15_f04.webp	469900	2026-05-07T16:51:00+00:00
art/slideshows/album5/T06/sih_t06_f12.webp	469856	2026-05-07T16:50:51+00:00
audio/elara/elara.observation-deck.bond-resonance-altar.look.luminous.mp3	469830	2026-05-01T07:35:59+00:00
audio/acts/act-4_5/act-4_5-intro.mp3	469576	2026-04-24T03:22:24+00:00
art/slideshows/album1/T02/T02_15.webp	469276	2026-04-29T00:30:55+00:00
art/rooms/prelude/room-corridor.webp	469138	2026-04-26T02:32:34+00:00
art/expansions/hierarchy-of-damned/special-editions/secret_act2_engineers_bench.webp	468982	2026-04-28T02:08:19+00:00
audio/elara/elara.cipher-den.cross-arc-thanks-card.look.lucid.mp3	468576	2026-05-07T01:30:53+00:00
art/slideshows/album5/T35/sih_t35_f06.webp	468352	2026-05-07T16:51:16+00:00
art/slideshows/album5/T34/sih_t34_f09.webp	468350	2026-05-07T16:51:15+00:00
art/slideshows/album1/T28/T28_04.webp	468020	2026-04-29T00:31:01+00:00
art/slideshows/album5/T04/sih_t04_f22.webp	467890	2026-05-07T16:50:50+00:00
audio/elara/elara.antiquarian-library.hierophants-marginalia-stack.look.luminous.mp3	467740	2026-05-07T01:30:50+00:00
art/slideshows/album1/T20/T20_12.webp	467490	2026-04-29T00:30:59+00:00
art/slideshows/album1/T06/T06_09.webp	467442	2026-04-29T00:30:56+00:00
audio/elara/ask_elara_forgiveness.mp3	466904	2026-05-07T01:30:45+00:00
art/slideshows/album1/T02/T02_12.webp	466418	2026-04-29T00:30:55+00:00
art/slideshows/album5/bg/sih_bg_sanctuary.webp	466348	2026-05-07T16:51:18+00:00
art/slideshows/album5/T14/sih_t14_f06.webp	466304	2026-05-07T16:50:58+00:00
art/slideshows/album5/T34/sih_t34_f06.webp	465824	2026-05-07T16:51:15+00:00
art/slideshows/album1/T11/T11_13.webp	465764	2026-04-29T00:30:57+00:00
art/slideshows/album5/T08/sih_t08_f06.webp	465556	2026-05-07T16:50:53+00:00
art/slideshows/album1/T11/T11_07.webp	465492	2026-04-29T00:30:57+00:00
art/slideshows/album5/T16/sih_t16_f16.webp	464974	2026-05-07T16:51:01+00:00
art/cutscenes/prelude/beat-h-bridge_start.webp	464026	2026-04-25T18:23:43+00:00
art/fighters/agent_zero/agent_zero_idle_movement.webp	463844	2026-04-22T04:29:48+00:00
art/slideshows/album5/T32/sih_t32_f18.webp	463740	2026-05-07T16:51:14+00:00
art/slideshows/album1/T02/T02_06.webp	463700	2026-04-29T00:30:55+00:00
art/slideshows/album5/T20/sih_t20_f14.webp	462772	2026-05-07T16:51:04+00:00
art/cutscenes/prelude/beat-h-bridge_end.webp	462734	2026-04-25T18:23:41+00:00
art/slideshows/album5/T08/sih_t08_f15.webp	462714	2026-05-07T16:50:54+00:00
art/slideshows/album1/T21/T21_01.webp	462446	2026-04-29T00:30:59+00:00
audio/elara/ask_elara_engineers_bench.mp3	462306	2026-05-07T01:30:45+00:00
audio/romance/elara/elara.romance.s2.uncertainty.mp3	462306	2026-05-08T20:25:31+00:00
art/slideshows/album1/T14/T14_01.webp	462192	2026-04-29T00:30:58+00:00
art/slideshows/album1/T13/T13_09.webp	461974	2026-04-29T00:30:58+00:00
audio/elara/elara.cipher-den.dictionary-of-edits.look.luminous.mp3	461888	2026-05-01T07:35:57+00:00
art/slideshows/album5/T22/sih_t22_f03.webp	461742	2026-05-07T16:51:05+00:00
art/slideshows/album1/T15/T15_05.webp	461636	2026-04-29T00:30:58+00:00
art/slideshows/album1/T23/T23_22.webp	461248	2026-04-29T00:31:00+00:00
audio/human/human_beat_f5_empty_chair.mp3	461053	2026-04-22T04:34:35+00:00
art/prelude/last-words-tease/slide-1.webp	460914	2026-04-22T04:30:52+00:00
art/eidolons/sibyl/sibyl-scar-comp.webp	460742	2026-04-22T04:29:37+00:00
art/slideshows/album5/T12/sih_t12_f04.webp	460368	2026-05-07T16:50:56+00:00
art/slideshows/album5/T14/sih_t14_f14.webp	460038	2026-05-07T16:50:59+00:00
art/slideshows/album1/T03/T03_07.webp	459918	2026-04-29T00:30:55+00:00
art/slideshows/album5/T28/sih_t28_f06.webp	459898	2026-05-07T16:51:10+00:00
art/slideshows/album5/T12/sih_t12_f15.webp	459486	2026-05-07T16:50:57+00:00
audio/romance/elara/elara.romance.s3.chose_you.mp3	459381	2026-05-08T20:25:32+00:00
art/eidolons/toxis/toxis-scar-asc.webp	458854	2026-04-22T04:29:41+00:00
art/fighters/agent_zero/agent_zero_reactions_victory.webp	458778	2026-04-22T04:29:49+00:00
art/prelude/last-words-tease/slide-2.webp	458364	2026-04-22T04:30:52+00:00
art/expansions/hierarchy-of-damned/act-exclusives/act7_final_witness_bond100.webp	458244	2026-04-28T02:08:18+00:00
art/slideshows/album5/T22/sih_t22_f13.webp	457364	2026-05-07T16:51:05+00:00
audio/elara/elara.bridge.captains-coffee.look.t3.lucid.mp3	457291	2026-04-30T05:22:05+00:00
art/slideshows/album1/T10/T10_04.webp	456982	2026-04-29T00:30:57+00:00
art/slideshows/album5/T04/sih_t04_f24.webp	456322	2026-05-07T16:50:51+00:00
art/fighters/warlord/warlord_idle_movement.webp	456276	2026-04-22T04:30:12+00:00
art/eidolons/sibyl/sibyl-scar-asc.webp	455882	2026-04-22T04:29:36+00:00
art/slideshows/album1/T07/T07_13.webp	455646	2026-04-29T00:30:56+00:00
art/slideshows/album5/T24/sih_t24_f26.webp	455580	2026-05-07T16:51:08+00:00
art/slideshows/album1/T01/T01_08.webp	455536	2026-04-29T00:30:55+00:00
art/fighters/collector/collector_reactions_victory_ko.webp	455258	2026-04-22T04:29:54+00:00
audio/elara/elara.engineering-core.core-terminal.look.luminous.mp3	455201	2026-05-01T07:35:58+00:00
audio/elara/elara.order-tribunal.mol-vereth-audit-ledger.look.lucid.mp3	455201	2026-05-07T01:30:58+00:00
art/slideshows/album1/T09/T09_05.webp	455042	2026-04-29T00:30:57+00:00
art/slideshows/album5/T16/sih_t16_f06.webp	454320	2026-05-07T16:51:00+00:00
art/slideshows/album5/T34/sih_t34_f19.webp	454284	2026-05-07T16:51:16+00:00
art/slideshows/album1/T17/T17_06.webp	453790	2026-04-29T00:30:58+00:00
art/slideshows/album1/T23/T23_20.webp	453764	2026-04-29T00:31:00+00:00
art/slideshows/album1/T25/T25_03.webp	453594	2026-04-29T00:31:00+00:00
audio/elara/elara.cryo.personal-effect.look.t1.luminous.mp3	453529	2026-04-30T05:22:15+00:00
art/keyframes/awakening/element_demagi_end.webp	453362	2026-04-27T03:10:28+00:00
art/fighters/human/human_attacks_specials.webp	453172	2026-04-22T04:29:58+00:00
art/slideshows/album5/narrators/sih_story_defiant.webp	453126	2026-05-11T01:29:49+00:00
art/slideshows/album1/T14/T14_10.webp	453094	2026-04-29T00:30:58+00:00
art/cutscenes/prelude/beat-j-finale_end.webp	452972	2026-04-25T18:23:46+00:00
art/slideshows/album5/T17/sih_t17_f03.webp	452860	2026-05-07T16:51:01+00:00
audio/elara/elara.archives.data-banks.look.t3.luminous.mp3	452693	2026-04-30T05:22:01+00:00
audio/elara/elara.shadow-vault.release-or-seal-lever.talk.mp3	452693	2026-05-07T01:30:59+00:00
art/slideshows/album1/T23/T23_24.webp	452668	2026-04-29T00:31:00+00:00
art/rooms/prelude/room-galley.webp	451862	2026-04-26T02:32:34+00:00
art/slideshows/album5/T26/sih_t26_f02.webp	451482	2026-05-07T16:51:08+00:00
art/slideshows/album1/T06/T06_00_title.webp	451480	2026-04-29T00:30:56+00:00
art/slideshows/album5/T28/sih_t28_f23.webp	451172	2026-05-07T16:51:11+00:00
art/slideshows/album5/T24/sih_t24_f24.webp	451036	2026-05-07T16:51:07+00:00
art/slideshows/album1/T11/T11_05.webp	450844	2026-04-29T00:30:57+00:00
art/trade-empire/sectors/sector_probability_market_hub.webp	450732	2026-04-28T02:08:18+00:00
art/slideshows/album5/T01/sih_t01_f14.webp	450486	2026-05-07T16:50:47+00:00
art/slideshows/album5/T11/sih_t11_f03.webp	450456	2026-05-07T16:50:56+00:00
audio/elara/elara.captains-quarters.cat-photo.look.t2.luminous.mp3	449768	2026-04-30T05:22:09+00:00
audio/elara/elara.comms-array.static-screen.talk.luminous.mp3	449768	2026-05-07T01:30:54+00:00
audio/elara/elara.probability-chamber.wavefunction-rig.look.mp3	449768	2026-05-01T07:35:59+00:00
audio/episodes/mechronis_m1_choric_compliance/mechronis_m1_scene_2_the_drill/5.mp3	449768	2026-05-08T20:25:26+00:00
art/rooms/mystery-states/medical-bay_initial.webp	449218	2026-04-22T04:30:53+00:00
art/slideshows/album5/T01/sih_t01_f11.webp	449112	2026-05-07T16:50:48+00:00
audio/elara/elara.engineering.schematic-pad.look.luminous.mp3	448514	2026-05-01T07:35:58+00:00
art/slideshows/album5/T18/sih_t18_f15.webp	447766	2026-05-07T16:51:02+00:00
audio/elara/elara.cryo.dead-pod.look.t3.luminous.mp3	447678	2026-04-30T05:22:15+00:00
audio/elara/elara.medbay.medicine-cabinet.look.t1.luminous.mp3	447678	2026-04-30T05:22:20+00:00
art/slideshows/album5/T34/sih_t34_f15.webp	447186	2026-05-07T16:51:16+00:00
art/cards/neutral/the_seer_visiting_fellow.webp	447052	2026-05-20T01:32:54+00:00
art/specimens/gilt-companion.png	446708	2026-04-22T04:31:09+00:00
art/slideshows/album1/T23/T23_17.webp	446320	2026-04-29T00:31:00+00:00
art/expansions/hierarchy-of-damned/special-editions/secret_act3_pledge_was_made.webp	446310	2026-04-28T02:08:19+00:00
audio/elara/elara.quantum-lab.observation-cage.look.luminous.mp3	445588	2026-05-01T07:36:00+00:00
audio/elara/elara.synthesis-chamber.recipe-board.look.lucid.mp3	445588	2026-05-01T07:36:00+00:00
art/slideshows/album1/T19/T19_08.webp	445174	2026-04-29T00:30:59+00:00
art/slideshows/album5/T02/sih_t02_f27.webp	445158	2026-05-07T16:50:49+00:00
art/slideshows/album5/T08/sih_t08_f14.webp	444870	2026-05-07T16:50:54+00:00
art/portraits/act1/portrait-engineer.webp	444802	2026-04-25T18:23:52+00:00
audio/elara/elara.antiquarian-library.codas-purpose-shelf.look.lucid.mp3	444752	2026-05-07T01:30:51+00:00
audio/elara/elara.captains-quarters.degens-corner.use.lucid.mp3	444752	2026-05-07T01:30:53+00:00
art/expansions/hierarchy-of-damned/act-exclusives/act5_the_map_decoded.webp	444402	2026-04-28T02:08:18+00:00
art/slideshows/album5/T36/sih_t36_f02.webp	443798	2026-05-07T16:51:16+00:00
art/slideshows/album1/T14/T14_00_title.webp	443544	2026-04-29T00:30:58+00:00
art/slideshows/album5/T11/sih_t11_f07.webp	443514	2026-05-07T16:50:56+00:00
art/slideshows/album5/T33/sih_t33_f05.webp	443340	2026-05-07T16:51:14+00:00
art/fighters/prisoner/prisoner_attacks_specials.webp	443012	2026-04-22T04:30:06+00:00
art/slideshows/album5/T10/sih_t10_f17.webp	442852	2026-05-07T16:50:55+00:00
art/slideshows/album5/T28/sih_t28_f15.webp	442704	2026-05-07T16:51:11+00:00
art/eidolons/auros/auros-dream-comp.webp	442542	2026-04-22T04:29:17+00:00
art/slideshows/album5/T06/sih_t06_f28.webp	442320	2026-05-07T16:50:52+00:00
audio/episodes/mechronis_m2_applied_surveillance/mechronis_m2_scene_2_the_agenda/0.mp3	442244	2026-05-08T20:25:27+00:00
art/slideshows/album1/T12/T12_02.webp	442220	2026-04-29T00:30:57+00:00
art/slideshows/album1/T17/T17_07.webp	442144	2026-04-29T00:30:58+00:00
art/slideshows/album5/T22/sih_t22_f10.webp	441966	2026-05-07T16:51:05+00:00
audio/romance/vex/vex.romance.s3.told_open.mp3	441826	2026-05-08T20:25:35+00:00
art/slideshows/album1/T06/T06_15.webp	441520	2026-04-29T00:30:56+00:00
art/vfx/dreamer_visions/kf_cryo_frost_retreat.webp	441146	2026-05-12T06:12:53+00:00
art/slideshows/album5/T12/sih_t12_f24.webp	441084	2026-05-07T16:50:58+00:00
art/slideshows/album1/T25/T25_10.webp	441002	2026-04-29T00:31:00+00:00
audio/elara/elara.oracle-sanctum.prophecy-tablet.talk.lucid.mp3	440991	2026-05-07T01:30:58+00:00
art/slideshows/album1/T15/T15_12.webp	440654	2026-04-29T00:30:58+00:00
art/trade-empire/sectors/sector_convergence_scar.webp	440652	2026-04-24T16:45:25+00:00
art/slideshows/album1/T23/T23_14.webp	440302	2026-04-29T00:31:00+00:00
audio/elara/elara.war-room.casualty-board.look.luminous.mp3	440155	2026-05-01T07:36:01+00:00
art/slideshows/album5/T02/sih_t02_f09.webp	439912	2026-05-07T16:50:48+00:00
art/slideshows/album5/T10/sih_t10_f04.webp	439848	2026-05-07T16:50:55+00:00
art/slideshows/album1/T01/T01_05.webp	439640	2026-04-29T00:30:55+00:00
art/fighters/necromancer/necromancer_reactions_victory.webp	439512	2026-04-22T04:30:06+00:00
art/expansions/hierarchy-of-damned/act-exclusives/act5_antiquarian_prestige.webp	439466	2026-04-28T02:08:18+00:00
audio/elara/elara.archives.indigo-glow-lectern.look.luminous.mp3	439319	2026-05-01T07:35:56+00:00
audio/elara/elara.bridge.captains-coffee.look.t3.luminous.mp3	439319	2026-04-30T05:22:05+00:00
art/slideshows/album5/narrators/sih_story_fire.webp	439108	2026-05-11T01:29:50+00:00
art/slideshows/album5/T02/sih_t02_f03.webp	439024	2026-05-07T16:50:48+00:00
audio/elara/ask_elara_convergence_seat.mp3	438901	2026-05-07T01:30:45+00:00
audio/elara/elara.bridge.nav-console.look.t1.lucid.mp3	438901	2026-04-30T05:22:07+00:00
audio/elara/elara.cipher-den.cross-arc-thanks-card.look.luminous.mp3	438901	2026-05-07T01:30:53+00:00
art/slideshows/album1/T01/T01_09.webp	438706	2026-04-29T00:30:55+00:00
art/slideshows/album5/bg/sih_bg_bowls.webp	438498	2026-05-07T16:51:18+00:00
art/slideshows/album5/T26/sih_t26_f09.webp	438402	2026-05-07T16:51:08+00:00
art/eidolons/auros/auros-scar-asc.webp	438178	2026-04-22T04:29:19+00:00
art/slideshows/album1/T17/T17_08.webp	438090	2026-04-29T00:30:58+00:00
art/slideshows/album1/T01/T01_19.webp	438084	2026-04-29T00:30:55+00:00
audio/elara/elara.archives.rewritten-ledger.look.luminous.mp3	438065	2026-05-01T07:35:55+00:00
art/slideshows/album5/T20/sih_t20_f12.webp	438026	2026-05-07T16:51:04+00:00
art/slideshows/album5/T19/sih_t19_f02.webp	437724	2026-05-07T16:51:02+00:00
art/expansions/hierarchy-of-damned/vps/s2_hierarchy_vp_nessith.webp	437080	2026-04-28T02:08:19+00:00
art/eidolons/cog/cog-scar-asc.webp	436606	2026-04-22T04:29:25+00:00
art/slideshows/album5/T01/sih_t01_f08.webp	436558	2026-05-07T16:50:47+00:00
art/slideshows/album1/T05/T05_18.webp	436424	2026-04-29T00:30:56+00:00
audio/elara/elara.bridge.diplomacy-table.look.t2.luminous.mp3	436393	2026-04-30T05:22:06+00:00
art/slideshows/album5/T06/sih_t06_f10.webp	436330	2026-05-07T16:50:51+00:00
art/specimens/spore-companion.png	436273	2026-04-22T04:31:10+00:00
art/slideshows/album5/T12/sih_t12_f23.webp	436266	2026-05-07T16:50:57+00:00
art/slideshows/album1/T19/T19_12.webp	436178	2026-04-29T00:30:59+00:00
art/expansions/hierarchy-of-damned/analysts/s2_hierarchy_anl_ir_coordinator.webp	435802	2026-04-28T02:08:18+00:00
art/fighters/prisoner/prisoner_reactions_victory.webp	435764	2026-04-22T04:30:07+00:00
audio/elara/elara.armory.motivational-poster.look.t1.luminous.mp3	435557	2026-04-30T05:22:02+00:00
audio/elara/elara.oracle-sanctum.incense-brazier.talk.lucid.mp3	435557	2026-05-07T01:30:57+00:00
audio/episodes/celebration_c10_the_arks_rise/celebration_c10_scene_1_the_build/0.mp3	435557	2026-05-08T20:25:19+00:00
art/expansions/hierarchy-of-damned/directors/s2_hierarchy_dir_bottom_line_decimator.webp	434866	2026-04-28T02:08:18+00:00
audio/elara/elara.bridge.timeline-projector.look.t1.luminous.mp3	434303	2026-04-30T05:22:08+00:00
audio/elara/elara.dreams-workshop.mirror-pool.look.luminous.mp3	434303	2026-05-01T07:35:58+00:00
audio/human/ask_human_what_now.mp3	434303	2026-05-07T01:31:10+00:00
art/slideshows/album1/T29/T29_01.webp	433992	2026-04-29T00:31:01+00:00
art/slideshows/album1/T02/T02_04.webp	433516	2026-04-29T00:30:55+00:00
art/trade-empire/wonders/wonder_remembrance_garden.webp	433452	2026-04-28T02:08:18+00:00
art/eidolons/nyx/nyx-dream-comp.webp	433436	2026-04-22T04:29:27+00:00
art/slideshows/album5/T24/sih_t24_f21.webp	433108	2026-05-07T16:51:07+00:00
art/slideshows/album5/T22/sih_t22_f05.webp	433082	2026-05-07T16:51:05+00:00
art/slideshows/album1/T05/T05_03.webp	432904	2026-04-29T00:30:56+00:00
audio/human/ask_human_path_a_b_c.mp3	432631	2026-05-07T01:31:09+00:00
art/slideshows/album5/T07/sih_t07_f09.webp	432476	2026-05-07T16:50:53+00:00
art/slideshows/album5/T18/sih_t18_f02.webp	432268	2026-05-07T16:51:01+00:00
art/specimens/cipher-companion.png	432207	2026-04-22T04:31:09+00:00
art/slideshows/album1/T19/T19_06.webp	432194	2026-04-29T00:30:59+00:00
art/slideshows/album5/T36/sih_t36_f07.webp	431986	2026-05-07T16:51:17+00:00
art/celebration/slideshow/celebration_slide_03.webp	431764	2026-04-22T04:29:04+00:00
art/expansions/hierarchy-of-damned/act-exclusives/act3_the_offer.webp	431540	2026-04-28T02:08:18+00:00
audio/elara/elara.shadow-vault.release-or-seal-lever.look.luminous.mp3	431377	2026-05-07T01:30:59+00:00
art/slideshows/album5/T36/sih_t36_f03.webp	431306	2026-05-07T16:51:16+00:00
art/slideshows/album5/T34/sih_t34_f13.webp	430786	2026-05-07T16:51:15+00:00
art/slideshows/album1/T15/T15_07.webp	430712	2026-04-29T00:30:58+00:00
art/slideshows/album5/T24/sih_t24_f07.webp	430708	2026-05-07T16:51:06+00:00
art/expansions/hierarchy-of-damned/analysts/s2_hierarchy_anl_internal_comms.webp	430696	2026-04-28T02:08:18+00:00
art/slideshows/album5/T02/sih_t02_f18.webp	430676	2026-05-07T16:50:49+00:00
audio/romance/locke/locke.romance.s1.invitation.mp3	430542	2026-05-08T20:25:33+00:00
art/slideshows/album5/T30/sih_t30_f17.webp	430534	2026-05-07T16:51:13+00:00
art/slideshows/album1/T04/T04_15.webp	430272	2026-04-29T00:30:56+00:00
art/slideshows/album5/T04/sih_t04_f17.webp	430178	2026-05-07T16:50:50+00:00
art/slideshows/album5/T04/sih_t04_f11.webp	430054	2026-05-07T16:50:50+00:00
art/slideshows/album5/T26/sih_t26_f19.webp	429952	2026-05-07T16:51:09+00:00
audio/elara/elara.bridge.diplomacy-table.look.t1.luminous.mp3	429706	2026-04-30T05:22:06+00:00
audio/encounters/emissary/emissary.entry.you_arrive.mp3	429706	2026-05-08T20:25:19+00:00
audio/elara/elara_beat_f_213_entries.mp3	428870	2026-04-23T01:58:57+00:00
art/slideshows/album5/T18/sih_t18_f23.webp	428466	2026-05-07T16:51:03+00:00
audio/elara/elara.order-tribunal.evidence-locker.look.luminous.mp3	428452	2026-05-01T07:35:59+00:00
audio/human/detective.comms-array.voice-in-the-static.look.balanced.mp3	428452	2026-05-01T07:36:02+00:00
art/slideshows/album1/T26/T26_04.webp	428334	2026-04-29T00:31:00+00:00
art/slideshows/album5/T29/sih_t29_f09.webp	428064	2026-05-07T16:51:12+00:00
audio/elara/ask_elara_who.mp3	427616	2026-05-07T01:30:46+00:00
art/slideshows/album1/T28/T28_02.webp	427528	2026-04-29T00:31:01+00:00
audio/elara/elara.engineering.instruction-manual.look.t3.lucid.mp3	426780	2026-04-30T05:22:16+00:00
art/slideshows/album5/T20/sih_t20_f02.webp	426286	2026-05-07T16:51:03+00:00
audio/elara/elara.cryo.cracked-panel.look.t1.luminous.mp3	425944	2026-04-30T05:22:13+00:00
audio/elara/elara.oracle-sanctum.oracle-pool.use.lucid.mp3	425944	2026-05-07T01:30:58+00:00
audio/romance/locke/locke.romance.s5.act7_close.mp3	425944	2026-05-08T20:25:35+00:00
art/eidolons/toxis/toxis-hier-comp.webp	425728	2026-04-22T04:29:39+00:00
art/slideshows/album5/T01/sih_t01_f13.webp	425728	2026-05-07T16:50:47+00:00
art/slideshows/album5/T01/sih_t01_f04.webp	425696	2026-05-07T16:50:47+00:00
art/slideshows/album1/T19/T19_07.webp	425582	2026-04-29T00:30:59+00:00
audio/elara/elara.antiquarian-library.velkraals-correspondence-folio.talk.mp3	425526	2026-05-07T01:30:51+00:00
audio/elara/elara.bridge.tactical-display.look.t3.lucid.mp3	425526	2026-04-30T05:22:07+00:00
audio/episodes/celebration_c12_the_last_good_day/celebration_c12_scene_1_the_bench/0.mp3	425526	2026-05-08T20:25:20+00:00
audio/romance/locke/locke.romance.s3.exit_open.mp3	425526	2026-05-08T20:25:36+00:00
art/cutscenes/prelude/beat-b-escape_start.webp	425328	2026-04-25T18:23:12+00:00
art/slideshows/album5/T17/sih_t17_f04.webp	425158	2026-05-07T16:51:01+00:00
audio/elara/elara.order-tribunal.mol-vereth-audit-ledger.look.luminous.mp3	424690	2026-05-07T01:30:59+00:00
art/expansions/hierarchy-of-damned/interns/s2_hierarchy_intn_survey_form_drone.webp	424450	2026-04-28T02:08:18+00:00
art/slideshows/album5/T04/sih_t04_f06.webp	424268	2026-05-07T16:50:50+00:00
audio/elara/elara.antiquarian-library.codas-purpose-shelf.use.luminous.mp3	423854	2026-05-07T01:30:50+00:00
audio/elara/elara.archives.corrupted-scroll-rack.look.luminous.mp3	423854	2026-05-01T07:35:55+00:00
audio/elara/elara.bridge.tactical-display.look.t1.luminous.mp3	423854	2026-04-30T05:22:07+00:00
audio/elara/elara.comms-array.voice-in-the-static.look.luminous.mp3	423854	2026-05-01T07:35:57+00:00
audio/elara/elara.medbay.emergency-safe.talk.luminous.mp3	423854	2026-05-14T16:47:53+00:00
art/slideshows/album1/T02/T02_11.webp	423830	2026-04-29T00:30:55+00:00
art/slideshows/album1/T18/T18_08.webp	423660	2026-04-29T00:30:59+00:00
art/slideshows/album1/T29/T29_09.webp	423650	2026-04-29T00:31:01+00:00
audio/elara/elara.forge-workshop.schema-rack.look.luminous.mp3	423018	2026-05-01T07:35:58+00:00
art/slideshows/album5/T29/sih_t29_f02.webp	422838	2026-05-07T16:51:11+00:00
art/slideshows/album5/T03/sih_t03_f02.webp	422822	2026-05-07T16:50:49+00:00
art/slideshows/album5/T29/sih_t29_f04.webp	422290	2026-05-07T16:51:11+00:00
art/slideshows/album5/T06/sih_t06_f07.webp	422122	2026-05-07T16:50:51+00:00
art/keyframes/awakening/name_input_end.webp	421892	2026-04-27T03:10:29+00:00
audio/episodes/mechronis_m5_the_necromancers_lecture/mechronis_m5_scene_2_his_own_death/0.mp3	421764	2026-05-08T20:25:28+00:00
art/slideshows/album1/T22/T22_02.webp	421684	2026-04-29T00:30:59+00:00
art/slideshows/album1/T05/T05_19.webp	421422	2026-04-29T00:30:56+00:00
audio/elara/elara.cipher-den.rosetta-pad.look.lucid.mp3	420928	2026-05-01T07:35:57+00:00
art/keyframes/awakening/species_question_start.webp	420850	2026-04-27T03:10:29+00:00
art/slideshows/album5/T34/sih_t34_f16.webp	420756	2026-05-07T16:51:15+00:00
art/slideshows/album5/T36/sih_t36_f12.webp	420500	2026-05-07T16:51:17+00:00
art/slideshows/album1/T07/T07_02.webp	420216	2026-04-29T00:30:56+00:00
art/slideshows/album5/T31/sih_t31_f06.webp	420198	2026-05-07T16:51:13+00:00
audio/encounters/rlyeh/rlyeh.neg.human_consoles_purchase.mp3	420093	2026-05-08T20:25:19+00:00
art/slideshows/album5/T04/sih_t04_f15.webp	419886	2026-05-07T16:50:50+00:00
art/portraits/act1/portrait-seer.webp	419750	2026-04-25T18:24:04+00:00
art/slideshows/album5/T09/sih_t09_f03.webp	419478	2026-05-07T16:50:54+00:00
art/slideshows/album5/T17/sih_t17_f05.webp	419302	2026-05-07T16:51:01+00:00
audio/elara/ask_elara_light_or_dark.mp3	419257	2026-05-07T01:30:45+00:00
audio/elara/elara.armory.motivational-poster.look.t3.luminous.mp3	419257	2026-04-30T05:22:02+00:00
audio/elara/elara.shadow-vault.warden-terminal.use.lucid.mp3	419257	2026-05-01T07:35:59+00:00
audio/elara/elara.bridge.diplomacy-table.talk.lucid.mp3	418839	2026-05-14T16:47:51+00:00
audio/elara/elara.bridge.shadow-tongue-annotations.talk.lucid.mp3	418839	2026-05-14T16:47:51+00:00
audio/elara/elara.engineering-core.reactor-coil.look.luminous.mp3	418839	2026-05-01T07:35:58+00:00
audio/elara/elara.station-dock.ship-manifest.use.mp3	418839	2026-05-07T01:31:01+00:00
art/slideshows/album5/T22/sih_t22_f18.webp	418136	2026-05-07T16:51:05+00:00
audio/human/detective.archives.data-banks.look.t3.warm.mp3	418003	2026-04-30T05:22:24+00:00
art/rooms/antiquarian_sanctum/baseline.webp	417396	2026-05-20T01:34:09+00:00
art/slideshows/album1/T28/T28_12.webp	416782	2026-04-29T00:31:01+00:00
art/cutscenes/prelude/beat-d-cargo-bay_end.webp	416402	2026-04-25T18:23:26+00:00
audio/elara/elara.bridge.shadow-tongue-annotations.use.luminous.mp3	416331	2026-05-14T16:47:51+00:00
audio/elara/elara.cipher-den.vex-seer-pair-binder.look.lucid.mp3	416331	2026-05-07T01:30:54+00:00
art/slideshows/album5/T02/sih_t02_f12.webp	416238	2026-05-07T16:50:48+00:00
art/slideshows/album5/T21/sih_t21_f08.webp	416044	2026-05-07T16:51:05+00:00
art/slideshows/album1/T04/T04_17.webp	415902	2026-04-29T00:30:56+00:00
audio/elara/elara.antiquarian-library.insurgency-witness-roster.use.luminous.mp3	415495	2026-05-07T01:30:50+00:00
art/slideshows/album5/T16/sih_t16_f04.webp	415428	2026-05-07T16:51:00+00:00
characters/engineer/viseme.avif	415328	2026-04-25T04:05:57+00:00
art/slideshows/album5/T18/sih_t18_f08.webp	415294	2026-05-07T16:51:02+00:00
characters/the_source/viseme.avif	415119	2026-04-25T01:51:02+00:00
audio/elara/ask_elara_sprite_bond.mp3	415077	2026-05-07T01:30:46+00:00
audio/elara/elara.cryo.dead-pod.look.t3.lucid.mp3	415077	2026-04-30T05:22:14+00:00
art/slideshows/album1/T23/T23_08.webp	415002	2026-04-29T00:30:59+00:00
art/slideshows/album5/T02/sih_t02_f11.webp	414828	2026-05-07T16:50:48+00:00
art/cutscenes/prelude/beat-b-escape_end.webp	414324	2026-04-25T18:23:10+00:00
art/trade-empire/sectors/sector_abyssal_sectors.webp	414272	2026-04-28T02:08:17+00:00
art/slideshows/album5/narrators/sih_antiq_peace.webp	414044	2026-05-11T01:29:46+00:00
art/slideshows/album5/T28/sih_t28_f11.webp	413708	2026-05-07T16:51:10+00:00
art/slideshows/album5/T27/sih_t27_f06.webp	413704	2026-05-07T16:51:09+00:00
art/slideshows/album5/T15/sih_t15_f08.webp	413640	2026-05-07T16:51:00+00:00
art/cutscenes/prelude/beat-e-medbay_start.webp	413592	2026-04-25T18:23:33+00:00
art/specimens/flicker-ascended.png	413497	2026-04-22T04:31:09+00:00
art/expansions/hierarchy-of-damned/act-exclusives/act7_convergence_chord.webp	413456	2026-04-28T02:08:18+00:00
audio/elara/elara.shadow-vault.warden-terminal.talk.mp3	413405	2026-05-07T01:31:01+00:00
art/slideshows/album5/T22/sih_t22_f20.webp	413300	2026-05-07T16:51:06+00:00
art/expansions/hierarchy-of-damned/act-exclusives/act5_vortex_core_cleared.webp	413036	2026-04-28T02:08:18+00:00
art/slideshows/album5/T23/sih_t23_f07.webp	413024	2026-05-07T16:51:06+00:00
art/rooms/act1/room-council-chamber.webp	412922	2026-04-25T18:24:10+00:00
art/expansions/hierarchy-of-damned/special-editions/special_authors_edition_s2.webp	412796	2026-04-28T02:08:19+00:00
art/trade-empire/sectors/sector_hidden_firstpattern_cell.webp	412746	2026-04-28T02:08:17+00:00
art/slideshows/album5/T23/sih_t23_f06.webp	412706	2026-05-07T16:51:06+00:00
art/rooms/mystery-states/war_room_initial.webp	412692	2026-04-30T23:37:08+00:00
audio/episodes/celebration_c5_the_banner_glitches/celebration_c5_scene_1_the_square/0.mp3	412151	2026-05-08T20:25:22+00:00
art/keyframes/awakening/first_steps_start.webp	411648	2026-04-27T03:10:29+00:00
art/slideshows/album1/T06/T06_02.webp	411618	2026-04-29T00:30:56+00:00
art/cutscenes/prelude/beat-a-awakening_end.webp	411522	2026-04-25T18:22:59+00:00
audio/elara/ask_elara_seventeen_thousand_years.mp3	411315	2026-05-07T01:30:46+00:00
art/slideshows/album1/T04/T04_00_title.webp	410458	2026-04-29T00:30:55+00:00
art/slideshows/album1/T03/T03_16.webp	410370	2026-04-29T00:30:55+00:00
art/slideshows/album5/T04/sih_t04_f18.webp	409962	2026-05-07T16:50:50+00:00
audio/elara/ask_elara_binary_relay_mapping.mp3	409644	2026-05-07T01:30:45+00:00
audio/elara/elara.bridge.shadow-tongue-annotations.look.lucid.mp3	409644	2026-05-01T07:35:56+00:00
art/slideshows/album1/T03/T03_18.webp	408864	2026-04-29T00:30:55+00:00
audio/elara/elara.comms-array.static-screen.use.luminous.mp3	408808	2026-05-07T01:30:54+00:00
audio/human/detective.archives.data-banks.look.t3.balanced.mp3	408808	2026-04-30T05:22:24+00:00
art/slideshows/album5/T26/sih_t26_f14.webp	408450	2026-05-07T16:51:09+00:00
art/slideshows/album5/T22/sih_t22_f16.webp	408356	2026-05-07T16:51:05+00:00
art/slideshows/album5/T17/sih_t17_f07.webp	408128	2026-05-07T16:51:01+00:00
art/slideshows/album5/T02/sih_t02_f20.webp	407478	2026-05-07T16:50:49+00:00
art/slideshows/album5/T13/sih_t13_f09.webp	407216	2026-05-07T16:50:58+00:00
art/slideshows/album1/T12/T12_07.webp	407076	2026-04-29T00:30:57+00:00
art/slideshows/album1/T17/T17_03.webp	406906	2026-04-29T00:30:58+00:00
audio/elara/elara.station-dock.cargo-lift.look.luminous.mp3	406718	2026-05-01T07:36:00+00:00
art/slideshows/album1/T07/T07_15.webp	406696	2026-04-29T00:30:56+00:00
art/slideshows/album1/T08/T08_08.webp	406636	2026-04-29T00:30:57+00:00
art/expansions/hierarchy-of-damned/c-suite/s2_hierarchy_cmo_vex_drelm.webp	405954	2026-04-28T02:08:18+00:00
audio/elara/elara.comms-array.voice-in-the-static.look.lucid.mp3	405882	2026-05-01T07:35:57+00:00
audio/elara/elara.medbay.dna-helix.talk.luminous.mp3	405882	2026-05-14T16:47:52+00:00
audio/elara/elara.shadow-vault.sealed-cell-glass.use.lucid.mp3	405882	2026-05-07T01:30:59+00:00
art/expansions/hierarchy-of-damned/c-suite/s2_hierarchy_cto_skarn_iterate.webp	405762	2026-04-28T02:08:18+00:00
art/slideshows/album1/T04/T04_12.webp	405466	2026-04-29T00:30:55+00:00
audio/human/detective.captains-quarters.cat-photo.look.t2.warm.mp3	405464	2026-04-30T05:22:33+00:00
art/slideshows/album5/T06/sih_t06_f19.webp	405366	2026-05-07T16:50:52+00:00
art/fighters/wraith_calder/wraith_calder_portraits.webp	405020	2026-04-22T04:30:15+00:00
art/slideshows/album1/T01/T01_03_frame1_3.webp	404918	2026-04-29T00:30:54+00:00
art/slideshows/album5/T12/sih_t12_f02.webp	404844	2026-05-07T16:50:56+00:00
audio/elara/elara.medbay.emergency-safe.look.t1.luminous.mp3	404628	2026-04-30T05:22:18+00:00
audio/encounters/malkia/malkia.s1.transmission.mp3	404628	2026-05-08T20:25:19+00:00
art/slideshows/album5/T11/sih_t11_f04.webp	404554	2026-05-07T16:50:56+00:00
art/keyframes/awakening/elara_intro_end.webp	404156	2026-04-27T03:10:28+00:00
audio/elara/elara.captains-quarters.degens-corner.use.luminous.mp3	403792	2026-05-07T01:30:53+00:00
audio/elara/elara.engineering.egg-eng-formula.talk.mp3	403792	2026-05-07T01:30:56+00:00
audio/human/detective.engineering.schematic-pad.look.warm.mp3	403792	2026-05-01T07:36:02+00:00
art/slideshows/album5/T36/sih_t36_f11.webp	403472	2026-05-07T16:51:17+00:00
art/rooms/mystery-states/cryo-bay_initial.webp	403280	2026-04-22T04:30:53+00:00
art/slideshows/album1/T11/T11_00_title.webp	403040	2026-04-29T00:30:57+00:00
audio/elara/ask_elara_whisper_layer.mp3	402956	2026-05-07T01:30:46+00:00
audio/elara/elara.bridge.timeline-projector.talk.luminous.mp3	402956	2026-05-14T16:47:51+00:00
audio/human/ask_human_oracle_spread.mp3	402956	2026-05-07T01:31:09+00:00
art/slideshows/album1/T26/T26_05.webp	402830	2026-04-29T00:31:00+00:00
art/slideshows/album1/T04/T04_19.webp	402590	2026-04-29T00:30:56+00:00
art/slideshows/album5/T21/sih_t21_f02.webp	402178	2026-05-07T16:51:04+00:00
audio/elara/elara.bridge.captains-coffee.look.t2.luminous.mp3	402120	2026-04-30T05:22:05+00:00
audio/human/ask_human_the_role.mp3	402120	2026-05-07T01:31:09+00:00
audio/human/detective.captains-quarters.cat-photo.look.t2.balanced.mp3	402120	2026-04-30T05:22:31+00:00
art/rooms/insurgency_safehouse/baseline.webp	402058	2026-05-20T01:34:13+00:00
art/specimens/flicker-companion.webp	402002	2026-04-22T04:31:09+00:00
audio/romance/locke/locke.romance.s1.ledger_clause.mp3	401702	2026-05-08T20:25:32+00:00
art/expansions/hierarchy-of-damned/vps/s2_hierarchy_vp_kragvex.webp	401446	2026-04-28T02:08:19+00:00
art/slideshows/album5/T21/sih_t21_f06.webp	401058	2026-05-07T16:51:04+00:00
art/expansions/hierarchy-of-damned/analysts/s2_hierarchy_anl_training_content_designer.webp	401012	2026-04-28T02:08:18+00:00
audio/elara/elara.shadow-vault.sealed-cell-glass.talk.lucid.mp3	400866	2026-05-01T07:35:59+00:00
audio/human/detective.bridge.timeline-projector.look.t1.balanced.mp3	400866	2026-04-30T05:22:30+00:00
art/slideshows/album5/T10/sih_t10_f10.webp	400608	2026-05-07T16:50:55+00:00
art/slideshows/album5/T02/sih_t02_f02.webp	400092	2026-05-07T16:50:48+00:00
audio/romance/vex/vex.romance.s2.confidant_offer.mp3	400031	2026-05-08T20:25:34+00:00
art/keyframes/awakening/element_quarchon_start.webp	399588	2026-04-27T03:10:28+00:00
audio/elara/elara.archives.tome.look.luminous.mp3	399195	2026-04-30T05:22:01+00:00
art/slideshows/album1/T13/T13_15.webp	399020	2026-04-29T00:30:58+00:00
art/slideshows/album1/T17/T17_01.webp	398992	2026-04-29T00:30:58+00:00
audio/elara/elara.engineering.instruction-manual.look.t2.luminous.mp3	398777	2026-04-30T05:22:16+00:00
audio/elara/elara.forge-workshop.kiln.look.luminous.mp3	398777	2026-05-01T07:35:58+00:00
art/expansions/hierarchy-of-damned/c-suite/s2_hierarchy_coo_ririahlia.webp	398710	2026-04-28T02:08:18+00:00
art/cards/act1/card-fireball.webp	398428	2026-04-25T18:22:21+00:00
audio/human/detective.comms-array.radio-console.look.t1.warm.mp3	397941	2026-04-30T05:22:33+00:00
art/slideshows/album1/T15/T15_03.webp	397860	2026-04-29T00:30:58+00:00
art/slideshows/album5/T14/sih_t14_f07.webp	397610	2026-05-07T16:50:58+00:00
art/slideshows/album1/T23/T23_03.webp	397444	2026-04-29T00:30:59+00:00
art/slideshows/album1/T17/T17_10.webp	397362	2026-04-29T00:30:58+00:00
audio/elara/elara.cipher-den.dictionary-of-edits.look.lucid.mp3	397105	2026-05-01T07:35:56+00:00
audio/human/detective.engineering.instruction-manual.look.t3.warm.mp3	397105	2026-04-30T05:22:36+00:00
art/eidolons/toxis/toxis-norm-comp.webp	396864	2026-04-22T04:29:40+00:00
art/slideshows/album1/T08/T08_17.webp	396346	2026-04-29T00:30:57+00:00
audio/episodes/mechronis_m6_the_antiquarian_visits/mechronis_m6_scene_1_the_guest_lecture/2.mp3	396269	2026-05-08T20:25:28+00:00
audio/human/detective.archives.rewritten-ledger.look.balanced.mp3	396269	2026-05-01T07:36:01+00:00
art/eidolons/toxis/toxis-norm-asc.webp	396268	2026-04-22T04:29:40+00:00
art/expansions/hierarchy-of-damned/act-exclusives/act4_two_witnesses_meet.webp	396202	2026-04-28T02:08:18+00:00
art/fighters/necromancer/necromancer_idle_movement.webp	396170	2026-04-22T04:30:05+00:00
art/slideshows/album1/T07/T07_08.webp	396038	2026-04-29T00:30:56+00:00
audio/elara/elara.cipher-den.rosetta-pad.look.luminous.mp3	395433	2026-05-01T07:35:57+00:00
audio/elara/elara.comms-array.static-screen.look.t1.lucid.mp3	395433	2026-04-30T05:22:13+00:00
audio/elara/elara.antiquarian-library.card-catalog.look.lucid.mp3	395015	2026-05-01T07:35:55+00:00
audio/episodes/celebration_c1_the_watch/celebration_c1_scene_3_ghost_appears/0.mp3	395015	2026-05-08T20:25:21+00:00
art/slideshows/album1/T29/T29_02.webp	394670	2026-04-29T00:31:01+00:00
art/keyframes/awakening/cryo_open_end.webp	394430	2026-04-27T03:10:28+00:00
art/slideshows/album5/T16/sih_t16_f15.webp	394422	2026-05-07T16:51:01+00:00
art/cards/neutral/void_shard.webp	394374	2026-05-20T01:33:00+00:00
audio/elara/elara.bridge.tactical-display.look.t3.luminous.mp3	394179	2026-04-30T05:22:07+00:00
audio/romance/locke/locke.romance.s4.window.mp3	394179	2026-05-08T20:25:35+00:00
art/slideshows/album5/T04/sih_t04_f10.webp	393838	2026-05-07T16:50:50+00:00
characters/gamemaster/viseme.avif	393757	2026-04-25T01:51:02+00:00
art/slideshows/album5/T34/sih_t34_f02.webp	393388	2026-05-07T16:51:15+00:00
audio/elara/elara.comms-array.egg-signal.talk.luminous.mp3	393343	2026-05-07T01:30:55+00:00
art/slideshows/album5/T22/sih_t22_f19.webp	392830	2026-05-07T16:51:06+00:00
art/vfx/prelude/pod-hatch-cryogas.webm	392791	2026-04-22T04:34:25+00:00
art/cards/imprint/_grids/source_tier_grid.webp	392020	2026-04-28T02:44:43+00:00
art/slideshows/album1/T16/T16_07.webp	392016	2026-04-29T00:30:58+00:00
art/rooms/mystery-states/oracle_sanctum_initial.webp	390860	2026-04-30T23:37:07+00:00
art/slideshows/album5/T04/sih_t04_f03.webp	390792	2026-05-07T16:50:50+00:00
art/slideshows/album5/T15/sih_t15_f03.webp	390662	2026-05-07T16:50:59+00:00
art/expansions/hierarchy-of-damned/vps/s2_hierarchy_vp_drask_vornal.webp	390474	2026-04-28T02:08:19+00:00
audio/human/human_beat_d5_sandwich.mp3	390417	2026-04-22T04:34:35+00:00
art/expansions/hierarchy-of-damned/special-editions/secret_act5_source_is_reflection.webp	390006	2026-04-28T02:08:19+00:00
art/slideshows/album5/T33/sih_t33_f02.webp	389996	2026-05-07T16:51:14+00:00
audio/elara/ask_elara_architect.mp3	389582	2026-05-07T01:30:45+00:00
audio/elara/elara.bridge.nav-console.look.t1.luminous.mp3	389582	2026-04-30T05:22:07+00:00
audio/elara/elara.comms-array.egg-signal.look.luminous.mp3	389582	2026-04-30T05:22:13+00:00
art/slideshows/album5/T02/sih_t02_f23.webp	389402	2026-05-07T16:50:49+00:00
art/slideshows/album1/T11/T11_10.webp	389342	2026-04-29T00:30:57+00:00
art/rooms/mystery-states/medical-bay_refused.webp	389036	2026-04-22T04:30:55+00:00
art/expansions/hierarchy-of-damned/act-exclusives/act4_memory_extraction.webp	388786	2026-04-28T02:08:18+00:00
art/keyframes/awakening/class_question_end.webp	388756	2026-04-27T03:10:28+00:00
audio/episodes/mechronis_m3_the_trade_exercise/mechronis_m3_scene_2_the_agenda/0.mp3	388746	2026-05-08T20:25:27+00:00
art/slideshows/album5/T32/sih_t32_f05.webp	388356	2026-05-07T16:51:13+00:00
audio/elara/ask_elara_whats_next.mp3	388328	2026-05-07T01:30:46+00:00
art/slideshows/album5/T01/sih_t01_f12.webp	387606	2026-05-07T16:50:47+00:00
art/slideshows/album1/T28/T28_00_title.webp	387592	2026-04-29T00:31:01+00:00
audio/elara/elara.antiquarian-library.antiquarian-bust.talk.luminous.mp3	387492	2026-05-07T01:30:50+00:00
audio/elara/elara.captains-quarters.cat-photo.look.t3.lucid.mp3	387492	2026-04-30T05:22:09+00:00
art/slideshows/album5/T05/sih_t05_f02.webp	387362	2026-05-07T16:50:51+00:00
art/slideshows/album1/T16/T16_10.webp	387320	2026-04-29T00:30:58+00:00
art/fighters/prisoner/prisoner_idle_movement.webp	386900	2026-04-22T04:30:06+00:00
art/slideshows/album5/T19/sih_t19_f03.webp	386834	2026-05-07T16:51:02+00:00
art/rooms/mystery-states/medical-bay_donated.webp	386690	2026-04-22T04:30:53+00:00
art/slideshows/album5/narrators/sih_story_joy.webp	386216	2026-05-11T01:29:51+00:00
art/slideshows/album5/T25/sih_t25_f06.webp	386064	2026-05-07T16:51:08+00:00
audio/elara/ask_elara_what_now.mp3	385820	2026-05-07T01:30:46+00:00
audio/elara/elara.cipher-den.dictionary-of-edits.talk.luminous.mp3	385820	2026-05-01T07:35:56+00:00
art/expansions/hierarchy-of-damned/directors/s2_hierarchy_dir_cross_functional_predator.webp	385734	2026-04-28T02:08:18+00:00
art/slideshows/album1/T17/T17_09.webp	385576	2026-04-29T00:30:58+00:00
art/slideshows/album5/bg/sih_bg_antechamber.webp	385564	2026-05-07T16:51:17+00:00
audio/elara/elara.captains-quarters.cat-photo.look.t1.luminous.mp3	385402	2026-04-30T05:22:09+00:00
art/slideshows/album5/T06/sih_t06_f15.webp	385192	2026-05-07T16:50:52+00:00
art/slideshows/album1/T28/T28_03.webp	385110	2026-04-29T00:31:01+00:00
art/slideshows/album5/T22/sih_t22_f21.webp	384950	2026-05-07T16:51:06+00:00
art/slideshows/album5/T23/sih_t23_f09.webp	384738	2026-05-07T16:51:06+00:00
audio/elara/ask_elara_what_woke_me.mp3	384566	2026-05-07T01:30:46+00:00
audio/elara/elara.antiquarian-library.antiquarian-bust.use.lucid.mp3	384566	2026-05-07T01:30:50+00:00
art/slideshows/album5/T14/sih_t14_f13.webp	384378	2026-05-07T16:50:59+00:00
art/slideshows/album5/T22/sih_t22_f07.webp	383928	2026-05-07T16:51:05+00:00
art/slideshows/album5/T11/sih_t11_f02.webp	383750	2026-05-07T16:50:56+00:00
audio/elara/elara.antiquarian-library.antiquarian-bust.talk.lucid.mp3	383730	2026-05-14T16:47:50+00:00
audio/elara/elara.antiquarian-library.card-catalog.look.luminous.mp3	383730	2026-05-01T07:35:55+00:00
audio/elara/elara.archives.rewritten-ledger.talk.luminous.mp3	383730	2026-05-01T07:35:55+00:00
audio/elara/elara.bridge.timeline-projector.look.t2.luminous.mp3	383730	2026-04-30T05:22:08+00:00
audio/elara/elara.shadow-vault.manuscript-pile.use.mp3	383730	2026-05-07T01:30:59+00:00
audio/elara/elara.station-dock.airlock-control.look.luminous.mp3	383730	2026-05-01T07:36:00+00:00
art/eidolons/sibyl/sibyl-scar-frag.webp	383692	2026-04-22T04:29:37+00:00
art/slideshows/album1/T09/T09_04.webp	383612	2026-04-29T00:30:57+00:00
art/slideshows/album5/T06/sih_t06_f02.webp	383538	2026-05-07T16:50:51+00:00
art/eidolons/toxis/toxis-scar-frag.webp	383358	2026-04-22T04:29:42+00:00
art/slideshows/album5/narrators/sih_story_tender.webp	383312	2026-05-11T01:29:52+00:00
art/trade-empire/sectors/sector_panopticon_ruins.webp	383230	2026-04-28T02:08:18+00:00
art/slideshows/album5/T24/sih_t24_f10.webp	383186	2026-05-07T16:51:06+00:00
art/fighters/human/human_idle_movement.webp	383018	2026-04-22T04:29:58+00:00
audio/encounters/rlyeh/rlyeh.entry.human_orient.mp3	382894	2026-05-08T20:25:19+00:00
art/expansions/hierarchy-of-damned/act-exclusives/act3_three_path_crossroads.webp	382598	2026-04-28T02:08:18+00:00
art/slideshows/album5/T19/sih_t19_f06.webp	381974	2026-05-07T16:51:03+00:00
audio/elara/ask_elara_who_are_you_really.mp3	381640	2026-05-07T01:30:46+00:00
audio/human/human.antiquarian-library.antiquarian-bust.talk.balanced.mp3	381640	2026-05-07T01:31:13+00:00
page-backgrounds/CMP-001_companion-quarters.jpg	381539	2026-05-19T23:22:56+00:00
art/expansions/hierarchy-of-damned/act-exclusives/act4_the_revelation.webp	380074	2026-04-28T02:08:18+00:00
audio/act3/te-wonder-complete-dreamers_answer.mp3	379968	2026-04-30T05:21:56+00:00
audio/elara/ask_elara_binary_1047_fragmented.mp3	379968	2026-04-23T01:58:53+00:00
audio/elara/ask_elara_binary_1047_lucid.mp3	379968	2026-04-23T01:58:54+00:00
audio/elara/ask_elara_binary_1047_luminous.mp3	379968	2026-04-23T01:58:54+00:00
audio/elara/ask_elara_binary_basics.mp3	379968	2026-05-07T01:30:45+00:00
audio/elara/ask_elara_binary_basics_lucid.mp3	379968	2026-04-23T01:58:53+00:00
audio/elara/ask_elara_binary_basics_luminous.mp3	379968	2026-04-23T01:58:54+00:00
audio/elara/ask_elara_binary_relay_luminous.mp3	379968	2026-04-23T01:58:54+00:00
audio/elara/cc_act2_full_truth_elara.mp3	379968	2026-05-07T01:30:47+00:00
audio/elara/cc_act7_convergence_pathC_elara.mp3	379968	2026-05-07T01:30:48+00:00
audio/elara/elara.archives.data-banks.look.t1.fragmented.mp3	379968	2026-04-30T05:22:00+00:00
audio/elara/elara.archives.data-banks.look.t4.fragmented.mp3	379968	2026-04-30T05:22:01+00:00
audio/elara/elara.archives.indigo-glow-lectern.look.fragmented.mp3	379968	2026-05-01T07:35:56+00:00
audio/elara/elara.archives.rewritten-ledger.look.fragmented.mp3	379968	2026-05-01T07:35:55+00:00
audio/elara/elara.captains-quarters.cat-photo.look.t1.fragmented.mp3	379968	2026-04-30T05:22:09+00:00
audio/elara/elara.captains-quarters.cat-photo.look.t3.fragmented.mp3	379968	2026-04-30T05:22:09+00:00
audio/elara/elara.cryo.medical-chart.look.t1.fragmented.mp3	379968	2026-04-30T05:22:15+00:00
audio/elara/elara.order-tribunal.evidence-locker.use.fragmented.mp3	379968	2026-05-07T01:30:58+00:00
audio/elara/human_reveal_voice_lucid.mp3	379968	2026-04-23T01:58:58+00:00
audio/elara/pet_intro_03_fragmented.mp3	379968	2026-04-23T01:59:01+00:00
audio/elara/virus_whisper_03_fragmented.mp3	379968	2026-04-23T01:59:05+00:00
audio/episodes/celebration_c11_the_uncles_verdict/celebration_c11_scene_2_the_verdict/3.mp3	379968	2026-05-08T20:25:20+00:00
audio/episodes/celebration_c4_under_the_floor/celebration_c4_scene_1_the_lair/0.mp3	379968	2026-05-08T20:25:22+00:00
audio/episodes/celebration_c5_the_banner_glitches/celebration_c5_scene_1_the_square/4.mp3	379968	2026-05-08T20:25:22+00:00
audio/episodes/celebration_c6_the_dueling_court/celebration_c6_scene_2_the_duel/0.mp3	379968	2026-05-08T20:25:23+00:00
audio/episodes/celebration_c8_the_ghost_in_the_hall/celebration_c8_scene_1_the_hall/0.mp3	379968	2026-05-08T20:25:23+00:00
audio/episodes/mechronis_m7_trade_practicum/mechronis_m7_scene_2_full_marks/2.mp3	379968	2026-05-08T20:25:28+00:00
audio/episodes/mechronis_m8_the_apprentice_trial/mechronis_m8_scene_1_the_rite/0.mp3	379968	2026-05-08T20:25:28+00:00
audio/episodes/mechronis_m9_the_oracles_counterclaim/mechronis_m9_scene_1_the_visitor/1.mp3	379968	2026-05-08T20:25:29+00:00
art/slideshows/album5/T05/sih_t05_f03.webp	379856	2026-05-07T16:50:51+00:00
art/fighters/architect/architect_specials_supers.webp	379644	2026-04-22T04:29:52+00:00
art/slideshows/album1/T23/T23_07.webp	379372	2026-04-29T00:30:59+00:00
art/celebration/slideshow/celebration_slide_07.webp	379368	2026-04-22T04:29:05+00:00
art/opponents/opponent-iron-lion-full.png	379188	2026-04-22T04:30:37+00:00
audio/elara/elara.captains-quarters.degens-corner.look.luminous.mp3	379133	2026-05-07T01:30:52+00:00
audio/elara/elara.cipher-den.encrypted-correspondence.look.luminous.mp3	379133	2026-05-01T07:35:56+00:00
art/slideshows/album5/T22/sih_t22_f04.webp	378938	2026-05-07T16:51:05+00:00
audio/elara/elara.engineering.instruction-manual.look.t1.lucid.mp3	378715	2026-04-30T05:22:16+00:00
audio/human/detective.archives.data-banks.look.t4.balanced.mp3	378715	2026-04-30T05:22:24+00:00
art/slideshows/album5/T28/sih_t28_f05.webp	378668	2026-05-07T16:51:10+00:00
art/vfx/prelude/enigma-hand-on-rim_frame.webp	378378	2026-04-25T18:24:20+00:00
art/slideshows/album5/T02/sih_t02_f13.webp	378190	2026-05-07T16:50:48+00:00
art/slideshows/album1/T23/T23_18.webp	378184	2026-04-29T00:31:00+00:00
audio/human/ask_human_who_are_you_really.mp3	377879	2026-05-07T01:31:10+00:00
audio/human/human.antiquarian-library.insurgency-witness-roster.use.balanced.mp3	377879	2026-05-07T01:31:13+00:00
art/slideshows/album5/T02/sih_t02_f24.webp	377720	2026-05-07T16:50:49+00:00
art/slideshows/album1/T12/T12_08.webp	377504	2026-04-29T00:30:57+00:00
art/opponents/opponent-agent-zero-full.png	377472	2026-04-22T04:30:36+00:00
art/slideshows/album5/T08/sih_t08_f03.webp	377252	2026-05-07T16:50:53+00:00
audio/elara/elara.archives.corrupted-scroll-rack.talk.lucid.mp3	377043	2026-05-07T01:30:51+00:00
audio/elara/elara.oracle-sanctum.seers-recording-cabinet.use.lucid.mp3	377043	2026-05-07T01:30:58+00:00
art/rooms/mystery-states/medical-bay_device-awakened.webp	376238	2026-04-22T04:30:53+00:00
art/slideshows/album5/T34/sih_t34_f03.webp	376214	2026-05-07T16:51:15+00:00
audio/elara/cc_act6_partial_disclosure_elara.mp3	376207	2026-05-07T01:30:47+00:00
audio/elara/elara.antiquarian-library.velkraals-correspondence-folio.look.luminous.mp3	376207	2026-05-07T01:30:51+00:00
audio/elara/elara.armory.motivational-poster.look.t1.lucid.mp3	376207	2026-04-30T05:22:01+00:00
audio/elara/elara.comms-array.static-screen.look.t1.luminous.mp3	376207	2026-04-30T05:22:13+00:00
audio/romance/elara/elara.romance.s1.preference.mp3	376207	2026-05-08T20:25:32+00:00
art/slideshows/album1/T08/T08_13.webp	375990	2026-04-29T00:30:57+00:00
art/slideshows/album1/T07/T07_21.webp	375878	2026-04-29T00:30:56+00:00
art/slideshows/album5/T35/sih_t35_f04.webp	375768	2026-05-07T16:51:16+00:00
art/expansions/hierarchy-of-damned/act-exclusives/act7_the_convergence.webp	375400	2026-04-28T02:08:18+00:00
audio/elara/elara.engineering-core.coolant-pipe.look.luminous.mp3	375371	2026-05-01T07:35:58+00:00
audio/elara/virus_whisper_04_fragmented.mp3	375371	2026-04-23T01:59:05+00:00
audio/episodes/mechronis_m4_the_patrons_game/mechronis_m4_scene_1_the_exam_room/0.mp3	375371	2026-05-08T20:25:27+00:00
art/slideshows/album5/T20/sih_t20_f17.webp	375330	2026-05-07T16:51:04+00:00
art/slideshows/album5/T20/sih_t20_f13.webp	375144	2026-05-07T16:51:04+00:00
audio/human/detective.bridge.timeline-projector.look.t1.warm.mp3	374953	2026-04-30T05:22:31+00:00
art/cards/imprint/_grids/iron_lion_tier_grid.webp	374276	2026-04-28T02:44:43+00:00
audio/elara/elara.cipher-den.uncorruption-bench.look.lucid.mp3	374117	2026-05-07T01:30:54+00:00
audio/elara/elara.medbay.emergency-safe.look.t2.luminous.mp3	374117	2026-04-30T05:22:18+00:00
art/cards/new_babylon/compliance_zealot.webp	374102	2026-05-20T01:32:33+00:00
art/slideshows/album5/T04/sih_t04_f16.webp	373968	2026-05-07T16:50:50+00:00
art/slideshows/album1/T02/T02_09.webp	373552	2026-04-29T00:30:55+00:00
art/expansions/hierarchy-of-damned/analysts/s2_hierarchy_anl_pricing_analyst.webp	373442	2026-04-28T02:08:18+00:00
audio/elara/elara.guild-sanctum.allegiance-pad.look.luminous.mp3	373281	2026-05-01T07:35:58+00:00
audio/elara/elara.medbay.medical-log.use.lucid.mp3	373281	2026-05-14T16:47:52+00:00
audio/elara/elara.observation-deck.panoramic-viewport.look.luminous.mp3	373281	2026-05-01T07:35:59+00:00
audio/elara/elara.observation-deck.purification-crystal-cradle.use.luminous.mp3	373281	2026-05-07T01:30:57+00:00
audio/elara/elara.shadow-vault.release-or-seal-lever.use.lucid.mp3	373281	2026-05-01T07:35:59+00:00
art/slideshows/album1/T04/T04_09.webp	372966	2026-04-29T00:30:55+00:00
art/slideshows/album1/T09/T09_07.webp	372940	2026-04-29T00:30:57+00:00
art/slideshows/album5/T04/sih_t04_f20.webp	372584	2026-05-07T16:50:50+00:00
audio/elara/elara.archives.unnameable-hue-cabinet.look.lucid.mp3	372445	2026-05-01T07:35:56+00:00
audio/elara/elara.cargo-hold.rubber-chicken.look.t2.luminous.mp3	372445	2026-04-30T05:22:11+00:00
art/slideshows/album1/T14/T14_03.webp	372374	2026-04-29T00:30:58+00:00
art/slideshows/album5/T24/sih_t24_f06.webp	372174	2026-05-07T16:51:06+00:00
audio/elara/elara.archives.data-banks.look.t2.lucid.mp3	372027	2026-04-30T05:22:00+00:00
audio/elara/elara.captains-quarters.vex-workshop-diary.use.luminous.mp3	372027	2026-05-07T01:30:53+00:00
audio/elara/elara.cipher-den.encrypted-correspondence.look.lucid.mp3	372027	2026-05-01T07:35:56+00:00
audio/episodes/mechronis_m5_the_necromancers_lecture/mechronis_m5_scene_1_the_buffer/0.mp3	372027	2026-05-08T20:25:27+00:00
art/fighters/architect/architect_basic_attacks.webp	371822	2026-04-22T04:29:50+00:00
art/expansions/hierarchy-of-damned/directors/s2_hierarchy_dir_metrics_oracle.webp	371486	2026-04-28T02:08:18+00:00
audio/elara/elara.cryo.medical-chart.look.t2.luminous.mp3	371191	2026-04-30T05:22:15+00:00
audio/elara/elara.engineering.schematic-pad.look.lucid.mp3	371191	2026-05-01T07:35:58+00:00
art/slideshows/album1/T19/T19_02.webp	370988	2026-04-29T00:30:59+00:00
art/slideshows/album5/ref/Z1TheAntiquarian.webp	370542	2026-05-07T16:51:19+00:00
art/slideshows/album5/narrators/sih_story_witness.webp	370510	2026-05-11T01:29:53+00:00
audio/elara/elara.archives.data-banks.look.t4.lucid.mp3	370355	2026-04-30T05:22:01+00:00
audio/elara/elara.bridge.diplomacy-table.use.luminous.mp3	370355	2026-05-14T16:47:51+00:00
art/slideshows/album1/T03/T03_02.webp	370290	2026-04-29T00:30:55+00:00
art/slideshows/album1/T28/T28_06.webp	369628	2026-04-29T00:31:01+00:00
audio/elara/elara.archives.data-banks.look.t3.fragmented.mp3	369519	2026-04-30T05:22:01+00:00
audio/elara/elara.bridge.timeline-projector.look.t1.fragmented.mp3	369519	2026-04-30T05:22:08+00:00
audio/elara/elara.hybrid-sanctum.severed-mirror.look.mp3	369519	2026-05-01T07:35:58+00:00
audio/elara/elara.medbay.emergency-safe.look.t3.luminous.mp3	369519	2026-04-30T05:22:18+00:00
audio/romance/elara/elara.romance.s4.morning.mp3	369519	2026-05-08T20:25:33+00:00
art/slideshows/album5/T19/sih_t19_f09.webp	369504	2026-05-07T16:51:03+00:00
audio/elara/ask_elara_substrate.mp3	368684	2026-05-07T01:30:46+00:00
audio/elara/cc_malkia_two_halves_elara.mp3	368684	2026-05-07T01:30:49+00:00
art/slideshows/album1/T10/T10_06.webp	368582	2026-04-29T00:30:57+00:00
art/slideshows/album5/bg/sih_bg_throne.webp	368544	2026-05-07T16:51:18+00:00
art/keyframes/awakening/cryo_open_start.webp	368506	2026-04-27T03:10:28+00:00
audio/elara/elara.station-dock.airlock-control.talk.mp3	368266	2026-05-07T01:31:00+00:00
audio/human/detective.bridge.shadow-tongue-annotations.look.warm.mp3	368266	2026-05-01T07:36:02+00:00
audio/elara/elara.archives.data-banks.look.t1.lucid.mp3	367430	2026-04-30T05:22:00+00:00
art/slideshows/album5/T18/sih_t18_f22.webp	367178	2026-05-07T16:51:02+00:00
art/slideshows/album5/T30/sih_t30_f14.webp	366948	2026-05-07T16:51:13+00:00
art/expansions/hierarchy-of-damned/interns/s2_hierarchy_intn_status_update_drone.webp	366940	2026-04-28T02:08:18+00:00
art/slideshows/album5/T13/sih_t13_f02.webp	366890	2026-05-07T16:50:57+00:00
audio/act7/act7_humanity/ep.humanity.elara.mp3	366594	2026-05-08T20:25:14+00:00
audio/elara/elara.medbay.emergency-safe.look.t1.fragmented.mp3	366594	2026-04-30T05:22:18+00:00
audio/elara/elara.quantum-lab.entanglement-rig.look.luminous.mp3	366594	2026-05-01T07:35:59+00:00
audio/elara/elara.station-dock.ship-manifest.look.luminous.mp3	366594	2026-05-01T07:36:00+00:00
art/slideshows/album5/T17/sih_t17_f06.webp	365904	2026-05-07T16:51:01+00:00
audio/episodes/celebration_c9_the_match/celebration_c9_scene_4_the_goggles/9.mp3	365758	2026-05-08T20:25:25+00:00
audio/episodes/mechronis_m12_the_diploma_that_isnt/mechronis_m12_scene_1_the_hall/0.mp3	365758	2026-05-08T20:25:25+00:00
audio/episodes/mechronis_m6_the_antiquarian_visits/mechronis_m6_scene_1_the_guest_lecture/1.mp3	365758	2026-05-08T20:25:28+00:00
audio/human/detective.engineering.instruction-manual.look.t1.warm.mp3	365758	2026-04-30T05:22:36+00:00
audio/romance/locke/locke.romance.s4.no_record.mp3	365758	2026-05-08T20:25:34+00:00
art/rooms/prelude/room-bridge.webp	365726	2026-04-25T18:24:16+00:00
art/expansions/hierarchy-of-damned/analysts/s2_hierarchy_anl_recruiting_coordinator.webp	365710	2026-04-28T02:08:18+00:00
art/trade-empire/sectors/sector_new_babylon_lower_tiers.webp	365418	2026-04-28T02:08:17+00:00
audio/episodes/celebration_c9_the_match/celebration_c9_scene_1_before_the_match/0.mp3	365340	2026-05-08T20:25:25+00:00
art/cinematics/01_pack_opening/keyframes/beat4_fan_reveal.webp	365116	2026-04-28T04:41:04+00:00
art/slideshows/album5/T29/sih_t29_f03.webp	365080	2026-05-07T16:51:12+00:00
art/slideshows/album5/T01/sih_t01_f10.webp	364870	2026-05-07T16:50:48+00:00
audio/elara/elara.bridge.tactical-display.look.t1.lucid.mp3	364504	2026-04-30T05:22:07+00:00
audio/elara/elara.shadow-vault.manuscript-pile.look.luminous.mp3	364504	2026-05-01T07:35:59+00:00
audio/human/detective.cryo.dead-pod.look.t3.balanced.mp3	364504	2026-04-30T05:22:35+00:00
art/slideshows/album5/T18/sih_t18_f11.webp	363926	2026-05-07T16:51:02+00:00
audio/elara/elara.bridge.captains-chair.look.t3.luminous.mp3	363668	2026-04-30T05:22:04+00:00
audio/episodes/mechronis_m11_the_patrons_true_face/mechronis_m11_scene_1_the_reveal/5.mp3	363668	2026-05-08T20:25:25+00:00
art/keyframes/awakening/elara_intro_start.webp	363650	2026-04-27T03:10:28+00:00
art/expansions/hierarchy-of-damned/act-exclusives/act2_the_whisper.webp	363208	2026-04-28T02:08:18+00:00
art/cutscenes/prelude/beat-j-finale_start.webp	363200	2026-04-25T18:23:46+00:00
art/slideshows/album1/T24/T24_04.webp	363000	2026-04-29T00:31:00+00:00
art/trade-empire/sectors/sector_frontier_worlds.webp	362844	2026-04-28T02:08:17+00:00
audio/elara/elara.medbay.medicine-cabinet.talk.luminous.mp3	362832	2026-05-14T16:47:53+00:00
audio/episodes/celebration_c7_the_patrons_summons/celebration_c7_scene_2_witnessing_choice/1.mp3	362832	2026-05-08T20:25:25+00:00
art/slideshows/album1/T01/T01_06.webp	362656	2026-04-29T00:30:55+00:00
art/trade-empire/encounters/encounter_listener_static.webp	362656	2026-04-28T02:08:17+00:00
art/slideshows/album1/T15/T15_02.webp	362574	2026-04-29T00:30:58+00:00
art/slideshows/album1/T25/T25_05.webp	362392	2026-04-29T00:31:00+00:00
art/slideshows/album5/T25/sih_t25_f02.webp	362222	2026-05-07T16:51:07+00:00
art/expansions/hierarchy-of-damned/interns/s2_hierarchy_intn_onboarding_shadow.webp	362104	2026-04-28T02:08:18+00:00
audio/elara/elara.quantum-lab.entanglement-rig.look.lucid.mp3	361996	2026-05-01T07:35:59+00:00
audio/elara/elara.shadow-vault.sealed-cell-glass.use.luminous.mp3	361996	2026-05-07T01:30:59+00:00
audio/episodes/mechronis_m8_the_apprentice_trial/mechronis_m8_scene_1_the_rite/1.mp3	361996	2026-05-08T20:25:29+00:00
audio/human/human.cipher-den.uncorruption-bench.use.balanced.mp3	361996	2026-05-07T01:31:15+00:00
art/slideshows/album5/bg/sih_bg_harvest.webp	361980	2026-05-07T16:51:17+00:00
art/rooms/mystery-states/engineering_restored_from_edits.webp	361672	2026-04-30T23:37:08+00:00
audio/elara/elara.antiquarian-library.antiquarian-bust.look.luminous.mp3	361578	2026-05-01T07:35:55+00:00
audio/elara/elara.cipher-den.uncorruption-bench.use.luminous.mp3	361578	2026-05-01T07:35:57+00:00
audio/elara/elara.shadow-vault.release-or-seal-lever.use.luminous.mp3	361578	2026-05-01T07:35:59+00:00
audio/episodes/mechronis_m1_choric_compliance/mechronis_m1_scene_3_hidden_agenda/7.mp3	361578	2026-05-08T20:25:26+00:00
art/slideshows/album5/T04/sih_t04_f08.webp	361564	2026-05-07T16:50:50+00:00
art/slideshows/album5/T26/sih_t26_f04.webp	361560	2026-05-07T16:51:08+00:00
art/rooms/mystery-states/cryo-bay_case-open-later.webp	360802	2026-04-22T04:30:53+00:00
audio/elara/ask_elara_binary_relay_lucid.mp3	360742	2026-04-23T01:58:54+00:00
audio/elara/elara.armory.motivational-poster.look.t3.fragmented.mp3	360742	2026-04-30T05:22:02+00:00
audio/elara/elara.blood-archive.lineage-codex.look.mp3	360742	2026-05-01T07:35:56+00:00
audio/elara/elara.social-hub.mess-table.look.lucid.mp3	360742	2026-05-01T07:36:00+00:00
audio/human/ask_human_whisper_layer.mp3	360742	2026-05-07T01:31:10+00:00
art/keyframes/awakening/name_input_start.webp	360126	2026-04-27T03:10:29+00:00
audio/elara/elara.order-tribunal.mol-vereth-audit-ledger.use.mp3	359906	2026-05-07T01:30:59+00:00
audio/episodes/mechronis_m10_the_final_exam/mechronis_m10_scene_2_kindness_during_victory/1.mp3	359906	2026-05-08T20:25:25+00:00
audio/human/detective.armory.motivational-poster.look.t3.warm.mp3	359906	2026-04-30T05:22:25+00:00
art/slideshows/album1/T14/T14_08.webp	359430	2026-04-29T00:30:58+00:00
audio/elara/elara.shadow-vault.warden-terminal.use.luminous.mp3	359071	2026-05-01T07:36:00+00:00
art/slideshows/album5/T04/sih_t04_f13.webp	359036	2026-05-07T16:50:50+00:00
audio/elara/elara.forge-workshop.schema-rack.use.mp3	358653	2026-05-07T01:30:56+00:00
audio/elara/elara.quantum-lab.observation-cage.look.lucid.mp3	358653	2026-05-01T07:35:59+00:00
audio/elara/elara.shadow-vault.manuscript-pile.talk.mp3	358653	2026-05-07T01:30:59+00:00
art/slideshows/album5/T02/sih_t02_f05.webp	358404	2026-05-07T16:50:48+00:00
art/slideshows/album5/T37/sih_t37_f03.webp	358350	2026-05-07T16:51:17+00:00
art/cutscenes/prelude/beat-c-engineering_end.webp	358330	2026-04-25T18:23:13+00:00
art/slideshows/album5/narrators/sih_story_knowing.webp	358222	2026-05-11T01:29:51+00:00
audio/elara/elara.archives.unnameable-hue-cabinet.talk.mp3	357817	2026-05-07T01:30:52+00:00
audio/elara/elara.guild-sanctum.sigil-altar.look.luminous.mp3	357817	2026-05-01T07:35:58+00:00
audio/human/human.war-room.holo-table.talk.balanced.mp3	357817	2026-05-07T01:31:18+00:00
art/slideshows/album1/T04/T04_04.webp	357792	2026-04-29T00:30:55+00:00
art/slideshows/album1/T04/T04_10.webp	357234	2026-04-29T00:30:55+00:00
audio/act3/te-wonder-complete-ark_cathedral.mp3	356981	2026-04-30T05:21:56+00:00
audio/elara/elara.archives.tome.look.lucid.mp3	356981	2026-04-30T05:22:01+00:00
audio/elara/elara.bridge.diplomacy-table.look.t1.lucid.mp3	356981	2026-04-30T05:22:06+00:00
art/slideshows/album5/T35/sih_t35_f03.webp	356706	2026-05-07T16:51:16+00:00
art/slideshows/album5/T20/sih_t20_f16.webp	356454	2026-05-07T16:51:04+00:00
audio/elara/elara.shadow-vault.sealed-cell-glass.look.luminous.mp3	356145	2026-05-01T07:35:59+00:00
art/slideshows/album5/T08/sih_t08_f21.webp	355780	2026-05-07T16:50:54+00:00
art/slideshows/album5/T32/sih_t32_f24.webp	355678	2026-05-07T16:51:14+00:00
audio/episodes/mechronis_m2_applied_surveillance/mechronis_m2_scene_1_the_triangle/0.mp3	355309	2026-05-08T20:25:26+00:00
art/expansions/hierarchy-of-damned/interns/s2_hierarchy_intn_stand_up_lurker.webp	355124	2026-04-28T02:08:18+00:00
audio/elara/elara.bridge.nav-console.look.t1.fragmented.mp3	354891	2026-04-30T05:22:07+00:00
audio/episodes/celebration_c9_the_match/celebration_c9_scene_3_the_win/0.mp3	354891	2026-05-08T20:25:24+00:00
art/slideshows/album5/bg/sih_bg_trumpet_broadcast.webp	354120	2026-05-07T16:51:18+00:00
audio/elara/ask_elara_army_needed.mp3	354055	2026-05-07T01:30:45+00:00
audio/elara/elara.archives.data-banks.look.t3.lucid.mp3	354055	2026-04-30T05:22:00+00:00
audio/elara/elara.cargo-hold.rubber-chicken.look.t2.fragmented.mp3	354055	2026-04-30T05:22:10+00:00
art/trade-empire/sectors/sector_insurgency_haven.webp	353494	2026-04-28T02:08:17+00:00
art/slideshows/album5/T06/sih_t06_f05.webp	353406	2026-05-07T16:50:51+00:00
art/expansions/hierarchy-of-damned/interns/s2_hierarchy_intn_calendar_sync_imp.webp	353220	2026-04-28T02:08:18+00:00
audio/human/detective.comms-array.radio-console.look.t1.balanced.mp3	353219	2026-04-30T05:22:34+00:00
audio/human/human.comms-array.egg-signal.use.balanced.mp3	353219	2026-05-07T01:31:15+00:00
art/rooms/prelude/room-cryo-bay.webp	353112	2026-04-25T18:24:17+00:00
art/slideshows/album5/T08/sih_t08_f20.webp	352988	2026-05-07T16:50:54+00:00
art/slideshows/album5/T13/sih_t13_f06.webp	352838	2026-05-07T16:50:58+00:00
art/slideshows/album5/T24/sih_t24_f08.webp	352712	2026-05-07T16:51:06+00:00
characters/gamemaster/viseme_offset.avif	352706	2026-04-25T01:51:02+00:00
audio/elara/elara.cargo-hold.rubber-chicken.look.t3.luminous.mp3	352383	2026-04-30T05:22:10+00:00
art/slideshows/album5/narrators/sih_story_challenge.webp	352324	2026-05-11T01:29:48+00:00
art/slideshows/album5/T04/sih_t04_f21.webp	352030	2026-05-07T16:50:50+00:00
audio/human/human.antiquarian-library.codas-purpose-shelf.look.balanced.mp3	351965	2026-05-07T01:31:13+00:00
art/expansions/hierarchy-of-damned/analysts/s2_hierarchy_anl_brand_coordinator.webp	351262	2026-04-28T02:08:18+00:00
audio/elara/elara.bridge.timeline-projector.look.t1.lucid.mp3	351129	2026-04-30T05:22:08+00:00
art/slideshows/album5/T10/sih_t10_f14.webp	350452	2026-05-07T16:50:55+00:00
audio/elara/elara.cryo.frosted-glass.look.luminous.mp3	350293	2026-04-30T05:22:15+00:00
audio/elara/elara.medbay.medicine-cabinet.look.t2.luminous.mp3	350293	2026-04-30T05:22:20+00:00
audio/human/detective.archives.indigo-glow-lectern.look.balanced.mp3	350293	2026-05-01T07:36:01+00:00
art/eidolons/nyx/nyx-scar-comp.webp	350088	2026-04-22T04:29:31+00:00
art/slideshows/album1/T24/T24_08.webp	349598	2026-04-29T00:31:00+00:00
audio/elara/elara.medbay.medical-log.look.t1.lucid.mp3	349457	2026-04-30T05:22:19+00:00
audio/elara/elara.medbay.neural-bridge.look.t1.fragmented.mp3	349457	2026-04-30T05:22:20+00:00
art/slideshows/album5/T15/sih_t15_f05.webp	349358	2026-05-07T16:50:59+00:00
art/slideshows/album1/T09/T09_10.webp	349262	2026-04-29T00:30:57+00:00
art/cutscenes/prelude/beat-g-observation_end.webp	349150	2026-04-25T18:23:39+00:00
art/slideshows/album1/T23/T23_02.webp	348652	2026-04-29T00:30:59+00:00
art/slideshows/album5/T07/sih_t07_f07.webp	348640	2026-05-07T16:50:53+00:00
audio/elara/ask_elara_who_was_programmer.mp3	348622	2026-05-07T01:30:46+00:00
audio/elara/elara.cargo-hold.rubber-chicken.look.t1.fragmented.mp3	348622	2026-04-30T05:22:09+00:00
audio/elara/elara.engineering.instruction-manual.look.t1.luminous.mp3	348622	2026-04-30T05:22:16+00:00
audio/elara/pet_intro_04_fragmented.mp3	348622	2026-04-23T01:59:01+00:00
audio/human/ask_human_light_or_dark.mp3	348622	2026-05-07T01:31:09+00:00
audio/elara/elara.bridge.shadow-tongue-annotations.use.lucid.mp3	348204	2026-05-14T16:47:51+00:00
audio/elara/elara.medbay.dna-helix.talk.lucid.mp3	348204	2026-05-14T16:47:52+00:00
audio/episodes/mechronis_m8_the_apprentice_trial/mechronis_m8_scene_1_the_rite/2.mp3	348204	2026-05-08T20:25:28+00:00
audio/romance/locke/locke.romance.s3.path_a_disclosure.mp3	348204	2026-05-08T20:25:34+00:00
art/slideshows/album5/T31/sih_t31_f04.webp	347940	2026-05-07T16:51:13+00:00
audio/elara/elara.comms-array.radio-console.use.luminous.mp3	347368	2026-04-30T05:22:13+00:00
audio/elara/elara.oracle-sanctum.incense-brazier.use.fragmented.mp3	347368	2026-05-07T01:30:57+00:00
art/slideshows/album5/T24/sih_t24_f02.webp	346994	2026-05-07T16:51:06+00:00
art/slideshows/album5/T30/sih_t30_f05.webp	346570	2026-05-07T16:51:12+00:00
audio/elara/elara.bridge.tactical-display.look.t2.lucid.mp3	346532	2026-04-30T05:22:07+00:00
audio/elara/pet_bond_strain_fragmented.mp3	346532	2026-04-23T01:59:00+00:00
audio/episodes/celebration_c8_the_ghost_in_the_hall/celebration_c8_scene_1_the_hall/5.mp3	346532	2026-05-08T20:25:24+00:00
audio/human/human.war-room.casualty-board.look.balanced.mp3	346532	2026-05-07T01:31:18+00:00
art/slideshows/album1/T07/T07_06.webp	346218	2026-04-29T00:30:56+00:00
audio/elara/elara.bridge.captains-coffee.look.t2.lucid.mp3	345696	2026-04-30T05:22:05+00:00
audio/elara/elara.engineering.instruction-manual.look.t3.luminous.mp3	345696	2026-04-30T05:22:16+00:00
audio/episodes/celebration_c6_the_dueling_court/celebration_c6_scene_1_the_challenge/0.mp3	345696	2026-05-08T20:25:22+00:00
audio/human/human.cipher-den.rosetta-pad.talk.balanced.mp3	345696	2026-05-07T01:31:14+00:00
audio/elara/elara.station-dock.ship-manifest.look.lucid.mp3	345278	2026-05-01T07:36:00+00:00
audio/episodes/celebration_c2_first_day/celebration_c2_scene_2_first_lesson/0.mp3	345278	2026-05-08T20:25:21+00:00
art/cutscenes/prelude/beat-f-briefing_end.webp	344870	2026-04-25T18:23:34+00:00
art/slideshows/album1/T09/T09_01.webp	344840	2026-04-29T00:30:57+00:00
art/specimens/lux-companion.webp	344482	2026-04-22T04:31:10+00:00
audio/elara/ask_elara_binary_relay_fragmented.mp3	344442	2026-04-23T01:58:54+00:00
audio/elara/ask_elara_kael_logs.mp3	344442	2026-05-07T01:30:45+00:00
audio/episodes/mechronis_m9_the_oracles_counterclaim/mechronis_m9_scene_1_the_visitor/3.mp3	344442	2026-05-08T20:25:29+00:00
art/cinematics/09_act7_convergence/keyframes/beat1_cathedral_dawn.webp	344370	2026-04-28T04:41:05+00:00
art/expansions/hierarchy-of-damned/c-suite/s2_hierarchy_cfo_xeth_raal.webp	344132	2026-04-28T02:08:18+00:00
art/trade-empire/doctrines/doctrine_iron_wall.webp	343918	2026-04-28T02:08:17+00:00
audio/elara/ask_elara_binary_basics_fragmented.mp3	343606	2026-04-23T01:58:53+00:00
audio/elara/elara.archives.indigo-glow-lectern.talk.luminous.mp3	343606	2026-05-07T01:30:51+00:00
audio/act7/act7_balance/ep.balance.elara.mp3	342770	2026-05-08T20:25:14+00:00
audio/elara/elara.bridge.tactical-display.look.t2.fragmented.mp3	342770	2026-04-30T05:22:07+00:00
audio/elara/elara.captains-quarters.cat-photo.look.t1.lucid.mp3	342770	2026-04-30T05:22:09+00:00
audio/elara/elara.dreams-workshop.fragment-rack.look.luminous.mp3	342770	2026-05-01T07:35:58+00:00
audio/human/detective.captains-quarters.cat-photo.look.t3.balanced.mp3	342770	2026-04-30T05:22:33+00:00
art/vfx/prelude/sepia-drain-forward.webm	342056	2026-04-22T04:34:25+00:00
art/vfx/prelude/sepia-drain.webm	342056	2026-04-22T04:34:26+00:00
audio/elara/elara.antiquarian-library.hierophants-marginalia-stack.look.lucid.mp3	341934	2026-05-07T01:30:50+00:00
audio/human/detective.engineering.instruction-manual.look.t2.balanced.mp3	341934	2026-04-30T05:22:36+00:00
audio/human/detective.engineering.instruction-manual.look.t2.warm.mp3	341934	2026-04-30T05:22:36+00:00
art/slideshows/album1/T22/T22_11.webp	341830	2026-04-29T00:30:59+00:00
art/slideshows/album1/T04/T04_05.webp	340912	2026-04-29T00:30:55+00:00
audio/elara/elara.captains-quarters.cat-photo.look.t2.fragmented.mp3	340680	2026-04-30T05:22:09+00:00
audio/elara/elara.cryo.personal-effect.look.t1.lucid.mp3	340680	2026-04-30T05:22:15+00:00
audio/episodes/celebration_c9_the_match/celebration_c9_scene_4_the_goggles/3.mp3	340680	2026-05-08T20:25:24+00:00
art/expansions/hierarchy-of-damned/directors/s2_hierarchy_dir_velm_acrith.webp	340412	2026-04-28T02:08:18+00:00
art/celebration/slideshow/celebration_slide_02.webp	340032	2026-04-22T04:29:03+00:00
audio/elara/elara.archives.tome.talk.luminous.mp3	339844	2026-05-07T01:30:51+00:00
audio/elara/elara.medbay.medicine-cabinet.talk.lucid.mp3	339844	2026-05-14T16:47:53+00:00
audio/human/detective.comms-array.radio-console.look.t2.warm.mp3	339844	2026-04-30T05:22:34+00:00
art/slideshows/album1/T07/T07_09.webp	339618	2026-04-29T00:30:56+00:00
art/slideshows/album5/T06/sih_t06_f17.webp	339134	2026-05-07T16:50:52+00:00
audio/elara/elara.bridge.diplomacy-table.look.t2.fragmented.mp3	339008	2026-04-30T05:22:06+00:00
audio/elara/elara.comms-array.radio-console.look.t2.lucid.mp3	339008	2026-04-30T05:22:12+00:00
audio/elara/elara.the-between.between-pool.look.mp3	339008	2026-05-01T07:36:00+00:00
art/expansions/hierarchy-of-damned/managers/s2_hierarchy_mgr_stand_up_wraith.webp	338874	2026-04-28T02:08:19+00:00
art/slideshows/album5/T35/sih_t35_f05.webp	338852	2026-05-07T16:51:16+00:00
art/cinematics/03_act1_memoir/keyframes/beat4_page_to_card.webp	338696	2026-04-28T04:41:04+00:00
art/expansions/hierarchy-of-damned/analysts/s2_hierarchy_anl_travel_expense_auditor.webp	338604	2026-04-28T02:08:18+00:00
audio/elara/elara.comms-array.radio-console.look.t2.luminous.mp3	338591	2026-04-30T05:22:12+00:00
audio/episodes/celebration_c1_the_watch/celebration_c1_scene_1_opening/0.mp3	338591	2026-05-08T20:25:20+00:00
audio/episodes/mechronis_m1_choric_compliance/mechronis_m1_scene_3_hidden_agenda/5.mp3	338591	2026-05-08T20:25:27+00:00
audio/human/detective.comms-array.static-screen.look.t1.warm.mp3	338591	2026-04-30T05:22:33+00:00
art/slideshows/album5/T25/sih_t25_f08.webp	338458	2026-05-07T16:51:08+00:00
art/expansions/hierarchy-of-damned/special-editions/special_founding_author.webp	337948	2026-04-28T02:08:19+00:00
art/slideshows/album5/T08/sih_t08_f17.webp	337798	2026-05-07T16:50:54+00:00
audio/elara/elara.cipher-den.vex-seer-pair-binder.use.lucid.mp3	337755	2026-05-07T01:30:54+00:00
audio/elara/elara.comms-array.radio-console.look.t1.fragmented.mp3	337755	2026-04-30T05:22:11+00:00
audio/elara/elara.medbay.emergency-safe.look.t1.lucid.mp3	337755	2026-04-30T05:22:18+00:00
audio/elara/elara.medbay.medicine-cabinet.look.t2.lucid.mp3	337755	2026-04-30T05:22:20+00:00
audio/romance/elara/elara.romance.s1.observation.mp3	337755	2026-05-08T20:25:32+00:00
art/expansions/hierarchy-of-damned/analysts/s2_hierarchy_anl_sales_ops.webp	337530	2026-04-28T02:08:18+00:00
audio/music/entity-unlocked/v1.mp3	337475	2026-04-22T04:34:41+00:00
art/slideshows/album5/T28/sih_t28_f24.webp	337402	2026-05-07T16:51:11+00:00
art/slideshows/album1/T26/T26_02.webp	337284	2026-04-29T00:31:00+00:00
art/slideshows/album5/T36/sih_t36_f08.webp	337132	2026-05-07T16:51:16+00:00
audio/elara/elara.elemental-nexus.elemental-orrery.look.lucid.mp3	336919	2026-05-01T07:35:58+00:00
audio/elara/elara.elemental-nexus.elemental-orrery.look.luminous.mp3	336919	2026-05-01T07:35:57+00:00
audio/elara/human_reveal_voice_fragmented.mp3	336919	2026-04-23T01:58:58+00:00
audio/episodes/celebration_c6_the_dueling_court/celebration_c6_scene_2_the_duel/3.mp3	336919	2026-05-08T20:25:23+00:00
audio/human/ask_human_the_cover.mp3	336919	2026-05-07T01:31:09+00:00
audio/human/human.oracle-sanctum.seers-recording-cabinet.use.balanced.mp3	336919	2026-05-07T01:31:17+00:00
audio/human/human.station-dock.codas-trading-floor.talk.balanced.mp3	336919	2026-05-07T01:31:18+00:00
art/slideshows/album5/T24/sih_t24_f11.webp	336500	2026-05-07T16:51:06+00:00
art/slideshows/album5/T28/sih_t28_f18.webp	336336	2026-05-07T16:51:11+00:00
audio/elara/elara.archives.indigo-glow-lectern.talk.lucid.mp3	336083	2026-05-07T01:30:51+00:00
audio/elara/elara.bridge.captains-chair.look.t2.luminous.mp3	336083	2026-04-30T05:22:04+00:00
audio/human/detective.comms-array.egg-signal.look.balanced.mp3	336083	2026-04-30T05:22:32+00:00
art/slideshows/album1/T20/T20_04.webp	336010	2026-04-29T00:30:59+00:00
art/slideshows/album5/T10/sih_t10_f20.webp	335470	2026-05-07T16:50:56+00:00
audio/elara/elara.observation-deck.bond-resonance-altar.talk.luminous.mp3	335247	2026-05-07T01:30:57+00:00
art/vfx/cosmetic_ceremonies/kf_card_back_reveal.webp	335194	2026-04-28T04:41:05+00:00
audio/elara/cc_clone_save_elara.mp3	334829	2026-05-07T01:30:48+00:00
audio/elara/elara.cargo-hold.rubber-chicken.look.t1.luminous.mp3	334829	2026-04-30T05:22:09+00:00
audio/episodes/celebration_c12_the_last_good_day/celebration_c12_scene_2_the_line_lands/11.mp3	334829	2026-05-08T20:25:20+00:00
audio/human/human.engineering.schematic-pad.use.balanced.mp3	334829	2026-05-07T01:31:16+00:00
art/slideshows/album1/T07/T07_25.webp	334716	2026-04-29T00:30:56+00:00
art/cinematics/01_pack_opening/keyframes/beat6_rarity_burst.webp	334252	2026-04-28T04:41:04+00:00
audio/elara/elara.dimensional-observatory.rift-lens.look.mp3	333993	2026-05-01T07:35:57+00:00
audio/elara/elara.medbay.medicine-cabinet.look.t1.lucid.mp3	333993	2026-04-30T05:22:19+00:00
audio/episodes/celebration_c5_the_banner_glitches/celebration_c5_scene_1_the_square/2.mp3	333993	2026-05-08T20:25:24+00:00
audio/human/human.war-room.casualty-board.talk.balanced.mp3	333993	2026-05-07T01:31:18+00:00
audio/romance/locke/locke.romance.s3.commit.mp3	333993	2026-05-08T20:25:36+00:00
art/slideshows/album1/T20/T20_11.webp	333958	2026-04-29T00:30:59+00:00
art/cutscenes/prelude/beat-i-archive_end.webp	333732	2026-04-25T18:23:44+00:00
audio/antiquarian/antiq_fc_1.mp3	333157	2026-04-22T04:34:30+00:00
audio/elara/cc_act3_offer_first.mp3	333157	2026-05-07T01:30:46+00:00
audio/elara/human_reveal_approach_lucid.mp3	333157	2026-04-23T01:58:59+00:00
audio/human/human.order-tribunal.evidence-locker.talk.balanced.mp3	333157	2026-05-07T01:31:17+00:00
audio/human/human.station-dock.codas-trading-floor.look.balanced.mp3	333157	2026-05-07T01:31:18+00:00
audio/romance/locke/locke.romance.s2.afterward.mp3	333157	2026-05-08T20:25:34+00:00
art/slideshows/album1/T28/T28_01.webp	333028	2026-04-29T00:31:01+00:00
art/slideshows/album1/T22/T22_00_title.webp	332884	2026-04-29T00:30:59+00:00
art/expansions/hierarchy-of-damned/managers/s2_hierarchy_mgr_process_imp.webp	332662	2026-04-28T02:08:19+00:00
art/fighters/architect/architect_idle_movement.webp	332588	2026-04-22T04:29:51+00:00
art/keyframes/awakening/attributes_start.webp	332526	2026-04-27T03:10:28+00:00
audio/elara/elara.observation-deck.bond-resonance-altar.look.lucid.mp3	332321	2026-05-01T07:35:59+00:00
audio/elara/elara.observation-deck.bond-resonance-altar.use.lucid.mp3	332321	2026-05-07T01:30:57+00:00
art/slideshows/album5/T28/sih_t28_f12.webp	331954	2026-05-07T16:51:11+00:00
audio/elara/elara.archives.tome.use.mp3	331903	2026-05-07T01:30:52+00:00
audio/elara/elara.bridge.captains-chair.look.t1.luminous.mp3	331903	2026-04-30T05:22:03+00:00
audio/elara/elara.captains-quarters.cat-photo.look.t2.lucid.mp3	331903	2026-04-30T05:22:09+00:00
audio/elara/elara.shadow-vault.warden-terminal.look.luminous.mp3	331903	2026-05-07T01:30:59+00:00
art/prelude/last-words-tease/slide-5.webp	331444	2026-04-22T04:30:52+00:00
art/expansions/hierarchy-of-damned/analysts/s2_hierarchy_anl_data_analyst.webp	331242	2026-04-28T02:08:18+00:00
art/slideshows/album1/T17/T17_02.webp	331162	2026-04-29T00:30:58+00:00
audio/elara/elara.hybrid-sanctum.dual-altar.look.mp3	331067	2026-05-01T07:35:58+00:00
art/expansions/hierarchy-of-damned/analysts/s2_hierarchy_anl_project_coordinator.webp	330680	2026-04-28T02:08:18+00:00
art/trade-empire/sectors/sector_ark_debris_field.webp	330408	2026-04-28T02:08:17+00:00
audio/act3/eyes-whisper-atarion_ruins.mp3	330231	2026-04-30T05:21:53+00:00
audio/human/detective.bridge.captains-coffee.look.t2.balanced.mp3	330231	2026-04-30T05:22:27+00:00
art/slideshows/album5/T34/sih_t34_f17.webp	329502	2026-05-07T16:51:16+00:00
audio/human/detective.bridge.diplomacy-table.look.t1.warm.mp3	329395	2026-04-30T05:22:27+00:00
art/rooms/prelude/room-cargo-hold.webp	329148	2026-04-25T18:24:17+00:00
audio/elara/elara.medbay.bio-bed.use.t1.luminous.mp3	328559	2026-04-30T05:22:17+00:00
audio/human/ask_human_who.mp3	328559	2026-05-07T01:31:10+00:00
art/slideshows/album5/T24/sih_t24_f09.webp	328376	2026-05-07T16:51:06+00:00
art/rooms/room-galley.webp	328356	2026-04-22T04:30:59+00:00
audio/elara/ask_elara_my_path.mp3	328142	2026-05-07T01:30:45+00:00
audio/elara/elara.bridge.captains-coffee.look.t1.luminous.mp3	328142	2026-04-30T05:22:05+00:00
audio/elara/elara.oracle-sanctum.incense-brazier.look.luminous.mp3	328142	2026-05-01T07:35:59+00:00
audio/elara/elara.oracle-sanctum.oracle-pool.look.luminous.mp3	328142	2026-05-01T07:35:59+00:00
audio/elara/medbay_dna_setup_fragmented.mp3	328142	2026-04-23T01:59:00+00:00
art/expansions/hierarchy-of-damned/managers/s2_hierarchy_mgr_estimation_goblin.webp	327916	2026-04-28T02:08:19+00:00
art/keyframes/awakening/class_question_start.webp	327434	2026-04-27T03:10:28+00:00
art/expansions/hierarchy-of-damned/analysts/s2_hierarchy_anl_cs_drone.webp	327348	2026-04-28T02:08:18+00:00
audio/act7/act7_silence/ep.silence.elara.mp3	327306	2026-05-08T20:25:14+00:00
audio/elara/elara.archives.unnameable-hue-cabinet.use.luminous.mp3	327306	2026-05-07T01:30:52+00:00
audio/episodes/mechronis_m3_the_trade_exercise/mechronis_m3_scene_1_the_question_price/0.mp3	327306	2026-05-08T20:25:27+00:00
art/slideshows/album1/T01/T01_10.webp	326940	2026-04-29T00:30:55+00:00
art/slideshows/album5/T02/sih_t02_f15.webp	326484	2026-05-07T16:50:48+00:00
art/slideshows/album5/T13/sih_t13_f05.webp	326470	2026-05-07T16:50:58+00:00
audio/elara/cc_signal_trace_elara.mp3	326470	2026-05-07T01:30:49+00:00
audio/elara/elara.engineering-core.coolant-pipe.use.mp3	326470	2026-05-07T01:30:55+00:00
audio/elara/elara.guild-sanctum.sigil-altar.look.lucid.mp3	326470	2026-05-01T07:35:58+00:00
audio/elara/elara.medbay.neural-bridge.look.t1.luminous.mp3	326470	2026-04-30T05:22:20+00:00
audio/elara/elara.shadow-vault.release-or-seal-lever.look.lucid.mp3	326470	2026-05-07T01:30:59+00:00
art/slideshows/album1/T05/T05_17.webp	326346	2026-04-29T00:30:56+00:00
audio/music/signal-degradation/v1.mp3	326029	2026-04-22T04:34:44+00:00
art/cards/new_babylon/sector_magistrate.webp	325956	2026-05-20T01:32:35+00:00
audio/elara/elara.armory.motivational-poster.look.t3.lucid.mp3	325634	2026-04-30T05:22:01+00:00
audio/elara/elara.bridge.nav-console.talk.lucid.mp3	325634	2026-05-14T16:47:51+00:00
audio/elara/elara.chaos-forge.entropy-vat.look.lucid.mp3	325634	2026-05-01T07:35:56+00:00
audio/elara/elara.cryo.dead-pod.look.t1.luminous.mp3	325634	2026-04-30T05:22:14+00:00
audio/human/detective.medbay.emergency-safe.look.t1.balanced.mp3	325634	2026-04-30T05:22:37+00:00
art/slideshows/album5/T22/sih_t22_f11.webp	325574	2026-05-07T16:51:05+00:00
audio/elara/ask_elara_map_17k.mp3	325216	2026-05-07T01:30:45+00:00
audio/elara/elara.chaos-forge.entropy-vat.look.luminous.mp3	325216	2026-05-01T07:35:56+00:00
audio/elara/elara.forge-workshop.kiln.look.lucid.mp3	325216	2026-05-01T07:35:58+00:00
audio/human/detective.cargo-hold.rubber-chicken.look.t1.warm.mp3	325216	2026-04-30T05:22:33+00:00
audio/human/human.engineering.reactor-core.use.balanced.mp3	325216	2026-05-14T16:47:57+00:00
art/slideshows/album5/T18/sih_t18_f12.webp	324792	2026-05-07T16:51:02+00:00
art/rooms/ark/bridge_t2.webp	324250	2026-04-27T02:37:44+00:00
art/cinematics/07_act5_map/keyframes/beat2_full_decode.webp	323994	2026-04-28T04:41:04+00:00
audio/elara/elara.archives.data-banks.use.luminous.mp3	323544	2026-04-30T05:22:01+00:00
audio/elara/elara.comms-array.voice-in-the-static.use.luminous.mp3	323544	2026-05-07T01:30:54+00:00
audio/elara/elara.cryo.dead-pod.look.t2.fragmented.mp3	323544	2026-04-30T05:22:14+00:00
audio/episodes/celebration_c12_the_last_good_day/celebration_c12_scene_2_the_line_lands/0.mp3	323544	2026-05-08T20:25:20+00:00
audio/episodes/celebration_c8_the_ghost_in_the_hall/celebration_c8_scene_2_the_dreamers_hum/3.mp3	323544	2026-05-08T20:25:24+00:00
art/rooms/architect_throne/baseline.webp	323506	2026-05-20T01:34:11+00:00
audio/elara/ask_elara_mechronis.mp3	322708	2026-05-07T01:30:45+00:00
audio/elara/elara.archives.data-banks.look.t2.fragmented.mp3	322708	2026-04-30T05:22:00+00:00
audio/elara/elara.bridge.diplomacy-table.look.t1.fragmented.mp3	322708	2026-04-30T05:22:05+00:00
audio/elara/elara.shadow-vault.sealed-cell-glass.look.lucid.mp3	322708	2026-05-01T07:35:59+00:00
audio/human/human.antiquarian-library.card-catalog.talk.balanced.mp3	322708	2026-05-07T01:31:13+00:00
art/slideshows/album1/T25/T25_00_title.webp	322612	2026-04-29T00:31:00+00:00
art/slideshows/album1/T08/T08_01.webp	322442	2026-04-29T00:30:56+00:00
art/cards/imprint/_grids/engineer_tier_grid.webp	322430	2026-04-28T02:44:43+00:00
art/slideshows/album1/T28/T28_18.webp	322352	2026-04-29T00:31:01+00:00
art/slideshows/album1/T01/T01_16.webp	322258	2026-04-29T00:30:55+00:00
art/slideshows/album5/T32/sih_t32_f21.webp	322184	2026-05-07T16:51:14+00:00
art/fighters/architect/architect_reactions_throws.webp	322076	2026-04-22T04:29:52+00:00
art/slideshows/album5/T24/sih_t24_f27.webp	321904	2026-05-07T16:51:07+00:00
audio/elara/elara.observation-deck.purification-crystal-cradle.look.luminous.mp3	321872	2026-05-01T07:35:59+00:00
audio/elara/elara.oracle-sanctum.prophecy-tablet.look.luminous.mp3	321872	2026-05-01T07:35:59+00:00
audio/episodes/celebration_c9_the_match/celebration_c9_scene_4_the_goggles/0.mp3	321872	2026-05-08T20:25:24+00:00
audio/episodes/celebration_c9_the_match/celebration_c9_scene_4_the_goggles/4.mp3	321872	2026-05-08T20:25:24+00:00
audio/human/human.antiquarian-library.insurgency-witness-roster.talk.balanced.mp3	321872	2026-05-07T01:31:14+00:00
art/slideshows/album1/T09/T09_06.webp	321848	2026-04-29T00:30:57+00:00
art/vfx/prelude/sepia-drain-reverse.webm	321482	2026-04-22T04:34:25+00:00
audio/elara/elara.bridge.timeline-projector.look.t2.lucid.mp3	321454	2026-04-30T05:22:08+00:00
audio/elara/elara.guild-sanctum.allegiance-pad.use.mp3	321454	2026-05-07T01:30:56+00:00
art/slideshows/album1/T01/T01_17.webp	321300	2026-04-29T00:30:55+00:00
art/cinematics/03_act1_memoir/keyframes/beat1_static_field.webp	320952	2026-04-28T04:41:04+00:00
art/rooms/ark/bridge_t0.webp	320728	2026-04-27T02:37:44+00:00
audio/elara/elara.bridge.captains-chair.look.t3.lucid.mp3	320618	2026-04-30T05:22:04+00:00
audio/elara/elara.comms-array.radio-console.look.t2.fragmented.mp3	320618	2026-04-30T05:22:12+00:00
audio/human/detective.armory.motivational-poster.look.t2.balanced.mp3	320618	2026-04-30T05:22:24+00:00
art/vfx/prelude/hologram-materialize.webm	320232	2026-04-22T04:34:25+00:00
art/slideshows/album5/T02/sih_t02_f04.webp	320174	2026-05-07T16:50:48+00:00
art/cinematics/02_hierarchy_reveal/keyframes/beat4_signature_line.webp	319996	2026-04-28T04:41:04+00:00
audio/elara/bond80_quiet_both_fragmented.mp3	319782	2026-04-23T01:58:55+00:00
audio/elara/elara.cryo.dead-pod.look.t4.fragmented.mp3	319782	2026-04-30T05:22:14+00:00
audio/elara/elara.shadow-vault.warden-terminal.look.lucid.mp3	319782	2026-05-07T01:30:59+00:00
audio/human/cc_malkia_paired_human.mp3	319782	2026-05-07T01:31:12+00:00
audio/human/human.antiquarian-library.insurgency-witness-roster.look.balanced.mp3	319782	2026-05-07T01:31:13+00:00
art/expansions/hierarchy-of-damned/managers/s2_hierarchy_mgr_backlog_maw.webp	319090	2026-04-28T02:08:18+00:00
audio/elara/elara.blood-archive.blood-relic-shrine.look.mp3	318946	2026-05-01T07:35:56+00:00
audio/human/detective.bridge.tactical-display.look.t2.warm.mp3	318946	2026-04-30T05:22:29+00:00
audio/human/human.engineering.crafting-bench.look.balanced.mp3	318946	2026-05-07T01:31:16+00:00
art/eidolons/sibyl/sibyl-hier-asc.webp	318944	2026-04-22T04:29:33+00:00
art/slideshows/album1/T23/T23_10.webp	318892	2026-04-29T00:30:59+00:00
art/eidolons/toxis/toxis-dream-comp.webp	318858	2026-04-22T04:29:39+00:00
audio/elara/elara.engineering.instruction-manual.look.t2.lucid.mp3	318528	2026-04-30T05:22:16+00:00
audio/episodes/celebration_c12_the_last_good_day/celebration_c12_scene_2_the_line_lands/5.mp3	318528	2026-05-08T20:25:21+00:00
audio/human/detective.archives.data-banks.look.t1.warm.mp3	318528	2026-04-30T05:22:22+00:00
audio/human/detective.captains-quarters.cat-photo.look.t3.warm.mp3	318528	2026-04-30T05:22:33+00:00
audio/human/human.engineering.instruction-manual.use.balanced.mp3	318528	2026-05-07T01:31:16+00:00
art/slideshows/album5/T33/sih_t33_f03.webp	318384	2026-05-07T16:51:14+00:00
art/slideshows/album1/T20/T20_10.webp	317752	2026-04-29T00:30:59+00:00
audio/elara/elara.armory.motivational-poster.look.t2.luminous.mp3	317693	2026-04-30T05:22:02+00:00
audio/elara/elara.bridge.captains-chair.look.t2.fragmented.mp3	317693	2026-04-30T05:22:04+00:00
audio/elara/elara.social-hub.bulletin-board.look.lucid.mp3	317693	2026-05-01T07:36:00+00:00
audio/human/detective.comms-array.static-screen.look.t1.balanced.mp3	317693	2026-04-30T05:22:33+00:00
audio/human/detective.cryo.dead-pod.look.t2.warm.mp3	317693	2026-04-30T05:22:34+00:00
audio/human/human.antiquarian-library.hierophants-marginalia-stack.use.balanced.mp3	317693	2026-05-07T01:31:13+00:00
art/slideshows/album1/T23/T23_21.webp	317612	2026-04-29T00:31:00+00:00
page-backgrounds/INV-001_cargo-hold.jpg	317055	2026-05-19T23:22:55+00:00
audio/elara/elara.medbay.bio-bed.look.t1.fragmented.mp3	316857	2026-04-30T05:22:16+00:00
audio/elara/elara.medbay.emergency-safe.look.t3.lucid.mp3	316857	2026-04-30T05:22:18+00:00
audio/human/ask_human_watcher_oblique.mp3	316857	2026-05-07T01:31:09+00:00
audio/human/human.dreams-workshop.fragment-rack.look.balanced.mp3	316857	2026-05-07T01:31:15+00:00
art/vfx/prelude/diploma-ink-bloom_end.webp	316546	2026-04-25T18:24:19+00:00
art/slideshows/album1/T23/T23_16.webp	316258	2026-04-29T00:31:00+00:00
audio/elara/elara.comms-array.static-screen.talk.lucid.mp3	316021	2026-05-07T01:30:54+00:00
audio/elara/elara.cryo.cracked-panel.look.t3.lucid.mp3	316021	2026-04-30T05:22:13+00:00
audio/human/detective.bridge.captains-coffee.look.t1.balanced.mp3	316021	2026-04-30T05:22:26+00:00
audio/human/detective.bridge.captains-coffee.look.t3.warm.mp3	316021	2026-04-30T05:22:27+00:00
audio/human/detective.engineering.instruction-manual.look.t3.balanced.mp3	316021	2026-04-30T05:22:36+00:00
games/cades-fps/index.js	315759	2026-05-18T02:22:40+00:00
games/circuit/index.js	315759	2026-04-22T04:27:36+00:00
art/rooms/mystery-states/cryo-bay_victim-identified.webp	315504	2026-04-22T04:30:53+00:00
art/cutscenes/prelude/beat-f-briefing_start.webp	315202	2026-04-25T18:23:37+00:00
audio/act7/act7_machine/ep.machine.human_pathC.mp3	315185	2026-05-08T20:25:15+00:00
audio/episodes/mechronis_m7_trade_practicum/mechronis_m7_scene_1_the_market_sim/0.mp3	315185	2026-05-08T20:25:28+00:00
audio/human/ask_human_my_path.mp3	315185	2026-05-07T01:31:09+00:00
audio/human/detective.armory.motivational-poster.look.t3.balanced.mp3	315185	2026-04-30T05:22:25+00:00
audio/human/detective.cipher-den.encrypted-correspondence.look.warm.mp3	315185	2026-05-01T07:36:02+00:00
art/expansions/hierarchy-of-damned/managers/s2_hierarchy_mgr_demand_gen_phantom.webp	315080	2026-04-28T02:08:19+00:00
art/slideshows/album1/T16/T16_09.webp	314798	2026-04-29T00:30:58+00:00
audio/act7/act7_machine/ep.machine.human_pathA.mp3	314767	2026-05-08T20:25:15+00:00
audio/elara/elara.chaos-forge.chaos-anvil.look.luminous.mp3	314767	2026-05-01T07:35:56+00:00
audio/elara/elara.cryo.personal-effect.look.t1.fragmented.mp3	314767	2026-04-30T05:22:15+00:00
audio/human/ask_human_virus_dormant.mp3	314767	2026-05-07T01:31:09+00:00
audio/human/detective.archives.corrupted-scroll-rack.look.balanced.mp3	314767	2026-05-01T07:36:01+00:00
audio/human/human.cipher-den.dictionary-of-edits.talk.balanced.mp3	314767	2026-05-07T01:31:14+00:00
art/slideshows/album1/T26/T26_15.webp	314238	2026-04-29T00:31:00+00:00
art/slideshows/album5/T19/sih_t19_f04.webp	314144	2026-05-07T16:51:03+00:00
audio/elara/cc_clone_purge_elara.mp3	313931	2026-05-07T01:30:48+00:00
audio/elara/elara.comms-array.radio-console.look.t1.lucid.mp3	313931	2026-04-30T05:22:11+00:00
audio/elara/elara.station-dock.cargo-lift.use.mp3	313931	2026-05-07T01:31:00+00:00
art/slideshows/album5/T21/sih_t21_f03.webp	313646	2026-05-07T16:51:04+00:00
art/slideshows/album5/T06/sih_t06_f20.webp	313414	2026-05-07T16:50:52+00:00
art/slideshows/album5/T04/sih_t04_f23.webp	313222	2026-05-07T16:50:51+00:00
audio/act3/te-wonder-complete-red_crystal_spire.mp3	313095	2026-04-30T05:21:56+00:00
audio/elara/elara.comms-array.egg-signal.talk.lucid.mp3	313095	2026-05-07T01:30:54+00:00
audio/human/human.antiquarian-library.locked-vault.look.balanced.mp3	313095	2026-05-07T01:31:13+00:00
audio/human/human.engineering.crafting-bench.talk.balanced.mp3	313095	2026-05-07T01:31:16+00:00
art/trade-empire/sectors/sector_atarion_ruins.webp	312774	2026-04-28T02:08:17+00:00
art/cutscenes/prelude/beat-e-medbay_end.webp	312358	2026-04-25T18:23:32+00:00
art/specimens/echo-ascended.webp	312320	2026-04-22T04:31:09+00:00
art/vfx/prelude/human-palm-frost.webm	312317	2026-04-22T04:34:25+00:00
audio/elara/elara.forge-workshop.anvil.look.luminous.mp3	312259	2026-05-01T07:35:58+00:00
audio/elara/elara.medbay.neural-bridge.look.t1.lucid.mp3	312259	2026-04-30T05:22:20+00:00
audio/human/detective.archives.unnameable-hue-cabinet.look.balanced.mp3	312259	2026-05-01T07:36:01+00:00
art/expansions/hierarchy-of-damned/special-editions/special_the_author_bp50.webp	312016	2026-04-28T02:08:19+00:00
art/slideshows/album1/T14/T14_13.webp	311862	2026-04-29T00:30:58+00:00
audio/elara/ask_elara_about_role_choice.mp3	311841	2026-05-07T01:30:45+00:00
audio/elara/cc_act1_alignment_balanced_elara.mp3	311841	2026-05-07T01:30:46+00:00
audio/elara/cc_hierarchy_master_first_elara.mp3	311841	2026-05-07T01:30:48+00:00
audio/elara/elara.medbay.medical-log.talk.lucid.mp3	311841	2026-05-14T16:47:52+00:00
audio/elara/elara.synthesis-chamber.synth-vat.look.luminous.mp3	311841	2026-05-01T07:36:01+00:00
audio/episodes/celebration_c7_the_patrons_summons/celebration_c7_scene_1_courtyard/5.mp3	311841	2026-05-08T20:25:24+00:00
audio/human/detective.bridge.tactical-display.look.t3.balanced.mp3	311841	2026-04-30T05:22:29+00:00
audio/human/human.cipher-den.cross-arc-thanks-card.look.balanced.mp3	311841	2026-05-07T01:31:14+00:00
audio/act7/act7_machine/ep.machine.human.mp3	311005	2026-05-08T20:25:14+00:00
audio/elara/elara.quantum-lab.observation-cage.use.mp3	311005	2026-05-07T01:30:59+00:00
art/slideshows/album5/T06/sih_t06_f24.webp	310890	2026-05-07T16:50:52+00:00
art/slideshows/album5/ref/A11TheNecromancer.webp	310822	2026-05-07T16:51:19+00:00
art/slideshows/album5/T27/sih_t27_f05.webp	310778	2026-05-07T16:51:09+00:00
art/expansions/hierarchy-of-damned/analysts/s2_hierarchy_anl_vendor_coordinator.webp	310758	2026-04-28T02:08:18+00:00
art/slideshows/album1/T09/T09_15.webp	310532	2026-04-29T00:30:57+00:00
art/cinematics/09_act7_convergence/keyframes/beat3_final_witness.webp	310488	2026-04-28T04:41:05+00:00
art/expansions/hierarchy-of-damned/analysts/s2_hierarchy_anl_marketing_analyst.webp	310432	2026-04-28T02:08:18+00:00
art/expansions/hierarchy-of-damned/managers/s2_hierarchy_mgr_channel_conflict_goblin.webp	310316	2026-04-28T02:08:19+00:00
audio/act3/te-wonder-complete-chronarch_lens.mp3	310169	2026-04-30T05:21:56+00:00
audio/elara/elara.engineering.instruction-manual.use.lucid.mp3	310169	2026-04-30T05:22:16+00:00
audio/elara/elara.social-hub.bulletin-board.use.mp3	310169	2026-05-07T01:31:00+00:00
audio/human/detective.cryo.dead-pod.look.t3.warm.mp3	310169	2026-04-30T05:22:35+00:00
audio/human/human.captains-quarters.degens-corner.use.balanced.mp3	310169	2026-05-07T01:31:14+00:00
audio/human/human.captains-quarters.vex-workshop-diary.look.balanced.mp3	310169	2026-05-07T01:31:14+00:00
audio/human/human.station-dock.codas-trading-floor.use.balanced.mp3	310169	2026-05-07T01:31:18+00:00
art/rooms/ark/engineering_t2.webp	310152	2026-04-27T02:37:44+00:00
art/vfx/card_flips/kf_epic_end.webp	309650	2026-04-28T04:41:05+00:00
audio/elara/elara.elemental-forge.crucible-of-origins.look.luminous.mp3	309333	2026-05-01T07:35:57+00:00
audio/elara/elara.order-tribunal.judges-bench.look.luminous.mp3	309333	2026-05-01T07:35:59+00:00
vo/act2/human_commentary_1.mp3	309333	2026-04-30T05:22:39+00:00
art/slideshows/album1/T03/T03_13.webp	309140	2026-04-29T00:30:55+00:00
art/slideshows/album5/T32/sih_t32_f17.webp	309122	2026-05-07T16:51:14+00:00
art/expansions/hierarchy-of-damned/act-exclusives/act2_conspiracy_of_two.webp	308962	2026-04-28T02:08:18+00:00
art/slideshows/album1/T21/T21_00_title.webp	308552	2026-04-29T00:30:59+00:00
audio/elara/cc_act6_confession_close_pathA.mp3	308497	2026-05-07T01:30:47+00:00
audio/episodes/mechronis_m5_the_necromancers_lecture/mechronis_m5_scene_1_the_buffer/1.mp3	308497	2026-05-08T20:25:27+00:00
audio/elara/elara.elemental-nexus.node-pillar.use.mp3	308079	2026-05-07T01:30:55+00:00
audio/elara/elara.engineering-core.core-terminal.look.lucid.mp3	308079	2026-05-01T07:35:57+00:00
audio/human/detective.engineering.schematic-pad.look.balanced.mp3	308079	2026-05-01T07:36:02+00:00
audio/human/detective.medbay.emergency-safe.look.t1.warm.mp3	308079	2026-04-30T05:22:37+00:00
audio/human/detective.medbay.neural-bridge.look.t1.warm.mp3	308079	2026-04-30T05:22:38+00:00
art/eidolons/auros/auros-hier-asc.webp	308012	2026-04-22T04:29:17+00:00
page-backgrounds/GLD-001_guild-hall.jpg	307746	2026-05-19T23:22:55+00:00
art/rooms/room-comms-array.webp	307660	2026-04-22T04:30:57+00:00
characters/warlord/viseme.avif	307621	2026-04-25T04:05:58+00:00
art/slideshows/album5/T30/sih_t30_f04.webp	307430	2026-05-07T16:51:12+00:00
audio/act3/te-wonder-complete-immune_choir.mp3	307244	2026-04-30T05:21:56+00:00
audio/elara/ask_elara_447_contacts.mp3	307244	2026-05-07T01:30:45+00:00
audio/elara/elara.forge-workshop.anvil.use.mp3	307244	2026-05-07T01:30:56+00:00
audio/human/detective.bridge.timeline-projector.look.t2.balanced.mp3	307244	2026-04-30T05:22:30+00:00
audio/human/human.cipher-den.uncorruption-bench.talk.balanced.mp3	307244	2026-05-07T01:31:15+00:00
audio/elara/elara.observation-deck.bond-resonance-altar.use.luminous.mp3	306408	2026-05-07T01:30:57+00:00
audio/human/detective.cipher-den.encrypted-correspondence.look.balanced.mp3	306408	2026-05-01T07:36:02+00:00
page-backgrounds/ACH-001_achievement-vault.jpg	306235	2026-05-19T23:22:56+00:00
art/rooms/ark/engineering_t3.webp	306154	2026-04-27T02:37:44+00:00
art/cinematics/01_pack_opening/keyframes/beat5_flip_reveal.webp	305760	2026-04-28T04:41:04+00:00
audio/elara/elara.bridge.captains-chair.talk.fragmented.mp3	305572	2026-04-30T05:22:04+00:00
audio/elara/elara.bridge.captains-coffee.look.t1.lucid.mp3	305572	2026-04-30T05:22:05+00:00
audio/elara/medbay_dna_refuse_fragmented.mp3	305572	2026-04-23T01:58:59+00:00
audio/human/cc_act6_human_confession_pathC.mp3	305572	2026-05-07T01:31:11+00:00
vo/act6/elara-confession-02.mp3	305572	2026-04-30T05:22:40+00:00
art/slideshows/album5/T30/sih_t30_f15.webp	305472	2026-05-07T16:51:12+00:00
art/cinematics/01_pack_opening/keyframes/beat1_preroll_start.webp	305392	2026-04-28T04:41:04+00:00
art/vfx/prelude/starfield-drift.webm	305336	2026-04-22T04:34:26+00:00
audio/elara/elara.archives.tome.look.fragmented.mp3	305154	2026-04-30T05:22:01+00:00
audio/elara/elara.cipher-den.uncorruption-bench.use.lucid.mp3	305154	2026-05-01T07:35:57+00:00
art/slideshows/album5/T18/sih_t18_f04.webp	304956	2026-05-07T16:51:01+00:00
art/slideshows/album5/T05/sih_t05_f04.webp	304428	2026-05-07T16:50:51+00:00
audio/elara/elara.cryo.dead-pod.look.t2.luminous.mp3	304318	2026-04-30T05:22:14+00:00
audio/elara/elara.cryo.dead-pod.look.t4.luminous.mp3	304318	2026-04-30T05:22:14+00:00
audio/human/detective.bridge.tactical-display.look.t2.balanced.mp3	304318	2026-04-30T05:22:28+00:00
art/slideshows/album1/T05/T05_08.webp	304280	2026-04-29T00:30:56+00:00
art/rooms/mystery-states/cryo-bay_investigating.webp	304172	2026-04-22T04:30:53+00:00
art/slideshows/album1/T14/T14_12.webp	303726	2026-04-29T00:30:58+00:00
audio/elara/elara.cargo-hold.rubber-chicken.look.t1.lucid.mp3	303482	2026-04-30T05:22:09+00:00
audio/elara/elara.station-dock.airlock-control.use.mp3	303482	2026-05-07T01:31:00+00:00
audio/human/human.station-dock.ship-manifest.look.balanced.mp3	303482	2026-05-07T01:31:18+00:00
art/vfx/card_flips/kf_mythic_end.webp	303310	2026-04-28T04:41:05+00:00
art/cards/imprint/_grids/akai_shi_tier_grid.webp	303112	2026-04-28T02:44:43+00:00
audio/act3/te-wonder-complete-forge_monolith.mp3	302646	2026-04-30T05:21:56+00:00
audio/elara/cc_act3_path_pragmatic_elara.mp3	302646	2026-05-07T01:30:46+00:00
audio/elara/elara.cargo-hold.rubber-chicken.look.t2.lucid.mp3	302646	2026-04-30T05:22:10+00:00
audio/elara/elara.comms-array.radio-console.use.lucid.mp3	302646	2026-04-30T05:22:12+00:00
audio/human/detective.archives.data-banks.look.t2.balanced.mp3	302646	2026-04-30T05:22:22+00:00
art/slideshows/album5/T32/sih_t32_f13.webp	302454	2026-05-07T16:51:14+00:00
art/trade-empire/sectors/sector_research_corridor_beta.webp	302370	2026-04-28T02:08:18+00:00
art/expansions/hierarchy-of-damned/c-suite/s2_hierarchy_ciso_iglarath.webp	302350	2026-04-28T02:08:18+00:00
art/battlefields/act1/bf-dockyard-platform.webp	302024	2026-04-25T18:22:12+00:00
art/expansions/hierarchy-of-damned/vps/s2_hierarchy_vp_shadow_tongue.webp	301978	2026-04-28T02:08:19+00:00
art/slideshows/album5/T19/sih_t19_f05.webp	301880	2026-05-07T16:51:03+00:00
audio/elara/elara.guild-sanctum.sigil-altar.use.mp3	301810	2026-05-07T01:30:57+00:00
audio/elara/resurrection_confession_lucid.mp3	301810	2026-04-23T01:59:02+00:00
audio/human/human.dreams-workshop.fragment-rack.use.balanced.mp3	301810	2026-05-07T01:31:15+00:00
audio/human/human.medbay.dna-helix.use.balanced.mp3	301810	2026-05-14T16:47:57+00:00
art/slideshows/album5/T36/sih_t36_f04.webp	301714	2026-05-07T16:51:16+00:00
art/portraits/act1/portrait-necromancer.webp	301676	2026-04-25T18:24:03+00:00
art/ui/title/dissolution.webp	301486	2026-04-22T04:34:22+00:00
audio/elara/elara.comms-array.static-screen.look.t1.fragmented.mp3	301392	2026-04-30T05:22:12+00:00
audio/elara/elara.forge-workshop.schema-rack.talk.mp3	301392	2026-05-07T01:30:56+00:00
audio/human/detective.bridge.captains-chair.look.t2.balanced.mp3	301392	2026-04-30T05:22:25+00:00
audio/human/human.antiquarian-library.card-catalog.use.balanced.mp3	301392	2026-05-07T01:31:13+00:00
art/slideshows/album1/T08/T08_19.webp	301288	2026-04-29T00:30:57+00:00
art/trade-empire/sectors/sector_tidewater_archive.webp	301214	2026-04-28T02:08:18+00:00
art/slideshows/album5/T09/sih_t09_f04.webp	301106	2026-05-07T16:50:54+00:00
art/cinematics/07_act5_map/keyframes/beat1_work_table.webp	300754	2026-04-28T04:41:05+00:00
audio/elara/elara.dreams-workshop.fragment-rack.look.lucid.mp3	300556	2026-05-01T07:35:57+00:00
audio/elara/elara.engineering-core.core-terminal.use.mp3	300556	2026-05-07T01:30:55+00:00
audio/elara/elara.oracle-sanctum.incense-brazier.look.lucid.mp3	300556	2026-05-01T07:36:00+00:00
audio/elara/elara.shadow-vault.sealed-cell-glass.talk.luminous.mp3	300556	2026-05-01T07:36:00+00:00
audio/episodes/mechronis_m9_the_oracles_counterclaim/mechronis_m9_scene_1_the_visitor/2.mp3	300556	2026-05-08T20:25:28+00:00
audio/human/human.dreams-workshop.mirror-pool.look.balanced.mp3	300556	2026-05-07T01:31:15+00:00
art/trade-empire/wonders/wonder_red_crystal_spire.webp	300546	2026-04-28T02:08:18+00:00
art/slideshows/album5/T03/sih_t03_f04.webp	300466	2026-05-07T16:50:49+00:00
art/slideshows/album1/T08/T08_00_title.webp	299796	2026-04-29T00:30:56+00:00
audio/elara/elara.social-hub.bulletin-board.look.luminous.mp3	299720	2026-05-01T07:36:00+00:00
audio/human/ask_human_aug_choice.mp3	299720	2026-05-07T01:31:09+00:00
art/slideshows/album5/T03/sih_t03_f06.webp	299466	2026-05-07T16:50:49+00:00
art/slideshows/album1/T12/T12_00_title.webp	299176	2026-04-29T00:30:57+00:00
audio/elara/cc_signal_respond_elara.mp3	298884	2026-05-07T01:30:49+00:00
audio/elara/cryo_orient_08_fragmented.mp3	298884	2026-05-10T02:04:36+00:00
audio/elara/elara.cryo.data-slate.look.fragmented.mp3	298884	2026-04-30T05:22:13+00:00
art/rooms/ark/bridge_t3.webp	298840	2026-04-27T02:37:44+00:00
art/slideshows/album1/T11/T11_12.webp	298774	2026-04-29T00:30:57+00:00
audio/human/cc_mech_witnessing_first_human.mp3	298466	2026-05-07T01:31:12+00:00
art/cinematics/01_pack_opening/keyframes/beat3_crack.webp	298390	2026-04-28T04:41:04+00:00
art/slideshows/album5/T33/sih_t33_f06.webp	298288	2026-05-07T16:51:15+00:00
art/slideshows/album5/T16/sih_t16_f02.webp	298226	2026-05-07T16:51:00+00:00
art/specimens/spore-companion.webp	298136	2026-04-22T04:31:11+00:00
art/slideshows/album5/T18/sih_t18_f18.webp	297712	2026-05-07T16:51:02+00:00
audio/elara/cc_act5_first_dischordia_played_elara.mp3	297631	2026-05-07T01:30:47+00:00
audio/elara/elara.archives.indigo-glow-lectern.use.luminous.mp3	297631	2026-05-01T07:35:56+00:00
audio/elara/elara.social-hub.mess-table.use.mp3	297631	2026-05-07T01:31:00+00:00
audio/human/human.engineering.reactor-core.look.balanced.mp3	297631	2026-05-14T16:47:57+00:00
art/expansions/hierarchy-of-damned/managers/s2_hierarchy_mgr_token_economy_imp.webp	297424	2026-04-28T02:08:19+00:00
art/slideshows/album1/T08/T08_15.webp	297218	2026-04-29T00:30:57+00:00
art/slideshows/album1/T14/T14_07.webp	297034	2026-04-29T00:30:58+00:00
art/slideshows/album5/T10/sih_t10_f08.webp	297026	2026-05-07T16:50:55+00:00
audio/elara/elara.medbay.medical-log.look.t2.lucid.mp3	296795	2026-04-30T05:22:19+00:00
audio/elara/elara.medbay.medical-log.look.t2.luminous.mp3	296795	2026-04-30T05:22:19+00:00
audio/elara/human_reveal_admission_fragmented.mp3	296795	2026-04-23T01:58:57+00:00
audio/episodes/mechronis_m6_the_antiquarian_visits/mechronis_m6_scene_1_the_guest_lecture/3.mp3	296795	2026-05-08T20:25:28+00:00
audio/human/human.engineering.egg-eng-formula.look.balanced.mp3	296795	2026-05-07T01:31:16+00:00
audio/human/human_pod_read_shadow.mp3	296795	2026-04-22T04:34:35+00:00
vo/act2/elara_recognition.mp3	296795	2026-04-30T05:22:39+00:00
vo/act7/watcher-shadow-resolve.mp3	296795	2026-04-30T05:22:41+00:00
art/slideshows/album5/T12/sih_t12_f10.webp	296494	2026-05-07T16:50:57+00:00
art/expansions/hierarchy-of-damned/analysts/s2_hierarchy_anl_ux_researcher.webp	296396	2026-04-28T02:08:18+00:00
audio/act7/act7_humanity/ep.humanity.human_pathA.mp3	295959	2026-05-08T20:25:15+00:00
audio/episodes/mechronis_m6_the_antiquarian_visits/mechronis_m6_scene_1_the_guest_lecture/4.mp3	295959	2026-05-08T20:25:28+00:00
audio/human/ask_human_dual_channel.mp3	295959	2026-05-07T01:31:09+00:00
audio/human/cc_act2_full_truth_human.mp3	295959	2026-05-07T01:31:10+00:00
art/expansions/hierarchy-of-damned/act-exclusives/act2_bond_60_silence.webp	295624	2026-04-28T02:08:18+00:00
art/slideshows/album1/T23/T23_05.webp	295534	2026-04-29T00:30:59+00:00
art/slideshows/album5/T10/sih_t10_f06.webp	295448	2026-05-07T16:50:55+00:00
art/slideshows/album1/T19/T19_00_title.webp	295218	2026-04-29T00:30:59+00:00
audio/elara/elara.order-tribunal.judges-bench.look.lucid.mp3	295123	2026-05-01T07:36:00+00:00
audio/elara/elara.war-room.signal-flag-rack.look.lucid.mp3	295123	2026-05-01T07:36:00+00:00
audio/elara/medbay_dna_setup_lucid.mp3	295123	2026-04-23T01:59:00+00:00
audio/elara/pet_bond_strain_lucid.mp3	295123	2026-04-23T01:59:00+00:00
audio/human/cc_aug_observed_human.mp3	295123	2026-05-07T01:31:11+00:00
art/slideshows/album5/T23/sih_t23_f08.webp	294936	2026-05-07T16:51:06+00:00
art/rooms/room-armory.webp	294746	2026-04-22T04:30:56+00:00
art/slideshows/album5/T32/sih_t32_f03.webp	294728	2026-05-07T16:51:13+00:00
audio/act3/eyes-whisper-syndicate_route_prime.mp3	294705	2026-04-30T05:21:54+00:00
audio/elara/cc_mech_witnessing_first_elara.mp3	294705	2026-05-07T01:30:49+00:00
audio/elara/elara.observation-deck.panoramic-viewport.use.mp3	294705	2026-05-07T01:30:57+00:00
audio/elara/resurrection_choice_investigate_lucid.mp3	294705	2026-04-23T01:59:02+00:00
audio/elara/resurrection_choice_investigate_luminous.mp3	294705	2026-04-23T01:59:02+00:00
audio/human/detective.archives.data-banks.look.t4.warm.mp3	294705	2026-04-30T05:22:23+00:00
audio/human/detective.bridge.captains-coffee.look.t1.warm.mp3	294705	2026-04-30T05:22:26+00:00
audio/human/detective.cryo.cracked-panel.look.t3.balanced.mp3	294705	2026-04-30T05:22:33+00:00
audio/human/human.antiquarian-library.antiquarian-bust.look.balanced.mp3	294705	2026-05-14T16:47:56+00:00
art/slideshows/album5/T32/sih_t32_f06.webp	294522	2026-05-07T16:51:13+00:00
art/slideshows/album5/narrators/sih_story_triumph.webp	294080	2026-05-11T01:29:52+00:00
audio/elara/elara.bridge.tactical-display.talk.fragmented.mp3	293869	2026-04-30T05:22:07+00:00
audio/elara/elara.medbay.bio-bed.use.t1.lucid.mp3	293869	2026-04-30T05:22:17+00:00
audio/elara/elara.order-tribunal.evidence-locker.look.lucid.mp3	293869	2026-05-01T07:35:59+00:00
audio/elara/resurrection_confession_luminous.mp3	293869	2026-04-23T01:59:02+00:00
audio/human/cc_act1_alignment_balanced_human.mp3	293869	2026-05-07T01:31:10+00:00
audio/human/human.antiquarian-library.antiquarian-bust.use.balanced.mp3	293869	2026-05-07T01:31:13+00:00
art/specimens/cipher-companion.webp	293704	2026-04-22T04:31:09+00:00
characters/the_meme/viseme.avif	293502	2026-04-25T04:05:58+00:00
art/expansions/hierarchy-of-damned/managers/s2_hierarchy_mgr_stakeholder_wrangler.webp	293358	2026-04-28T02:08:19+00:00
art/cards/imprint/_grids/antiquarian_tier_grid.webp	293344	2026-04-28T02:44:43+00:00
characters/enigma/viseme.avif	293264	2026-04-25T01:51:02+00:00
art/slideshows/album1/T19/T19_18.webp	293240	2026-04-29T00:30:59+00:00
audio/elara/cc_act7_convergence_first_elara.mp3	293033	2026-05-07T01:30:47+00:00
audio/elara/elara.comms-array.voice-in-the-static.talk.luminous.mp3	293033	2026-05-07T01:30:55+00:00
audio/elara/elara.oracle-sanctum.oracle-pool.look.lucid.mp3	293033	2026-05-01T07:35:59+00:00
audio/human/detective.cipher-den.dictionary-of-edits.look.warm.mp3	293033	2026-05-01T07:36:02+00:00
audio/human/detective.medbay.medical-log.look.t2.balanced.mp3	293033	2026-04-30T05:22:38+00:00
art/expansions/hierarchy-of-damned/interns/s2_hierarchy_intn_new_hire.webp	292576	2026-04-28T02:08:18+00:00
audio/elara/elara.medbay.medical-log.talk.luminous.mp3	292197	2026-05-14T16:47:52+00:00
audio/episodes/celebration_c7_the_patrons_summons/celebration_c7_scene_1_courtyard/0.mp3	292197	2026-05-08T20:25:23+00:00
audio/episodes/mechronis_m1_choric_compliance/mechronis_m1_scene_2_the_drill/3.mp3	292197	2026-05-08T20:25:27+00:00
audio/human/human.cipher-den.encrypted-correspondence.talk.balanced.mp3	292197	2026-05-07T01:31:14+00:00
art/slideshows/album1/T26/T26_03.webp	292054	2026-04-29T00:31:00+00:00
art/slideshows/album5/T06/sih_t06_f03.webp	291906	2026-05-07T16:50:51+00:00
art/cutscenes/prelude/beat-c5-window_end.webp	291890	2026-04-25T18:23:17+00:00
audio/elara/elara.engineering.instruction-manual.use.luminous.mp3	291779	2026-04-30T05:22:16+00:00
audio/elara/resurrection_choice_pragmatic_luminous.mp3	291779	2026-04-23T01:59:02+00:00
audio/human/detective.medbay.medicine-cabinet.look.t1.balanced.mp3	290943	2026-04-30T05:22:38+00:00
audio/human/detective.shadow-vault.sealed-cell-glass.look.warm.mp3	290943	2026-05-01T07:36:02+00:00
art/slideshows/album5/T08/sih_t08_f23.webp	290934	2026-05-07T16:50:54+00:00
art/trade-empire/sectors/sector_forward_bastion.webp	290556	2026-04-28T02:08:17+00:00
audio/acts/act-4/act-4-extraction-3.mp3	290271	2026-04-24T03:22:22+00:00
art/eidolons/nyx/nyx-hier-comp.webp	290260	2026-04-22T04:29:28+00:00
audio/elara/elara.archives.data-banks.use.lucid.mp3	290107	2026-04-30T05:22:01+00:00
audio/episodes/celebration_c9_the_match/celebration_c9_scene_2_the_game/3.mp3	290107	2026-05-08T20:25:25+00:00
audio/human/cc_mech_trade_empire_first.mp3	290107	2026-05-07T01:31:12+00:00
art/celebration/slideshow/celebration_slide_01.webp	289890	2026-04-22T04:29:01+00:00
art/keyframes/awakening/first_steps_end.webp	289648	2026-04-27T03:10:28+00:00
page-backgrounds/DPL-001_negotiation-chamber.jpg	289304	2026-05-19T23:22:56+00:00
audio/act7/act7_machine/ep.machine.elara.mp3	289271	2026-05-08T20:25:14+00:00
audio/elara/elara.bridge.timeline-projector.talk.lucid.mp3	289271	2026-05-14T16:47:51+00:00
audio/elara/elara.cryo.medical-chart.look.t1.lucid.mp3	289271	2026-04-30T05:22:15+00:00
audio/elara/elara.medbay.emergency-safe.talk.lucid.mp3	289271	2026-05-14T16:47:52+00:00
audio/episodes/celebration_c9_the_match/celebration_c9_scene_2_the_game/0.mp3	289271	2026-05-08T20:25:24+00:00
audio/human/cc_clone_quarantine_human.mp3	289271	2026-05-07T01:31:11+00:00
audio/human/detective.archives.data-banks.look.t1.balanced.mp3	289271	2026-04-30T05:22:23+00:00
audio/human/detective.comms-array.voice-in-the-static.look.warm.mp3	289271	2026-05-01T07:36:02+00:00
audio/human/human.engineering.crafting-bench.use.balanced.mp3	289271	2026-05-07T01:31:16+00:00
art/specimens/echo-companion.png	288851	2026-04-22T04:31:09+00:00
art/slideshows/album1/T03/T03_10.webp	288584	2026-04-29T00:30:55+00:00
audio/act7/act7_silence/ep.silence.human.mp3	288435	2026-05-08T20:25:14+00:00
audio/elara/cc_clone_quarantine_elara.mp3	288435	2026-05-07T01:30:48+00:00
audio/elara/elara.archives.corrupted-scroll-rack.talk.luminous.mp3	288435	2026-05-07T01:30:51+00:00
audio/act7/act7_humanity/ep.humanity.human_pathC.mp3	288017	2026-05-08T20:25:14+00:00
audio/elara/elara.cryo.medical-chart.look.t1.luminous.mp3	287182	2026-04-30T05:22:15+00:00
audio/episodes/celebration_c3_chess_class/celebration_c3_scene_1_the_lesson/0.mp3	287182	2026-05-08T20:25:21+00:00
art/slideshows/album5/T12/sih_t12_f21.webp	286740	2026-05-07T16:50:57+00:00
audio/elara/cc_gov_first.mp3	286346	2026-05-07T01:30:48+00:00
audio/elara/cc_mech_card_combat_first.mp3	286346	2026-05-07T01:30:49+00:00
audio/elara/elara.chaos-forge.chaos-anvil.look.lucid.mp3	286346	2026-05-01T07:35:56+00:00
audio/elara/elara.station-dock.airlock-control.look.lucid.mp3	286346	2026-05-01T07:36:00+00:00
audio/human/detective.bridge.nav-console.look.t1.warm.mp3	286346	2026-04-30T05:22:28+00:00
audio/human/human.dreams-workshop.fragment-rack.talk.balanced.mp3	286346	2026-05-07T01:31:15+00:00
audio/human/human.oracle-sanctum.incense-brazier.look.balanced.mp3	286346	2026-05-07T01:31:16+00:00
audio/romance/locke/locke.romance.s2.brief_open.mp3	286346	2026-05-08T20:25:33+00:00
art/expansions/hierarchy-of-damned/analysts/s2_hierarchy_anl_finance_analyst.webp	286258	2026-04-28T02:08:18+00:00
art/cards/imprint/_grids/collector_tier_grid.webp	286156	2026-04-28T02:44:43+00:00
art/slideshows/album1/T01/T01_08_frame2_3.webp	286022	2026-04-29T00:30:55+00:00
audio/elara/elara.dreams-workshop.mirror-pool.look.lucid.mp3	285510	2026-05-01T07:35:57+00:00
audio/elara/elara.station-dock.cargo-lift.look.lucid.mp3	285510	2026-05-01T07:36:00+00:00
audio/elara/human_reveal_admission_lucid.mp3	285510	2026-04-23T01:58:58+00:00
audio/human/detective.archives.data-banks.look.t2.warm.mp3	285510	2026-04-30T05:22:22+00:00
art/slideshows/album5/T31/sih_t31_f08.webp	285208	2026-05-07T16:51:13+00:00
audio/elara/ask_elara_aug_choice.mp3	285092	2026-05-07T01:30:45+00:00
audio/elara/cc_signal_silence_elara.mp3	285092	2026-05-07T01:30:49+00:00
audio/elara/elara.archives.data-banks.talk.luminous.mp3	285092	2026-04-30T05:22:00+00:00
audio/elara/elara.cryo.medical-chart.look.t2.lucid.mp3	285092	2026-04-30T05:22:15+00:00
audio/elara/elara.dreams-workshop.mirror-pool.talk.mp3	285092	2026-05-07T01:30:55+00:00
audio/human/ask_human_kael.mp3	285092	2026-05-07T01:31:09+00:00
audio/human/human.antiquarian-library.codas-purpose-shelf.talk.balanced.mp3	285092	2026-05-07T01:31:13+00:00
audio/human/human.cipher-den.rosetta-pad.use.balanced.mp3	285092	2026-05-07T01:31:15+00:00
art/slideshows/album5/T30/sih_t30_f07.webp	284788	2026-05-07T16:51:12+00:00
art/expansions/hierarchy-of-damned/analysts/s2_hierarchy_anl_office_manager.webp	284636	2026-04-28T02:08:18+00:00
audio/elara/elara.engineering.instruction-manual.talk.luminous.mp3	284256	2026-04-30T05:22:16+00:00
audio/elara/elara.synthesis-chamber.recipe-board.use.mp3	284256	2026-05-07T01:31:01+00:00
audio/human/cc_signal_silence_human.mp3	284256	2026-05-07T01:31:12+00:00
audio/human/human.cipher-den.uncorruption-bench.look.balanced.mp3	284256	2026-05-07T01:31:15+00:00
art/expansions/hierarchy-of-damned/special-editions/secret_act1_memoirist_is_memoir.webp	283642	2026-04-28T02:08:19+00:00
audio/elara/elara.probability-chamber.dice-of-states.look.mp3	283420	2026-05-01T07:35:59+00:00
audio/human/human.war-room.holo-table.use.balanced.mp3	283420	2026-05-07T01:31:18+00:00
art/slideshows/album5/T10/sih_t10_f21.webp	282860	2026-05-07T16:50:56+00:00
audio/human/human.cipher-den.vex-seer-pair-binder.look.balanced.mp3	282584	2026-05-07T01:31:15+00:00
audio/human/human.dreams-workshop.dream-loom.use.balanced.mp3	282584	2026-05-07T01:31:15+00:00
art/slideshows/album5/T22/sih_t22_f22.webp	282508	2026-05-07T16:51:06+00:00
art/expansions/hierarchy-of-damned/interns/s2_hierarchy_intn_note_taker.webp	282454	2026-04-28T02:08:18+00:00
art/expansions/hierarchy-of-damned/directors/s2_hierarchy_dir_fenra.webp	282302	2026-04-28T02:08:18+00:00
audio/elara/elara.bridge.nav-console.talk.luminous.mp3	281748	2026-05-14T16:47:51+00:00
audio/elara/elara.cryo.dead-pod.look.t2.lucid.mp3	281748	2026-04-30T05:22:14+00:00
audio/elara/elara.engineering-core.reactor-coil.look.lucid.mp3	281748	2026-05-01T07:35:58+00:00
audio/episodes/mechronis_m11_the_patrons_true_face/mechronis_m11_scene_1_the_reveal/4.mp3	281748	2026-05-08T20:25:25+00:00
audio/human/human.antiquarian-library.hierophants-marginalia-stack.look.balanced.mp3	281748	2026-05-07T01:31:14+00:00
audio/human/human.antiquarian-library.velkraals-correspondence-folio.look.balanced.mp3	281748	2026-05-07T01:31:14+00:00
art/expansions/hierarchy-of-damned/analysts/s2_hierarchy_anl_compliance_auditor.webp	281632	2026-04-28T02:08:18+00:00
audio/elara/elara.armory.motivational-poster.use.luminous.mp3	281330	2026-04-30T05:22:02+00:00
audio/elara/elara.the-between.threshold-stone.look.mp3	281330	2026-05-01T07:36:00+00:00
audio/human/ask_human_dreamer.mp3	281330	2026-05-07T01:31:09+00:00
audio/human/ask_human_vox.mp3	281330	2026-05-07T01:31:10+00:00
audio/human/detective.cipher-den.rosetta-pad.look.balanced.mp3	281330	2026-05-01T07:36:02+00:00
audio/human/detective.medbay.neural-bridge.look.t1.balanced.mp3	281330	2026-04-30T05:22:38+00:00
audio/human/human.cipher-den.vex-seer-pair-binder.use.balanced.mp3	281330	2026-05-07T01:31:15+00:00
art/cinematics/09_act7_convergence/keyframes/beat5_memoir_to_card.webp	281274	2026-04-28T04:41:05+00:00
art/eidolons/nyx/nyx-dream-frag.webp	281042	2026-04-22T04:29:27+00:00
art/trade-empire/sectors/sector_command_post_iron.webp	280596	2026-04-28T02:08:17+00:00
audio/elara/elara.forge-workshop.kiln.use.mp3	280494	2026-05-07T01:30:56+00:00
audio/elara/elara.synthesis-chamber.synth-vat.use.mp3	280494	2026-05-07T01:31:00+00:00
audio/human/cc_mech_allegiances_first.mp3	280494	2026-05-07T01:31:12+00:00
audio/human/human.order-tribunal.judges-bench.talk.balanced.mp3	280494	2026-05-07T01:31:17+00:00
art/expansions/hierarchy-of-damned/vps/s2_hierarchy_vp_kelv_orth.webp	280206	2026-04-28T02:08:19+00:00
art/slideshows/album5/T31/sih_t31_f05.webp	280194	2026-05-07T16:51:13+00:00
art/eidolons/auros/auros-dream-frag.webp	279802	2026-04-22T04:29:16+00:00
audio/elara/cc_act4_broken_trust_elara.mp3	279658	2026-05-07T01:30:47+00:00
audio/elara/elara.chaos-forge.chaos-anvil.use.mp3	279658	2026-05-07T01:30:53+00:00
audio/elara/elara.elemental-nexus.elemental-orrery.talk.mp3	279658	2026-05-07T01:30:55+00:00
audio/elara/elara.engineering.blueprints.look.mp3	279658	2026-05-14T16:47:52+00:00
audio/elara/elara.war-room.casualty-board.look.lucid.mp3	279658	2026-05-01T07:36:00+00:00
audio/human/human.antiquarian-library.hierophants-marginalia-stack.talk.balanced.mp3	279658	2026-05-07T01:31:13+00:00
audio/human/human.engineering.schematic-pad.talk.balanced.mp3	279658	2026-05-07T01:31:16+00:00
audio/human/human_wall_mark_balanced.mp3	279658	2026-04-22T04:34:35+00:00
art/trade-empire/sectors/sector_dreamers_threshold.webp	279130	2026-04-24T16:45:25+00:00
audio/elara/cc_act2_oracle_deflect_elara.mp3	278822	2026-05-07T01:30:46+00:00
audio/elara/elara.chaos-forge.entropy-vat.talk.mp3	278822	2026-05-07T01:30:53+00:00
audio/elara/elara.dreams-workshop.dream-loom.look.lucid.mp3	278822	2026-05-01T07:35:57+00:00
audio/elara/resurrection_choice_pragmatic_fragmented.mp3	278822	2026-04-23T01:59:02+00:00
audio/elara/virus_whisper_02_fragmented.mp3	278822	2026-04-23T01:59:04+00:00
audio/elara/virus_whisper_04_lucid.mp3	278822	2026-04-23T01:59:05+00:00
audio/episodes/mechronis_m10_the_final_exam/mechronis_m10_scene_1_the_exam/0.mp3	278822	2026-05-08T20:25:25+00:00
audio/human/detective.bridge.tactical-display.look.t3.warm.mp3	278822	2026-04-30T05:22:30+00:00
audio/human/human.antiquarian-library.locked-vault.talk.balanced.mp3	278822	2026-05-07T01:31:14+00:00
audio/elara/elara.comms-array.voice-in-the-static.talk.lucid.mp3	278404	2026-05-07T01:30:55+00:00
audio/elara/elara.elemental-forge.crucible-of-origins.look.lucid.mp3	278404	2026-05-01T07:35:57+00:00
audio/human/human.antiquarian-library.velkraals-correspondence-folio.use.balanced.mp3	278404	2026-05-07T01:31:14+00:00
audio/romance/vex/vex.romance.s1.invitation.mp3	278404	2026-05-08T20:25:34+00:00
art/slideshows/album5/T36/sih_t36_f10.webp	278344	2026-05-07T16:51:17+00:00
art/slideshows/album1/T28/T28_15.webp	278214	2026-04-29T00:31:01+00:00
art/expansions/hierarchy-of-damned/directors/s2_hierarchy_dir_rif_custodian.webp	277728	2026-04-28T02:08:18+00:00
audio/elara/elara.cryo.dead-pod.look.t1.fragmented.mp3	277568	2026-04-30T05:22:14+00:00
audio/human/human.engineering.blueprints.talk.balanced.mp3	277568	2026-05-07T01:31:15+00:00
art/slideshows/album5/T36/sih_t36_f15.webp	277208	2026-05-07T16:51:17+00:00
audio/act3/te-encounter-outcome-final-open.mp3	276733	2026-04-30T05:21:55+00:00
audio/elara/cc_act1_memoir_first_elara.mp3	276733	2026-05-07T01:30:46+00:00
audio/elara/elara.cryo.dead-pod.look.t4.lucid.mp3	276733	2026-04-30T05:22:14+00:00
audio/episodes/celebration_c1_the_watch/celebration_c1_scene_3_ghost_appears/5.mp3	276733	2026-05-08T20:25:21+00:00
audio/human/cc_act7_convergence_first_human.mp3	276733	2026-05-07T01:31:11+00:00
audio/human/human.captains-quarters.vex-workshop-diary.talk.balanced.mp3	276733	2026-05-07T01:31:14+00:00
art/specimens/gilt-companion.webp	276544	2026-04-22T04:31:09+00:00
audio/act7/act7_soldier_command/ep.bridge.human_pathB.mp3	275897	2026-05-08T20:25:15+00:00
audio/episodes/mechronis_m11_the_patrons_true_face/mechronis_m11_scene_1_the_reveal/0.mp3	275897	2026-05-08T20:25:25+00:00
audio/human/detective.bridge.captains-chair.look.t3.balanced.mp3	275897	2026-04-30T05:22:26+00:00
audio/human/detective.cargo-hold.rubber-chicken.look.t3.warm.mp3	275897	2026-04-30T05:22:33+00:00
audio/human/human.order-tribunal.evidence-locker.use.balanced.mp3	275897	2026-05-07T01:31:17+00:00
art/slideshows/album1/T13/T13_05.webp	275128	2026-04-29T00:30:58+00:00
art/trade-empire/sectors/sector_trade_nexus.webp	275078	2026-04-28T02:08:18+00:00
audio/elara/medbay_wall_mark_lucid.mp3	275061	2026-04-23T01:59:00+00:00
art/vfx/card_flips/kf_uncommon_end.webp	274932	2026-04-28T04:41:05+00:00
audio/elara/elara.antiquarian-library.locked-vault.look.luminous.mp3	274643	2026-05-01T07:35:55+00:00
audio/elara/elara.medbay.dna-helix.look.t1.lucid.mp3	274643	2026-04-30T05:22:17+00:00
art/cards/neutral/the_hospitality_officer.webp	274484	2026-05-20T01:33:17+00:00
art/trade-empire/sectors/sector_clone_collective.webp	274098	2026-04-28T02:08:17+00:00
audio/elara/elara.oracle-sanctum.seers-recording-cabinet.use.fragmented.mp3	273807	2026-05-07T01:30:58+00:00
audio/elara/human_reveal_voice_luminous.mp3	273807	2026-04-23T01:58:58+00:00
audio/elara/virus_whisper_04_luminous.mp3	273807	2026-04-23T01:59:04+00:00
audio/episodes/mechronis_m5_the_necromancers_lecture/mechronis_m5_scene_1_the_buffer/2.mp3	273807	2026-05-08T20:25:27+00:00
audio/episodes/mechronis_m6_the_antiquarian_visits/mechronis_m6_scene_1_the_guest_lecture/0.mp3	273807	2026-05-08T20:25:28+00:00
audio/human/human.captains-quarters.cat-photo.use.warm.mp3	273807	2026-05-07T01:31:14+00:00
audio/human/human.order-tribunal.judges-bench.use.balanced.mp3	273807	2026-05-07T01:31:17+00:00
art/slideshows/album1/T07/T07_14.webp	273528	2026-04-29T00:30:56+00:00
art/slideshows/album5/bg/sih_bg_shore.webp	273142	2026-05-07T16:51:18+00:00
audio/elara/cc_act4_reconciled_elara.mp3	272971	2026-05-07T01:30:47+00:00
audio/human/human.dreams-workshop.fragment-rack.look.warm.mp3	272971	2026-05-07T01:31:15+00:00
audio/elara/ask_elara_seventeen_thousand.mp3	272135	2026-05-07T01:30:46+00:00
audio/elara/cc_act6_confession_first_elara.mp3	272135	2026-05-07T01:30:47+00:00
audio/elara/elara.medbay.dna-helix.look.t2.lucid.mp3	272135	2026-04-30T05:22:17+00:00
audio/elara/human_reveal_admission_luminous.mp3	272135	2026-04-23T01:58:58+00:00
audio/human/cc_two_witnesses.mp3	272135	2026-05-07T01:31:12+00:00
audio/human/human.antiquarian-library.card-catalog.look.balanced.mp3	272135	2026-05-07T01:31:13+00:00
art/specimens/flicker-ascended.webp	271974	2026-04-22T04:31:09+00:00
audio/elara/ask_elara_her_body.mp3	271717	2026-05-07T01:30:45+00:00
audio/elara/elara.dreams-workshop.mirror-pool.use.mp3	271717	2026-05-07T01:30:55+00:00
audio/episodes/mechronis_m7_trade_practicum/mechronis_m7_scene_1_the_market_sim/1.mp3	271717	2026-05-08T20:25:28+00:00
audio/human/human.captains-quarters.cat-photo.use.balanced.mp3	271717	2026-05-07T01:31:14+00:00
audio/elara/cc_mech_expansion_drops_first.mp3	270881	2026-05-07T01:30:48+00:00
audio/elara/elara.comms-array.voice-in-the-static.use.lucid.mp3	270881	2026-05-07T01:30:55+00:00
audio/elara/elara.engineering-core.reactor-coil.use.mp3	270881	2026-05-07T01:30:55+00:00
audio/episodes/mechronis_m4_the_patrons_game/mechronis_m4_scene_1_the_exam_room/5.mp3	270881	2026-05-08T20:25:27+00:00
audio/human/detective.archives.tome.look.balanced.mp3	270881	2026-04-30T05:22:24+00:00
art/slideshows/album5/T18/sih_t18_f03.webp	270756	2026-05-07T16:51:01+00:00
art/cards/imprint/_grids/necromancer_tier_grid.webp	270122	2026-04-28T02:44:43+00:00
audio/human/human.captains-quarters.cat-photo.talk.balanced.mp3	270045	2026-05-07T01:31:14+00:00
page-backgrounds/QST-001_mission-briefing.jpg	270003	2026-05-19T23:22:56+00:00
art/slideshows/album1/T13/T13_00_title.webp	269902	2026-04-29T00:30:58+00:00
audio/elara/cc_act6_elara_confession_pathA.mp3	269209	2026-05-07T01:30:47+00:00
audio/elara/cc_aug_cyber_elara.mp3	269209	2026-05-07T01:30:48+00:00
audio/elara/cc_engineer_confirmed_elara.mp3	269209	2026-05-07T01:30:48+00:00
audio/elara/elara.cryo.cracked-panel.look.t2.luminous.mp3	269209	2026-04-30T05:22:13+00:00
audio/elara/elara.engineering-core.coolant-pipe.look.lucid.mp3	269209	2026-05-01T07:35:57+00:00
audio/elara/elara.war-room.holo-table.look.lucid.mp3	269209	2026-05-01T07:36:00+00:00
audio/episodes/celebration_c5_the_banner_glitches/celebration_c5_scene_1_the_square/6.mp3	269209	2026-05-08T20:25:22+00:00
audio/human/detective.armory.motivational-poster.look.t1.balanced.mp3	269209	2026-04-30T05:22:24+00:00
audio/human/detective.bridge.shadow-tongue-annotations.look.balanced.mp3	269209	2026-05-01T07:36:02+00:00
vo/act3/pitch-insurgency-elara.mp3	269209	2026-04-30T05:22:40+00:00
art/eidolons/auros/auros-scar-frag.webp	269136	2026-04-22T04:29:20+00:00
art/expansions/hierarchy-of-damned/managers/s2_hierarchy_mgr_burndown_imp.webp	268746	2026-04-28T02:08:18+00:00
art/vfx/act_spells/kf_whisper_mist.webp	268432	2026-04-28T04:41:05+00:00
audio/elara/unlock_loredex_fragmented.mp3	268373	2026-04-23T01:59:04+00:00
audio/human/detective.bridge.tactical-display.look.t1.balanced.mp3	268373	2026-04-30T05:22:28+00:00
art/cinematics/05_act3_offer/keyframes/beat1_crossroads.webp	268286	2026-04-28T04:41:04+00:00
audio/act7/act7_balance/ep.balance.human_pathC.mp3	267955	2026-05-08T20:25:14+00:00
audio/elara/cc_prelude_awakening_first.mp3	267955	2026-05-07T01:30:49+00:00
audio/elara/elara.bridge.captains-chair.look.t4.luminous.mp3	267955	2026-04-30T05:22:04+00:00
audio/human/detective.armory.motivational-poster.look.t2.warm.mp3	267955	2026-04-30T05:22:24+00:00
audio/human/detective.bridge.tactical-display.look.t1.warm.mp3	267955	2026-04-30T05:22:28+00:00
audio/human/detective.cargo-hold.rubber-chicken.look.t2.balanced.mp3	267955	2026-04-30T05:22:31+00:00
audio/human/human.cipher-den.uncorruption-bench.talk.warm.mp3	267955	2026-05-07T01:31:15+00:00
art/expansions/hierarchy-of-damned/managers/s2_hierarchy_mgr_slack_phantom.webp	267444	2026-04-28T02:08:19+00:00
art/cutscenes/prelude/beat-a-awakening_start.webp	267412	2026-04-25T18:23:00+00:00
audio/elara/cc_act4_revelation_first_elara.mp3	267119	2026-05-07T01:30:47+00:00
audio/elara/cryo_orient_07_lucid.mp3	267119	2026-04-23T01:58:57+00:00
audio/elara/elara.dimensional-observatory.dimension-loom.look.mp3	267119	2026-05-01T07:35:57+00:00
audio/human/detective.archives.rewritten-ledger.look.warm.mp3	267119	2026-05-01T07:36:01+00:00
audio/human/detective.cryo.dead-pod.look.t2.balanced.mp3	267119	2026-04-30T05:22:34+00:00
audio/human/detective.medbay.medical-log.look.t1.balanced.mp3	267119	2026-04-30T05:22:38+00:00
audio/human/human.cipher-den.dictionary-of-edits.use.balanced.mp3	267119	2026-05-07T01:31:14+00:00
audio/human/human.war-room.casualty-board.use.balanced.mp3	267119	2026-05-07T01:31:18+00:00
art/vfx/prelude/iris-hatch-open.webm	266803	2026-04-22T04:34:25+00:00
page-backgrounds/MKT-001_marketplace.jpg	266441	2026-05-19T23:22:56+00:00
audio/act3/te-wonder-complete-remembrance_garden.mp3	266284	2026-04-30T05:21:56+00:00
audio/elara/elara.bridge.tactical-display.talk.luminous.mp3	266284	2026-04-30T05:22:07+00:00
audio/elara/elara.guild-sanctum.allegiance-pad.look.lucid.mp3	266284	2026-05-01T07:35:58+00:00
audio/elara/elara.synthesis-chamber.synth-vat.look.lucid.mp3	266284	2026-05-01T07:36:00+00:00
audio/elara/resurrection_choice_investigate_fragmented.mp3	266284	2026-04-23T01:59:01+00:00
audio/human/detective.cryo.cracked-panel.look.t3.warm.mp3	266284	2026-04-30T05:22:34+00:00
audio/human/detective.medbay.bio-bed.look.t1.balanced.mp3	266284	2026-04-30T05:22:36+00:00
art/rooms/ark/engineering_t0.webp	265866	2026-04-27T02:37:44+00:00
art/slideshows/album5/T30/sih_t30_f08.webp	265846	2026-05-07T16:51:12+00:00
audio/act7/act7_balance/ep.balance.human.mp3	265448	2026-05-08T20:25:14+00:00
audio/elara/ask_elara_clone_choice.mp3	265448	2026-05-07T01:30:45+00:00
audio/elara/ask_elara_vox.mp3	265448	2026-05-07T01:30:46+00:00
audio/elara/cc_aug_mutation_elara.mp3	265448	2026-05-07T01:30:48+00:00
audio/elara/elara.cipher-den.encrypted-correspondence.use.mp3	265448	2026-05-01T07:35:58+00:00
audio/elara/elara.cryo.data-slate.look.luminous.mp3	265448	2026-04-30T05:22:14+00:00
audio/elara/elara.elemental-nexus.elemental-orrery.use.mp3	265448	2026-05-07T01:30:55+00:00
audio/elara/resurrection_choice_pragmatic_lucid.mp3	265448	2026-04-23T01:59:02+00:00
audio/episodes/celebration_c1_the_watch/celebration_c1_scene_4_aftermath/2.mp3	265448	2026-05-08T20:25:21+00:00
audio/human/detective.bridge.captains-coffee.look.t2.warm.mp3	265448	2026-04-30T05:22:26+00:00
audio/human/detective.comms-array.egg-signal.look.warm.mp3	265448	2026-04-30T05:22:32+00:00
art/cinematics/09_act7_convergence/keyframes/beat2_seven_banners.webp	265424	2026-04-28T04:41:05+00:00
audio/elara/cryo_clue_dead_pod_fragmented.mp3	265030	2026-04-23T01:58:56+00:00
audio/elara/cryo_clue_redacted_chart_lucid.mp3	265030	2026-05-14T16:47:50+00:00
audio/elara/elara.antiquarian-library.antiquarian-bust.look.lucid.mp3	265030	2026-05-01T07:35:55+00:00
audio/elara/elara.medbay.dna-helix.look.t1.fragmented.mp3	265030	2026-04-30T05:22:17+00:00
audio/episodes/celebration_c3_chess_class/celebration_c3_scene_1_the_lesson/5.mp3	265030	2026-05-08T20:25:23+00:00
audio/episodes/mechronis_m9_the_oracles_counterclaim/mechronis_m9_scene_1_the_visitor/0.mp3	265030	2026-05-08T20:25:28+00:00
audio/human/detective.bridge.diplomacy-table.look.t2.warm.mp3	265030	2026-04-30T05:22:28+00:00
audio/human/detective.shadow-vault.manuscript-pile.look.balanced.mp3	265030	2026-05-01T07:36:03+00:00
art/expansions/hierarchy-of-damned/act-exclusives/act6_bond_90_confessional.webp	264428	2026-04-28T02:08:18+00:00
audio/act3/te-conference-collapsed.mp3	264194	2026-04-30T05:21:54+00:00
audio/elara/elara.bridge.captains-coffee.look.t3.fragmented.mp3	264194	2026-04-30T05:22:05+00:00
art/expansions/hierarchy-of-damned/analysts/s2_hierarchy_anl_procurement_clerk.webp	264004	2026-04-28T02:08:18+00:00
audio/episodes/celebration_c1_the_watch/celebration_c1_scene_3_ghost_appears/7.mp3	263358	2026-05-08T20:25:21+00:00
audio/episodes/celebration_c9_the_match/celebration_c9_scene_4_the_goggles/1.mp3	263358	2026-05-08T20:25:24+00:00
audio/human/cc_act6_confession_first_human.mp3	263358	2026-05-07T01:31:11+00:00
audio/human/human.engineering.blueprints.look.balanced.mp3	263358	2026-05-14T16:47:57+00:00
art/slideshows/album5/T22/sih_t22_f06.webp	263186	2026-05-07T16:51:05+00:00
audio/elara/cc_act2_substrate_first_elara.mp3	262522	2026-05-07T01:30:46+00:00
audio/elara/cryo_clue_victim_identified_fragmented.mp3	262522	2026-04-23T01:58:56+00:00
audio/elara/elara.cryo.cracked-panel.look.t3.fragmented.mp3	262522	2026-04-30T05:22:13+00:00
audio/human/ask_human_seventeen_thousand.mp3	262522	2026-05-07T01:31:09+00:00
audio/human/cc_act7_visible_war_pathA_human.mp3	262522	2026-05-07T01:31:11+00:00
audio/human/cc_signal_trace_human.mp3	262522	2026-05-07T01:31:12+00:00
audio/human/detective.cryo.dead-pod.look.t1.warm.mp3	262522	2026-04-30T05:22:34+00:00
audio/human/human.cipher-den.encrypted-correspondence.use.balanced.mp3	262522	2026-05-07T01:31:14+00:00
audio/human/human.engineering.blueprints.use.balanced.mp3	262522	2026-05-07T01:31:15+00:00
audio/human/human.engineering.reactor-core.talk.balanced.mp3	262522	2026-05-14T16:47:57+00:00
audio/romance/elara/elara.romance.s5.act7_open.mp3	262522	2026-05-08T20:25:33+00:00
audio/elara/elara.chaos-forge.entropy-vat.use.mp3	261686	2026-05-07T01:30:53+00:00
audio/elara/elara.engineering.instruction-manual.look.t2.fragmented.mp3	261686	2026-04-30T05:22:16+00:00
audio/human/cc_authority_trial_overturn_human.mp3	261686	2026-05-07T01:31:11+00:00
audio/human/human.antiquarian-library.locked-vault.use.balanced.mp3	261686	2026-05-07T01:31:14+00:00
audio/human/human.captains-quarters.degens-corner.look.balanced.mp3	261686	2026-05-07T01:31:14+00:00
audio/act3/eyes-whisper-abyssal_sectors.mp3	261268	2026-04-30T05:21:53+00:00
audio/elara/elara.cryo.dead-pod.look.t1.lucid.mp3	261268	2026-04-30T05:22:14+00:00
page-backgrounds/CHR-001_operative-dossier.jpg	261022	2026-05-19T23:22:55+00:00
art/trade-empire/sectors/sector_remembrance_archive.webp	260628	2026-04-28T02:08:18+00:00
audio/elara/elara.bridge.captains-chair.look.t1.fragmented.mp3	260432	2026-04-30T05:22:02+00:00
audio/elara/elara.bridge.tactical-display.look.t1.fragmented.mp3	260432	2026-04-30T05:22:07+00:00
audio/episodes/celebration_c1_the_watch/celebration_c1_scene_2_malkia_arrives/0.mp3	260432	2026-05-08T20:25:20+00:00
art/slideshows/album1/T03/T03_00_title.webp	260406	2026-04-29T00:30:55+00:00
art/expansions/hierarchy-of-damned/directors/s2_hierarchy_dir_synergy_vampire.webp	260146	2026-04-28T02:08:18+00:00
art/slideshows/album5/T32/sih_t32_f15.webp	259948	2026-05-07T16:51:14+00:00
art/slideshows/album5/T26/sih_t26_f08.webp	259944	2026-05-07T16:51:08+00:00
art/expansions/hierarchy-of-damned/analysts/s2_hierarchy_anl_qa_imp.webp	259828	2026-04-28T02:08:18+00:00
art/cards/imprint/_grids/jailer_tier_grid.webp	259756	2026-04-28T02:44:43+00:00
audio/act4/extraction-the_white_oracle.mp3	259596	2026-04-30T05:21:56+00:00
audio/elara/elara.bridge.diplomacy-table.look.t2.lucid.mp3	259596	2026-04-30T05:22:06+00:00
audio/elara/elara.medbay.bio-bed.look.t2.luminous.mp3	259596	2026-04-30T05:22:16+00:00
audio/human/ask_human_clone_choice.mp3	259596	2026-05-07T01:31:09+00:00
audio/human/detective.captains-quarters.cat-photo.look.t1.warm.mp3	259596	2026-04-30T05:22:31+00:00
art/eidolons/nyx/nyx-scar-frag.webp	259592	2026-04-22T04:29:31+00:00
art/slideshows/album5/T01/sih_t01_f03.webp	258986	2026-05-07T16:50:47+00:00
audio/elara/cc_rom_vex_s2.mp3	258760	2026-05-07T01:30:49+00:00
audio/elara/elara.cryo.cracked-panel.look.t1.fragmented.mp3	258760	2026-04-30T05:22:13+00:00
audio/elara/elara.social-hub.mess-table.talk.mp3	258760	2026-05-07T01:31:00+00:00
audio/elara/locked_medbay_prelude_fragmented.mp3	258760	2026-04-23T01:58:59+00:00
art/vfx/card_flips/kf_common_end.webp	258520	2026-04-28T04:41:05+00:00
audio/elara/elara.captains-quarters.cat-photo.talk.luminous.mp3	258342	2026-04-30T05:22:09+00:00
audio/human/ask_human_signal_choice.mp3	258342	2026-05-07T01:31:09+00:00
audio/human/detective.archives.indigo-glow-lectern.look.warm.mp3	258342	2026-05-01T07:36:01+00:00
audio/human/detective.cryo.cracked-panel.look.t1.warm.mp3	258342	2026-04-30T05:22:35+00:00
audio/human/human.dreams-workshop.dream-loom.look.balanced.mp3	258342	2026-05-07T01:31:15+00:00
audio/human/human.order-tribunal.evidence-locker.look.balanced.mp3	258342	2026-05-07T01:31:17+00:00
audio/human/human.order-tribunal.mol-vereth-audit-ledger.use.warm.mp3	258342	2026-05-07T01:31:17+00:00
art/slideshows/album5/T36/sih_t36_f05.webp	257716	2026-05-07T16:51:16+00:00
art/slideshows/album1/T05/T05_20.webp	257556	2026-04-29T00:30:56+00:00
audio/elara/resurrection_confession_fragmented.mp3	257506	2026-04-23T01:59:02+00:00
audio/human/cc_act5_balanced_human.mp3	257506	2026-05-07T01:31:10+00:00
audio/human/detective.archives.tome.look.warm.mp3	257506	2026-04-30T05:22:24+00:00
audio/human/human.antiquarian-library.codas-purpose-shelf.use.balanced.mp3	257506	2026-05-07T01:31:13+00:00
art/slideshows/album5/T05/sih_t05_f07.webp	257232	2026-05-07T16:50:51+00:00
art/slideshows/album5/T04/sih_t04_f05.webp	257154	2026-05-07T16:50:49+00:00
audio/elara/cc_gov_apocalypse_fracture_elara.mp3	256671	2026-05-07T01:30:48+00:00
audio/elara/elara.dreams-workshop.dream-loom.look.luminous.mp3	256671	2026-05-01T07:35:57+00:00
audio/episodes/celebration_c8_the_ghost_in_the_hall/celebration_c8_scene_1_the_hall/3.mp3	256671	2026-05-08T20:25:23+00:00
art/slideshows/album5/T01/sih_t01_f07.webp	256510	2026-05-07T16:50:47+00:00
art/trade-empire/sectors/sector_research_corridor_alpha.webp	255960	2026-04-28T02:08:18+00:00
art/expansions/hierarchy-of-damned/managers/s2_hierarchy_mgr_perf_review_wraith.webp	255950	2026-04-28T02:08:19+00:00
audio/elara/ask_elara_kael.mp3	255835	2026-05-07T01:30:45+00:00
audio/episodes/mechronis_m1_choric_compliance/mechronis_m1_scene_3_hidden_agenda/3.mp3	255835	2026-05-08T20:25:26+00:00
art/slideshows/album1/T01/T01_02.webp	255600	2026-04-29T00:30:54+00:00
audio/act5/bridge-of-kael-2.mp3	254999	2026-04-30T05:21:56+00:00
audio/elara/elara.elemental-nexus.node-pillar.look.lucid.mp3	254999	2026-05-01T07:35:57+00:00
audio/episodes/celebration_c3_chess_class/celebration_c3_scene_1_the_lesson/1.mp3	254999	2026-05-08T20:25:21+00:00
art/expansions/hierarchy-of-damned/act-exclusives/act2_engineers_bench.webp	254812	2026-04-28T02:08:18+00:00
audio/elara/elara.cargo-hold.rubber-chicken.look.t3.lucid.mp3	254581	2026-04-30T05:22:10+00:00
audio/elara/elara.medbay.neural-bridge.talk.luminous.mp3	254581	2026-04-30T05:22:20+00:00
audio/human/detective.archives.data-banks.look.t1.shadow.mp3	254581	2026-04-30T05:22:22+00:00
audio/human/detective.bridge.captains-chair.talk.warm.mp3	254581	2026-04-30T05:22:26+00:00
audio/human/detective.captains-quarters.cat-photo.look.t1.balanced.mp3	254581	2026-04-30T05:22:31+00:00
audio/elara/cc_iron_lion.mp3	253745	2026-05-07T01:30:48+00:00
audio/human/human.antiquarian-library.hierophants-marginalia-stack.use.warm.mp3	253745	2026-05-07T01:31:13+00:00
audio/human/human_wall_mark_warm.mp3	253745	2026-04-22T04:34:35+00:00
audio/romance/vex/vex.romance.s2.one_listener_open.mp3	253745	2026-05-08T20:25:35+00:00
art/expansions/hierarchy-of-damned/act-exclusives/act6_the_confession.webp	253056	2026-04-28T02:08:18+00:00
art/cards/imprint/_grids/oracle_tier_grid.webp	252990	2026-04-28T02:44:43+00:00
art/slideshows/album1/T02/T02_00_title.webp	252938	2026-04-29T00:30:55+00:00
audio/elara/elara.medbay.emergency-safe.look.t2.lucid.mp3	252909	2026-04-30T05:22:18+00:00
audio/elara/elara.oracle-sanctum.prophecy-tablet.look.lucid.mp3	252909	2026-05-01T07:35:59+00:00
audio/human/detective.cipher-den.dictionary-of-edits.look.balanced.mp3	252909	2026-05-01T07:36:02+00:00
audio/human/detective.cryo.medical-chart.look.t1.warm.mp3	252909	2026-04-30T05:22:36+00:00
audio/human/detective.medbay.medicine-cabinet.look.t1.warm.mp3	252909	2026-04-30T05:22:38+00:00
audio/act3/te-civic-adopt-economy_antiquarian_ledger.mp3	252073	2026-04-30T05:21:53+00:00
audio/human/cc_act5_engineer_tech_human.mp3	252073	2026-05-07T01:31:10+00:00
audio/human/human_pod_read_balanced.mp3	252073	2026-04-22T04:34:35+00:00
audio/elara/ask_elara_alignment_act1.mp3	251655	2026-05-07T01:30:45+00:00
audio/elara/ask_elara_engineering_act5.mp3	251655	2026-05-07T01:30:45+00:00
audio/human/detective.medbay.medicine-cabinet.look.t1.shadow.mp3	251655	2026-04-30T05:22:38+00:00
art/slideshows/album5/T07/sih_t07_f08.webp	251272	2026-05-07T16:50:53+00:00
art/slideshows/album5/T03/sih_t03_f05.webp	250934	2026-05-07T16:50:49+00:00
audio/elara/cc_aug_observed_elara.mp3	250819	2026-05-07T01:30:48+00:00
audio/elara/elara.order-tribunal.judges-bench.talk.fragmented.mp3	250819	2026-05-07T01:30:59+00:00
audio/elara/elara.synthesis-chamber.recipe-board.talk.mp3	250819	2026-05-07T01:31:00+00:00
audio/human/human.engineering.instruction-manual.talk.warm.mp3	250819	2026-05-07T01:31:16+00:00
audio/human/human.order-tribunal.mol-vereth-audit-ledger.talk.balanced.mp3	250819	2026-05-07T01:31:17+00:00
audio/human/human_dna_device_warm.mp3	250819	2026-04-22T04:34:35+00:00
art/eidolons/nyx/nyx-hier-frag.webp	250754	2026-04-22T04:29:28+00:00
art/expansions/hierarchy-of-damned/act-exclusives/act1_twelve_step_inheritance.webp	250108	2026-04-28T02:08:18+00:00
audio/elara/ask_elara_substrate_louder.mp3	249983	2026-05-07T01:30:46+00:00
audio/elara/ask_elara_warlord.mp3	249983	2026-05-07T01:30:46+00:00
audio/elara/virus_whisper_02_lucid.mp3	249983	2026-04-23T01:59:04+00:00
audio/human/detective.cryo.dead-pod.look.t1.balanced.mp3	249983	2026-04-30T05:22:34+00:00
audio/human/human.cipher-den.uncorruption-bench.use.warm.mp3	249983	2026-05-07T01:31:15+00:00
art/expansions/hierarchy-of-damned/vps/s2_hierarchy_vp_varkul.webp	249934	2026-04-28T02:08:19+00:00
art/expansions/hierarchy-of-damned/vps/s2_hierarchy_vp_thelv_oss.webp	249652	2026-04-28T02:08:19+00:00
art/trade-empire/sectors/sector_forge_worlds.webp	249522	2026-04-28T02:08:17+00:00
audio/elara/elara.bridge.timeline-projector.use.luminous.mp3	249147	2026-04-30T05:22:08+00:00
audio/elara/elara.chaos-forge.chaos-anvil.talk.mp3	249147	2026-05-07T01:30:53+00:00
audio/elara/elara.medbay.dna-helix.look.t2.luminous.mp3	249147	2026-04-30T05:22:17+00:00
audio/elara/medbay_dna_setup_luminous.mp3	249147	2026-04-23T01:58:59+00:00
art/expansions/hierarchy-of-damned/c-suite/s2_hierarchy_chro_mor_vethic.webp	248706	2026-04-28T02:08:18+00:00
art/slideshows/album5/T07/sih_t07_f04.webp	248500	2026-05-07T16:50:52+00:00
art/slideshows/album5/T31/sih_t31_f03.webp	248312	2026-05-07T16:51:13+00:00
audio/elara/elara.shadow-vault.manuscript-pile.look.lucid.mp3	248311	2026-05-01T07:35:59+00:00
audio/episodes/mechronis_m11_the_patrons_true_face/mechronis_m11_scene_1_the_reveal/3.mp3	248311	2026-05-08T20:25:25+00:00
audio/human/cc_act1_memoir_first_human.mp3	248311	2026-05-07T01:31:10+00:00
audio/human/detective.bridge.captains-chair.look.t1.warm.mp3	248311	2026-04-30T05:22:25+00:00
audio/human/human_first_reply_hard_shadow.mp3	248311	2026-04-22T04:34:35+00:00
art/slideshows/album1/T10/T10_07.webp	248178	2026-04-29T00:30:57+00:00
audio/act7/act7_soldier_command/ep.bridge.elara.mp3	247893	2026-05-08T20:25:14+00:00
audio/elara/ask_elara_role_act2.mp3	247893	2026-05-07T01:30:46+00:00
audio/elara/elara.cargo-hold.rubber-chicken.look.t3.fragmented.mp3	247893	2026-04-30T05:22:10+00:00
audio/elara/elara.cargo-hold.rubber-chicken.use.luminous.mp3	247893	2026-04-30T05:22:11+00:00
audio/human/detective.bridge.captains-chair.look.t3.warm.mp3	247893	2026-04-30T05:22:26+00:00
art/cards/imprint/_grids/locke_tier_grid.webp	247392	2026-04-28T02:44:43+00:00
art/cinematics/08_act6_confession/keyframes/beat1_chapel.webp	247060	2026-04-28T04:41:05+00:00
audio/act4/prisoner-the_warlord.mp3	247057	2026-04-30T05:21:56+00:00
audio/elara/cc_act7_convergence_pathB_elara.mp3	247057	2026-05-07T01:30:47+00:00
audio/elara/elara.comms-array.egg-signal.look.fragmented.mp3	247057	2026-04-30T05:22:11+00:00
audio/elara/elara.observation-deck.purification-crystal-cradle.look.lucid.mp3	247057	2026-05-01T07:36:00+00:00
audio/human/ask_human_substrate.mp3	247057	2026-05-07T01:31:09+00:00
audio/human/detective.medbay.medical-log.look.t2.warm.mp3	247057	2026-04-30T05:22:38+00:00
audio/human/human.oracle-sanctum.seers-recording-cabinet.look.balanced.mp3	247057	2026-05-07T01:31:17+00:00
art/vfx/prelude/starfield-drift_frame.webp	246580	2026-04-25T18:24:39+00:00
art/vfx/card_flips/kf_neyon_end.webp	246334	2026-04-28T04:41:05+00:00
audio/act3/te-civic-adopt-economy_free_ports.mp3	246222	2026-04-30T05:21:54+00:00
audio/elara/elara.armory.motivational-poster.look.t2.lucid.mp3	246222	2026-04-30T05:22:01+00:00
audio/elara/elara.bridge.captains-coffee.talk.fragmented.mp3	246222	2026-04-30T05:22:05+00:00
audio/human/human.oracle-sanctum.seers-recording-cabinet.talk.balanced.mp3	246222	2026-05-07T01:31:17+00:00
audio/human/human.order-tribunal.judges-bench.use.warm.mp3	246222	2026-05-07T01:31:17+00:00
art/slideshows/album5/T13/sih_t13_f07.webp	246054	2026-05-07T16:50:58+00:00
art/slideshows/album1/T09/T09_14.webp	245762	2026-04-29T00:30:57+00:00
audio/elara/cc_act5_locke_re_emerges_elara.mp3	245386	2026-05-07T01:30:47+00:00
audio/elara/cc_act5_strategic_elara.mp3	245386	2026-05-07T01:30:47+00:00
audio/elara/elara.medbay.dna-helix.look.t1.luminous.mp3	245386	2026-04-30T05:22:17+00:00
audio/elara/locked_bridge_clued_luminous.mp3	245386	2026-04-23T01:58:58+00:00
audio/human/detective.bridge.captains-chair.use.t1.balanced.mp3	245386	2026-04-30T05:22:26+00:00
audio/human/detective.bridge.nav-console.look.t1.balanced.mp3	245386	2026-04-30T05:22:28+00:00
art/slideshows/album5/T32/sih_t32_f23.webp	244978	2026-05-07T16:51:14+00:00
audio/act3/te-encounter-open-final_invitation.mp3	244968	2026-04-30T05:21:55+00:00
audio/elara/elara.antiquarian-library.antiquarian-bust.use.fragmented.mp3	244968	2026-05-07T01:30:49+00:00
audio/elara/elara.station-dock.cargo-lift.talk.mp3	244968	2026-05-07T01:31:00+00:00
audio/episodes/celebration_c2_first_day/celebration_c2_scene_1_gates/4.mp3	244968	2026-05-08T20:25:21+00:00
audio/episodes/celebration_c3_chess_class/celebration_c3_scene_1_the_lesson/4.mp3	244968	2026-05-08T20:25:22+00:00
audio/human/detective.cargo-hold.rubber-chicken.look.t2.warm.mp3	244968	2026-04-30T05:22:32+00:00
audio/human/human_wall_mark_shadow.mp3	244968	2026-04-22T04:34:35+00:00
art/expansions/hierarchy-of-damned/interns/s2_hierarchy_intn_eoq_casualty.webp	244782	2026-04-28T02:08:18+00:00
art/slideshows/album1/T10/T10_14.webp	244496	2026-04-29T00:30:57+00:00
art/cinematics/07_act5_map/keyframes/beat5_map_to_card.webp	244290	2026-04-28T04:41:05+00:00
audio/elara/cc_act2_lied_elara.mp3	244132	2026-05-07T01:30:47+00:00
audio/elara/elara.engineering-core.coolant-pipe.talk.mp3	244132	2026-05-07T01:30:55+00:00
audio/elara/stability_drift_fragmented.mp3	244132	2026-04-23T01:59:02+00:00
audio/human/cc_act7_visible_war_pathC_human.mp3	244132	2026-05-07T01:31:11+00:00
audio/human/cc_engineer_confirmed_human.mp3	244132	2026-05-07T01:31:11+00:00
audio/human/human.war-room.holo-table.look.balanced.mp3	244132	2026-05-07T01:31:18+00:00
audio/human/human.war-room.signal-flag-rack.look.balanced.mp3	244132	2026-05-07T01:31:18+00:00
audio/elara/cc_act3_first_morality_swing_elara.mp3	243296	2026-05-07T01:30:46+00:00
audio/elara/elara.observation-deck.purification-crystal-cradle.use.lucid.mp3	243296	2026-05-07T01:30:59+00:00
audio/human/human.captains-quarters.vex-workshop-diary.use.balanced.mp3	243296	2026-05-07T01:31:14+00:00
vo/act6/human-confession-03.mp3	243296	2026-04-30T05:22:40+00:00
art/cards/neutral/witness_whose_time_has_come.webp	242768	2026-05-20T01:33:06+00:00
art/slideshows/album5/T01/sih_t01_f02.webp	242724	2026-05-07T16:50:47+00:00
art/cutscenes/prelude/beat-c5-window_start.webp	242686	2026-04-25T18:23:20+00:00
art/trade-empire/sectors/sector_skyforge_plateau.webp	242482	2026-04-28T02:08:18+00:00
audio/act7/act7_soldier_command/ep.bridge.human.mp3	242460	2026-05-08T20:25:14+00:00
audio/elara/bond80_quiet_human_fragmented.mp3	242460	2026-04-23T01:58:55+00:00
audio/elara/elara.cryo.cracked-panel.look.t1.lucid.mp3	242460	2026-04-30T05:22:13+00:00
audio/elara/elara.cryo.frosted-glass.look.lucid.mp3	242460	2026-04-30T05:22:15+00:00
audio/human/detective.bridge.captains-chair.look.t1.balanced.mp3	242460	2026-04-30T05:22:25+00:00
art/expansions/hierarchy-of-damned/c-suite/s2_hierarchy_ceo_mol_garath.webp	241762	2026-04-28T02:08:18+00:00
audio/elara/cc_act5_map_first.mp3	241624	2026-05-07T01:30:47+00:00
audio/human/cc_act4_revelation_first_human.mp3	241624	2026-05-07T01:31:10+00:00
audio/human/human_resurrection_shadow.mp3	241624	2026-04-22T04:34:35+00:00
art/trade-empire/wonders/wonder_chronarch_lens.webp	241324	2026-04-28T02:08:18+00:00
audio/human/human.war-room.signal-flag-rack.talk.warm.mp3	241206	2026-05-07T01:31:18+00:00
audio/romance/vex/vex.romance.s2.played_for_one.mp3	241206	2026-05-08T20:25:35+00:00
audio/elara/cc_act5_oracle_warning_elara.mp3	240370	2026-05-07T01:30:47+00:00
audio/elara/elara.armory.motivational-poster.look.t1.fragmented.mp3	240370	2026-04-30T05:22:01+00:00
audio/human/cc_act3_thought_virus_first_human.mp3	240370	2026-05-07T01:31:10+00:00
audio/human/detective.bridge.captains-chair.look.t2.warm.mp3	240370	2026-04-30T05:22:26+00:00
audio/human/human.oracle-sanctum.prophecy-tablet.talk.balanced.mp3	240370	2026-05-07T01:31:17+00:00
art/eidolons/auros/auros-norm-frag.webp	240184	2026-04-22T04:29:18+00:00
art/slideshows/album5/T27/sih_t27_f02.webp	239730	2026-05-07T16:51:09+00:00
art/slideshows/album5/T30/sih_t30_f12.webp	239534	2026-05-07T16:51:12+00:00
audio/act3/te-wonder-complete-hell_gate_sigil.mp3	239534	2026-04-30T05:21:56+00:00
audio/elara/cryo_clue_redacted_chart_fragmented.mp3	239534	2026-04-23T01:58:56+00:00
audio/elara/elara.bridge.captains-chair.use.t1.lucid.mp3	239534	2026-04-30T05:22:04+00:00
audio/elara/elara.engineering.reactor-core.look.mp3	239534	2026-05-14T16:47:52+00:00
audio/elara/elara.medbay.medicine-cabinet.look.t1.fragmented.mp3	239534	2026-04-30T05:22:19+00:00
audio/episodes/mechronis_m1_choric_compliance/mechronis_m1_scene_3_hidden_agenda/4.mp3	239534	2026-05-08T20:25:26+00:00
audio/human/human.cipher-den.rosetta-pad.talk.warm.mp3	239534	2026-05-07T01:31:15+00:00
audio/human/human.oracle-sanctum.oracle-pool.use.balanced.mp3	239534	2026-05-07T01:31:17+00:00
art/slideshows/album5/T36/sih_t36_f16.webp	239114	2026-05-07T16:51:17+00:00
audio/elara/cc_act5_path_strength_elara.mp3	238698	2026-05-07T01:30:47+00:00
audio/elara/elara.bridge.captains-chair.talk.luminous.mp3	238698	2026-04-30T05:22:04+00:00
audio/episodes/celebration_c8_the_ghost_in_the_hall/celebration_c8_scene_2_the_dreamers_hum/2.mp3	238698	2026-05-08T20:25:24+00:00
audio/human/cc_act2_lied_human.mp3	238698	2026-05-07T01:31:10+00:00
audio/human/detective.cryo.medical-chart.look.t2.warm.mp3	238698	2026-04-30T05:22:36+00:00
audio/act4/prisoner-the_white_oracle.mp3	238280	2026-04-30T05:21:56+00:00
audio/elara/elara.archives.corrupted-scroll-rack.use.mp3	238280	2026-05-01T07:35:55+00:00
audio/elara/elara.bridge.captains-chair.look.t4.lucid.mp3	238280	2026-04-30T05:22:03+00:00
audio/elara/elara.engineering.schematic-pad.use.luminous.mp3	238280	2026-05-01T07:35:58+00:00
audio/human/cc_act2_substrate_first_human.mp3	238280	2026-05-07T01:31:10+00:00
audio/human/cc_act5_seer_warning_human.mp3	238280	2026-05-07T01:31:10+00:00
audio/human/detective.medbay.bio-bed.look.t2.warm.mp3	238280	2026-04-30T05:22:36+00:00
audio/human/detective.medbay.bio-bed.use.t1.warm.mp3	238280	2026-04-30T05:22:36+00:00
audio/human/detective.medbay.medical-log.look.t1.warm.mp3	238280	2026-04-30T05:22:38+00:00
audio/human/detective.shadow-vault.release-or-seal-lever.use.warm.mp3	238280	2026-05-01T07:36:02+00:00
audio/human/human.comms-array.egg-signal.use.warm.mp3	238280	2026-05-07T01:31:15+00:00
audio/human/human.order-tribunal.mol-vereth-audit-ledger.use.balanced.mp3	238280	2026-05-07T01:31:17+00:00
vo/act3/kael-logs-unlocked-02.mp3	238280	2026-04-30T05:22:40+00:00
vo/act7/visible-war-win.mp3	238280	2026-04-30T05:22:41+00:00
art/vfx/card_flips/kf_rare_end.webp	238262	2026-04-28T04:41:05+00:00
page-backgrounds/STR-001_requisition-terminal.jpg	238093	2026-05-19T23:22:56+00:00
art/cards/imprint/_grids/human_tier_grid.webp	237580	2026-04-28T02:44:43+00:00
audio/elara/elara.forge-workshop.kiln.talk.mp3	237444	2026-05-07T01:30:56+00:00
audio/episodes/celebration_c1_the_watch/celebration_c1_scene_2_malkia_arrives/6.mp3	237444	2026-05-08T20:25:21+00:00
audio/human/detective.bridge.captains-chair.use.t1.warm.mp3	237444	2026-04-30T05:22:26+00:00
audio/human/human.oracle-sanctum.seers-recording-cabinet.talk.warm.mp3	237444	2026-05-07T01:31:17+00:00
characters/seer/viseme.avif	237147	2026-04-25T01:51:02+00:00
art/vfx/hierarchy_mechanics/kf_stock_buyback.webp	237048	2026-04-28T04:41:05+00:00
art/cinematics/03_act1_memoir/keyframes/beat3_memoir_page.webp	236974	2026-04-28T04:41:04+00:00
art/cards/architect/_grids/surveillance_grid.webp	236944	2026-04-28T02:44:41+00:00
art/slideshows/album1/T23/T23_19.webp	236796	2026-04-29T00:31:00+00:00
audio/elara/cc_act2_spy_misdirect_elara.mp3	236608	2026-05-07T01:30:46+00:00
art/vfx/prelude/memo-paper-drift.webm	236346	2026-04-22T04:34:25+00:00
art/slideshows/album5/T18/sih_t18_f16.webp	236056	2026-05-07T16:51:02+00:00
art/cinematics/01_pack_opening/keyframes/beat2_tension_end.webp	235890	2026-04-28T04:41:04+00:00
art/trade-empire/doctrines/doctrine_antiquarian_tempo.webp	235812	2026-04-28T02:08:17+00:00
audio/elara/virus_whisper_01_fragmented.mp3	235773	2026-04-23T01:59:04+00:00
audio/human/detective.armory.motivational-poster.look.t1.warm.mp3	235773	2026-04-30T05:22:24+00:00
audio/human/detective.cryo.cracked-panel.look.t1.balanced.mp3	235773	2026-04-30T05:22:33+00:00
audio/human/detective.cryo.dead-pod.look.t4.warm.mp3	235773	2026-04-30T05:22:36+00:00
audio/human/detective.shadow-vault.manuscript-pile.look.warm.mp3	235773	2026-05-01T07:36:02+00:00
audio/human/human.antiquarian-library.hierophants-marginalia-stack.talk.warm.mp3	235773	2026-05-07T01:31:13+00:00
audio/human/human.engineering-core.coolant-pipe.look.warm.mp3	235773	2026-05-07T01:31:15+00:00
characters/nilmorg/viseme.avif	235664	2026-04-25T01:51:02+00:00
audio/elara/elara.bridge.captains-chair.look.t1.lucid.mp3	234937	2026-04-30T05:22:02+00:00
audio/elara/elara.bridge.shadow-tongue-annotations.look.fragmented.mp3	234937	2026-05-01T07:35:56+00:00
audio/elara/elara.cargo-hold.rubber-chicken.talk.fragmented.mp3	234937	2026-04-30T05:22:10+00:00
audio/human/cc_act4_strained_human.mp3	234937	2026-05-07T01:31:10+00:00
audio/human/detective.cryo.dead-pod.look.t2.shadow.mp3	234937	2026-04-30T05:22:34+00:00
audio/human/detective.medbay.emergency-safe.look.t2.balanced.mp3	234937	2026-04-30T05:22:37+00:00
audio/human/detective.shadow-vault.release-or-seal-lever.use.balanced.mp3	234937	2026-05-01T07:36:02+00:00
audio/elara/cc_act5_balanced_elara.mp3	234519	2026-05-07T01:30:47+00:00
audio/elara/cc_act5_path_humanity_elara.mp3	234519	2026-05-07T01:30:47+00:00
audio/elara/elara.cipher-den.dictionary-of-edits.look.fragmented.mp3	234519	2026-05-01T07:35:57+00:00
audio/human/detective.medbay.emergency-safe.look.t2.warm.mp3	234519	2026-04-30T05:22:37+00:00
audio/human/human.engineering.instruction-manual.talk.balanced.mp3	234519	2026-05-07T01:31:16+00:00
art/slideshows/album5/T34/sih_t34_f20.webp	233842	2026-05-07T16:51:15+00:00
audio/human/detective.bridge.captains-coffee.use.warm.mp3	233683	2026-04-30T05:22:27+00:00
art/vfx/card_flips/kf_legendary_end.webp	233070	2026-04-28T04:41:05+00:00
audio/act7/act7_humanity/ep.humanity.human_pathB.mp3	232847	2026-05-08T20:25:14+00:00
audio/elara/cc_mech_sprite_proxy_first.mp3	232847	2026-05-07T01:30:49+00:00
audio/elara/elara.archives.indigo-glow-lectern.use.lucid.mp3	232847	2026-05-01T07:35:56+00:00
audio/elara/elara.bridge.captains-chair.use.t1.luminous.mp3	232847	2026-04-30T05:22:04+00:00
audio/human/cc_act2_partial_reveal_human.mp3	232847	2026-05-07T01:31:10+00:00
audio/human/detective.bridge.timeline-projector.look.t2.warm.mp3	232847	2026-04-30T05:22:32+00:00
audio/human/human.dreams-workshop.mirror-pool.look.warm.mp3	232847	2026-05-07T01:31:15+00:00
audio/human/human_resurrection_balanced.mp3	232847	2026-04-22T04:34:35+00:00
art/expansions/hierarchy-of-damned/act-exclusives/act7_all_faction_convergence.webp	232380	2026-04-28T02:08:18+00:00
audio/elara/ask_elara_path_act5.mp3	232011	2026-05-07T01:30:47+00:00
audio/elara/cc_act2_partial_reveal_elara.mp3	232011	2026-05-07T01:30:46+00:00
audio/elara/unlock_loredex_luminous.mp3	232011	2026-04-23T01:59:04+00:00
audio/episodes/celebration_c10_the_arks_rise/celebration_c10_scene_1_the_build/4.mp3	232011	2026-05-08T20:25:19+00:00
audio/episodes/mechronis_m5_the_necromancers_lecture/mechronis_m5_scene_2_his_own_death/1.mp3	232011	2026-05-08T20:25:28+00:00
audio/human/detective.medbay.medical-log.look.t2.shadow.mp3	232011	2026-04-30T05:22:38+00:00
audio/human/human.cipher-den.uncorruption-bench.look.warm.mp3	232011	2026-05-07T01:31:15+00:00
audio/human/human.station-dock.cargo-lift.talk.warm.mp3	232011	2026-05-07T01:31:18+00:00
audio/elara/ask_elara_signal_choice.mp3	231593	2026-05-07T01:30:46+00:00
audio/elara/cc_rom_elara_s2.mp3	231593	2026-05-07T01:30:49+00:00
audio/elara/elara.forge-workshop.anvil.look.lucid.mp3	231593	2026-05-01T07:35:58+00:00
audio/episodes/celebration_c4_under_the_floor/celebration_c4_scene_1_the_lair/6.mp3	231593	2026-05-08T20:25:22+00:00
audio/human/human.captains-quarters.degens-corner.use.warm.mp3	231593	2026-05-07T01:31:14+00:00
art/slideshows/album1/T08/T08_04.webp	231216	2026-04-29T00:30:57+00:00
art/slideshows/album5/T34/sih_t34_f07.webp	231052	2026-05-07T16:51:15+00:00
art/cards/imprint/_grids/detective_tier_grid.webp	230950	2026-04-28T02:44:43+00:00
art/slideshows/album5/T10/sih_t10_f02.webp	230870	2026-05-07T16:50:54+00:00
art/slideshows/album1/T04/T04_02.webp	230790	2026-04-29T00:30:55+00:00
audio/act3/te-civic-adopt-economy_authority_tithe.mp3	230757	2026-04-30T05:21:54+00:00
audio/elara/elara.forge-workshop.schema-rack.look.lucid.mp3	230757	2026-05-01T07:35:58+00:00
audio/elara/elara.observation-deck.panoramic-viewport.look.lucid.mp3	230757	2026-05-01T07:35:58+00:00
audio/human/detective.cryo.frosted-glass.look.warm.mp3	230757	2026-04-30T05:22:35+00:00
audio/human/human_dna_device_balanced.mp3	230757	2026-04-22T04:34:35+00:00
art/slideshows/album1/T28/T28_19.webp	230380	2026-04-29T00:31:01+00:00
art/slideshows/album5/T13/sih_t13_f08.webp	230256	2026-05-07T16:50:58+00:00
audio/elara/cc_act6_practical_chosen_elara.mp3	229921	2026-05-07T01:30:47+00:00
audio/elara/elara.medbay.bio-bed.look.t1.luminous.mp3	229921	2026-04-30T05:22:16+00:00
audio/episodes/celebration_c12_the_last_good_day/celebration_c12_scene_2_the_line_lands/6.mp3	229921	2026-05-08T20:25:20+00:00
art/slideshows/album5/T37/sih_t37_f04.webp	229790	2026-05-07T16:51:17+00:00
art/expansions/hierarchy-of-damned/directors/s2_hierarchy_dir_velocity_wraith.webp	229456	2026-04-28T02:08:18+00:00
art/trade-empire/wonders/wonder_forge_monolith.webp	229366	2026-04-28T02:08:18+00:00
audio/elara/cryo_orient_08_lucid.mp3	229085	2026-05-10T02:04:36+00:00
audio/elara/elara.bridge.captains-coffee.use.luminous.mp3	229085	2026-04-30T05:22:05+00:00
audio/elara/elara.observation-deck.bond-resonance-altar.talk.lucid.mp3	229085	2026-05-07T01:30:57+00:00
audio/human/cc_act3_first_morality_swing_human.mp3	229085	2026-05-07T01:31:10+00:00
audio/human/detective.engineering.instruction-manual.look.t1.balanced.mp3	229085	2026-04-30T05:22:36+00:00
audio/human/human.oracle-sanctum.oracle-pool.talk.warm.mp3	229085	2026-05-07T01:31:17+00:00
vo/act2/human_commentary_2.mp3	229085	2026-04-30T05:22:40+00:00
art/cards/imprint/_grids/agent_zero_tier_grid.webp	229046	2026-04-28T02:44:43+00:00
art/cards/imprint/_grids/enigma_tier_grid.webp	228892	2026-04-28T02:44:43+00:00
art/slideshows/album1/T05/T05_06.webp	228776	2026-04-29T00:30:56+00:00
art/eidolons/sibyl/sibyl-hier-frag.webp	228592	2026-04-22T04:29:33+00:00
art/keyframes/awakening/attributes_end.webp	228574	2026-04-27T03:10:28+00:00
art/slideshows/album1/T04/T04_20.webp	228312	2026-04-29T00:30:56+00:00
audio/elara/cc_act7_convergence_pathA_elara.mp3	228249	2026-05-07T01:30:47+00:00
audio/elara/elara.archives.unnameable-hue-cabinet.use.lucid.mp3	228249	2026-05-07T01:30:52+00:00
audio/elara/elara.comms-array.egg-signal.use.fragmented.mp3	228249	2026-05-07T01:30:54+00:00
audio/episodes/celebration_c2_first_day/celebration_c2_scene_1_gates/0.mp3	228249	2026-05-08T20:25:21+00:00
audio/human/detective.cryo.medical-chart.look.t1.balanced.mp3	228249	2026-04-30T05:22:35+00:00
audio/human/human.oracle-sanctum.prophecy-tablet.use.balanced.mp3	228249	2026-05-07T01:31:17+00:00
audio/human/human.war-room.signal-flag-rack.look.warm.mp3	228249	2026-05-07T01:31:18+00:00
audio/elara/elara.elemental-forge.ancestral-anvil.look.mp3	227831	2026-05-01T07:35:57+00:00
audio/episodes/celebration_c9_the_match/celebration_c9_scene_1_before_the_match/2.mp3	227831	2026-05-08T20:25:24+00:00
audio/human/cc_act4_reconciled_human.mp3	227831	2026-05-07T01:31:10+00:00
audio/human/cc_engineer_hint_human.mp3	227831	2026-05-07T01:31:11+00:00
vo/act3/eyes-commit-empire.mp3	227831	2026-04-30T05:22:39+00:00
art/slideshows/album5/T34/sih_t34_f11.webp	227032	2026-05-07T16:51:16+00:00
audio/elara/pet_intro_04_lucid.mp3	226995	2026-04-23T01:59:01+00:00
art/cutscenes/prelude/beat-d5-galley_start.webp	226264	2026-04-25T18:23:29+00:00
audio/elara/cc_act6_refuse_secrecy_elara.mp3	226159	2026-05-07T01:30:47+00:00
audio/elara/elara.cipher-den.dictionary-of-edits.talk.lucid.mp3	226159	2026-05-01T07:35:56+00:00
audio/human/human.antiquarian-library.codas-purpose-shelf.look.shadow.mp3	226159	2026-05-07T01:31:13+00:00
art/slideshows/album1/T21/T21_05.webp	225448	2026-04-29T00:30:59+00:00
audio/elara/cc_mech_deckbuilder_first.mp3	225324	2026-05-07T01:30:49+00:00
audio/elara/elara.comms-array.static-screen.use.fragmented.mp3	225324	2026-05-07T01:30:54+00:00
audio/elara/elara.observation-deck.purification-crystal-cradle.use.fragmented.mp3	225324	2026-05-07T01:30:57+00:00
audio/human/cc_act7_visible_war_pathB_human.mp3	225324	2026-05-07T01:31:11+00:00
audio/human/human.antiquarian-library.insurgency-witness-roster.talk.warm.mp3	225324	2026-05-07T01:31:13+00:00
audio/human/human_victim_warm.mp3	225324	2026-04-22T04:34:35+00:00
vo/act6/stance-empathy.mp3	225324	2026-04-30T05:22:41+00:00
audio/antiquarian/act1_young_kael__opponentMidMatchEarly.mp3	224906	2026-04-22T04:34:30+00:00
audio/elara/cc_engineer_hint_elara.mp3	224906	2026-05-07T01:30:49+00:00
audio/elara/elara.bridge.captains-chair.look.t2.lucid.mp3	224906	2026-04-30T05:22:03+00:00
audio/episodes/celebration_c12_the_last_good_day/celebration_c12_scene_2_the_line_lands/1.mp3	224906	2026-05-08T20:25:20+00:00
audio/human/cc_clone_save_human.mp3	224906	2026-05-07T01:31:11+00:00
audio/human/human.oracle-sanctum.incense-brazier.talk.balanced.mp3	224906	2026-05-07T01:31:16+00:00
art/expansions/hierarchy-of-damned/managers/s2_hierarchy_mgr_roadmap_banshee.webp	224882	2026-04-28T02:08:19+00:00
audio/elara/cc_malkia_resonance_elara.mp3	224070	2026-05-07T01:30:49+00:00
audio/elara/cc_meta_returning_to_seat_elara.mp3	224070	2026-05-07T01:30:49+00:00
audio/elara/elara.medbay.dna-helix.use.luminous.mp3	224070	2026-04-30T05:22:17+00:00
audio/elara/unlock_loredex_lucid.mp3	224070	2026-04-23T01:59:04+00:00
audio/episodes/celebration_c1_the_watch/celebration_c1_scene_2_malkia_arrives/3.mp3	224070	2026-05-08T20:25:20+00:00
audio/episodes/celebration_c9_the_match/celebration_c9_scene_4_the_goggles/6.mp3	224070	2026-05-08T20:25:25+00:00
audio/human/detective.archives.unnameable-hue-cabinet.look.warm.mp3	224070	2026-05-01T07:36:01+00:00
audio/human/human.engineering.instruction-manual.use.warm.mp3	224070	2026-05-07T01:31:16+00:00
audio/human/human.oracle-sanctum.prophecy-tablet.look.balanced.mp3	224070	2026-05-07T01:31:17+00:00
audio/romance/elara/elara.romance.s2.close.mp3	224070	2026-05-08T20:25:31+00:00
vo/act3/pitch-hierarchy-elara.mp3	224070	2026-04-30T05:22:40+00:00
art/trade-empire/sectors/sector_new_babylon_core.webp	223960	2026-04-28T02:08:17+00:00
audio/elara/cc_act6_elara_confession_pathC.mp3	223234	2026-05-07T01:30:47+00:00
audio/elara/elara.medbay.bio-bed.look.t1.lucid.mp3	223234	2026-04-30T05:22:16+00:00
audio/episodes/celebration_c9_the_match/celebration_c9_scene_1_before_the_match/6.mp3	223234	2026-05-08T20:25:24+00:00
audio/human/detective.archives.data-banks.look.t3.shadow.mp3	223234	2026-04-30T05:22:23+00:00
audio/human/human.oracle-sanctum.oracle-pool.look.balanced.mp3	223234	2026-05-07T01:31:16+00:00
audio/human/human.war-room.holo-table.talk.warm.mp3	223234	2026-05-07T01:31:18+00:00
audio/human/human_panel_cut_warm.mp3	223234	2026-04-22T04:34:35+00:00
art/cards/antiquarian/hourglass_sentinel.webp	222482	2026-05-20T01:31:53+00:00
audio/elara/cryo_orient_08_luminous.mp3	222398	2026-05-10T02:04:36+00:00
audio/elara/elara.antiquarian-library.locked-vault.look.lucid.mp3	222398	2026-05-01T07:35:55+00:00
audio/elara/elara.guild-sanctum.sigil-altar.talk.mp3	222398	2026-05-07T01:30:56+00:00
audio/human/cc_act3_substrate_truth_human.mp3	222398	2026-05-07T01:31:10+00:00
audio/human/cc_act6_refuse_secrecy_human.mp3	222398	2026-05-07T01:31:11+00:00
audio/human/detective.archives.corrupted-scroll-rack.look.warm.mp3	222398	2026-05-01T07:36:01+00:00
audio/human/human.cipher-den.cross-arc-thanks-card.look.warm.mp3	222398	2026-05-07T01:31:14+00:00
art/cinematics/08_act6_confession/keyframes/beat2_lattice_dissolves.webp	221868	2026-04-28T04:41:05+00:00
art/opponents/opponent-the-eyes-portrait.webp	221640	2026-04-22T04:30:37+00:00
audio/act4/extraction-the_warlord.mp3	221562	2026-04-30T05:21:56+00:00
audio/elara/elara.armory.motivational-poster.talk.luminous.mp3	221562	2026-04-30T05:22:02+00:00
audio/elara/elara.quantum-lab.entanglement-rig.use.mp3	221562	2026-05-07T01:30:59+00:00
audio/elara/elara.quantum-lab.observation-cage.talk.mp3	221562	2026-05-07T01:30:59+00:00
audio/episodes/mechronis_m1_choric_compliance/mechronis_m1_scene_2_the_drill/1.mp3	221562	2026-05-08T20:25:26+00:00
audio/human/cc_hierarchy_master_first_human.mp3	221562	2026-05-07T01:31:12+00:00
audio/romance/vex/vex.romance.s1.bench_first_visit.mp3	221562	2026-05-08T20:25:34+00:00
page-backgrounds/BTP-001_season-command.jpg	221438	2026-05-19T23:22:55+00:00
audio/act3/te-encounter-open-counted_crew.mp3	221144	2026-04-30T05:21:54+00:00
audio/elara/cc_act5_engineer_tech_elara.mp3	221144	2026-05-07T01:30:47+00:00
audio/elara/elara.bridge.captains-chair.look.t4.fragmented.mp3	221144	2026-04-30T05:22:03+00:00
audio/elara/elara.cryo.medical-chart.look.t2.fragmented.mp3	221144	2026-04-30T05:22:15+00:00
audio/elara/virus_whisper_02_luminous.mp3	221144	2026-04-23T01:59:04+00:00
audio/human/human.cipher-den.rosetta-pad.use.warm.mp3	221144	2026-05-07T01:31:15+00:00
audio/human/human.dreams-workshop.fragment-rack.talk.warm.mp3	221144	2026-05-07T01:31:16+00:00
art/slideshows/album5/T32/sih_t32_f12.webp	221088	2026-05-07T16:51:14+00:00
art/cinematics/08_act6_confession/keyframes/beat3_voice_streams.webp	220316	2026-04-28T04:41:05+00:00
audio/elara/elara.medbay.emergency-safe.look.t2.fragmented.mp3	220308	2026-04-30T05:22:18+00:00
audio/elara/elara.medbay.medical-log.look.t2.fragmented.mp3	220308	2026-04-30T05:22:18+00:00
audio/human/human.cipher-den.dictionary-of-edits.talk.warm.mp3	220308	2026-05-07T01:31:14+00:00
art/expansions/hierarchy-of-damned/managers/s2_hierarchy_mgr_pivot_memo_phantom.webp	219484	2026-04-28T02:08:19+00:00
audio/elara/cc_gov_dont_tell_vex_elara.mp3	219472	2026-05-07T01:30:48+00:00
audio/elara/elara.dreams-workshop.dream-loom.talk.mp3	219472	2026-05-07T01:30:55+00:00
audio/elara/elara.social-hub.bulletin-board.talk.mp3	219472	2026-05-07T01:31:00+00:00
audio/human/cc_authority_trial_sentence_passed_human.mp3	219472	2026-05-07T01:31:11+00:00
audio/human/cc_signal_respond_human.mp3	219472	2026-05-07T01:31:12+00:00
audio/human/human.captains-quarters.vex-workshop-diary.talk.warm.mp3	219472	2026-05-07T01:31:14+00:00
audio/human/human_victim_balanced.mp3	219472	2026-04-22T04:34:35+00:00
audio/elara/cc_act6_elara_confession_pathB.mp3	218636	2026-05-07T01:30:47+00:00
audio/human/cc_act4_pathB_discovery_human.mp3	218636	2026-05-07T01:31:10+00:00
audio/human/cc_act6_partial_disclosure_human.mp3	218636	2026-05-07T01:31:11+00:00
audio/human/cc_kael_human.mp3	218636	2026-05-07T01:31:12+00:00
audio/human/detective.medbay.emergency-safe.look.t2.shadow.mp3	218636	2026-04-30T05:22:37+00:00
vo/act6/human-confession-02.mp3	218636	2026-04-30T05:22:40+00:00
art/slideshows/album1/T22/T22_13.webp	218632	2026-04-29T00:30:59+00:00
art/slideshows/album5/T35/sih_t35_f02.webp	218522	2026-05-07T16:51:16+00:00
audio/elara/cryo_clue_data_slate_fragmented.mp3	218218	2026-04-23T01:58:55+00:00
audio/elara/elara.bridge.captains-coffee.talk.luminous.mp3	218218	2026-04-30T05:22:05+00:00
audio/elara/elara.elemental-nexus.node-pillar.talk.mp3	218218	2026-05-07T01:30:55+00:00
audio/episodes/mechronis_m2_applied_surveillance/mechronis_m2_scene_1_the_triangle/1.mp3	218218	2026-05-08T20:25:27+00:00
audio/human/human.antiquarian-library.card-catalog.look.warm.mp3	218218	2026-05-07T01:31:13+00:00
art/cards/imprint/_grids/foucault_tier_grid.webp	218100	2026-04-28T02:44:43+00:00
audio/elara/elara.bridge.timeline-projector.use.fragmented.mp3	217382	2026-04-30T05:22:08+00:00
audio/elara/stability_care_check_fragmented.mp3	217382	2026-04-23T01:59:02+00:00
audio/episodes/celebration_c4_under_the_floor/celebration_c4_scene_1_the_lair/4.mp3	217382	2026-05-08T20:25:22+00:00
audio/human/detective.cryo.medical-chart.look.t2.shadow.mp3	217382	2026-04-30T05:22:35+00:00
art/slideshows/album1/T08/T08_20.webp	216998	2026-04-29T00:30:57+00:00
audio/act4/extraction-the_extraction.mp3	216546	2026-04-30T05:21:56+00:00
audio/act5/cades-m3-mid.mp3	216546	2026-04-30T05:21:56+00:00
audio/elara/elara.cryo.combine.tag-slate.mp3	216546	2026-05-10T02:04:37+00:00
audio/elara/virus_whisper_01_lucid.mp3	216546	2026-04-23T01:59:04+00:00
audio/human/human.antiquarian-library.codas-purpose-shelf.talk.warm.mp3	216546	2026-05-07T01:31:13+00:00
audio/human/human.engineering.crafting-bench.talk.warm.mp3	216546	2026-05-07T01:31:16+00:00
audio/human/human.engineering.reactor-core.talk.warm.mp3	216546	2026-05-14T16:47:57+00:00
art/cards/imprint/_grids/dreamer_tier_grid.webp	216254	2026-04-28T02:44:43+00:00
audio/act3/te-encounter-open-listener_static.mp3	215711	2026-04-30T05:21:55+00:00
audio/elara/cc_act1_alignment_dark_elara.mp3	215711	2026-05-07T01:30:46+00:00
audio/elara/cc_act1_alignment_light_elara.mp3	215711	2026-05-07T01:30:46+00:00
audio/human/cc_act6_suspicious_chosen_human.mp3	215711	2026-05-07T01:31:11+00:00
audio/human/human.oracle-sanctum.incense-brazier.use.balanced.mp3	215711	2026-05-07T01:31:16+00:00
art/expansions/hierarchy-of-damned/directors/s2_hierarchy_dir_okr_specter.webp	215318	2026-04-28T02:08:18+00:00
art/cards/imprint/_grids/architect_tier_grid.webp	215082	2026-04-28T02:44:43+00:00
audio/elara/cc_act4_strained_elara.mp3	214875	2026-05-07T01:30:47+00:00
audio/elara/cc_act6_ally_chosen_elara.mp3	214875	2026-05-07T01:30:47+00:00
audio/elara/cc_dreamer_relay_after_vision_3.mp3	214875	2026-05-07T01:30:48+00:00
audio/elara/pet_intro_03_lucid.mp3	214875	2026-04-23T01:59:01+00:00
audio/elara/stability_slip_lucid.mp3	214875	2026-04-23T01:59:02+00:00
audio/human/detective.cryo.dead-pod.look.t4.balanced.mp3	214875	2026-04-30T05:22:35+00:00
audio/human/human.antiquarian-library.antiquarian-bust.talk.warm.mp3	214875	2026-05-07T01:31:13+00:00
audio/human/human.war-room.signal-flag-rack.use.balanced.mp3	214875	2026-05-07T01:31:18+00:00
art/slideshows/album5/T20/sih_t20_f08.webp	214832	2026-05-07T16:51:03+00:00
art/trade-empire/sectors/sector_new_atarion.webp	214656	2026-04-28T02:08:17+00:00
art/expansions/hierarchy-of-damned/directors/s2_hierarchy_dir_townhall_phantom.webp	214524	2026-04-28T02:08:18+00:00
audio/elara/cc_dreamer_relay_after_vision_1.mp3	214457	2026-05-07T01:30:48+00:00
audio/elara/pet_intro_04_luminous.mp3	214457	2026-04-23T01:59:01+00:00
audio/elara/resurrection_choice_compassionate_lucid.mp3	214457	2026-04-23T01:59:01+00:00
audio/human/detective.medbay.dna-helix.look.t1.warm.mp3	214457	2026-04-30T05:22:37+00:00
audio/human/human.order-tribunal.evidence-locker.talk.warm.mp3	214457	2026-05-07T01:31:17+00:00
audio/acts/act-4/act-4-path-betrayal.mp3	214412	2026-04-24T03:22:23+00:00
art/misc/loading_screen.webp	213742	2026-05-20T01:34:22+00:00
audio/elara/elara.medbay.bio-bed.look.t2.lucid.mp3	213621	2026-04-30T05:22:16+00:00
audio/elara/human_reveal_approach_fragmented.mp3	213621	2026-04-23T01:58:58+00:00
audio/human/human_victim_shadow.mp3	213621	2026-04-22T04:34:35+00:00
art/rooms/room-captains-quarters.webp	212900	2026-04-22T04:30:56+00:00
art/slideshows/album5/T24/sih_t24_f05.webp	212816	2026-05-07T16:51:06+00:00
audio/human/cc_clone_purge_human.mp3	212785	2026-05-07T01:31:11+00:00
audio/human/cc_sih_human.mp3	212785	2026-05-07T01:31:12+00:00
audio/human/human.war-room.signal-flag-rack.use.warm.mp3	212785	2026-05-07T01:31:18+00:00
art/trade-empire/eras/era_sector_lord.webp	212528	2026-04-28T02:08:17+00:00
audio/act3/te-encounter-open-dreamers_weeping.mp3	211949	2026-04-30T05:21:55+00:00
audio/act7/act7_machine/ep.machine.human_pathB.mp3	211949	2026-05-08T20:25:14+00:00
audio/elara/cc_act5_first_recruit_betrays_elara.mp3	211949	2026-05-07T01:30:47+00:00
audio/human/cc_gov_ghost_doubted_human.mp3	211949	2026-05-07T01:31:11+00:00
art/expansions/hierarchy-of-damned/act-exclusives/act6_narrators_truth.webp	211910	2026-04-28T02:08:18+00:00
audio/elara/elara.engineering.schematic-pad.use.lucid.mp3	211531	2026-05-01T07:35:58+00:00
audio/human/cc_act5_strategic_human.mp3	211531	2026-05-07T01:31:11+00:00
audio/human/cc_act6_human_confession_pathA.mp3	211531	2026-05-07T01:31:11+00:00
audio/human/detective.medbay.emergency-safe.look.t3.balanced.mp3	211531	2026-04-30T05:22:37+00:00
audio/human/human.order-tribunal.mol-vereth-audit-ledger.talk.warm.mp3	211531	2026-05-07T01:31:17+00:00
audio/human/human_resurrection_warm.mp3	211531	2026-04-22T04:34:35+00:00
vo/act3/kael-opener-02.mp3	211531	2026-04-30T05:22:40+00:00
art/cinematics/04_act2_whisper/keyframes/beat5_mist_to_card.webp	210832	2026-04-28T04:41:04+00:00
audio/act3/eyes-whisper-command_post_iron.mp3	210695	2026-04-30T05:21:53+00:00
audio/act7/act7_soldier_command/ep.bridge.human_pathC.mp3	210695	2026-05-08T20:25:15+00:00
audio/human/human.order-tribunal.mol-vereth-audit-ledger.look.balanced.mp3	210695	2026-05-07T01:31:17+00:00
art/eidolons/cog/cog-norm-asc.webp	210580	2026-04-22T04:29:23+00:00
art/trade-empire/fleet/market_pirate_raider.webp	210024	2026-04-28T02:08:17+00:00
audio/elara/medbay_dna_donate_fragmented.mp3	209859	2026-04-23T01:58:59+00:00
audio/human/detective.archives.rewritten-ledger.look.shadow.mp3	209859	2026-05-01T07:36:01+00:00
audio/human/detective.cargo-hold.rubber-chicken.look.t1.balanced.mp3	209859	2026-04-30T05:22:33+00:00
audio/human/detective.engineering.instruction-manual.look.t3.shadow.mp3	209859	2026-04-30T05:22:36+00:00
audio/elara/elara.bridge.captains-coffee.look.t2.fragmented.mp3	209023	2026-04-30T05:22:04+00:00
audio/elara/elara.engineering-core.core-terminal.talk.mp3	209023	2026-05-07T01:30:55+00:00
audio/elara/elara.station-dock.ship-manifest.talk.mp3	209023	2026-05-07T01:31:00+00:00
audio/elara/unlock_crew_cloning_fragmented.mp3	209023	2026-04-23T01:59:03+00:00
audio/human/cc_act5_path_humanity_human.mp3	209023	2026-05-07T01:31:10+00:00
audio/human/human.cipher-den.encrypted-correspondence.talk.warm.mp3	209023	2026-05-07T01:31:15+00:00
audio/human/human.oracle-sanctum.incense-brazier.use.warm.mp3	209023	2026-05-07T01:31:16+00:00
art/trade-empire/wonders/wonder_immune_choir.webp	208884	2026-04-28T02:08:18+00:00
audio/elara/elara.comms-array.radio-console.talk.luminous.mp3	208187	2026-04-30T05:22:12+00:00
audio/human/detective.cryo.personal-effect.look.balanced.mp3	208187	2026-04-30T05:22:36+00:00
audio/human/human.dreams-workshop.dream-loom.use.warm.mp3	208187	2026-05-07T01:31:15+00:00
audio/human/human.medbay.dna-helix.use.warm.mp3	208187	2026-05-14T16:47:57+00:00
audio/human/human.station-dock.cargo-lift.talk.balanced.mp3	208187	2026-05-07T01:31:18+00:00
audio/elara/ask_elara_trust_act4.mp3	207769	2026-05-07T01:30:46+00:00
audio/elara/elara.engineering.schematic-pad.look.fragmented.mp3	207769	2026-05-01T07:35:58+00:00
audio/elara/elara.medbay.medicine-cabinet.talk.fragmented.mp3	207769	2026-05-14T16:47:52+00:00
audio/elara/pet_intro_02_fragmented.mp3	207769	2026-04-23T01:59:01+00:00
audio/human/detective.bridge.captains-chair.look.t4.warm.mp3	207769	2026-04-30T05:22:26+00:00
art/rooms/room-cryo-bay.webp	207612	2026-04-22T04:30:58+00:00
art/expansions/hierarchy-of-damned/act-exclusives/act4_oracle_half_mask.webp	207366	2026-04-28T02:08:18+00:00
art/slideshows/album5/T05/sih_t05_f06.webp	207228	2026-05-07T16:50:51+00:00
audio/elara/ask_elara_ally_practical_act6.mp3	206933	2026-05-07T01:30:45+00:00
audio/elara/cc_role_oracle.mp3	206933	2026-05-07T01:30:49+00:00
audio/elara/locked_bridge_clued_fragmented.mp3	206933	2026-04-23T01:58:58+00:00
audio/elara/resurrection_choice_compassionate_luminous.mp3	206933	2026-04-23T01:59:01+00:00
audio/episodes/mechronis_m10_the_final_exam/mechronis_m10_scene_1_the_exam/1.mp3	206933	2026-05-08T20:25:25+00:00
audio/episodes/mechronis_m3_the_trade_exercise/mechronis_m3_scene_1_the_question_price/1.mp3	206933	2026-05-08T20:25:27+00:00
audio/human/cc_act5_three_recruits_human.mp3	206933	2026-05-07T01:31:10+00:00
audio/human/detective.bridge.captains-chair.talk.balanced.mp3	206933	2026-04-30T05:22:26+00:00
art/trade-empire/sectors/sector_hidden_pureflame_cell.webp	206476	2026-04-28T02:08:17+00:00
audio/elara/cc_act7_pattern_chosen_elara.mp3	206097	2026-05-07T01:30:48+00:00
audio/elara/locked_bridge_clued_lucid.mp3	206097	2026-04-23T01:58:58+00:00
audio/human/cc_act6_practical_chosen_human.mp3	206097	2026-05-07T01:31:11+00:00
audio/human/detective.bridge.captains-chair.look.t3.shadow.mp3	206097	2026-04-30T05:22:26+00:00
art/eidolons/sibyl/sibyl-norm-frag.webp	206094	2026-04-22T04:29:35+00:00
audio/human/detective.medbay.medicine-cabinet.look.t2.warm.mp3	205262	2026-04-30T05:22:38+00:00
audio/elara/cc_rom_vex_s1.mp3	204844	2026-05-07T01:30:49+00:00
audio/elara/virus_whisper_01_luminous.mp3	204844	2026-04-23T01:59:04+00:00
audio/human/cc_act5_path_strength_human.mp3	204844	2026-05-07T01:31:10+00:00
audio/human/cc_aug_cyber_human.mp3	204844	2026-05-07T01:31:11+00:00
audio/human/cc_gov_apocalypse_silence_human.mp3	204844	2026-05-07T01:31:12+00:00
audio/human/detective.shadow-vault.sealed-cell-glass.look.balanced.mp3	204844	2026-05-01T07:36:02+00:00
audio/human/human.station-dock.cargo-lift.talk.shadow.mp3	204844	2026-05-07T01:31:17+00:00
art/slideshows/album5/T01/sih_t01_f06.webp	204570	2026-05-07T16:50:47+00:00
art/trade-empire/eras/era_cosmic_convergence.webp	204506	2026-04-28T02:08:17+00:00
art/expansions/hierarchy-of-damned/managers/s2_hierarchy_mgr_reorg_specter.webp	204492	2026-04-28T02:08:19+00:00
art/cinematics/06_act4_revelation/keyframes/beat4_human_closeup.webp	204122	2026-04-28T04:41:04+00:00
art/expansions/hierarchy-of-damned/special-editions/secret_act6_confession_mutual.webp	204054	2026-04-28T02:08:19+00:00
audio/elara/cc_rom_elara_s4.mp3	204008	2026-05-07T01:30:49+00:00
audio/elara/elara.cryo.data-slate.look.lucid.mp3	204008	2026-04-30T05:22:13+00:00
audio/human/human.antiquarian-library.locked-vault.talk.warm.mp3	204008	2026-05-07T01:31:14+00:00
art/slideshows/album5/T08/sih_t08_f19.webp	203952	2026-05-07T16:50:54+00:00
art/slideshows/album1/T03/T03_19.webp	203654	2026-04-29T00:30:55+00:00
characters/matrikala/viseme.avif	203436	2026-04-25T01:51:02+00:00
audio/elara/elara.engineering-core.reactor-coil.talk.mp3	203172	2026-05-07T01:30:56+00:00
audio/elara/elara.engineering.instruction-manual.talk.lucid.mp3	203172	2026-04-30T05:22:16+00:00
audio/elara/elara.forge-workshop.anvil.talk.mp3	203172	2026-05-07T01:30:56+00:00
audio/episodes/celebration_c9_the_match/celebration_c9_scene_3_the_win/3.mp3	203172	2026-05-08T20:25:25+00:00
audio/human/detective.medbay.medicine-cabinet.look.t2.balanced.mp3	203172	2026-04-30T05:22:38+00:00
audio/human/human.oracle-sanctum.oracle-pool.use.warm.mp3	203172	2026-05-07T01:31:17+00:00
art/rooms/room-engineering.webp	202798	2026-04-22T04:30:58+00:00
characters/the_source/blink.avif	202585	2026-04-23T16:21:32+00:00
art/slideshows/album1/T12/T12_10.webp	202378	2026-04-29T00:30:57+00:00
art/slideshows/album5/T09/sih_t09_f06.webp	202342	2026-05-07T16:50:54+00:00
audio/act3/te-pirate-dispatched.mp3	202336	2026-04-30T05:21:55+00:00
audio/antiquarian/act1_young_human_seeker__engineerMemoirCloseLoss.mp3	202336	2026-04-22T04:34:29+00:00
audio/elara/cc_beat_g_bridge_first.mp3	202336	2026-05-07T01:30:48+00:00
audio/human/cc_act5_first_recruit_betrays_human.mp3	202336	2026-05-07T01:31:10+00:00
audio/human/detective.medbay.dna-helix.look.t2.balanced.mp3	202336	2026-04-30T05:22:37+00:00
audio/human/human.antiquarian-library.insurgency-witness-roster.use.warm.mp3	202336	2026-05-07T01:31:14+00:00
audio/human/human.war-room.casualty-board.talk.warm.mp3	202336	2026-05-07T01:31:18+00:00
audio/human/human_dna_device_shadow.mp3	202336	2026-04-22T04:34:35+00:00
audio/human/human_pod_read_warm.mp3	202336	2026-04-22T04:34:35+00:00
vo/act3/kael-logs-unlocked-01.mp3	202336	2026-04-30T05:22:39+00:00
art/slideshows/album1/T01/T01_06_frame2_1.webp	201794	2026-04-29T00:30:55+00:00
audio/elara/cc_journal_first.mp3	201500	2026-05-07T01:30:49+00:00
audio/episodes/celebration_c1_the_watch/celebration_c1_scene_4_aftermath/3.mp3	201500	2026-05-08T20:25:22+00:00
audio/human/cc_first_dark_craft_human.mp3	201500	2026-05-07T01:31:11+00:00
art/slideshows/album1/T18/T18_04.webp	201126	2026-04-29T00:30:59+00:00
audio/act4/extraction-the_cell.mp3	201082	2026-04-30T05:21:56+00:00
audio/elara/cryo_clue_data_slate_luminous.mp3	201082	2026-04-23T01:58:56+00:00
audio/human/ask_human_compassion_act6.mp3	201082	2026-05-07T01:31:09+00:00
audio/human/human.oracle-sanctum.oracle-pool.talk.balanced.mp3	201082	2026-05-07T01:31:17+00:00
art/logos/dischordian-saga.webp	200870	2026-04-22T04:30:25+00:00
art/expansions/hierarchy-of-damned/special-editions/secret_act7_chord_is_listener.webp	200554	2026-04-28T02:08:19+00:00
audio/elara/elara.engineering.schematic-pad.talk.fragmented.mp3	200246	2026-05-07T01:30:56+00:00
audio/episodes/mechronis_m1_choric_compliance/mechronis_m1_scene_3_hidden_agenda/1.mp3	200246	2026-05-08T20:25:26+00:00
audio/human/detective.medbay.emergency-safe.look.t3.warm.mp3	200246	2026-04-30T05:22:37+00:00
audio/human/human.station-dock.codas-trading-floor.talk.warm.mp3	200246	2026-05-07T01:31:18+00:00
audio/human/human.war-room.casualty-board.use.warm.mp3	200246	2026-05-07T01:31:18+00:00
art/vfx/prelude/cryo-frost-retreat.webm	200056	2026-04-22T04:34:24+00:00
art/vfx/prelude/starlight-shaft-dust_frame.webp	200038	2026-04-25T18:24:41+00:00
audio/elara/elara.archives.data-banks.use.fragmented.mp3	199410	2026-04-30T05:22:00+00:00
audio/elara/elara.cryo.frosted-glass.look.fragmented.mp3	199410	2026-04-30T05:22:14+00:00
audio/elara/elara.shadow-vault.sealed-cell-glass.use.fragmented.mp3	199410	2026-05-07T01:30:59+00:00
audio/elara/locked_medbay_postprelude_fragmented.mp3	199410	2026-04-23T01:58:59+00:00
audio/elara/pet_bond_race_fragmented.mp3	199410	2026-04-23T01:59:00+00:00
audio/human/cc_act4_broken_trust_human.mp3	199410	2026-05-07T01:31:10+00:00
audio/human/detective.bridge.diplomacy-table.look.t1.shadow.mp3	199410	2026-04-30T05:22:27+00:00
art/opponents/opponent-kael-portrait.webp	199314	2026-04-22T04:30:37+00:00
art/opponents/opponent-the-human-young-portrait.webp	199264	2026-04-22T04:30:38+00:00
characters/conexus_authority/bust.avif	198583	2026-04-23T16:21:30+00:00
audio/act5/cades-m5-brief.mp3	198574	2026-04-30T05:21:57+00:00
audio/elara/locked_bridge_noclue_luminous.mp3	198574	2026-04-23T01:58:59+00:00
audio/human/ask_human_mechronis.mp3	198574	2026-05-07T01:31:09+00:00
audio/human/ask_human_stance_act7.mp3	198574	2026-05-07T01:31:09+00:00
audio/human/human_panel_cut_balanced.mp3	198574	2026-04-22T04:34:35+00:00
vo/act6/human-confession-04.mp3	198574	2026-04-30T05:22:40+00:00
audio/elara/cc_act6_compassion_chosen_elara.mp3	198156	2026-05-07T01:30:47+00:00
audio/elara/elara.bridge.diplomacy-table.use.fragmented.mp3	198156	2026-05-14T16:47:51+00:00
audio/episodes/celebration_c2_first_day/celebration_c2_scene_2_first_lesson/2.mp3	198156	2026-05-08T20:25:21+00:00
audio/human/ask_human_vox_substrate.mp3	198156	2026-05-07T01:31:09+00:00
audio/human/detective.bridge.captains-coffee.use.balanced.mp3	198156	2026-04-30T05:22:27+00:00
audio/human/human.antiquarian-library.antiquarian-bust.use.warm.mp3	198156	2026-05-07T01:31:13+00:00
vo/act3/pitch-empire-human.mp3	198156	2026-04-30T05:22:40+00:00
art/eidolons/sibyl/sibyl-dream-frag.webp	197796	2026-04-22T04:29:31+00:00
art/vfx/act_spells/kf_convergence_chord.webp	197522	2026-04-28T04:41:05+00:00
audio/elara/elara.medbay.medical-log.use.luminous.mp3	197320	2026-05-14T16:47:52+00:00
audio/episodes/mechronis_m12_the_diploma_that_isnt/mechronis_m12_scene_1_the_hall/2.mp3	197320	2026-05-08T20:25:25+00:00
audio/human/ask_human_role_act2.mp3	197320	2026-05-07T01:31:09+00:00
audio/human/cc_act3_locke_first_human.mp3	197320	2026-05-07T01:31:10+00:00
audio/human/detective.cryo.dead-pod.use.warm.mp3	197320	2026-04-30T05:22:35+00:00
art/slideshows/album1/T22/T22_15.webp	197118	2026-04-29T00:30:59+00:00
art/trade-empire/eras/era_galactic_power.webp	196590	2026-04-28T02:08:17+00:00
audio/act4/prisoner-the_extraction.mp3	196484	2026-04-30T05:21:56+00:00
audio/elara/cc_gov_violence_elara.mp3	196484	2026-05-07T01:30:48+00:00
audio/elara/cryo_threshold_medbay_fragmented.mp3	196484	2026-04-23T01:58:57+00:00
audio/elara/elara.medbay.medical-log.look.t1.fragmented.mp3	196484	2026-04-30T05:22:18+00:00
audio/human/ask_human_warlord.mp3	196484	2026-05-07T01:31:09+00:00
audio/human/cc_act1_alignment_dark_human.mp3	196484	2026-05-07T01:31:10+00:00
audio/human/detective.medbay.dna-helix.look.t1.balanced.mp3	196484	2026-04-30T05:22:37+00:00
audio/human/human.engineering-core.reactor-coil.look.balanced.mp3	196484	2026-05-07T01:31:15+00:00
audio/human/human.engineering.schematic-pad.use.warm.mp3	196484	2026-05-07T01:31:16+00:00
audio/human/human.war-room.casualty-board.look.shadow.mp3	196484	2026-05-07T01:31:18+00:00
audio/human/human_beat_c5_first_breath.mp3	196484	2026-04-22T04:34:35+00:00
vo/act3/eyes-commit-hierarchy.mp3	196484	2026-04-30T05:22:40+00:00
art/slideshows/album1/T26/T26_07.webp	196368	2026-04-29T00:31:00+00:00
audio/act2/climb-tier-2-won-elara.mp3	195648	2026-04-30T05:21:52+00:00
audio/antiquarian/act1_minnie_meme__engineerMemoirIntro.mp3	195648	2026-04-22T04:34:28+00:00
audio/elara/cc_act3_path_full_secret_elara.mp3	195648	2026-05-07T01:30:46+00:00
audio/episodes/celebration_c7_the_patrons_summons/celebration_c7_scene_1_courtyard/3.mp3	195648	2026-05-08T20:25:23+00:00
audio/human/cc_act7_command_chosen_human.mp3	195648	2026-05-07T01:31:11+00:00
audio/human/human.antiquarian-library.velkraals-correspondence-folio.look.warm.mp3	195648	2026-05-07T01:31:14+00:00
audio/human/human.war-room.signal-flag-rack.talk.balanced.mp3	195648	2026-05-07T01:31:18+00:00
audio/human/locked_armory_warm.mp3	195648	2026-04-22T04:34:36+00:00
vo/act6/human-confession-05.mp3	195648	2026-04-30T05:22:40+00:00
art/cards/allegiance/_grids/thought_virus_allegiance_grid.webp	195228	2026-04-28T02:44:41+00:00
art/cards/neutral/eternal_pilgrim.webp	195020	2026-05-20T01:32:52+00:00
audio/elara/cc_gov_tell_vex_elara.mp3	194813	2026-05-07T01:30:48+00:00
audio/human/ask_human_engineering_act5.mp3	194813	2026-05-07T01:31:09+00:00
audio/human/detective.bridge.captains-chair.look.t4.balanced.mp3	194813	2026-04-30T05:22:26+00:00
art/broadcasts/generic.webp	194430	2026-04-22T04:28:21+00:00
audio/antiquarian/act1_vernon_vortex__engineerMemoirIntro.mp3	194395	2026-04-22T04:34:28+00:00
audio/antiquarian/act1_young_agent_zero__engineerMemoirIntro.mp3	194395	2026-04-22T04:34:29+00:00
audio/elara/elara.guild-sanctum.allegiance-pad.talk.mp3	194395	2026-05-07T01:30:56+00:00
audio/elara/virus_whisper_03_lucid.mp3	194395	2026-04-23T01:59:05+00:00
audio/human/cc_act6_oracle_sense_human.mp3	194395	2026-05-07T01:31:11+00:00
audio/human/detective.cryo.cracked-panel.look.t3.shadow.mp3	194395	2026-04-30T05:22:34+00:00
vo/act3/pitch-empire-elara.mp3	194395	2026-04-30T05:22:40+00:00
art/trade-empire/encounters/encounter_counted_crew.webp	193876	2026-04-28T02:08:17+00:00
art/trade-empire/sectors/sector_terminus_approach.webp	193730	2026-04-28T02:08:18+00:00
audio/act4/prisoner-the_cell.mp3	193559	2026-04-30T05:21:56+00:00
audio/elara/human_reveal_approach_luminous.mp3	193559	2026-04-23T01:58:58+00:00
audio/human/detective.bridge.captains-coffee.look.t3.balanced.mp3	193559	2026-04-30T05:22:27+00:00
audio/human/detective.cryo.frosted-glass.look.balanced.mp3	193559	2026-04-30T05:22:35+00:00
audio/human/detective.cryo.personal-effect.look.warm.mp3	193559	2026-04-30T05:22:36+00:00
audio/human/human.cipher-den.vex-seer-pair-binder.use.warm.mp3	193559	2026-05-07T01:31:15+00:00
audio/human/human.dreams-workshop.dream-loom.look.warm.mp3	193559	2026-05-07T01:31:15+00:00
audio/human/human.forge-workshop.schema-rack.talk.warm.mp3	193559	2026-05-07T01:31:16+00:00
characters/the_antiquarian/blink.avif	193291	2026-04-23T16:21:32+00:00
audio/human/cc_gov_ghost_endorsed_human.mp3	192723	2026-05-07T01:31:12+00:00
vo/act6/human-confession-01.mp3	192723	2026-04-30T05:22:40+00:00
art/slideshows/album5/T02/sih_t02_f21.webp	192298	2026-05-07T16:50:49+00:00
audio/elara/cc_act5_first_recruit_dies_elara.mp3	191887	2026-05-14T16:47:49+00:00
audio/episodes/mechronis_m1_choric_compliance/mechronis_m1_scene_2_the_drill/0.mp3	191887	2026-05-08T20:25:26+00:00
audio/human/detective.armory.motivational-poster.look.t2.shadow.mp3	191887	2026-04-30T05:22:24+00:00
audio/human/detective.cryo.dead-pod.use.balanced.mp3	191887	2026-04-30T05:22:35+00:00
audio/human/human.engineering-core.coolant-pipe.look.balanced.mp3	191887	2026-05-07T01:31:16+00:00
audio/human/human.war-room.casualty-board.look.warm.mp3	191887	2026-05-07T01:31:18+00:00
art/vfx/hierarchy_mechanics/kf_perf_review.webp	191678	2026-04-28T04:41:05+00:00
art/cinematics/05_act3_offer/keyframes/beat2_three_doors.webp	191522	2026-04-28T04:41:04+00:00
audio/act7/act7_balance/ep.balance.human_pathB.mp3	191469	2026-05-08T20:25:14+00:00
audio/elara/cc_act3_thought_virus_first_elara.mp3	191469	2026-05-07T01:30:47+00:00
audio/elara/cc_act7_army_assembled_elara.mp3	191469	2026-05-07T01:30:47+00:00
audio/elara/stability_slip_luminous.mp3	191469	2026-04-23T01:59:03+00:00
audio/episodes/celebration_c6_the_dueling_court/celebration_c6_scene_2_the_duel/4.mp3	191469	2026-05-08T20:25:23+00:00
audio/human/cc_act3_locke_eye_revealed_human.mp3	191469	2026-05-07T01:31:10+00:00
audio/human/detective.archives.unnameable-hue-cabinet.look.shadow.mp3	191469	2026-05-01T07:36:01+00:00
audio/human/human.engineering.crafting-bench.look.warm.mp3	191469	2026-05-07T01:31:16+00:00
audio/human/human.forge-workshop.schema-rack.talk.balanced.mp3	191469	2026-05-07T01:31:16+00:00
art/slideshows/album5/bg/sih_bg_altar.webp	191298	2026-05-07T16:51:17+00:00
audio/acts/act-4/act-4-extraction-2.mp3	191215	2026-04-24T03:22:21+00:00
art/cutscenes/prelude/beat-a5-corridor_start.webp	191068	2026-04-25T18:23:09+00:00
art/slideshows/album5/bg/sih_bg_resurrection.webp	190968	2026-05-07T16:51:17+00:00
audio/elara/cc_act4_pathA_bridge_elara.mp3	190633	2026-05-07T01:30:47+00:00
audio/elara/cc_game_master_first_loss_elara.mp3	190633	2026-05-07T01:30:48+00:00
audio/elara/elara.engineering.crafting-bench.look.mp3	190633	2026-05-07T01:30:56+00:00
audio/elara/locked_comms_lucid.mp3	190633	2026-04-23T01:58:59+00:00
audio/human/cc_act2_spy_misdirect_human.mp3	190633	2026-05-07T01:31:10+00:00
audio/human/detective.engineering.instruction-manual.look.t2.shadow.mp3	190633	2026-04-30T05:22:36+00:00
audio/human/human.antiquarian-library.antiquarian-bust.look.warm.mp3	190633	2026-05-14T16:47:56+00:00
audio/human/human.captains-quarters.vex-workshop-diary.use.warm.mp3	190633	2026-05-07T01:31:14+00:00
art/eidolons/toxis/toxis-norm-frag.webp	190392	2026-04-22T04:29:41+00:00
art/vfx/card_flips/kf_common_start.webp	190050	2026-04-28T04:41:05+00:00
art/slideshows/album1/T25/T25_09.webp	190008	2026-04-29T00:31:00+00:00
art/vfx/prelude/holo-pedestal-bloom_end.webp	189868	2026-04-25T18:24:22+00:00
audio/elara/cc_act6_human_confession_elara.mp3	189797	2026-05-07T01:30:47+00:00
audio/elara/cc_role_assassin.mp3	189797	2026-05-07T01:30:49+00:00
audio/elara/cc_rom_vex_s5.mp3	189797	2026-05-07T01:30:49+00:00
audio/elara/elara.archives.rewritten-ledger.talk.fragmented.mp3	189797	2026-05-01T07:35:55+00:00
audio/elara/elara.comms-array.voice-in-the-static.look.fragmented.mp3	189797	2026-05-01T07:35:57+00:00
audio/elara/medbay_dna_donate_lucid.mp3	189797	2026-04-23T01:58:59+00:00
vo/act3/eyes-commit-insurgency.mp3	189797	2026-04-30T05:22:39+00:00
art/slideshows/album5/T24/sih_t24_f04.webp	189426	2026-05-07T16:51:06+00:00
art/cards/allegiance/_grids/insurgency_allegiance_grid.webp	189174	2026-04-28T02:44:41+00:00
art/slideshows/album5/T29/sih_t29_f08.webp	189092	2026-05-07T16:51:12+00:00
audio/antiquarian/act1_kanshi_sha_watcher__engineerMemoirCloseWin.mp3	188961	2026-04-22T04:34:28+00:00
audio/antiquarian/act1_minnie_meme__opponentMidMatchEarly.mp3	188961	2026-04-22T04:34:28+00:00
audio/elara/cryo_clue_redacted_chart_luminous.mp3	188961	2026-04-23T01:58:56+00:00
audio/elara/elara.archives.rewritten-ledger.use.mp3	188961	2026-05-01T07:35:55+00:00
audio/human/cc_chess_climb_tier_3_won_human.mp3	188961	2026-05-07T01:31:11+00:00
audio/human/detective.medbay.neural-bridge.look.t1.shadow.mp3	188961	2026-04-30T05:22:38+00:00
audio/human/human.quantum-lab.observation-cage.talk.warm.mp3	188961	2026-05-07T01:31:17+00:00
art/slideshows/album5/bg/sih_bg_seals.webp	188296	2026-05-07T16:51:18+00:00
audio/act3/te-pirate-parked.mp3	188125	2026-04-30T05:21:55+00:00
audio/elara/cc_chess_climb_tier_2_won_elara.mp3	188125	2026-05-07T01:30:48+00:00
audio/elara/cc_hierarchy_pale_first_elara.mp3	188125	2026-05-07T01:30:48+00:00
audio/elara/unlock_clue_journal_fragmented.mp3	188125	2026-04-23T01:59:03+00:00
audio/human/ask_human_kael_lens_act3.mp3	188125	2026-05-07T01:31:09+00:00
audio/human/cc_gov_ark_defense_human.mp3	188125	2026-05-07T01:31:12+00:00
audio/human/human.order-tribunal.judges-bench.look.balanced.mp3	188125	2026-05-07T01:31:17+00:00
characters/shadow_tongue/viseme.avif	187882	2026-04-25T04:05:58+00:00
audio/elara/elara.bridge.tactical-display.use.lucid.mp3	187707	2026-04-30T05:22:07+00:00
audio/elara/elara.engineering.instruction-manual.look.t3.fragmented.mp3	187707	2026-04-30T05:22:16+00:00
audio/human/cc_act7_humanity_chosen_human.mp3	187707	2026-05-07T01:31:11+00:00
audio/human/detective.comms-array.radio-console.look.t2.shadow.mp3	187707	2026-04-30T05:22:33+00:00
audio/human/human.cipher-den.encrypted-correspondence.use.warm.mp3	187707	2026-05-07T01:31:14+00:00
art/slideshows/album1/T10/T10_02.webp	187276	2026-04-29T00:30:57+00:00
audio/elara/cryo_clue_cracked_panel_fragmented.mp3	186871	2026-04-23T01:58:55+00:00
audio/elara/elara.antiquarian-library.card-catalog.talk.fragmented.mp3	186871	2026-05-07T01:30:51+00:00
audio/elara/stability_slip_fragmented.mp3	186871	2026-04-23T01:59:03+00:00
audio/human/ask_human_secrecy_act6.mp3	186871	2026-05-07T01:31:09+00:00
audio/human/cc_hard_choice.mp3	186871	2026-05-07T01:31:12+00:00
audio/human/cc_voltari_awake.mp3	186871	2026-05-07T01:31:12+00:00
audio/human/detective.medbay.bio-bed.use.t1.balanced.mp3	186871	2026-04-30T05:22:36+00:00
art/cinematics/06_act4_revelation/keyframes/beat1_meditation_room.webp	186532	2026-04-28T04:41:04+00:00
art/slideshows/album1/T18/T18_10.webp	186520	2026-04-29T00:30:59+00:00
art/slideshows/album5/T11/sih_t11_f06.webp	186356	2026-05-07T16:50:56+00:00
audio/act3/te-doom-whisper-ledger.mp3	186035	2026-04-30T05:21:54+00:00
audio/antiquarian/act1_young_agent_zero__opponentMidMatchLate.mp3	186035	2026-04-22T04:34:29+00:00
audio/elara/elara.archives.tome.talk.lucid.mp3	186035	2026-05-07T01:30:51+00:00
audio/elara/elara.medbay.dna-helix.look.t2.fragmented.mp3	186035	2026-04-30T05:22:17+00:00
audio/elara/elara.medbay.neural-bridge.talk.lucid.mp3	186035	2026-04-30T05:22:20+00:00
audio/human/cc_act6_human_confession_pathB.mp3	186035	2026-05-07T01:31:11+00:00
audio/human/detective.medbay.bio-bed.look.t2.balanced.mp3	186035	2026-04-30T05:22:36+00:00
audio/human/human.cipher-den.dictionary-of-edits.talk.shadow.mp3	186035	2026-05-07T01:31:14+00:00
audio/human/human_first_reply_hard_balanced.mp3	186035	2026-04-22T04:34:35+00:00
audio/act7/act7_soldier_command/ep.bridge.human_pathA.mp3	185199	2026-05-08T20:25:14+00:00
audio/human/cc_act6_ally_chosen_human.mp3	185199	2026-05-07T01:31:10+00:00
audio/human/cc_aug_mutation_human.mp3	185199	2026-05-07T01:31:11+00:00
audio/human/human.order-tribunal.judges-bench.talk.warm.mp3	185199	2026-05-07T01:31:17+00:00
audio/human/human.war-room.signal-flag-rack.talk.shadow.mp3	185199	2026-05-07T01:31:18+00:00
art/vfx/act_spells/kf_confession_flame.webp	184990	2026-04-28T04:41:05+00:00
art/vfx/hierarchy_mechanics/kf_quarterly_earnings.webp	184906	2026-04-28T04:41:05+00:00
audio/antiquarian/act1_wanda_wyrlord__engineerMemoirCloseLoss.mp3	184782	2026-04-22T04:34:28+00:00
audio/antiquarian/act1_wayne_warden__engineerMemoirIntro.mp3	184782	2026-04-22T04:34:29+00:00
audio/elara/cc_act2_first_substrate_ping_elara.mp3	184782	2026-05-07T01:30:46+00:00
audio/elara/cc_act4_pathC_betrayal_elara.mp3	184782	2026-05-07T01:30:47+00:00
audio/elara/cc_act7_bridge_chosen_elara.mp3	184782	2026-05-07T01:30:47+00:00
audio/elara/cc_bench_ambient_elara.mp3	184782	2026-05-07T01:30:48+00:00
audio/elara/cc_first_light_craft_elara.mp3	184782	2026-05-07T01:30:48+00:00
audio/human/cc_track37_human.mp3	184782	2026-05-07T01:31:12+00:00
audio/human/detective.cargo-hold.rubber-chicken.look.t3.balanced.mp3	184782	2026-04-30T05:22:32+00:00
audio/human/detective.medbay.neural-bridge.talk.balanced.mp3	184782	2026-04-30T05:22:38+00:00
vo/act7/convergence-landing-elara.mp3	184782	2026-04-30T05:22:41+00:00
audio/act5/cades-m6-brief.mp3	183946	2026-04-30T05:21:57+00:00
audio/elara/cc_act6_confession_close_elara.mp3	183946	2026-05-07T01:30:47+00:00
audio/elara/cc_rom_elara_s3.mp3	183946	2026-05-07T01:30:49+00:00
audio/episodes/mechronis_m12_the_diploma_that_isnt/mechronis_m12_scene_2_the_refusal_or_the_accept/1.mp3	183946	2026-05-08T20:25:26+00:00
audio/human/detective.cryo.data-slate.look.balanced.mp3	183946	2026-04-30T05:22:34+00:00
audio/human/human.antiquarian-library.velkraals-correspondence-folio.use.warm.mp3	183946	2026-05-07T01:31:14+00:00
art/vfx/prelude/breath-pulse-strip.webm	183589	2026-04-22T04:34:24+00:00
audio/act5/cades-m6-debrief.mp3	183110	2026-04-30T05:21:57+00:00
audio/elara/cc_act6_oracle_sense_elara.mp3	183110	2026-05-07T01:30:47+00:00
audio/elara/cc_act7_convergence_landing_elara.mp3	183110	2026-05-07T01:30:48+00:00
audio/elara/cc_gov_ark_culture_elara.mp3	183110	2026-05-07T01:30:48+00:00
audio/elara/cc_gov_bench_power_elara.mp3	183110	2026-05-07T01:30:48+00:00
audio/elara/cryo_inv_locket_fragmented.mp3	183110	2026-04-23T01:58:56+00:00
audio/elara/elara.quantum-lab.entanglement-rig.talk.mp3	183110	2026-05-07T01:30:59+00:00
audio/human/ask_human_trust_act4.mp3	183110	2026-05-07T01:31:10+00:00
audio/human/cc_act5_sector_complete_human.mp3	183110	2026-05-07T01:31:10+00:00
audio/human/human.antiquarian-library.card-catalog.use.warm.mp3	183110	2026-05-07T01:31:13+00:00
audio/human/human.captains-quarters.vex-workshop-diary.look.warm.mp3	183110	2026-05-07T01:31:14+00:00
audio/human/human.station-dock.ship-manifest.look.warm.mp3	183110	2026-05-07T01:31:18+00:00
art/slideshows/album5/T09/sih_t09_f05.webp	182974	2026-05-07T16:50:54+00:00
characters/eidola/viseme.avif	182455	2026-04-25T04:05:57+00:00
audio/act2/climb-tier-3-won-human.mp3	182274	2026-04-30T05:21:52+00:00
audio/act3/te-encounter-outcome-listener-ignore.mp3	182274	2026-04-30T05:21:55+00:00
audio/act7/act7_balance/ep.balance.human_pathA.mp3	182274	2026-05-08T20:25:14+00:00
audio/elara/cryo_orient_04_fragmented.mp3	182274	2026-04-23T01:58:57+00:00
audio/elara/elara_beat_c_six_incubators.mp3	182274	2026-04-23T01:58:57+00:00
audio/elara/locked_medbay_prelude_lucid.mp3	182274	2026-04-23T01:58:59+00:00
audio/human/ask_human_alignment_act1.mp3	182274	2026-05-07T01:31:09+00:00
art/trade-empire/sectors/sector_syndicate_route_prime.webp	182222	2026-04-28T02:08:18+00:00
art/trade-empire/sectors/sector_black_hole_gate.webp	182176	2026-04-28T02:08:17+00:00
art/slideshows/album5/T07/sih_t07_f05.webp	181676	2026-05-07T16:50:52+00:00
audio/elara/cryo_clue_victim_identified_lucid.mp3	181438	2026-04-23T01:58:56+00:00
audio/elara/elara.armory.motivational-poster.look.t2.fragmented.mp3	181438	2026-04-30T05:22:01+00:00
audio/elara/unlock_crew_cloning_lucid.mp3	181438	2026-04-23T01:59:03+00:00
audio/human/cc_zephyr_tier_8_human.mp3	181438	2026-05-07T01:31:12+00:00
audio/human/detective.engineering.schematic-pad.look.shadow.mp3	181438	2026-05-01T07:36:02+00:00
audio/human/human.dreams-workshop.fragment-rack.use.warm.mp3	181438	2026-05-07T01:31:15+00:00
art/vfx/cosmetic_ceremonies/kf_founder_badge.webp	181276	2026-04-28T04:41:05+00:00
audio/elara/elara.bridge.timeline-projector.look.t2.fragmented.mp3	181020	2026-04-30T05:22:08+00:00
audio/human/human.cipher-den.vex-seer-pair-binder.look.warm.mp3	181020	2026-05-07T01:31:15+00:00
art/cinematics/08_act6_confession/keyframes/beat5_flame_to_card.webp	180502	2026-04-28T04:41:05+00:00
audio/elara/cc_gov_kael_chose_elara.mp3	180184	2026-05-07T01:30:48+00:00
audio/elara/unlock_crew_cloning_luminous.mp3	180184	2026-04-23T01:59:04+00:00
audio/episodes/celebration_c1_the_watch/celebration_c1_scene_2_malkia_arrives/1.mp3	180184	2026-05-08T20:25:22+00:00
audio/human/detective.bridge.timeline-projector.look.t1.shadow.mp3	180184	2026-04-30T05:22:30+00:00
audio/human/human.antiquarian-library.insurgency-witness-roster.look.warm.mp3	180184	2026-05-07T01:31:13+00:00
audio/human/human.engineering-core.reactor-coil.look.warm.mp3	180184	2026-05-07T01:31:15+00:00
audio/human/human.engineering.egg-eng-formula.look.warm.mp3	180184	2026-05-07T01:31:16+00:00
vo/act7/final-stance-humanity.mp3	180184	2026-04-30T05:22:41+00:00
audio/elara/cryo_clue_data_slate_lucid.mp3	179348	2026-04-23T01:58:56+00:00
audio/elara/elara.cryo.cracked-panel.look.t2.lucid.mp3	179348	2026-04-30T05:22:13+00:00
audio/elara/elara.shadow-vault.release-or-seal-lever.use.fragmented.mp3	179348	2026-05-01T07:35:59+00:00
audio/elara/stability_reality_doubt_luminous.mp3	179348	2026-04-23T01:59:02+00:00
audio/human/ask_human_ally_practical_act6.mp3	179348	2026-05-07T01:31:09+00:00
audio/human/detective.cryo.cracked-panel.look.t2.warm.mp3	179348	2026-04-30T05:22:35+00:00
audio/human/human.dreams-workshop.dream-loom.use.shadow.mp3	179348	2026-05-07T01:31:15+00:00
audio/human/human.order-tribunal.evidence-locker.look.shadow.mp3	179348	2026-05-07T01:31:17+00:00
art/keyframes/awakening/alignment_question_start.webp	178874	2026-04-27T03:10:28+00:00
characters/kael_recruiter/blink.avif	178612	2026-04-23T16:21:31+00:00
audio/elara/elara.antiquarian-library.velkraals-correspondence-folio.use.fragmented.mp3	178512	2026-05-07T01:30:51+00:00
audio/elara/elara.medbay.medicine-cabinet.look.t2.fragmented.mp3	178512	2026-04-30T05:22:19+00:00
audio/human/human.captains-quarters.degens-corner.look.warm.mp3	178512	2026-05-07T01:31:14+00:00
audio/human/human.cipher-den.dictionary-of-edits.use.warm.mp3	178512	2026-05-07T01:31:14+00:00
audio/human/human.order-tribunal.mol-vereth-audit-ledger.look.warm.mp3	178512	2026-05-07T01:31:17+00:00
art/trade-empire/fleet/fleet_flagship.webp	178354	2026-04-28T02:08:17+00:00
audio/antiquarian/act1_young_kael__engineerMemoirCloseWin.mp3	178094	2026-04-22T04:34:29+00:00
audio/elara/elara.archives.rewritten-ledger.talk.lucid.mp3	178094	2026-05-01T07:35:55+00:00
audio/human/detective.cryo.dead-pod.look.t1.shadow.mp3	178094	2026-04-30T05:22:34+00:00
audio/human/human.antiquarian-library.antiquarian-bust.talk.shadow.mp3	178094	2026-05-07T01:31:13+00:00
art/slideshows/album5/T36/sih_t36_f14.webp	177748	2026-05-07T16:51:17+00:00
art/vfx/prelude/role-wireframe-bloom_end.webp	177290	2026-04-25T18:24:36+00:00
audio/antiquarian/act1_young_iron_lion__engineerMemoirCloseLoss.mp3	177258	2026-04-22T04:34:29+00:00
audio/elara/cc_act5_first_recruit_elara.mp3	177258	2026-05-07T01:30:47+00:00
audio/elara/cc_rom_elara_s5.mp3	177258	2026-05-07T01:30:49+00:00
art/cinematics/05_act3_offer/keyframes/beat4_soul_map.webp	176872	2026-04-28T04:41:04+00:00
art/trade-empire/doctrines/doctrine_archon_formation.webp	176700	2026-04-28T02:08:17+00:00
audio/act3/eyes-whisper-tidewater_archive.mp3	176422	2026-04-30T05:21:53+00:00
audio/elara/cc_act7_humanity_chosen_elara.mp3	176422	2026-05-07T01:30:48+00:00
audio/elara/cc_role_engineer.mp3	176422	2026-05-07T01:30:49+00:00
audio/elara/elara.engineering.egg-eng-formula.use.mp3	176422	2026-05-07T01:30:56+00:00
audio/elara/elara.medbay.emergency-safe.use.lucid.mp3	176422	2026-04-30T05:22:18+00:00
audio/elara/medbay_dna_donate_luminous.mp3	176422	2026-04-23T01:58:59+00:00
audio/elara/pet_intro_03_luminous.mp3	176422	2026-04-23T01:59:01+00:00
audio/elara/unlock_clue_journal_luminous.mp3	176422	2026-04-23T01:59:04+00:00
characters/necromancer/blink.avif	175941	2026-04-23T16:21:31+00:00
audio/act3/te-encounter-outcome-weeping-stand_by.mp3	175586	2026-04-30T05:21:55+00:00
audio/act5/bridge-of-kael-3.mp3	175586	2026-04-30T05:21:56+00:00
audio/antiquarian/act1_kanshi_sha_watcher__engineerMemoirCloseLoss.mp3	175586	2026-04-22T04:34:28+00:00
audio/elara/elara.oracle-sanctum.seers-recording-cabinet.look.fragmented.mp3	175586	2026-05-07T01:31:00+00:00
audio/human/cc_act2_oracle_deflect_human.mp3	175586	2026-05-07T01:31:10+00:00
audio/human/cc_act3_kael_logs_unlocked_human.mp3	175586	2026-05-07T01:31:10+00:00
audio/human/human.antiquarian-library.antiquarian-bust.look.shadow.mp3	175586	2026-05-07T01:31:13+00:00
vo/act6/elara-confession-01.mp3	175586	2026-04-30T05:22:40+00:00
art/cards/allegiance/_grids/dreamer_allegiance_grid.webp	174768	2026-04-28T02:44:41+00:00
audio/antiquarian/act1_young_agent_zero__engineerMemoirCloseWin.mp3	174751	2026-04-22T04:34:29+00:00
audio/elara/cc_act4_fragile_trust_elara.mp3	174751	2026-05-07T01:30:47+00:00
audio/elara/cc_act5_map_first_open_elara.mp3	174751	2026-05-07T01:30:47+00:00
audio/elara/elara.bridge.timeline-projector.talk.fragmented.mp3	174751	2026-05-14T16:47:51+00:00
audio/elara/elara.bridge.timeline-projector.use.lucid.mp3	174751	2026-04-30T05:22:08+00:00
audio/elara/elara.cargo-hold.rubber-chicken.use.lucid.mp3	174751	2026-04-30T05:22:10+00:00
audio/human/detective.cipher-den.rosetta-pad.look.warm.mp3	174751	2026-05-01T07:36:02+00:00
audio/human/detective.cryo.cracked-panel.use.warm.mp3	174751	2026-04-30T05:22:35+00:00
audio/elara/elara.bridge.tactical-display.look.t3.fragmented.mp3	174333	2026-04-30T05:22:07+00:00
audio/human/cc_both_trust_80.mp3	174333	2026-05-07T01:31:11+00:00
audio/human/human.antiquarian-library.codas-purpose-shelf.use.warm.mp3	174333	2026-05-07T01:31:13+00:00
audio/human/human.station-dock.codas-trading-floor.use.shadow.mp3	174333	2026-05-07T01:31:18+00:00
audio/act3/te-cycle-stalemate.mp3	173497	2026-04-30T05:21:54+00:00
audio/antiquarian/act1_warlord_nano_swarm__engineerMemoirCloseLoss.mp3	173497	2026-04-22T04:34:29+00:00
audio/elara/elara.bridge.captains-chair.look.t3.fragmented.mp3	173497	2026-04-30T05:22:03+00:00
audio/elara/elara.engineering.instruction-manual.talk.fragmented.mp3	173497	2026-04-30T05:22:16+00:00
audio/elara/pet_bond_strain_luminous.mp3	173497	2026-04-23T01:59:00+00:00
audio/elara/stability_care_check_luminous.mp3	173497	2026-04-23T01:59:02+00:00
audio/episodes/celebration_c7_the_patrons_summons/celebration_c7_scene_1_courtyard/7.mp3	173497	2026-05-08T20:25:23+00:00
audio/human/detective.captains-quarters.cat-photo.look.t3.shadow.mp3	173497	2026-04-30T05:22:32+00:00
audio/human/human.observation-deck.bond-resonance-altar.talk.balanced.mp3	173497	2026-05-07T01:31:16+00:00
audio/human/human.war-room.holo-table.talk.shadow.mp3	173497	2026-05-07T01:31:18+00:00
art/trade-empire/eras/era_ark_awakening.webp	173190	2026-04-28T02:08:17+00:00
art/slideshows/album5/T04/sih_t04_f25.webp	172890	2026-05-07T16:50:51+00:00
audio/antiquarian/act1_warlord_nano_swarm__engineerMemoirIntro.mp3	172661	2026-04-22T04:34:29+00:00
audio/elara/cc_zephyr_tier_5_elara.mp3	172661	2026-05-07T01:30:49+00:00
audio/elara/elara.synthesis-chamber.synth-vat.talk.mp3	172661	2026-05-07T01:31:00+00:00
audio/elara/medbay_first_look_lucid.mp3	172661	2026-04-23T01:59:00+00:00
art/rooms/room-cargo-hold.webp	172070	2026-04-22T04:30:57+00:00
audio/antiquarian/act1_vernon_vortex__engineerMemoirCloseLoss.mp3	171825	2026-04-22T04:34:28+00:00
audio/elara/bond80_quiet_elara_fragmented.mp3	171825	2026-04-23T01:58:55+00:00
audio/elara/medbay_dna_refuse_luminous.mp3	171825	2026-04-23T01:58:59+00:00
audio/elara/medbay_wall_mark_fragmented.mp3	171825	2026-04-23T01:58:59+00:00
audio/elara/stability_reality_doubt_lucid.mp3	171825	2026-04-23T01:59:02+00:00
audio/elara/unlock_clue_journal_lucid.mp3	171825	2026-04-23T01:59:03+00:00
audio/episodes/celebration_c12_the_last_good_day/celebration_c12_scene_2_the_line_lands/7.mp3	171825	2026-05-08T20:25:20+00:00
audio/human/detective.cryo.medical-chart.look.t2.balanced.mp3	171825	2026-04-30T05:22:35+00:00
audio/human/human.antiquarian-library.hierophants-marginalia-stack.look.warm.mp3	171825	2026-05-07T01:31:13+00:00
audio/antiquarian/act1_young_eyes__opponentMidMatchEarly.mp3	171407	2026-04-22T04:34:29+00:00
audio/antiquarian/act1_young_iron_lion__opponentMidMatchEarly.mp3	171407	2026-04-22T04:34:29+00:00
audio/elara/pet_intro_02_lucid.mp3	171407	2026-04-23T01:59:01+00:00
audio/episodes/celebration_c9_the_match/celebration_c9_scene_4_the_goggles/2.mp3	171407	2026-05-08T20:25:25+00:00
audio/human/cc_act6_confession_close_human.mp3	171407	2026-05-07T01:31:10+00:00
audio/human/detective.cryo.medical-chart.use.balanced.mp3	171407	2026-04-30T05:22:36+00:00
audio/human/human.order-tribunal.judges-bench.use.shadow.mp3	171407	2026-05-07T01:31:17+00:00
audio/human/human.quantum-lab.observation-cage.talk.shadow.mp3	171407	2026-05-07T01:31:17+00:00
audio/romance/locke/locke.romance.s1.toast.mp3	171407	2026-05-08T20:25:32+00:00
characters/the_source/bust.avif	170989	2026-04-23T16:21:31+00:00
art/trade-empire/wonders/wonder_hell_gate_sigil.webp	170846	2026-04-28T02:08:18+00:00
art/slideshows/album5/T10/sih_t10_f13.webp	170668	2026-05-07T16:50:55+00:00
art/trade-empire/fleet/fleet_carrier.webp	170582	2026-04-28T02:08:17+00:00
audio/elara/bond80_quiet_human_lucid.mp3	170571	2026-04-23T01:58:55+00:00
audio/elara/cc_act3_kael_logs_unlocked_elara.mp3	170571	2026-05-07T01:30:46+00:00
audio/human/cc_bench_ambient_human.mp3	170571	2026-05-07T01:31:11+00:00
audio/human/human_bond80_keep_both_warm.mp3	170571	2026-04-22T04:34:35+00:00
audio/human/locked_armory_balanced.mp3	170571	2026-04-22T04:34:35+00:00
characters/kael_recruiter/breathing.avif	169796	2026-04-23T16:21:31+00:00
audio/elara/cc_act4_pathB_discovery_elara.mp3	169735	2026-05-07T01:30:47+00:00
audio/elara/cc_beat_e_first_hotspot.mp3	169735	2026-05-07T01:30:48+00:00
audio/elara/elara.shadow-vault.sealed-cell-glass.talk.fragmented.mp3	169735	2026-05-01T07:35:59+00:00
audio/elara/virus_whisper_03_luminous.mp3	169735	2026-04-23T01:59:05+00:00
audio/human/cc_beat_d_first_slate_human.mp3	169735	2026-05-07T01:31:11+00:00
audio/human/detective.cryo.data-slate.look.warm.mp3	169735	2026-04-30T05:22:34+00:00
audio/human/human.antiquarian-library.locked-vault.look.warm.mp3	169735	2026-05-07T01:31:14+00:00
audio/human/human.engineering.blueprints.look.warm.mp3	169735	2026-05-14T16:47:57+00:00
art/cards/allegiance/_grids/antiquarian_allegiance_grid.webp	169726	2026-04-28T02:44:41+00:00
art/slideshows/album5/T31/sih_t31_f07.webp	169530	2026-05-07T16:51:13+00:00
art/slideshows/album5/T37/sih_t37_f02.webp	169106	2026-05-07T16:51:17+00:00
art/opponents/opponent-agent-zero-portrait.webp	168986	2026-04-22T04:30:36+00:00
audio/antiquarian/act1_wayne_warden__opponentMidMatchLate.mp3	168899	2026-04-22T04:34:29+00:00
audio/elara/bond80_quiet_both_luminous.mp3	168899	2026-04-23T01:58:55+00:00
audio/elara/cc_role_soldier.mp3	168899	2026-05-07T01:30:49+00:00
audio/elara/elara.captains-quarters.degens-corner.use.fragmented.mp3	168899	2026-05-07T01:30:52+00:00
audio/human/cc_act1_alignment_light_human.mp3	168899	2026-05-07T01:31:10+00:00
audio/human/cc_act3_path_pragmatic_human.mp3	168899	2026-05-07T01:31:10+00:00
audio/human/human.oracle-sanctum.prophecy-tablet.use.shadow.mp3	168899	2026-05-07T01:31:17+00:00
art/trade-empire/sectors/sector_intelligence_exchange_nightline.webp	168604	2026-04-28T02:08:17+00:00
audio/elara/cryo_orient_02_fragmented.mp3	168063	2026-04-23T01:58:56+00:00
audio/elara/elara.comms-array.radio-console.use.fragmented.mp3	168063	2026-04-30T05:22:12+00:00
audio/elara/elara.station-dock.ship-manifest.look.fragmented.mp3	168063	2026-05-01T07:36:00+00:00
audio/human/human.oracle-sanctum.prophecy-tablet.look.warm.mp3	168063	2026-05-07T01:31:17+00:00
audio/human/human.war-room.signal-flag-rack.look.shadow.mp3	168063	2026-05-07T01:31:18+00:00
vo/act6/elara-confession-04.mp3	168063	2026-04-30T05:22:40+00:00
audio/elara/cc_gov_bench_contained_elara.mp3	167645	2026-05-07T01:30:48+00:00
audio/elara/cc_light_milestone.mp3	167645	2026-05-07T01:30:49+00:00
audio/elara/elara.captains-quarters.cat-photo.use.lucid.mp3	167645	2026-04-30T05:22:09+00:00
audio/human/detective.bridge.diplomacy-table.look.t2.balanced.mp3	167645	2026-04-30T05:22:30+00:00
audio/human/detective.medbay.dna-helix.look.t2.warm.mp3	167645	2026-04-30T05:22:37+00:00
audio/human/human.order-tribunal.evidence-locker.talk.shadow.mp3	167645	2026-05-07T01:31:17+00:00
audio/human/human.war-room.casualty-board.talk.shadow.mp3	167645	2026-05-07T01:31:18+00:00
art/slideshows/album5/bg/sih_bg_gate.webp	167486	2026-05-07T16:51:17+00:00
art/vfx/prelude/memo-holo-rise_end.webp	167032	2026-04-25T18:24:33+00:00
audio/elara/cc_chess_climb_tier_0_won_elara.mp3	166809	2026-05-07T01:30:48+00:00
audio/elara/elara.antiquarian-library.card-catalog.use.fragmented.mp3	166809	2026-05-07T01:30:50+00:00
audio/elara/elara_fc_1.mp3	166809	2026-04-23T01:58:57+00:00
audio/elara/medbay_first_look_luminous.mp3	166809	2026-04-23T01:59:00+00:00
audio/human/cc_act7_convergence_landing_human.mp3	166809	2026-05-07T01:31:11+00:00
audio/human/cc_act7_visible_war_won_human.mp3	166809	2026-05-07T01:31:11+00:00
audio/human/human_first_reply_hard_warm.mp3	166809	2026-04-22T04:34:35+00:00
art/eidolons/cog/cog-dream-frag.webp	166714	2026-04-22T04:29:22+00:00
art/slideshows/album5/bg/sih_bg_empty.webp	166166	2026-05-07T16:51:17+00:00
art/trade-empire/sectors/sector_viral_wastes.webp	166122	2026-04-28T02:08:18+00:00
audio/elara/resurrection_choice_compassionate_fragmented.mp3	165973	2026-04-23T01:59:01+00:00
audio/human/human.engineering.blueprints.talk.warm.mp3	165973	2026-05-14T16:47:57+00:00
audio/human/human.oracle-sanctum.seers-recording-cabinet.look.warm.mp3	165973	2026-05-07T01:31:17+00:00
audio/human/human.quantum-lab.observation-cage.talk.balanced.mp3	165973	2026-05-07T01:31:17+00:00
audio/human/human_bond80_quiet_elara_balanced.mp3	165973	2026-04-22T04:34:35+00:00
vo/act7/final-stance-balance.mp3	165973	2026-04-30T05:22:41+00:00
audio/act3/te-encounter-outcome-listener-trace.mp3	165137	2026-04-30T05:21:55+00:00
audio/elara/unlock_pet_garden_fragmented.mp3	165137	2026-04-23T01:59:04+00:00
audio/human/locked_engineering_warm.mp3	165137	2026-04-22T04:34:36+00:00
vo/act3/pitch-hierarchy-human.mp3	165137	2026-04-30T05:22:40+00:00
audio/act3/te-sanity-below30.mp3	164719	2026-04-30T05:21:56+00:00
audio/elara/elara.antiquarian-library.locked-vault.use.fragmented.mp3	164719	2026-05-07T01:30:51+00:00
audio/elara/elara.bridge.tactical-display.use.luminous.mp3	164719	2026-04-30T05:22:07+00:00
audio/human/human.antiquarian-library.antiquarian-bust.use.shadow.mp3	164719	2026-05-07T01:31:13+00:00
audio/human/human.antiquarian-library.codas-purpose-shelf.look.warm.mp3	164719	2026-05-07T01:31:13+00:00
audio/human/human.engineering.reactor-core.look.warm.mp3	164719	2026-05-14T16:47:57+00:00
audio/human/human.war-room.holo-table.use.warm.mp3	164719	2026-05-07T01:31:18+00:00
art/eidolons/auros/auros-norm-asc.webp	164180	2026-04-22T04:29:18+00:00
audio/act3/te-civic-adopt-doctrine_iron_lion.mp3	163884	2026-04-30T05:21:53+00:00
audio/act3/te-civic-adopt-order_panopticon.mp3	163884	2026-04-30T05:21:53+00:00
audio/act3/te-era-advance-cosmic_convergence.mp3	163884	2026-04-30T05:21:55+00:00
audio/antiquarian/act1_kanshi_sha_watcher__engineerMemoirIntro.mp3	163884	2026-04-22T04:34:28+00:00
audio/elara/ask_elara_truth_act2.mp3	163884	2026-05-07T01:30:46+00:00
audio/elara/bond80_elara_open_fragmented.mp3	163884	2026-04-23T01:58:54+00:00
audio/elara/bond80_elara_open_luminous.mp3	163884	2026-04-23T01:58:54+00:00
audio/elara/elara.observation-deck.bond-resonance-altar.use.fragmented.mp3	163884	2026-05-07T01:30:57+00:00
audio/elara/elara.observation-deck.panoramic-viewport.talk.luminous.mp3	163884	2026-05-07T01:30:57+00:00
audio/episodes/mechronis_m1_choric_compliance/mechronis_m1_scene_2_the_drill/4.mp3	163884	2026-05-08T20:25:26+00:00
audio/human/detective.cryo.cracked-panel.use.balanced.mp3	163884	2026-04-30T05:22:34+00:00
art/trade-empire/sectors/sector_research_corridor_gamma.webp	163156	2026-04-28T02:08:18+00:00
audio/antiquarian/act1_young_eyes__engineerMemoirCloseLoss.mp3	163048	2026-04-22T04:34:29+00:00
audio/elara/cryo_orient_05_luminous.mp3	163048	2026-04-23T01:58:57+00:00
audio/elara/elara.cryo.cracked-panel.use.mp3	163048	2026-04-30T05:22:13+00:00
audio/elara/locked_medbay_postprelude_luminous.mp3	163048	2026-04-23T01:58:59+00:00
audio/elara/locked_medbay_prelude_luminous.mp3	163048	2026-04-23T01:58:59+00:00
audio/human/ask_human_truth_act2.mp3	163048	2026-05-07T01:31:09+00:00
audio/human/cc_act4_pathA_bridge_human.mp3	163048	2026-05-07T01:31:10+00:00
audio/human/cc_act6_compassion_chosen_human.mp3	163048	2026-05-07T01:31:11+00:00
audio/human/detective.bridge.captains-chair.look.t2.shadow.mp3	163048	2026-04-30T05:22:26+00:00
audio/human/human.antiquarian-library.hierophants-marginalia-stack.look.shadow.mp3	163048	2026-05-07T01:31:13+00:00
audio/human/human.observation-deck.panoramic-viewport.talk.warm.mp3	163048	2026-05-07T01:31:16+00:00
audio/human/human.oracle-sanctum.seers-recording-cabinet.use.warm.mp3	163048	2026-05-07T01:31:17+00:00
audio/romance/locke/locke.romance.s4.close.mp3	163048	2026-05-08T20:25:35+00:00
art/cards/class/_grids/engineer_class_grid.webp	162562	2026-04-28T02:44:42+00:00
art/eidolons/cog/cog-dream-comp.webp	162292	2026-04-22T04:29:21+00:00
audio/elara/cc_beat_h_inbox_first_reply.mp3	162212	2026-05-07T01:30:48+00:00
audio/act5/cades-m4-brief.mp3	161376	2026-04-30T05:21:56+00:00
audio/elara/elara.archives.data-banks.talk.lucid.mp3	161376	2026-04-30T05:22:00+00:00
audio/elara/elara.oracle-sanctum.prophecy-tablet.use.fragmented.mp3	161376	2026-05-07T01:30:58+00:00
audio/human/cc_act4_pathC_betrayal_human.mp3	161376	2026-05-07T01:31:10+00:00
audio/human/human.engineering.schematic-pad.use.shadow.mp3	161376	2026-05-07T01:31:16+00:00
art/opponents/opponent-iron-lion-portrait.webp	160986	2026-04-22T04:30:37+00:00
audio/antiquarian/act1_wanda_wyrlord__engineerMemoirCloseWin.mp3	160958	2026-04-22T04:34:28+00:00
audio/antiquarian/act1_young_eyes__engineerMemoirCloseWin.mp3	160958	2026-04-22T04:34:29+00:00
audio/antiquarian/act1_young_kael__opponentMidMatchMid.mp3	160958	2026-04-22T04:34:30+00:00
audio/elara/cc_beat_d_first_slate.mp3	160958	2026-05-07T01:30:48+00:00
audio/elara/elara.bridge.captains-coffee.use.fragmented.mp3	160958	2026-04-30T05:22:05+00:00
audio/elara/locked_generic_fragmented.mp3	160958	2026-04-23T01:58:59+00:00
audio/human/cc_act7_arc_closes_human.mp3	160958	2026-05-07T01:31:11+00:00
vo/act6/stance-refusal.mp3	160958	2026-04-30T05:22:41+00:00
vo/act7/patient-zero-close.mp3	160958	2026-04-30T05:22:41+00:00
audio/sfx/card-game/shuffle.mp3	160495	2026-05-10T20:25:38+00:00
art/eidolons/toxis/toxis-dream-frag.webp	160162	2026-04-22T04:29:39+00:00
audio/elara/bond80_quiet_both_lucid.mp3	160122	2026-04-23T01:58:56+00:00
audio/elara/cc_act6_suspicious_chosen_elara.mp3	160122	2026-05-07T01:30:47+00:00
audio/elara/cc_role_spy.mp3	160122	2026-05-07T01:30:49+00:00
audio/elara/locked_comms_luminous.mp3	160122	2026-04-23T01:58:59+00:00
audio/episodes/celebration_c3_chess_class/celebration_c3_scene_1_the_lesson/2.mp3	160122	2026-05-08T20:25:22+00:00
audio/episodes/celebration_c6_the_dueling_court/celebration_c6_scene_1_the_challenge/1.mp3	160122	2026-05-08T20:25:23+00:00
audio/human/cc_beat_e_flashback_complete.mp3	160122	2026-05-07T01:31:11+00:00
audio/human/human.oracle-sanctum.prophecy-tablet.talk.warm.mp3	160122	2026-05-07T01:31:17+00:00
audio/human/human.war-room.holo-table.look.warm.mp3	160122	2026-05-07T01:31:18+00:00
vo/act3/kael-opener-01.mp3	160122	2026-04-30T05:22:40+00:00
audio/antiquarian/act1_young_eyes__opponentMidMatchMid.mp3	159286	2026-04-22T04:34:29+00:00
audio/elara/locked_generic_luminous.mp3	159286	2026-04-23T01:58:59+00:00
audio/human/ask_human_path_act5.mp3	159286	2026-05-07T01:31:09+00:00
audio/human/human_warmth_gift_warm.mp3	159286	2026-04-22T04:34:35+00:00
art/vfx/act_spells/kf_memoir_glyph.webp	159252	2026-04-28T04:41:05+00:00
characters/watcher/viseme.avif	159166	2026-04-25T01:51:02+00:00
characters/kael_recruiter/expressions.avif	159165	2026-04-23T16:21:31+00:00
audio/antiquarian/act1_minnie_meme__engineerMemoirCloseWin.mp3	158450	2026-04-22T04:34:28+00:00
audio/antiquarian/act1_warlord_nano_swarm__opponentMidMatchEarly.mp3	158450	2026-04-22T04:34:29+00:00
audio/antiquarian/act1_young_eyes__engineerMemoirIntro.mp3	158450	2026-04-22T04:34:29+00:00
audio/elara/cryo_clue_cracked_panel_lucid.mp3	158450	2026-04-23T01:58:55+00:00
audio/episodes/mechronis_m1_choric_compliance/mechronis_m1_scene_1_the_lectern/1.mp3	158450	2026-05-08T20:25:26+00:00
audio/human/cc_act4_fragile_trust_human.mp3	158450	2026-05-07T01:31:10+00:00
art/expansions/hierarchy-of-damned/act-exclusives/act3_ithrael_scouts.webp	158140	2026-04-28T02:08:18+00:00
audio/act5/cades-m4-debrief.mp3	158032	2026-04-30T05:21:57+00:00
audio/antiquarian/act1_wanda_wyrlord__opponentMidMatchEarly.mp3	158032	2026-04-22T04:34:28+00:00
audio/elara/cc_act3_path_transparent_elara.mp3	158032	2026-05-07T01:30:47+00:00
audio/elara/cc_dreamer_relay_threshold_3.mp3	158032	2026-05-07T01:30:48+00:00
audio/elara/elara.observation-deck.bond-resonance-altar.look.fragmented.mp3	158032	2026-05-01T07:35:59+00:00
audio/elara/locked_medbay_postprelude_lucid.mp3	158032	2026-04-23T01:58:59+00:00
audio/human/cc_beat_i_prep_human.mp3	158032	2026-05-07T01:31:11+00:00
art/cards/imprint/_grids/elara_tier_grid.webp	157678	2026-04-28T02:44:43+00:00
audio/antiquarian/act1_minnie_meme__engineerMemoirCloseLoss.mp3	157196	2026-04-22T04:34:28+00:00
audio/elara/elara.medbay.emergency-safe.look.t3.fragmented.mp3	157196	2026-04-30T05:22:18+00:00
audio/human/detective.cryo.dead-pod.look.t3.shadow.mp3	157196	2026-04-30T05:22:35+00:00
audio/human/detective.cryo.dead-pod.use.shadow.mp3	157196	2026-04-30T05:22:35+00:00
audio/human/human.cipher-den.encrypted-correspondence.talk.shadow.mp3	157196	2026-05-07T01:31:14+00:00
audio/human/human.station-dock.codas-trading-floor.look.warm.mp3	157196	2026-05-07T01:31:18+00:00
art/slideshows/album5/T01/sih_t01_f05.webp	156944	2026-05-07T16:50:47+00:00
audio/antiquarian/act1_vernon_vortex__opponentMidMatchMid.mp3	156360	2026-04-22T04:34:28+00:00
audio/elara/cc_gov_ark_food_elara.mp3	156360	2026-05-07T01:30:49+00:00
audio/elara/cc_sih_title.mp3	156360	2026-05-07T01:30:49+00:00
audio/elara/elara.medbay.bio-bed.talk.luminous.mp3	156360	2026-04-30T05:22:16+00:00
audio/elara/locked_bridge_noclue_lucid.mp3	156360	2026-04-23T01:58:58+00:00
audio/episodes/mechronis_m2_applied_surveillance/mechronis_m2_scene_1_the_triangle/2.mp3	156360	2026-05-08T20:25:27+00:00
audio/human/cc_act6_elara_confession_human.mp3	156360	2026-05-07T01:31:10+00:00
audio/human/detective.bridge.captains-coffee.look.t3.shadow.mp3	156360	2026-04-30T05:22:27+00:00
audio/human/human.antiquarian-library.card-catalog.talk.warm.mp3	156360	2026-05-07T01:31:13+00:00
audio/human/human.war-room.casualty-board.use.shadow.mp3	156360	2026-05-07T01:31:18+00:00
art/cards/class/_grids/soldier_class_grid.webp	156040	2026-04-28T02:44:42+00:00
audio/act3/te-encounter-outcome-counted-exorcise.mp3	155524	2026-04-30T05:21:55+00:00
audio/antiquarian/act1_young_human_seeker__engineerMemoirCloseWin.mp3	155524	2026-04-22T04:34:29+00:00
audio/elara/cc_act4_army_unlocked_elara.mp3	155524	2026-05-07T01:30:47+00:00
audio/elara/cc_act7_command_chosen_elara.mp3	155524	2026-05-07T01:30:47+00:00
audio/episodes/celebration_c11_the_uncles_verdict/celebration_c11_scene_1_the_breach/1.mp3	155524	2026-05-08T20:25:20+00:00
audio/human/detective.cryo.cracked-panel.look.t1.shadow.mp3	155524	2026-04-30T05:22:33+00:00
vo/act3/pitch-insurgency-human.mp3	155524	2026-04-30T05:22:40+00:00
characters/the_antiquarian/bust.avif	154733	2026-04-23T16:21:31+00:00
audio/act2/climb-tier-0-won-elara.mp3	154688	2026-04-30T05:21:52+00:00
audio/elara/bond80_keep_both_lucid.mp3	154688	2026-04-23T01:58:55+00:00
audio/elara/bond80_quiet_human_luminous.mp3	154688	2026-04-23T01:58:55+00:00
audio/elara/cc_rom_elara_s1.mp3	154688	2026-05-07T01:30:49+00:00
audio/elara/cc_zephyr_tier_1_elara.mp3	154688	2026-05-07T01:30:49+00:00
audio/elara/elara.captains-quarters.vex-workshop-diary.talk.fragmented.mp3	154688	2026-05-07T01:30:53+00:00
audio/human/cc_beat_h_inbox_first_open.mp3	154688	2026-05-07T01:31:11+00:00
audio/human/human_panel_cut_shadow.mp3	154688	2026-04-22T04:34:35+00:00
vo/act6/elara-confession-05.mp3	154688	2026-04-30T05:22:40+00:00
audio/act3/te-encounter-outcome-counted-welcome.mp3	154271	2026-04-30T05:21:55+00:00
audio/act3/te-encounter-outcome-weeping-harvest.mp3	154271	2026-04-30T05:21:55+00:00
audio/act3/te-sanity-below10.mp3	154271	2026-04-30T05:21:55+00:00
audio/elara/elara.captains-quarters.cat-photo.talk.lucid.mp3	154271	2026-04-30T05:22:09+00:00
audio/elara/elara.observation-deck.panoramic-viewport.look.fragmented.mp3	154271	2026-05-01T07:35:58+00:00
audio/human/cc_chess_climb_tier_1_won_human.mp3	154271	2026-05-07T01:31:11+00:00
audio/human/detective.archives.data-banks.look.t2.shadow.mp3	154271	2026-04-30T05:22:22+00:00
audio/human/human.captains-quarters.cat-photo.talk.shadow.mp3	154271	2026-05-07T01:31:14+00:00
audio/human/human.engineering.blueprints.use.warm.mp3	154271	2026-05-07T01:31:16+00:00
audio/human/human.station-dock.ship-manifest.look.shadow.mp3	154271	2026-05-07T01:31:18+00:00
art/cards/allegiance/_grids/babylon_allegiance_grid.webp	154112	2026-04-28T02:44:41+00:00
art/cinematics/06_act4_revelation/keyframes/beat3_elara_closeup.webp	153826	2026-04-28T04:41:04+00:00
art/expansions/hierarchy-of-damned/act-exclusives/act6_banishment_glyph.webp	153578	2026-04-28T02:08:18+00:00
audio/act3/te-conference-signed.mp3	153435	2026-04-30T05:21:53+00:00
audio/antiquarian/act1_wanda_wyrlord__opponentMidMatchLate.mp3	153435	2026-04-22T04:34:28+00:00
audio/elara/cryo_orient_06_lucid.mp3	153435	2026-04-23T01:58:57+00:00
audio/human/human.oracle-sanctum.seers-recording-cabinet.talk.shadow.mp3	153435	2026-05-07T01:31:17+00:00
audio/human/human.order-tribunal.mol-vereth-audit-ledger.talk.shadow.mp3	153435	2026-05-07T01:31:17+00:00
art/specimens/glyph-fragment.png	152884	2026-04-26T02:32:35+00:00
art/specimens/echo-companion.webp	152864	2026-04-22T04:31:09+00:00
art/trade-empire/wonders/wonder_dreamers_answer.webp	152736	2026-04-28T02:08:18+00:00
audio/elara/pet_intro_02_luminous.mp3	152599	2026-04-23T01:59:01+00:00
audio/human/detective.bridge.captains-coffee.look.t2.shadow.mp3	152599	2026-04-30T05:22:27+00:00
audio/human/human.observation-deck.bond-resonance-altar.talk.warm.mp3	152599	2026-05-07T01:31:16+00:00
audio/human/human.oracle-sanctum.incense-brazier.talk.warm.mp3	152599	2026-05-07T01:31:16+00:00
characters/cades/viseme.avif	151980	2026-04-23T16:21:30+00:00
audio/elara/bond80_elara_open_lucid.mp3	151763	2026-04-23T01:58:54+00:00
audio/elara/cc_gov_thought_elara.mp3	151763	2026-05-07T01:30:48+00:00
audio/elara/medbay_first_look_fragmented.mp3	151763	2026-04-23T01:58:59+00:00
audio/human/detective.cryo.cracked-panel.look.t2.balanced.mp3	151763	2026-04-30T05:22:33+00:00
audio/human/human.dreams-workshop.fragment-rack.look.shadow.mp3	151763	2026-05-07T01:31:15+00:00
audio/human/human.engineering.blueprints.look.shadow.mp3	151763	2026-05-14T16:47:57+00:00
audio/human/human.oracle-sanctum.seers-recording-cabinet.use.shadow.mp3	151763	2026-05-07T01:31:17+00:00
audio/human/human.station-dock.codas-trading-floor.look.shadow.mp3	151763	2026-05-07T01:31:18+00:00
audio/act2/climb-tier-1-won-human.mp3	151345	2026-04-30T05:21:52+00:00
audio/elara/ask_elara_stance_act7.mp3	151345	2026-05-07T01:30:46+00:00
audio/elara/elara.cipher-den.encrypted-correspondence.talk.fragmented.mp3	151345	2026-05-07T01:30:53+00:00
audio/human/detective.archives.data-banks.talk.warm.mp3	151345	2026-04-30T05:22:23+00:00
audio/human/human.cipher-den.uncorruption-bench.look.shadow.mp3	151345	2026-05-07T01:31:15+00:00
audio/human/human.order-tribunal.evidence-locker.look.warm.mp3	151345	2026-05-07T01:31:17+00:00
audio/human/human.order-tribunal.evidence-locker.use.warm.mp3	151345	2026-05-07T01:31:17+00:00
vo/act6/elara-confession-03.mp3	151345	2026-04-30T05:22:40+00:00
audio/antiquarian/act1_young_human_seeker__opponentMidMatchMid.mp3	150509	2026-04-22T04:34:29+00:00
audio/elara/ask_elara_kael_lens_act3.mp3	150509	2026-05-07T01:30:45+00:00
audio/elara/ask_elara_secrecy_act6.mp3	150509	2026-05-07T01:30:45+00:00
audio/elara/cc_act3_locke_first_elara.mp3	150509	2026-05-07T01:30:46+00:00
audio/elara/elara.bridge.captains-coffee.talk.lucid.mp3	150509	2026-04-30T05:22:05+00:00
audio/elara/medbay_wall_mark_luminous.mp3	150509	2026-04-23T01:58:59+00:00
audio/elara/unlock_daily_rewards_luminous.mp3	150509	2026-04-23T01:59:04+00:00
audio/human/human_first_words_warm.mp3	150509	2026-04-22T04:34:35+00:00
art/cinematics/06_act4_revelation/keyframes/beat2_eye_contact.webp	149780	2026-04-28T04:41:04+00:00
audio/antiquarian/act1_corey_collector__engineerMemoirCloseWin.mp3	149673	2026-04-22T04:34:28+00:00
audio/antiquarian/act1_corey_collector__engineerMemoirIntro.mp3	149673	2026-04-22T04:34:28+00:00
audio/elara/act1_wayne_warden__elaraPostMatchWin.mp3	149673	2026-04-23T01:58:53+00:00
audio/elara/cc_act3_substrate_truth_elara.mp3	149673	2026-05-07T01:30:47+00:00
audio/episodes/mechronis_m3_the_trade_exercise/mechronis_m3_scene_2_the_agenda/1.mp3	149673	2026-05-08T20:25:27+00:00
audio/human/detective.bridge.diplomacy-table.look.t2.shadow.mp3	149673	2026-04-30T05:22:28+00:00
audio/human/detective.captains-quarters.cat-photo.look.t2.shadow.mp3	149673	2026-04-30T05:22:31+00:00
audio/human/human.antiquarian-library.card-catalog.look.shadow.mp3	149673	2026-05-07T01:31:13+00:00
art/rooms/room-corridor.webp	149392	2026-04-22T04:30:57+00:00
art/vfx/prelude/role-wireframe-bloom.webm	148893	2026-04-22T04:34:25+00:00
audio/antiquarian/act1_young_kael__engineerMemoirIntro.mp3	148837	2026-04-22T04:34:29+00:00
audio/elara/cryo_clue_dead_pod_lucid.mp3	148837	2026-04-23T01:58:55+00:00
audio/human/cc_act3_path_transparent_human.mp3	148837	2026-05-07T01:31:10+00:00
characters/kael_recruiter/viseme.avif	148185	2026-04-25T01:51:02+00:00
audio/act3/te-cycle-betrayal.mp3	148001	2026-04-30T05:21:54+00:00
audio/antiquarian/act1_wanda_wyrlord__engineerMemoirIntro.mp3	148001	2026-04-22T04:34:28+00:00
audio/elara/elara.archives.unnameable-hue-cabinet.look.fragmented.mp3	148001	2026-05-01T07:35:55+00:00
audio/elara/elara.cipher-den.rosetta-pad.talk.fragmented.mp3	148001	2026-05-07T01:30:53+00:00
audio/elara/medbay_dna_refuse_lucid.mp3	148001	2026-04-23T01:58:59+00:00
audio/elara/stability_reality_doubt_fragmented.mp3	148001	2026-04-23T01:59:02+00:00
audio/human/cc_act7_bridge_chosen_human.mp3	148001	2026-05-07T01:31:11+00:00
audio/human/cc_beat_f_lock_first_try.mp3	148001	2026-05-07T01:31:11+00:00
audio/human/cc_zephyr_tier_3_human.mp3	148001	2026-05-07T01:31:12+00:00
audio/human/human.captains-quarters.cat-photo.talk.warm.mp3	148001	2026-05-07T01:31:14+00:00
audio/human/human.engineering.reactor-core.use.warm.mp3	148001	2026-05-14T16:47:57+00:00
audio/elara/cc_act7_arc_closes_elara.mp3	147583	2026-05-07T01:30:47+00:00
audio/elara/cc_beat_j_tease_end.mp3	147583	2026-05-07T01:30:49+00:00
audio/elara/elara.cipher-den.uncorruption-bench.use.fragmented.mp3	147583	2026-05-01T07:35:57+00:00
audio/elara/elara.medbay.bio-bed.talk.fragmented.mp3	147583	2026-04-30T05:22:16+00:00
audio/elara/elara.shadow-vault.warden-terminal.use.fragmented.mp3	147583	2026-05-01T07:35:59+00:00
audio/episodes/mechronis_m7_trade_practicum/mechronis_m7_scene_2_full_marks/0.mp3	147583	2026-05-08T20:25:28+00:00
audio/human/detective.medbay.medicine-cabinet.look.t2.shadow.mp3	147583	2026-04-30T05:22:38+00:00
audio/human/human.antiquarian-library.insurgency-witness-roster.talk.shadow.mp3	147583	2026-05-07T01:31:13+00:00
art/cinematics/07_act5_map/keyframes/beat3_centre_dot.webp	146984	2026-04-28T04:41:04+00:00
audio/act5/bridge-of-kael-1.mp3	146747	2026-04-30T05:21:56+00:00
audio/elara/bond80_keep_both_luminous.mp3	146747	2026-04-23T01:58:55+00:00
audio/elara/bond80_quiet_elara_lucid.mp3	146747	2026-04-23T01:58:55+00:00
audio/elara/cryo_clue_cracked_panel_luminous.mp3	146747	2026-04-23T01:58:55+00:00
audio/human/detective.medbay.emergency-safe.look.t3.shadow.mp3	146747	2026-04-30T05:22:37+00:00
audio/romance/vex/vex.romance.s4.measure_in_silence.mp3	146747	2026-05-08T20:25:35+00:00
audio/act5/cades-m3-brief.mp3	145911	2026-04-30T05:21:56+00:00
audio/elara/bond80_quiet_elara_luminous.mp3	145911	2026-04-23T01:58:55+00:00
audio/elara/cc_dreamer_relay_after_vision_2.mp3	145911	2026-05-07T01:30:48+00:00
audio/elara/cryo_clue_victim_identified_luminous.mp3	145911	2026-04-23T01:58:56+00:00
audio/elara/elara.cipher-den.encrypted-correspondence.look.fragmented.mp3	145911	2026-05-01T07:35:57+00:00
audio/human/human.war-room.signal-flag-rack.use.shadow.mp3	145911	2026-05-07T01:31:18+00:00
art/trade-empire/sectors/sector_chronarchive_vault.webp	145728	2026-04-28T02:08:17+00:00
characters/enigma/blink.avif	145484	2026-04-23T16:21:31+00:00
art/slideshows/album5/T03/sih_t03_f03.webp	145350	2026-05-07T16:50:49+00:00
art/trade-empire/sectors/sector_ember_memorial.webp	145130	2026-04-28T02:08:17+00:00
audio/act3/te-civic-adopt-doctrine_archon.mp3	145075	2026-04-30T05:21:53+00:00
audio/act3/te-encounter-outcome-final-parley.mp3	145075	2026-04-30T05:21:55+00:00
audio/antiquarian/act1_vernon_vortex__engineerMemoirCloseWin.mp3	145075	2026-04-22T04:34:28+00:00
audio/elara/cryo_orient_06_fragmented.mp3	145075	2026-04-23T01:58:57+00:00
audio/elara/elara.antiquarian-library.antiquarian-bust.talk.fragmented.mp3	145075	2026-05-14T16:47:50+00:00
audio/elara/elara.medbay.emergency-safe.use.luminous.mp3	145075	2026-04-30T05:22:18+00:00
audio/elara/elara.medbay.medicine-cabinet.use.luminous.mp3	145075	2026-04-30T05:22:20+00:00
audio/elara/elara.oracle-sanctum.prophecy-tablet.talk.fragmented.mp3	145075	2026-05-07T01:30:58+00:00
audio/elara/locked_bridge_noclue_fragmented.mp3	145075	2026-04-23T01:58:58+00:00
audio/elara/pet_intro_01_lucid.mp3	145075	2026-04-23T01:59:00+00:00
audio/human/human.order-tribunal.judges-bench.talk.shadow.mp3	145075	2026-05-07T01:31:17+00:00
audio/antiquarian/act1_young_human_seeker__engineerMemoirIntro.mp3	144657	2026-04-22T04:34:29+00:00
audio/elara/cc_beat_i_prep_elara.mp3	144657	2026-05-07T01:30:48+00:00
audio/human/human.observation-deck.panoramic-viewport.talk.balanced.mp3	144657	2026-05-07T01:31:16+00:00
audio/human/human.oracle-sanctum.prophecy-tablet.talk.shadow.mp3	144657	2026-05-07T01:31:17+00:00
audio/elara/elara.archives.indigo-glow-lectern.talk.fragmented.mp3	143822	2026-05-07T01:30:51+00:00
audio/elara/elara.armory.motivational-poster.use.lucid.mp3	143822	2026-04-30T05:22:02+00:00
audio/human/cc_gov_bench_power_human.mp3	143822	2026-05-07T01:31:11+00:00
audio/act3/te-cycle-misread.mp3	142986	2026-04-30T05:21:54+00:00
audio/elara/elara.medbay.emergency-safe.use.fragmented.mp3	142986	2026-04-30T05:22:18+00:00
audio/elara/elara.oracle-sanctum.oracle-pool.talk.fragmented.mp3	142986	2026-05-07T01:30:58+00:00
audio/human/cc_act2_dual_signal_human.mp3	142986	2026-05-07T01:31:10+00:00
audio/human/cc_act5_first_recruit_human.mp3	142986	2026-05-07T01:31:10+00:00
audio/human/human_bond80_quiet_elara_warm.mp3	142986	2026-04-22T04:34:35+00:00
art/vfx/prelude/memo-paper-drift_frame.webp	142752	2026-04-25T18:24:34+00:00
characters/the_source/expressions.avif	142613	2026-04-23T16:21:32+00:00
audio/antiquarian/act1_vernon_vortex__opponentMidMatchEarly.mp3	142150	2026-04-22T04:34:28+00:00
audio/antiquarian/act1_warlord_nano_swarm__engineerMemoirCloseWin.mp3	142150	2026-04-22T04:34:29+00:00
audio/human/detective.medbay.emergency-safe.use.balanced.mp3	142150	2026-04-30T05:22:37+00:00
audio/human/human.station-dock.codas-trading-floor.use.warm.mp3	142150	2026-05-07T01:31:18+00:00
vo/act6/stance-challenge.mp3	142150	2026-04-30T05:22:40+00:00
audio/act3/te-cycle-aligned.mp3	141314	2026-04-30T05:21:54+00:00
audio/act3/te-doctrine-adopt-archon_formation.mp3	141314	2026-04-30T05:21:54+00:00
audio/elara/elara.captains-quarters.cat-photo.talk.fragmented.mp3	141314	2026-04-30T05:22:09+00:00
audio/elara/unlock_pet_garden_luminous.mp3	141314	2026-04-23T01:59:04+00:00
audio/human/human.antiquarian-library.locked-vault.use.warm.mp3	141314	2026-05-07T01:31:14+00:00
audio/human/human.antiquarian-library.velkraals-correspondence-folio.look.shadow.mp3	141314	2026-05-07T01:31:14+00:00
art/cards/class/_grids/spy_class_grid.webp	140970	2026-04-28T02:44:42+00:00
audio/antiquarian/act1_young_agent_zero__engineerMemoirCloseLoss.mp3	140896	2026-04-22T04:34:29+00:00
audio/elara/cryo_clue_dead_pod_luminous.mp3	140896	2026-04-23T01:58:56+00:00
audio/elara/elara.observation-deck.bond-resonance-altar.talk.fragmented.mp3	140896	2026-05-07T01:30:58+00:00
audio/elara/unlock_pet_garden_lucid.mp3	140896	2026-04-23T01:59:04+00:00
audio/episodes/celebration_c7_the_patrons_summons/celebration_c7_scene_1_courtyard/4.mp3	140896	2026-05-08T20:25:23+00:00
audio/antiquarian/act1_wanda_wyrlord__opponentMidMatchMid.mp3	140060	2026-04-22T04:34:28+00:00
audio/elara/elara.medbay.dna-helix.use.lucid.mp3	140060	2026-04-30T05:22:17+00:00
audio/elara/elara.shadow-vault.manuscript-pile.look.fragmented.mp3	140060	2026-05-01T07:35:59+00:00
audio/episodes/mechronis_m12_the_diploma_that_isnt/mechronis_m12_scene_1_the_hall/1.mp3	140060	2026-05-08T20:25:25+00:00
audio/episodes/mechronis_m1_choric_compliance/mechronis_m1_scene_3_hidden_agenda/0.mp3	140060	2026-05-08T20:25:26+00:00
audio/human/cc_act5_first_recruit_dies_human.mp3	140060	2026-05-07T01:31:10+00:00
audio/human/human.oracle-sanctum.oracle-pool.look.warm.mp3	140060	2026-05-07T01:31:17+00:00
art/eidolons/cog/cog-scar-frag.webp	139890	2026-04-22T04:29:26+00:00
characters/architect/viseme.avif	139861	2026-04-25T01:51:02+00:00
characters/eyes/viseme.avif	139239	2026-04-25T01:51:02+00:00
audio/antiquarian/act1_vernon_vortex__opponentMidMatchLate.mp3	139224	2026-04-22T04:34:28+00:00
audio/elara/cc_act2_dual_signal_elara.mp3	139224	2026-05-07T01:30:47+00:00
audio/elara/elara.cryo.medical-chart.use.mp3	139224	2026-04-30T05:22:15+00:00
audio/elara/elara.dreams-workshop.dream-loom.look.fragmented.mp3	139224	2026-05-01T07:35:57+00:00
audio/human/cc_act3_path_full_secret_human.mp3	139224	2026-05-07T01:31:10+00:00
audio/human/cc_act5_map_first_open_human.mp3	139224	2026-05-07T01:31:10+00:00
audio/human/detective.shadow-vault.release-or-seal-lever.use.shadow.mp3	139224	2026-05-01T07:36:02+00:00
vo/act6/silence-stance-meta.mp3	139224	2026-04-30T05:22:40+00:00
art/slideshows/album1/T01/T01_02_frame1_2.webp	139130	2026-04-29T00:30:54+00:00
audio/antiquarian/act1_corey_collector__engineerMemoirCloseLoss.mp3	138388	2026-04-22T04:34:28+00:00
audio/episodes/celebration_c11_the_uncles_verdict/celebration_c11_scene_2_the_verdict/1.mp3	138388	2026-05-08T20:25:20+00:00
audio/human/detective.bridge.captains-chair.look.t1.shadow.mp3	138388	2026-04-30T05:22:25+00:00
vo/act3/kael-opener-03.mp3	138388	2026-04-30T05:22:40+00:00
audio/act3/te-encounter-outcome-final-refuse.mp3	137970	2026-04-30T05:21:55+00:00
audio/elara/cryo_inv_locket_lucid.mp3	137970	2026-05-14T16:47:50+00:00
audio/elara/cryo_orient_01_fragmented.mp3	137970	2026-04-23T01:58:56+00:00
audio/human/detective.bridge.shadow-tongue-annotations.look.shadow.mp3	137970	2026-05-01T07:36:02+00:00
audio/human/human.antiquarian-library.hierophants-marginalia-stack.use.shadow.mp3	137970	2026-05-07T01:31:13+00:00
audio/human/human.cipher-den.dictionary-of-edits.use.shadow.mp3	137970	2026-05-07T01:31:14+00:00
vo/act7/convergence-landing-dual.mp3	137970	2026-04-30T05:22:40+00:00
art/broadcasts/act_three_eyes_in_the_dark.webp	137538	2026-04-22T04:28:21+00:00
audio/antiquarian/act1_kanshi_sha_watcher__opponentMidMatchEarly.mp3	137134	2026-04-22T04:34:28+00:00
audio/antiquarian/act1_wayne_warden__opponentMidMatchMid.mp3	137134	2026-04-22T04:34:29+00:00
audio/elara/act1_young_eyes__elaraPostMatchWin.mp3	137134	2026-04-23T01:58:53+00:00
audio/elara/elara.captains-quarters.cat-photo.use.luminous.mp3	137134	2026-04-30T05:22:09+00:00
audio/episodes/celebration_c8_the_ghost_in_the_hall/celebration_c8_scene_2_the_dreamers_hum/0.mp3	137134	2026-05-08T20:25:24+00:00
audio/human/cc_act2_first_substrate_ping_human.mp3	137134	2026-05-07T01:31:10+00:00
audio/human/detective.cryo.medical-chart.use.warm.mp3	137134	2026-04-30T05:22:35+00:00
vo/act7/final-stance-machine.mp3	137134	2026-04-30T05:22:41+00:00
characters/cades/expressions.avif	136758	2026-04-23T16:21:30+00:00
characters/elara/expressions.avif	136660	2026-04-23T16:21:30+00:00
art/trade-empire/encounters/encounter_final_invitation.webp	136628	2026-04-28T02:08:17+00:00
audio/elara/cryo_orient_05_fragmented.mp3	136298	2026-04-23T01:58:57+00:00
audio/elara/cryo_orient_07_luminous.mp3	136298	2026-04-23T01:58:57+00:00
audio/elara/elara.comms-array.static-screen.talk.fragmented.mp3	136298	2026-05-07T01:30:54+00:00
audio/human/locked_engineering_balanced.mp3	136298	2026-04-22T04:34:36+00:00
audio/elara/elara.archives.tome.talk.fragmented.mp3	135462	2026-05-07T01:30:52+00:00
audio/elara/elara.observation-deck.panoramic-viewport.talk.lucid.mp3	135462	2026-05-07T01:30:57+00:00
audio/human/human.engineering.instruction-manual.use.shadow.mp3	135462	2026-05-07T01:31:16+00:00
art/expansions/hierarchy-of-damned/act-exclusives/act1_the_signal.webp	135108	2026-04-28T02:08:18+00:00
audio/human/human.cipher-den.vex-seer-pair-binder.look.shadow.mp3	134626	2026-05-07T01:31:15+00:00
audio/human/human.engineering.blueprints.use.shadow.mp3	134626	2026-05-07T01:31:15+00:00
audio/human/human.forge-workshop.schema-rack.talk.shadow.mp3	134626	2026-05-07T01:31:16+00:00
audio/antiquarian/act1_kanshi_sha_watcher__opponentMidMatchMid.mp3	134208	2026-04-22T04:34:28+00:00
audio/elara/cryo_orient_03_lucid.mp3	134208	2026-04-23T01:58:56+00:00
audio/elara/elara.cryo.med-bay-door.look.mp3	134208	2026-04-30T05:22:15+00:00
audio/elara/pet_bond_race_lucid.mp3	134208	2026-04-23T01:59:00+00:00
audio/human/detective.bridge.tactical-display.look.t2.shadow.mp3	134208	2026-04-30T05:22:29+00:00
audio/human/detective.medbay.medical-log.look.t1.shadow.mp3	134208	2026-04-30T05:22:38+00:00
audio/human/human.engineering.crafting-bench.look.shadow.mp3	134208	2026-05-07T01:31:15+00:00
art/cinematics/02_hierarchy_reveal/keyframes/beat5_reveal_handoff.webp	134100	2026-04-28T04:41:04+00:00
characters/engineer/blink.avif	133819	2026-04-23T16:21:31+00:00
audio/elara/unlock_daily_rewards_lucid.mp3	133373	2026-04-23T01:59:04+00:00
audio/episodes/mechronis_m1_choric_compliance/mechronis_m1_scene_1_the_lectern/2.mp3	133373	2026-05-08T20:25:26+00:00
audio/human/detective.cryo.cracked-panel.use.shadow.mp3	133373	2026-04-30T05:22:35+00:00
audio/human/human.cipher-den.uncorruption-bench.use.shadow.mp3	133373	2026-05-07T01:31:15+00:00
audio/human/human.engineering-core.reactor-coil.look.shadow.mp3	133373	2026-05-07T01:31:15+00:00
vo/act7/final-stance-command.mp3	133373	2026-04-30T05:22:41+00:00
characters/iron_lion/breathing.avif	133210	2026-04-23T16:21:31+00:00
audio/act3/te-era-advance-galactic_power.mp3	132537	2026-04-30T05:21:55+00:00
audio/act5/cades-m4-mid.mp3	132537	2026-04-30T05:21:57+00:00
audio/act5/cades-m7-brief.mp3	132537	2026-04-30T05:21:57+00:00
audio/elara/cryo_orient_06_luminous.mp3	132537	2026-04-23T01:58:57+00:00
audio/elara/elara.antiquarian-library.hierophants-marginalia-stack.use.fragmented.mp3	132537	2026-05-07T01:30:50+00:00
audio/elara/elara.antiquarian-library.insurgency-witness-roster.use.fragmented.mp3	132537	2026-05-07T01:30:50+00:00
audio/elara/elara.cryo.dead-pod.use.mp3	132537	2026-04-30T05:22:14+00:00
audio/human/detective.medbay.emergency-safe.look.t1.shadow.mp3	132537	2026-04-30T05:22:37+00:00
audio/human/human.antiquarian-library.insurgency-witness-roster.use.shadow.mp3	132537	2026-05-07T01:31:13+00:00
audio/human/human.cipher-den.uncorruption-bench.talk.shadow.mp3	132537	2026-05-07T01:31:15+00:00
audio/human/locked_engineering_shadow.mp3	132537	2026-04-22T04:34:36+00:00
art/cinematics/04_act2_whisper/keyframes/beat1_corridor.webp	132428	2026-04-28T04:41:04+00:00
audio/antiquarian/act1_warlord_nano_swarm__opponentMidMatchMid.mp3	131701	2026-04-22T04:34:29+00:00
audio/elara/cryo_threshold_medbay_lucid.mp3	131701	2026-04-23T01:58:57+00:00
audio/elara/elara.archives.corrupted-scroll-rack.look.fragmented.mp3	131701	2026-05-01T07:35:55+00:00
audio/elara/elara.medbay.neural-bridge.talk.fragmented.mp3	131701	2026-04-30T05:22:20+00:00
audio/elara/elara.synthesis-chamber.recipe-board.look.fragmented.mp3	131701	2026-05-01T07:36:00+00:00
audio/human/human.observation-deck.bond-resonance-altar.talk.shadow.mp3	131701	2026-05-07T01:31:17+00:00
audio/human/human.war-room.holo-table.use.shadow.mp3	131701	2026-05-07T01:31:18+00:00
vo/prestige/prestige-ceremony-close.mp3	131701	2026-04-30T05:22:41+00:00
art/rooms/room-mess-hall.webp	131564	2026-04-22T04:31:00+00:00
audio/elara/act1_wanda_wyrlord__elaraPreMatch.mp3	131283	2026-04-23T01:58:52+00:00
audio/elara/cryo_orient_04_luminous.mp3	131283	2026-04-23T01:58:57+00:00
audio/episodes/mechronis_m1_choric_compliance/mechronis_m1_scene_3_hidden_agenda/6.mp3	131283	2026-05-08T20:25:26+00:00
audio/human/human.captains-quarters.degens-corner.look.shadow.mp3	131283	2026-05-07T01:31:14+00:00
audio/human/human.captains-quarters.vex-workshop-diary.talk.shadow.mp3	131283	2026-05-07T01:31:14+00:00
audio/human/human.engineering.crafting-bench.talk.shadow.mp3	131283	2026-05-07T01:31:16+00:00
audio/human/human.observation-deck.panoramic-viewport.talk.shadow.mp3	131283	2026-05-07T01:31:16+00:00
audio/antiquarian/act1_wayne_warden__engineerMemoirCloseWin.mp3	130447	2026-04-22T04:34:29+00:00
audio/elara/act1_vernon_vortex__elaraPreMatch.mp3	130447	2026-04-23T01:58:52+00:00
audio/elara/ask_elara_compassion_act6.mp3	130447	2026-05-07T01:30:45+00:00
audio/elara/cryo_threshold_medbay_luminous.mp3	130447	2026-04-23T01:58:57+00:00
audio/episodes/celebration_c9_the_match/celebration_c9_scene_2_the_game/6.mp3	130447	2026-05-08T20:25:24+00:00
audio/human/detective.comms-array.voice-in-the-static.look.shadow.mp3	130447	2026-05-01T07:36:02+00:00
audio/human/human.antiquarian-library.card-catalog.use.shadow.mp3	130447	2026-05-07T01:31:13+00:00
audio/human/human.antiquarian-library.velkraals-correspondence-folio.use.shadow.mp3	130447	2026-05-07T01:31:14+00:00
audio/human/human.engineering.instruction-manual.talk.shadow.mp3	130447	2026-05-07T01:31:16+00:00
audio/human/human.engineering.reactor-core.talk.shadow.mp3	130447	2026-05-14T16:47:57+00:00
art/cinematics/02_hierarchy_reveal/keyframes/beat2_mol_garath_stand.webp	129802	2026-04-28T04:41:04+00:00
art/trade-empire/eras/era_first_light.webp	129656	2026-04-28T02:08:17+00:00
audio/act5/cades-m1-brief.mp3	129611	2026-04-30T05:21:56+00:00
audio/elara/act1_wayne_warden__elaraPreMatch.mp3	129611	2026-04-23T01:58:53+00:00
audio/elara/elara.oracle-sanctum.seers-recording-cabinet.talk.fragmented.mp3	129611	2026-05-07T01:30:58+00:00
audio/elara/elara.station-dock.codas-trading-floor.use.fragmented.mp3	129611	2026-05-07T01:31:00+00:00
audio/elara/pet_bond_complete_fragmented.mp3	129611	2026-04-23T01:59:00+00:00
audio/elara/stability_drift_lucid.mp3	129611	2026-04-23T01:59:02+00:00
audio/elara/unlock_daily_rewards_fragmented.mp3	129611	2026-04-23T01:59:04+00:00
audio/episodes/celebration_c10_the_arks_rise/celebration_c10_scene_1_the_build/3.mp3	129611	2026-05-08T20:25:19+00:00
audio/episodes/mechronis_m3_the_trade_exercise/mechronis_m3_scene_1_the_question_price/2.mp3	129611	2026-05-08T20:25:27+00:00
audio/human/detective.archives.data-banks.look.t4.shadow.mp3	129611	2026-04-30T05:22:23+00:00
audio/human/detective.comms-array.static-screen.look.t1.shadow.mp3	129611	2026-04-30T05:22:33+00:00
art/cards/s1_char_018.webp	129058	2026-04-22T04:28:43+00:00
audio/act5/cades-m7-debrief.mp3	128775	2026-04-30T05:21:57+00:00
audio/elara/cryo_inv_torn_id_fragmented.mp3	128775	2026-04-23T01:58:56+00:00
audio/elara/elara.bridge.nav-console.talk.fragmented.mp3	128775	2026-05-14T16:47:50+00:00
audio/elara/elara_beat_d_17000_year_mission.mp3	128775	2026-04-23T01:58:57+00:00
audio/elara/stability_drift_luminous.mp3	128775	2026-04-23T01:59:02+00:00
audio/elara/tut_first_steps_fs2_lucid.mp3	128775	2026-04-23T01:59:03+00:00
audio/human/cc_game_master_first_loss_human.mp3	128775	2026-05-07T01:31:11+00:00
audio/human/detective.shadow-vault.manuscript-pile.look.shadow.mp3	128775	2026-05-01T07:36:02+00:00
audio/human/human.antiquarian-library.card-catalog.talk.shadow.mp3	128775	2026-05-07T01:31:13+00:00
audio/human/human.order-tribunal.judges-bench.look.warm.mp3	128775	2026-05-07T01:31:17+00:00
art/cinematics/02_hierarchy_reveal/keyframes/beat1_boardroom_doors.webp	128726	2026-04-28T04:41:04+00:00
art/eidolons/cog/cog-norm-frag.webp	128140	2026-04-22T04:29:24+00:00
art/cards/allegiance/_grids/architect_allegiance_grid.webp	127978	2026-04-28T02:44:41+00:00
audio/antiquarian/act1_wayne_warden__engineerMemoirCloseLoss.mp3	127939	2026-04-22T04:34:29+00:00
audio/antiquarian/act1_young_agent_zero__opponentMidMatchEarly.mp3	127939	2026-04-22T04:34:29+00:00
audio/elara/act1_young_iron_lion__elaraPreMatch.mp3	127939	2026-04-23T01:58:53+00:00
audio/elara/pet_bond_complete_lucid.mp3	127939	2026-04-23T01:59:00+00:00
audio/episodes/celebration_c1_the_watch/celebration_c1_scene_3_ghost_appears/6.mp3	127939	2026-05-08T20:25:21+00:00
audio/human/cc_gov_kael_taken_human.mp3	127939	2026-05-07T01:31:11+00:00
audio/human/human.engineering.crafting-bench.use.warm.mp3	127939	2026-05-07T01:31:16+00:00
audio/act3/te-doctrine-adopt-iron_wall_doctrine.mp3	127521	2026-04-30T05:21:54+00:00
audio/act3/te-encounter-outcome-listener-answer.mp3	127521	2026-04-30T05:21:55+00:00
audio/act3/te-sanity-below60.mp3	127521	2026-04-30T05:21:56+00:00
audio/antiquarian/act1_young_iron_lion__opponentMidMatchMid.mp3	127521	2026-04-22T04:34:29+00:00
audio/elara/act1_wayne_warden__elaraPostMatchLoss.mp3	127521	2026-04-23T01:58:53+00:00
audio/human/detective.medbay.bio-bed.use.t1.shadow.mp3	127521	2026-04-30T05:22:36+00:00
audio/human/human.oracle-sanctum.incense-brazier.look.shadow.mp3	127521	2026-05-07T01:31:16+00:00
audio/human/human.oracle-sanctum.incense-brazier.use.shadow.mp3	127521	2026-05-07T01:31:16+00:00
audio/human/human.oracle-sanctum.prophecy-tablet.look.shadow.mp3	127521	2026-05-07T01:31:17+00:00
audio/human/human_bond80_quiet_human_shadow.mp3	127521	2026-04-22T04:34:35+00:00
characters/the_meme/blink.avif	127419	2026-04-23T16:21:31+00:00
art/vfx/prelude/mission-glyph-bloom_end.webp	127384	2026-04-25T18:24:35+00:00
audio/antiquarian/act1_young_kael__opponentMidMatchLate.mp3	126685	2026-04-22T04:34:30+00:00
audio/elara/cryo_inv_torn_id_lucid.mp3	126685	2026-04-23T01:58:56+00:00
audio/elara/cryo_orient_07_fragmented.mp3	126685	2026-04-23T01:58:57+00:00
audio/human/detective.cryo.dead-pod.look.t4.shadow.mp3	126685	2026-04-30T05:22:35+00:00
audio/human/human.antiquarian-library.locked-vault.use.shadow.mp3	126685	2026-05-07T01:31:14+00:00
characters/iron_lion/expressions.avif	126466	2026-04-23T16:21:31+00:00
audio/elara/elara.cipher-den.dictionary-of-edits.talk.fragmented.mp3	125849	2026-05-01T07:35:56+00:00
audio/episodes/celebration_c1_the_watch/celebration_c1_scene_3_ghost_appears/4.mp3	125849	2026-05-08T20:25:21+00:00
audio/human/detective.bridge.timeline-projector.look.t2.shadow.mp3	125849	2026-04-30T05:22:31+00:00
audio/human/human.dreams-workshop.fragment-rack.use.shadow.mp3	125849	2026-05-07T01:31:15+00:00
characters/agent_zero/breathing.avif	125420	2026-04-23T16:21:30+00:00
audio/act3/te-civic-adopt-order_remembrance.mp3	125013	2026-04-30T05:21:53+00:00
audio/human/human.order-tribunal.evidence-locker.use.shadow.mp3	125013	2026-05-07T01:31:17+00:00
audio/human/locked_armory_shadow.mp3	125013	2026-04-22T04:34:36+00:00
characters/necromancer/viseme.avif	124979	2026-04-25T01:51:02+00:00
audio/elara/awake_step_element_earth.mp3	124595	2026-04-23T01:58:54+00:00
audio/elara/cryo_orient_05_lucid.mp3	124595	2026-04-23T01:58:57+00:00
audio/elara/tut_first_steps_fs9_fragmented.mp3	124595	2026-04-23T01:59:03+00:00
audio/episodes/celebration_c12_the_last_good_day/celebration_c12_scene_1_the_bench/1.mp3	124595	2026-05-08T20:25:20+00:00
audio/human/detective.archives.indigo-glow-lectern.look.shadow.mp3	124595	2026-05-01T07:36:01+00:00
audio/human/detective.bridge.tactical-display.look.t3.shadow.mp3	124595	2026-04-30T05:22:32+00:00
audio/human/detective.medbay.neural-bridge.talk.warm.mp3	124595	2026-04-30T05:22:38+00:00
audio/human/detective.shadow-vault.sealed-cell-glass.look.shadow.mp3	124595	2026-05-01T07:36:02+00:00
audio/human/human.comms-array.egg-signal.use.shadow.mp3	124595	2026-05-07T01:31:15+00:00
audio/human/human.dreams-workshop.mirror-pool.look.shadow.mp3	124595	2026-05-07T01:31:15+00:00
characters/agent_zero/viseme.avif	124401	2026-04-25T01:51:02+00:00
art/rooms/room-briefing-room.webp	123854	2026-04-22T04:30:56+00:00
audio/elara/act1_warlord_nano_swarm__elaraPreMatch.mp3	123759	2026-04-23T01:58:53+00:00
audio/elara/elara.bridge.captains-chair.use.t1.fragmented.mp3	123759	2026-04-30T05:22:04+00:00
audio/elara/elara.medbay.medicine-cabinet.use.lucid.mp3	123759	2026-04-30T05:22:20+00:00
audio/human/human.antiquarian-library.locked-vault.look.shadow.mp3	123759	2026-05-07T01:31:14+00:00
audio/human/human_bond80_keep_both_shadow.mp3	123759	2026-04-22T04:34:35+00:00
characters/gamemaster/expressions.avif	123639	2026-04-23T16:21:31+00:00
characters/degen/viseme.avif	123533	2026-04-25T01:51:02+00:00
art/slideshows/album5/T07/sih_t07_f03.webp	123344	2026-05-07T16:50:52+00:00
audio/elara/act1_young_kael__elaraPreMatch.mp3	122924	2026-04-23T01:58:53+00:00
audio/human/cc_act7_pattern_chosen_human.mp3	122924	2026-05-07T01:31:11+00:00
audio/human/detective.bridge.nav-console.look.t1.shadow.mp3	122924	2026-04-30T05:22:32+00:00
audio/human/human.engineering.egg-eng-formula.look.shadow.mp3	122924	2026-05-07T01:31:16+00:00
vo/act6/stance-reluctant-ally.mp3	122924	2026-04-30T05:22:40+00:00
characters/agent_zero/bust.avif	122873	2026-04-25T01:51:02+00:00
characters/agent_zero/blink.avif	122628	2026-04-23T16:21:30+00:00
art/cutscenes/prelude/beat-d5-galley_end.webp	122126	2026-04-25T18:23:28+00:00
audio/act3/te-doom-whisper-visitors.mp3	122088	2026-04-30T05:21:54+00:00
audio/act5/cades-m6-mid.mp3	122088	2026-04-30T05:21:57+00:00
audio/human/act1_young_human_seeker__humanPostMatchWin.mp3	122088	2026-04-22T04:34:35+00:00
audio/human/detective.medbay.medicine-cabinet.use.balanced.mp3	122088	2026-04-30T05:22:38+00:00
audio/human/human.antiquarian-library.hierophants-marginalia-stack.talk.shadow.mp3	122088	2026-05-07T01:31:13+00:00
art/cinematics/03_act1_memoir/keyframes/beat2_stone_rises.webp	121950	2026-04-28T04:41:04+00:00
art/slideshows/album1/T12/T12_15.webp	121852	2026-04-29T00:30:58+00:00
art/trade-empire/fleet/fleet_cruiser.webp	121614	2026-04-28T02:08:17+00:00
characters/the_source/breathing.avif	121539	2026-04-23T16:21:32+00:00
art/rooms/room-medical-bay.webp	121402	2026-04-22T04:30:59+00:00
audio/act3/te-civic-adopt-doctrine_nomad.mp3	121252	2026-04-30T05:21:53+00:00
audio/act3/te-doctrine-adopt-swarm_doctrine.mp3	121252	2026-04-30T05:21:54+00:00
audio/antiquarian/act1_corey_collector__opponentMidMatchEarly.mp3	121252	2026-04-22T04:34:28+00:00
audio/antiquarian/act1_young_iron_lion__engineerMemoirCloseWin.mp3	121252	2026-04-22T04:34:29+00:00
audio/elara/awake_step_element_void.mp3	121252	2026-04-23T01:58:54+00:00
audio/elara/pet_bond_complete_luminous.mp3	121252	2026-04-23T01:59:00+00:00
audio/human/cc_beat_j_tease_start.mp3	121252	2026-05-07T01:31:11+00:00
audio/human/human.captains-quarters.degens-corner.use.shadow.mp3	121252	2026-05-07T01:31:14+00:00
characters/eyes/expressions.avif	121165	2026-04-23T16:21:31+00:00
art/cards/class/_grids/neyon_class_grid.webp	121152	2026-04-28T02:44:42+00:00
art/eidolons/nyx/nyx-hier-asc.webp	120880	2026-04-22T04:29:27+00:00
audio/act5/cades-m3-debrief.mp3	120834	2026-04-30T05:21:56+00:00
audio/elara/elara.antiquarian-library.hierophants-marginalia-stack.look.fragmented.mp3	120834	2026-05-07T01:30:51+00:00
audio/elara/elara.cargo-hold.rubber-chicken.talk.lucid.mp3	120834	2026-04-30T05:22:10+00:00
audio/elara/elara.cipher-den.cross-arc-thanks-card.look.fragmented.mp3	120834	2026-05-07T01:30:53+00:00
audio/elara/elara.order-tribunal.mol-vereth-audit-ledger.look.fragmented.mp3	120834	2026-05-07T01:30:59+00:00
audio/human/cc_act4_army_unlocked_human.mp3	120834	2026-05-07T01:31:10+00:00
characters/the_antiquarian/expressions.avif	120590	2026-04-23T16:21:31+00:00
art/eidolons/auros/auros-hier-comp.webp	120166	2026-04-22T04:29:17+00:00
audio/elara/elara.archives.data-banks.talk.fragmented.mp3	119998	2026-04-30T05:22:00+00:00
audio/elara/elara.station-dock.airlock-control.look.fragmented.mp3	119998	2026-05-01T07:36:00+00:00
audio/human/detective.comms-array.radio-console.look.t1.shadow.mp3	119998	2026-04-30T05:22:32+00:00
audio/human/human.antiquarian-library.locked-vault.talk.shadow.mp3	119998	2026-05-07T01:31:14+00:00
audio/human/human.dreams-workshop.fragment-rack.talk.shadow.mp3	119998	2026-05-07T01:31:15+00:00
audio/human/human.order-tribunal.judges-bench.look.shadow.mp3	119998	2026-05-07T01:31:17+00:00
characters/adjudicator_locke/breathing.avif	119652	2026-04-23T16:21:30+00:00
audio/act3/te-doctrine-adopt-antiquarian_tempo.mp3	119162	2026-04-30T05:21:54+00:00
audio/antiquarian/act1_young_kael__engineerMemoirCloseLoss.mp3	119162	2026-04-22T04:34:29+00:00
audio/elara/act1_young_agent_zero__elaraPreMatch.mp3	119162	2026-04-23T01:58:53+00:00
audio/elara/cryo_orient_02_luminous.mp3	119162	2026-04-23T01:58:56+00:00
audio/elara/elara.cipher-den.rosetta-pad.look.fragmented.mp3	119162	2026-05-01T07:35:56+00:00
audio/elara/tut_first_steps_fs2_fragmented.mp3	119162	2026-04-23T01:59:03+00:00
audio/human/human.oracle-sanctum.prophecy-tablet.use.warm.mp3	119162	2026-05-07T01:31:17+00:00
audio/human/human_bond80_quiet_both_shadow.mp3	119162	2026-04-22T04:34:35+00:00
characters/kael_recruiter/bust.avif	118691	2026-04-23T16:21:31+00:00
art/slideshows/album1/T10/T10_15.webp	118500	2026-04-29T00:30:57+00:00
audio/elara/act1_warlord_nano_swarm__elaraPostMatchLoss.mp3	118326	2026-04-23T01:58:52+00:00
audio/elara/cc_track37_elara.mp3	118326	2026-05-07T01:30:49+00:00
audio/elara/elara.cargo-hold.rubber-chicken.talk.luminous.mp3	118326	2026-04-30T05:22:10+00:00
audio/episodes/celebration_c11_the_uncles_verdict/celebration_c11_scene_2_the_verdict/2.mp3	118326	2026-05-08T20:25:20+00:00
audio/episodes/celebration_c9_the_match/celebration_c9_scene_3_the_win/1.mp3	118326	2026-05-08T20:25:24+00:00
audio/human/human.oracle-sanctum.incense-brazier.look.warm.mp3	118326	2026-05-07T01:31:16+00:00
audio/human/human.order-tribunal.mol-vereth-audit-ledger.look.shadow.mp3	118326	2026-05-07T01:31:17+00:00
audio/human/human_bond80_quiet_human_warm.mp3	118326	2026-04-22T04:34:35+00:00
audio/human/human_first_words_balanced.mp3	118326	2026-04-22T04:34:35+00:00
art/cards/class/_grids/assassin_class_grid.webp	117934	2026-04-28T02:44:42+00:00
audio/elara/act1_young_eyes__elaraPreMatch.mp3	117908	2026-04-23T01:58:53+00:00
audio/elara/elara.antiquarian-library.locked-vault.talk.fragmented.mp3	117908	2026-05-07T01:30:50+00:00
audio/elara/elara.bridge.captains-coffee.use.lucid.mp3	117908	2026-04-30T05:22:05+00:00
audio/elara/elara.dreams-workshop.mirror-pool.look.fragmented.mp3	117908	2026-05-01T07:35:57+00:00
audio/elara/elara.engineering-core.core-terminal.look.fragmented.mp3	117908	2026-05-01T07:35:57+00:00
audio/elara/elara.medbay.medicine-cabinet.use.fragmented.mp3	117908	2026-04-30T05:22:20+00:00
audio/elara/elara.shadow-vault.release-or-seal-lever.look.fragmented.mp3	117908	2026-05-07T01:30:59+00:00
audio/episodes/celebration_c1_the_watch/celebration_c1_scene_4_aftermath/1.mp3	117908	2026-05-08T20:25:21+00:00
audio/human/detective.cryo.frosted-glass.look.shadow.mp3	117908	2026-04-30T05:22:35+00:00
audio/human/detective.medbay.bio-bed.look.t1.shadow.mp3	117908	2026-04-30T05:22:36+00:00
audio/human/detective.medbay.bio-bed.look.t1.warm.mp3	117908	2026-04-30T05:22:36+00:00
audio/human/human_bond80_keep_both_balanced.mp3	117908	2026-04-22T04:34:35+00:00
art/trade-empire/fleet/fleet_frigate.webp	117818	2026-04-28T02:08:17+00:00
characters/warlord/bust.avif	117786	2026-04-25T04:05:58+00:00
art/vfx/prelude/human-palm-frost_start.webp	117670	2026-04-25T18:24:32+00:00
art/vfx/act_spells/kf_soul_map_lock.webp	117562	2026-04-28T04:41:05+00:00
audio/act3/te-encounter-outcome-counted-hunt.mp3	117072	2026-04-30T05:21:55+00:00
audio/elara/locked_generic_lucid.mp3	117072	2026-04-23T01:58:59+00:00
audio/episodes/celebration_c1_the_watch/celebration_c1_scene_2_malkia_arrives/4.mp3	117072	2026-05-08T20:25:20+00:00
audio/human/human.dreams-workshop.dream-loom.look.shadow.mp3	117072	2026-05-07T01:31:15+00:00
audio/human/human_bond80_quiet_human_balanced.mp3	117072	2026-04-22T04:34:35+00:00
audio/elara/awake_step_element_fire.mp3	116236	2026-04-23T01:58:54+00:00
audio/elara/elara.bridge.captains-coffee.look.t1.fragmented.mp3	116236	2026-04-30T05:22:04+00:00
audio/elara/locked_comms_fragmented.mp3	116236	2026-04-23T01:58:58+00:00
audio/elara/pet_bond_race_luminous.mp3	116236	2026-04-23T01:59:00+00:00
audio/elara/stability_care_check_lucid.mp3	116236	2026-04-23T01:59:02+00:00
audio/human/human.medbay.dna-helix.use.shadow.mp3	116236	2026-05-14T16:47:57+00:00
characters/the_human/expressions.avif	115438	2026-04-23T16:21:31+00:00
audio/act3/te-civic-adopt-order_council.mp3	115400	2026-04-30T05:21:53+00:00
audio/antiquarian/act1_young_iron_lion__engineerMemoirIntro.mp3	115400	2026-04-22T04:34:29+00:00
audio/elara/awake_step_element_water.mp3	115400	2026-04-23T01:58:54+00:00
audio/elara/elara.cipher-den.vex-seer-pair-binder.use.fragmented.mp3	115400	2026-05-07T01:30:54+00:00
audio/elara/elara.engineering-core.coolant-pipe.look.fragmented.mp3	115400	2026-05-01T07:35:58+00:00
audio/elara/elara_fc_3.mp3	115400	2026-04-23T01:58:57+00:00
audio/human/human.engineering.reactor-core.look.shadow.mp3	115400	2026-05-14T16:47:57+00:00
audio/human/human.station-dock.codas-trading-floor.talk.shadow.mp3	115400	2026-05-07T01:31:18+00:00
characters/gamemaster/blink.avif	114698	2026-04-23T16:21:31+00:00
audio/act3/te-era-advance-ark_awakening.mp3	114564	2026-04-30T05:21:55+00:00
audio/elara/awake_step_element_air.mp3	114564	2026-05-14T16:47:49+00:00
audio/elara/elara.cryo.cracked-panel.look.t2.fragmented.mp3	114564	2026-04-30T05:22:13+00:00
audio/elara/elara.engineering.instruction-manual.look.t1.fragmented.mp3	114564	2026-04-30T05:22:15+00:00
audio/episodes/mechronis_m11_the_patrons_true_face/mechronis_m11_scene_1_the_reveal/1.mp3	114564	2026-05-08T20:25:25+00:00
audio/human/human.captains-quarters.vex-workshop-diary.use.shadow.mp3	114564	2026-05-07T01:31:14+00:00
art/trade-empire/sectors/sector_thaloria.webp	114484	2026-04-28T02:08:18+00:00
art/slideshows/album5/T12/sih_t12_f05.webp	114330	2026-05-07T16:50:56+00:00
audio/act5/cades-m5-debrief.mp3	114146	2026-04-30T05:21:57+00:00
audio/elara/elara.oracle-sanctum.incense-brazier.look.fragmented.mp3	114146	2026-05-01T07:35:59+00:00
audio/episodes/celebration_c11_the_uncles_verdict/celebration_c11_scene_1_the_breach/2.mp3	114146	2026-05-08T20:25:20+00:00
audio/human/human.antiquarian-library.codas-purpose-shelf.use.shadow.mp3	114146	2026-05-07T01:31:13+00:00
audio/human/human_bond80_quiet_elara_shadow.mp3	114146	2026-04-22T04:34:35+00:00
characters/shadow_tongue/bust.avif	113991	2026-04-25T04:05:57+00:00
audio/elara/cc_beat_d_all_slates.mp3	113311	2026-05-07T01:30:48+00:00
audio/human/detective.bridge.captains-chair.talk.shadow.mp3	113311	2026-04-30T05:22:26+00:00
audio/human/human.antiquarian-library.insurgency-witness-roster.look.shadow.mp3	113311	2026-05-07T01:31:13+00:00
vo/act7/convergence-landing-human.mp3	113311	2026-04-30T05:22:41+00:00
characters/programmer/breathing.avif	113225	2026-04-23T16:21:31+00:00
characters/the_antiquarian/breathing.avif	112599	2026-04-23T16:21:31+00:00
audio/elara/awake_step_confirm.mp3	112475	2026-04-23T01:58:54+00:00
audio/elara/elara.chaos-forge.entropy-vat.look.fragmented.mp3	112475	2026-05-01T07:35:57+00:00
audio/elara/elara.shadow-vault.warden-terminal.look.fragmented.mp3	112475	2026-05-07T01:30:59+00:00
audio/elara/pet_bond_class_fragmented.mp3	112475	2026-04-23T01:59:00+00:00
characters/warlord/breathing.avif	112238	2026-04-23T16:21:32+00:00
characters/adjudicator_locke/viseme.avif	112034	2026-04-25T01:51:02+00:00
audio/elara/elara.oracle-sanctum.incense-brazier.talk.fragmented.mp3	111639	2026-05-07T01:30:57+00:00
audio/elara/elara.war-room.casualty-board.look.fragmented.mp3	111639	2026-05-01T07:36:00+00:00
audio/human/human.order-tribunal.mol-vereth-audit-ledger.use.shadow.mp3	111639	2026-05-07T01:31:17+00:00
audio/human/human.captains-quarters.cat-photo.use.shadow.mp3	111221	2026-05-07T01:31:14+00:00
audio/human/human.oracle-sanctum.oracle-pool.look.shadow.mp3	111221	2026-05-07T01:31:16+00:00
characters/iron_lion/blink.avif	110915	2026-04-23T16:21:31+00:00
art/cards/class/_grids/oracle_class_grid.webp	110414	2026-04-28T02:44:42+00:00
audio/act5/cades-m2-brief.mp3	110385	2026-04-30T05:21:56+00:00
audio/antiquarian/act1_young_agent_zero__opponentMidMatchMid.mp3	110385	2026-04-22T04:34:29+00:00
audio/elara/elara.observation-deck.panoramic-viewport.talk.fragmented.mp3	110385	2026-05-07T01:30:57+00:00
audio/elara/pet_intro_01_luminous.mp3	110385	2026-04-23T01:59:00+00:00
audio/elara/tut_first_steps_fs1_fragmented.mp3	110385	2026-04-23T01:59:03+00:00
audio/elara/tut_first_steps_fs3_fragmented.mp3	110385	2026-04-23T01:59:03+00:00
audio/episodes/celebration_c1_the_watch/celebration_c1_scene_2_malkia_arrives/5.mp3	110385	2026-05-08T20:25:21+00:00
audio/human/act1_warlord_nano_swarm__humanPreMatch.mp3	110385	2026-04-22T04:34:35+00:00
audio/human/detective.comms-array.egg-signal.look.shadow.mp3	110385	2026-04-30T05:22:32+00:00
audio/human/human.engineering-core.coolant-pipe.look.shadow.mp3	110385	2026-05-07T01:31:15+00:00
audio/human/human.engineering.blueprints.talk.shadow.mp3	110385	2026-05-14T16:47:57+00:00
characters/engineer/bust.avif	109835	2026-04-23T16:21:30+00:00
characters/eyes/breathing.avif	109746	2026-04-23T16:21:31+00:00
audio/antiquarian/act1_young_eyes__opponentMidMatchLate.mp3	109549	2026-04-22T04:34:29+00:00
audio/elara/act1_kanshi_sha_watcher__elaraPreMatch.mp3	109549	2026-04-23T01:58:52+00:00
audio/elara/act1_wanda_wyrlord__elaraPostMatchWin.mp3	109549	2026-04-23T01:58:52+00:00
audio/elara/act1_young_human_seeker__elaraPreMatch.mp3	109549	2026-04-23T01:58:53+00:00
audio/elara/elara.antiquarian-library.insurgency-witness-roster.look.fragmented.mp3	109549	2026-05-07T01:30:50+00:00
audio/elara/elara.medbay.bio-bed.talk.lucid.mp3	109549	2026-04-30T05:22:16+00:00
audio/human/cc_act1_first_opponent_human.mp3	109549	2026-05-07T01:31:10+00:00
audio/human/cc_archon_offer.mp3	109549	2026-05-07T01:31:11+00:00
audio/human/detective.bridge.captains-chair.look.t4.shadow.mp3	109549	2026-04-30T05:22:26+00:00
audio/human/human.engineering.crafting-bench.use.shadow.mp3	109549	2026-05-07T01:31:16+00:00
characters/cades/bust.avif	109173	2026-04-23T16:21:30+00:00
art/broadcasts/dev_diary_01_engineering_the_ark.webp	109150	2026-04-22T04:28:21+00:00
art/vfx/prelude/galley-steam-residue.webm	109149	2026-04-22T04:34:25+00:00
audio/act3/te-doom-whisper-counted.mp3	108713	2026-04-30T05:21:54+00:00
audio/elara/act1_young_kael__elaraPostMatchWin.mp3	108713	2026-04-23T01:58:53+00:00
audio/elara/awake_step_element_light.mp3	108713	2026-04-23T01:58:54+00:00
audio/elara/pet_bond_class_lucid.mp3	108713	2026-04-23T01:59:00+00:00
audio/elara/pet_bond_class_luminous.mp3	108713	2026-04-23T01:59:00+00:00
audio/human/act1_wayne_warden__humanPostMatchLoss.mp3	108713	2026-04-22T04:34:35+00:00
audio/human/detective.medbay.neural-bridge.talk.shadow.mp3	108713	2026-04-30T05:22:38+00:00
characters/warlord/expressions.avif	108226	2026-04-23T16:21:32+00:00
characters/elara/front_turnaround.avif	107970	2026-04-23T16:21:30+00:00
characters/enigma/expressions.avif	107884	2026-04-23T16:21:31+00:00
audio/act5/cades-m5-mid.mp3	107877	2026-04-30T05:21:57+00:00
audio/elara/elara.archives.unnameable-hue-cabinet.use.fragmented.mp3	107877	2026-05-07T01:30:51+00:00
audio/elara/elara.cryo.med-bay-door.use.mp3	107877	2026-04-30T05:22:15+00:00
audio/elara/elara.medbay.medical-log.talk.fragmented.mp3	107877	2026-05-14T16:47:52+00:00
audio/elara/tut_first_steps_fs7_lucid.mp3	107877	2026-04-23T01:59:03+00:00
audio/human/detective.cargo-hold.rubber-chicken.look.t3.shadow.mp3	107877	2026-04-30T05:22:32+00:00
audio/antiquarian/act1_warlord_nano_swarm__opponentMidMatchLate.mp3	107459	2026-04-22T04:34:29+00:00
audio/antiquarian/act1_young_human_seeker__opponentMidMatchLate.mp3	107459	2026-04-22T04:34:29+00:00
audio/elara/elara.forge-workshop.anvil.look.fragmented.mp3	107459	2026-05-01T07:35:58+00:00
audio/elara/elara.forge-workshop.kiln.look.fragmented.mp3	107459	2026-05-01T07:35:58+00:00
characters/matrikala/expressions.avif	107426	2026-04-23T16:21:31+00:00
characters/adjudicator_locke/expressions.avif	107083	2026-04-23T16:21:30+00:00
audio/elara/cryo_orient_04_lucid.mp3	106623	2026-04-23T01:58:57+00:00
audio/elara/elara.antiquarian-library.antiquarian-bust.look.fragmented.mp3	106623	2026-05-01T07:35:55+00:00
audio/human/cc_beat_c5_palm_frost.mp3	106623	2026-05-07T01:31:11+00:00
audio/human/human.antiquarian-library.codas-purpose-shelf.talk.shadow.mp3	106623	2026-05-07T01:31:13+00:00
audio/human/human.oracle-sanctum.oracle-pool.use.shadow.mp3	106623	2026-05-07T01:31:17+00:00
characters/adjudicator_locke/bust.avif	106206	2026-04-23T16:21:30+00:00
art/trade-empire/encounters/encounter_dreamers_weeping.webp	106078	2026-04-28T02:08:17+00:00
art/vfx/prelude/log5-beam-transfer.webm	105926	2026-04-22T04:34:25+00:00
art/vfx/prelude/holo-pedestal-bloom-steady_state.webm	105881	2026-04-22T04:34:25+00:00
characters/gamemaster/bust.avif	105879	2026-04-23T16:21:31+00:00
audio/act3/te-encounter-outcome-weeping-consult.mp3	105787	2026-04-30T05:21:55+00:00
audio/act3/te-era-advance-sector_lord.mp3	105787	2026-04-30T05:21:55+00:00
audio/episodes/celebration_c4_under_the_floor/celebration_c4_scene_1_the_lair/1.mp3	105787	2026-05-08T20:25:22+00:00
audio/human/human.cipher-den.rosetta-pad.talk.shadow.mp3	105787	2026-05-07T01:31:14+00:00
art/trade-empire/sectors/sector_violetta_approach_lane.webp	105784	2026-04-28T02:08:18+00:00
art/slideshows/album5/T03/sih_t03_f07.webp	105228	2026-05-07T16:50:49+00:00
audio/antiquarian/act1_young_human_seeker__opponentMidMatchEarly.mp3	104951	2026-04-22T04:34:29+00:00
audio/elara/elara.comms-array.radio-console.talk.lucid.mp3	104951	2026-04-30T05:22:12+00:00
audio/human/human.captains-quarters.vex-workshop-diary.look.shadow.mp3	104951	2026-05-07T01:31:14+00:00
audio/elara/cine_close_luminous_01.mp3	104533	2026-04-23T01:58:55+00:00
audio/elara/cryo_orient_03_luminous.mp3	104533	2026-04-23T01:58:56+00:00
audio/elara/elara.armory.motivational-poster.talk.lucid.mp3	104533	2026-04-30T05:22:02+00:00
audio/elara/elara.medbay.bio-bed.look.t2.fragmented.mp3	104533	2026-04-30T05:22:16+00:00
audio/elara/elara.shadow-vault.sealed-cell-glass.look.fragmented.mp3	104533	2026-05-01T07:35:59+00:00
audio/human/act1_vernon_vortex__humanPostMatchLoss.mp3	104533	2026-04-22T04:34:35+00:00
audio/human/detective.cipher-den.rosetta-pad.look.shadow.mp3	104533	2026-05-01T07:36:02+00:00
audio/human/human_bond80_quiet_both_warm.mp3	104533	2026-04-22T04:34:35+00:00
audio/human/human_first_reply_soft_warm.mp3	104533	2026-04-22T04:34:35+00:00
audio/human/human_observation_balanced.mp3	104533	2026-04-22T04:34:35+00:00
art/trade-empire/civics/civic_economy_antiquarian_ledger.webp	104384	2026-04-28T02:08:17+00:00
audio/elara/cryo_inv_locket_luminous.mp3	103697	2026-04-23T01:58:56+00:00
audio/elara/elara.comms-array.voice-in-the-static.talk.fragmented.mp3	103697	2026-05-07T01:30:55+00:00
audio/elara/elara.observation-deck.purification-crystal-cradle.talk.mp3	103697	2026-05-07T01:30:57+00:00
audio/human/detective.armory.motivational-poster.look.t3.shadow.mp3	103697	2026-04-30T05:22:25+00:00
audio/human/detective.bridge.captains-coffee.use.shadow.mp3	103697	2026-04-30T05:22:27+00:00
audio/human/detective.cargo-hold.rubber-chicken.look.t2.shadow.mp3	103697	2026-04-30T05:22:31+00:00
audio/human/detective.medbay.dna-helix.look.t1.shadow.mp3	103697	2026-04-30T05:22:37+00:00
audio/human/human_bond80_quiet_both_balanced.mp3	103697	2026-04-22T04:34:35+00:00
audio/elara/act1_young_agent_zero__elaraPostMatchWin.mp3	102862	2026-04-23T01:58:53+00:00
audio/elara/cryo_orient_03_fragmented.mp3	102862	2026-04-23T01:58:56+00:00
audio/elara/tut_first_steps_fs8_fragmented.mp3	102862	2026-04-23T01:59:03+00:00
audio/episodes/celebration_c10_the_arks_rise/celebration_c10_scene_1_the_build/1.mp3	102862	2026-05-08T20:25:19+00:00
audio/human/detective.medbay.emergency-safe.use.warm.mp3	102862	2026-04-30T05:22:37+00:00
audio/human/human.war-room.holo-table.look.shadow.mp3	102862	2026-05-07T01:31:18+00:00
audio/antiquarian/act1_young_iron_lion__opponentMidMatchLate.mp3	102026	2026-04-22T04:34:29+00:00
audio/elara/elara.cryo.dead-pod.talk.mp3	102026	2026-04-30T05:22:14+00:00
audio/human/detective.cryo.medical-chart.look.t1.shadow.mp3	102026	2026-04-30T05:22:35+00:00
audio/human/human.engineering.schematic-pad.talk.warm.mp3	102026	2026-05-07T01:31:16+00:00
audio/elara/cc_act1_first_opponent_elara.mp3	101190	2026-05-07T01:30:46+00:00
audio/elara/elara.comms-array.radio-console.talk.fragmented.mp3	101190	2026-04-30T05:22:12+00:00
audio/elara/tut_first_steps_fs4_luminous.mp3	101190	2026-04-23T01:59:03+00:00
audio/human/act1_wanda_wyrlord__humanPreMatch.mp3	101190	2026-04-22T04:34:35+00:00
audio/human/detective.medbay.emergency-safe.use.shadow.mp3	101190	2026-04-30T05:22:37+00:00
audio/act3/te-doom-whisper-final.mp3	100772	2026-04-30T05:21:54+00:00
audio/antiquarian/act1_corey_collector__opponentMidMatchMid.mp3	100772	2026-04-22T04:34:28+00:00
audio/elara/cryo_inv_torn_id_luminous.mp3	100772	2026-04-23T01:58:56+00:00
art/eidolons/toxis/toxis-hier-frag.webp	100594	2026-04-22T04:29:39+00:00
audio/episodes/celebration_c1_the_watch/celebration_c1_scene_4_aftermath/0.mp3	99936	2026-05-08T20:25:21+00:00
audio/human/detective.bridge.tactical-display.look.t1.shadow.mp3	99936	2026-04-30T05:22:28+00:00
audio/human/human.cipher-den.vex-seer-pair-binder.use.shadow.mp3	99936	2026-05-07T01:31:15+00:00
art/cinematics/02_hierarchy_reveal/keyframes/beat3_contract_extend.webp	99560	2026-04-28T04:41:04+00:00
audio/antiquarian/act1_kanshi_sha_watcher__opponentMidMatchLate.mp3	99100	2026-04-22T04:34:28+00:00
audio/elara/bond80_keep_both_fragmented.mp3	99100	2026-04-23T01:58:54+00:00
audio/elara/elara.antiquarian-library.hierophants-marginalia-stack.talk.fragmented.mp3	99100	2026-05-07T01:30:51+00:00
audio/elara/elara.medbay.dna-helix.talk.fragmented.mp3	99100	2026-05-14T16:47:52+00:00
audio/guild-cutscenes/architect_epoch_privacy_001.mp3	99100	2026-05-02T14:01:17+00:00
audio/human/act1_wayne_warden__humanPreMatch.mp3	99100	2026-04-22T04:34:35+00:00
characters/collector/viseme.avif	98512	2026-04-25T01:51:02+00:00
characters/engineer/expressions.avif	98456	2026-04-23T16:21:30+00:00
audio/elara/act1_young_human_seeker__elaraPostMatchWin.mp3	98264	2026-04-23T01:58:53+00:00
audio/elara/tut_first_steps_fs9_luminous.mp3	98264	2026-04-23T01:59:03+00:00
audio/episodes/celebration_c4_under_the_floor/celebration_c4_scene_1_the_lair/2.mp3	98264	2026-05-08T20:25:22+00:00
audio/human/act1_warlord_nano_swarm__humanPostMatchWin.mp3	98264	2026-04-22T04:34:35+00:00
audio/elara/cryo_orient_01_lucid.mp3	97846	2026-04-23T01:58:56+00:00
audio/episodes/mechronis_m4_the_patrons_game/mechronis_m4_scene_1_the_exam_room/1.mp3	97846	2026-05-08T20:25:27+00:00
characters/adjudicator_locke/blink.avif	97588	2026-04-23T16:21:30+00:00
characters/seer/bust.avif	97114	2026-04-23T16:21:31+00:00
audio/elara/elara.bridge.tactical-display.talk.lucid.mp3	97010	2026-04-30T05:22:07+00:00
audio/elara/elara.comms-array.voice-in-the-static.use.fragmented.mp3	97010	2026-05-07T01:30:54+00:00
audio/elara/tut_first_steps_fs8_lucid.mp3	97010	2026-04-23T01:59:03+00:00
audio/episodes/celebration_c12_the_last_good_day/celebration_c12_scene_1_the_bench/3.mp3	97010	2026-05-08T20:25:20+00:00
audio/guild-cutscenes/gm_contracts_weekly_001.mp3	97010	2026-05-02T14:01:14+00:00
audio/human/detective.cryo.personal-effect.look.shadow.mp3	97010	2026-04-30T05:22:36+00:00
audio/human/human.cipher-den.encrypted-correspondence.use.shadow.mp3	97010	2026-05-07T01:31:14+00:00
characters/degen/expressions.avif	96264	2026-04-23T16:21:30+00:00
audio/elara/act1_young_human_seeker__elaraPostMatchLoss.mp3	96174	2026-04-23T01:58:53+00:00
audio/elara/tut_first_steps_fs1_luminous.mp3	96174	2026-04-23T01:59:03+00:00
audio/episodes/mechronis_m2_applied_surveillance/mechronis_m2_scene_2_the_agenda/1.mp3	96174	2026-05-08T20:25:27+00:00
audio/human/human.engineering.reactor-core.use.shadow.mp3	96174	2026-05-14T16:47:57+00:00
characters/collector/expressions.avif	95948	2026-04-23T16:21:30+00:00
characters/cades/breathing.avif	95912	2026-04-23T16:21:30+00:00
characters/degen/breathing.avif	95614	2026-04-23T16:21:30+00:00
audio/elara/elara.medbay.bio-bed.use.t1.fragmented.mp3	95338	2026-04-30T05:22:16+00:00
audio/elara/tut_first_steps_fs3_lucid.mp3	95338	2026-04-23T01:59:03+00:00
audio/episodes/celebration_c12_the_last_good_day/celebration_c12_scene_2_the_line_lands/8.mp3	95338	2026-05-08T20:25:20+00:00
audio/human/act1_corey_collector__humanPreMatch.mp3	95338	2026-04-22T04:34:35+00:00
audio/human/act1_wanda_wyrlord__humanPostMatchWin.mp3	95338	2026-04-22T04:34:35+00:00
audio/human/act1_young_agent_zero__humanPreMatch.mp3	95338	2026-04-22T04:34:35+00:00
audio/human/act1_young_iron_lion__humanPreMatch.mp3	95338	2026-04-22T04:34:35+00:00
audio/human/detective.armory.motivational-poster.look.t1.shadow.mp3	95338	2026-04-30T05:22:24+00:00
characters/iron_lion/bust.avif	94793	2026-04-23T16:21:31+00:00
art/slideshows/album5/T23/sih_t23_f05.webp	94682	2026-05-07T16:51:06+00:00
art/eidolons/auros/auros-hier-frag.webp	94604	2026-04-22T04:29:17+00:00
audio/elara/act1_minnie_meme__elaraPreMatch.mp3	94502	2026-04-23T01:58:52+00:00
audio/elara/act1_warlord_nano_swarm__elaraPostMatchWin.mp3	94502	2026-04-23T01:58:52+00:00
audio/elara/act1_young_agent_zero__elaraPostMatchLoss.mp3	94502	2026-04-23T01:58:53+00:00
audio/elara/cryo_orient_01_luminous.mp3	94502	2026-04-23T01:58:56+00:00
audio/elara/elara.bridge.diplomacy-table.talk.fragmented.mp3	94502	2026-05-14T16:47:50+00:00
audio/elara/elara.war-room.signal-flag-rack.look.fragmented.mp3	94502	2026-05-01T07:36:00+00:00
art/trade-empire/doctrines/doctrine_swarm.webp	94336	2026-04-28T02:08:17+00:00
audio/elara/elara.antiquarian-library.velkraals-correspondence-folio.look.fragmented.mp3	94084	2026-05-07T01:30:51+00:00
audio/elara/elara.oracle-sanctum.oracle-pool.look.fragmented.mp3	94084	2026-05-01T07:35:59+00:00
art/misc/conexus_logo_emblem.webp	93830	2026-05-20T01:34:21+00:00
characters/eyes/blink.avif	93701	2026-04-23T16:21:31+00:00
audio/elara/awake_step_orientation.mp3	93248	2026-04-23T01:58:54+00:00
audio/elara/tut_first_steps_fs4_lucid.mp3	93248	2026-04-23T01:59:03+00:00
audio/human/human.cipher-den.cross-arc-thanks-card.look.shadow.mp3	93248	2026-05-07T01:31:14+00:00
audio/human/human.oracle-sanctum.incense-brazier.talk.shadow.mp3	93248	2026-05-07T01:31:16+00:00
art/vfx/prelude/starlight-shaft-dust.webm	92835	2026-04-22T04:34:26+00:00
characters/agent_zero/expressions.avif	92679	2026-04-23T16:21:30+00:00
audio/antiquarian/act1_minnie_meme__opponentMidMatchLate.mp3	92413	2026-04-22T04:34:28+00:00
audio/elara/elara.antiquarian-library.codas-purpose-shelf.look.fragmented.mp3	92413	2026-05-07T01:30:49+00:00
audio/elara/elara.archives.indigo-glow-lectern.use.fragmented.mp3	92413	2026-05-01T07:35:55+00:00
audio/human/detective.archives.corrupted-scroll-rack.look.shadow.mp3	92413	2026-05-01T07:36:01+00:00
audio/human/detective.archives.data-banks.talk.balanced.mp3	92413	2026-04-30T05:22:23+00:00
audio/human/human.cipher-den.rosetta-pad.use.shadow.mp3	92413	2026-05-07T01:31:14+00:00
audio/human/human.oracle-sanctum.seers-recording-cabinet.look.shadow.mp3	92413	2026-05-07T01:31:17+00:00
audio/human/human_observation_warm.mp3	92413	2026-04-22T04:34:35+00:00
characters/collector/bust.avif	92325	2026-04-23T16:21:30+00:00
audio/elara/cc_kael_discover.mp3	91577	2026-05-07T01:30:48+00:00
audio/elara/elara.antiquarian-library.locked-vault.look.fragmented.mp3	91577	2026-05-01T07:35:55+00:00
audio/elara/elara.engineering-core.reactor-coil.look.fragmented.mp3	91577	2026-05-01T07:35:58+00:00
audio/elara/tut_first_steps_fs9_lucid.mp3	91577	2026-04-23T01:59:03+00:00
audio/guild-cutscenes/architect_epoch_fall_001.mp3	91577	2026-05-02T14:01:10+00:00
audio/human/detective.captains-quarters.cat-photo.look.t1.shadow.mp3	91577	2026-04-30T05:22:31+00:00
audio/human/detective.medbay.medicine-cabinet.use.warm.mp3	91577	2026-04-30T05:22:38+00:00
art/vfx/prelude/holo-pedestal-bloom-activation.webm	91178	2026-04-22T04:34:25+00:00
art/vfx/prelude/holo-pedestal-bloom.webm	91178	2026-04-22T04:34:25+00:00
audio/act5/cades-m2-debrief.mp3	91159	2026-04-30T05:21:56+00:00
audio/elara/act1_vernon_vortex__elaraPostMatchLoss.mp3	91159	2026-04-23T01:58:52+00:00
audio/elara/elara.engineering.instruction-manual.use.fragmented.mp3	91159	2026-04-30T05:22:16+00:00
audio/elara/elara.engineering.schematic-pad.use.fragmented.mp3	91159	2026-05-01T07:35:58+00:00
characters/necromancer/expressions.avif	90921	2026-04-23T16:21:31+00:00
characters/programmer/viseme.avif	90605	2026-04-25T01:51:02+00:00
art/broadcasts/archival_engineers_last_log.webp	90548	2026-04-22T04:28:21+00:00
audio/act3/te-doom-whisper-naming.mp3	90323	2026-04-30T05:21:54+00:00
audio/elara/act1_minnie_meme__elaraPostMatchWin.mp3	90323	2026-04-23T01:58:52+00:00
audio/elara/pet_intro_01_fragmented.mp3	90323	2026-04-23T01:59:00+00:00
audio/elara/tut_first_steps_fs6_luminous.mp3	90323	2026-04-23T01:59:03+00:00
audio/human/act1_kanshi_sha_watcher__humanPreMatch.mp3	90323	2026-04-22T04:34:35+00:00
audio/human/act1_young_agent_zero__humanPostMatchWin.mp3	90323	2026-04-22T04:34:35+00:00
audio/human/act1_young_eyes__humanPreMatch.mp3	90323	2026-04-22T04:34:35+00:00
audio/human/detective.archives.tome.look.shadow.mp3	90323	2026-04-30T05:22:24+00:00
art/cinematics/04_act2_whisper/keyframes/beat2_whisper_emerges.webp	90188	2026-04-28T04:41:04+00:00
characters/engineer/breathing.avif	90172	2026-04-23T16:21:31+00:00
art/trade-empire/fleet/fleet_trader.webp	90036	2026-04-28T02:08:17+00:00
characters/degen/blink.avif	89958	2026-04-23T16:21:30+00:00
audio/act3/te-era-advance-first_light.mp3	89487	2026-04-30T05:21:55+00:00
audio/elara/act1_corey_collector__elaraPreMatch.mp3	89487	2026-04-23T01:58:52+00:00
audio/elara/act1_young_iron_lion__elaraPostMatchLoss.mp3	89487	2026-04-23T01:58:53+00:00
audio/episodes/celebration_c12_the_last_good_day/celebration_c12_scene_2_the_line_lands/3.mp3	89487	2026-05-08T20:25:20+00:00
audio/human/detective.cryo.data-slate.look.shadow.mp3	89487	2026-04-30T05:22:34+00:00
characters/warlord/blink.avif	88824	2026-04-23T16:21:32+00:00
audio/elara/awake_step_element_prompt.mp3	88651	2026-04-23T01:58:54+00:00
audio/elara/elara.medbay.medical-log.use.fragmented.mp3	88651	2026-05-14T16:47:52+00:00
audio/elara/elara.synthesis-chamber.synth-vat.look.fragmented.mp3	88651	2026-05-01T07:36:00+00:00
audio/episodes/mechronis_m7_trade_practicum/mechronis_m7_scene_1_the_market_sim/2.mp3	88651	2026-05-08T20:25:28+00:00
audio/human/act1_young_iron_lion__humanPostMatchWin.mp3	88651	2026-04-22T04:34:35+00:00
characters/enigma/breathing.avif	88572	2026-04-23T16:21:31+00:00
characters/degen/bust.avif	87858	2026-04-23T16:21:30+00:00
audio/elara/tut_first_steps_fs8_luminous.mp3	87815	2026-04-23T01:59:03+00:00
audio/guild-cutscenes/architect_epoch_revelation_001.mp3	87815	2026-05-02T14:01:11+00:00
audio/human/detective.cryo.dead-pod.talk.balanced.mp3	87815	2026-04-30T05:22:35+00:00
characters/the_human/reveal_end.avif	87679	2026-04-23T16:21:31+00:00
audio/elara/elara.quantum-lab.entanglement-rig.look.fragmented.mp3	87397	2026-05-01T07:35:59+00:00
audio/elara/tut_first_steps_fs7_fragmented.mp3	87397	2026-04-23T01:59:03+00:00
audio/episodes/celebration_c1_the_watch/celebration_c1_scene_3_ghost_appears/3.mp3	87397	2026-05-08T20:25:21+00:00
audio/human/act1_vernon_vortex__humanPostMatchWin.mp3	87397	2026-04-22T04:34:35+00:00
audio/human/act1_young_human_seeker__humanPostMatchLoss.mp3	87397	2026-04-22T04:34:35+00:00
audio/human/detective.medbay.dna-helix.look.t2.shadow.mp3	87397	2026-04-30T05:22:37+00:00
art/cinematics/04_act2_whisper/keyframes/beat3_4_empty_corridor.webp	86628	2026-04-28T04:41:04+00:00
audio/elara/elara.cipher-den.uncorruption-bench.look.fragmented.mp3	86561	2026-05-07T01:30:54+00:00
audio/elara/elara.comms-array.egg-signal.talk.fragmented.mp3	86561	2026-05-07T01:30:54+00:00
audio/elara/elara.order-tribunal.judges-bench.use.fragmented.mp3	86561	2026-05-07T01:30:58+00:00
audio/human/act1_wayne_warden__humanPostMatchWin.mp3	86561	2026-04-22T04:34:35+00:00
art/vfx/prelude/mission-glyph-bloom.webm	86070	2026-04-22T04:34:25+00:00
audio/elara/elara.bridge.captains-chair.talk.lucid.mp3	85725	2026-04-30T05:22:03+00:00
audio/elara/elara.chaos-forge.chaos-anvil.look.fragmented.mp3	85725	2026-05-01T07:35:56+00:00
audio/elara/elara.observation-deck.purification-crystal-cradle.look.fragmented.mp3	85725	2026-05-01T07:35:59+00:00
art/slideshows/album5/T23/sih_t23_f03.webp	85042	2026-05-07T16:51:06+00:00
audio/elara/elara.captains-quarters.cat-photo.use.fragmented.mp3	84889	2026-04-30T05:22:09+00:00
audio/elara/elara.oracle-sanctum.oracle-pool.use.fragmented.mp3	84889	2026-05-07T01:30:58+00:00
audio/human/act1_minnie_meme__humanPreMatch.mp3	84889	2026-04-22T04:34:35+00:00
audio/human/act1_vernon_vortex__humanPreMatch.mp3	84889	2026-04-22T04:34:35+00:00
audio/human/detective.cryo.medical-chart.use.shadow.mp3	84889	2026-04-30T05:22:35+00:00
audio/human/human.engineering.schematic-pad.talk.shadow.mp3	84889	2026-05-07T01:31:16+00:00
audio/elara/cine_close_fragmented_01.mp3	84471	2026-04-23T01:58:55+00:00
audio/elara/cryo_orient_02_lucid.mp3	84471	2026-04-23T01:58:56+00:00
audio/elara/tut_first_steps_fs3_luminous.mp3	84471	2026-04-23T01:59:03+00:00
audio/human/act1_young_kael__humanPreMatch.mp3	84471	2026-04-22T04:34:35+00:00
audio/antiquarian/act1_minnie_meme__opponentMidMatchMid.mp3	83635	2026-04-22T04:34:28+00:00
audio/elara/act1_young_eyes__elaraPostMatchLoss.mp3	83635	2026-04-23T01:58:53+00:00
audio/elara/elara_fc_4.mp3	83635	2026-04-23T01:58:57+00:00
audio/elara/tut_first_steps_fs5_lucid.mp3	83635	2026-04-23T01:59:03+00:00
audio/episodes/celebration_c5_the_banner_glitches/celebration_c5_scene_1_the_square/1.mp3	83635	2026-05-08T20:25:22+00:00
audio/episodes/celebration_c7_the_patrons_summons/celebration_c7_scene_1_courtyard/1.mp3	83635	2026-05-08T20:25:23+00:00
audio/episodes/mechronis_m1_choric_compliance/mechronis_m1_scene_3_hidden_agenda/2.mp3	83635	2026-05-08T20:25:26+00:00
audio/human/act1_young_eyes__humanPostMatchWin.mp3	83635	2026-04-22T04:34:35+00:00
audio/human/detective.bridge.captains-coffee.look.t1.shadow.mp3	83635	2026-04-30T05:22:26+00:00
characters/shadow_tongue/expressions.avif	83216	2026-04-23T16:21:31+00:00
art/slideshows/album5/bg/sih_bg_void.webp	83064	2026-05-07T16:51:18+00:00
audio/elara/awake_step_identity_prompt.mp3	82799	2026-04-23T01:58:54+00:00
audio/elara/elara.cipher-den.vex-seer-pair-binder.look.fragmented.mp3	82799	2026-05-07T01:30:54+00:00
audio/elara/elara.oracle-sanctum.prophecy-tablet.look.fragmented.mp3	82799	2026-05-01T07:35:59+00:00
audio/elara/tut_first_steps_fs4_fragmented.mp3	82799	2026-04-23T01:59:03+00:00
audio/episodes/mechronis_m7_trade_practicum/mechronis_m7_scene_1_the_market_sim/3.mp3	82799	2026-05-08T20:25:28+00:00
audio/human/detective.cipher-den.dictionary-of-edits.look.shadow.mp3	82799	2026-05-01T07:36:02+00:00
audio/human/detective.medbay.bio-bed.look.t2.shadow.mp3	82799	2026-04-30T05:22:36+00:00
audio/human/human_first_words_shadow.mp3	82799	2026-04-22T04:34:35+00:00
characters/seer/expressions.avif	82600	2026-04-23T16:21:31+00:00
audio/act3/te-doom-whisper-shields_thin.mp3	81964	2026-04-30T05:21:54+00:00
audio/elara/elara.cargo-hold.rubber-chicken.use.fragmented.mp3	81964	2026-04-30T05:22:10+00:00
audio/elara/tut_first_steps_fs5_luminous.mp3	81964	2026-04-23T01:59:03+00:00
vo/act7/arc-closes.mp3	81964	2026-04-30T05:22:40+00:00
art/opponents/opponent-the-eyes-full.webp	81384	2026-04-22T04:30:37+00:00
audio/elara/elara.medbay.dna-helix.use.fragmented.mp3	81128	2026-04-30T05:22:17+00:00
audio/elara/tut_first_steps_fs2_luminous.mp3	81128	2026-04-23T01:59:03+00:00
audio/act3/te-doom-whisper-rising_tide.mp3	80710	2026-04-30T05:21:54+00:00
audio/act5/cades-m1-debrief.mp3	80710	2026-04-30T05:21:56+00:00
audio/elara/act1_corey_collector__elaraPostMatchWin.mp3	80710	2026-04-23T01:58:52+00:00
characters/necromancer/bust.avif	80521	2026-04-23T16:21:31+00:00
audio/elara/act1_kanshi_sha_watcher__elaraPostMatchLoss.mp3	79874	2026-04-23T01:58:52+00:00
audio/elara/elara.captains-quarters.vex-workshop-diary.look.fragmented.mp3	79874	2026-05-07T01:30:52+00:00
audio/guild-cutscenes/elara_guild_welcome_001.mp3	79874	2026-05-02T14:01:13+00:00
audio/romance/vex/vex.romance.s4.dual_attribution.mp3	79874	2026-05-08T20:25:35+00:00
characters/eyes/bust.avif	79750	2026-04-23T16:21:31+00:00
audio/elara/awake_step_ready.mp3	79038	2026-04-23T01:58:54+00:00
audio/elara/elara.cryo.data-slate.use.mp3	79038	2026-04-30T05:22:14+00:00
audio/elara/elara.medbay.emergency-safe.talk.fragmented.mp3	79038	2026-05-14T16:47:52+00:00
audio/elara/elara.forge-workshop.schema-rack.look.fragmented.mp3	78202	2026-05-01T07:35:58+00:00
audio/elara/tut_first_steps_fs5_fragmented.mp3	78202	2026-04-23T01:59:03+00:00
audio/episodes/celebration_c2_first_day/celebration_c2_scene_1_gates/2.mp3	78202	2026-05-08T20:25:22+00:00
audio/episodes/mechronis_m4_the_patrons_game/mechronis_m4_scene_1_the_exam_room/4.mp3	78202	2026-05-08T20:25:27+00:00
audio/human/act1_corey_collector__humanPostMatchWin.mp3	78202	2026-04-22T04:34:35+00:00
characters/programmer/expressions.avif	77883	2026-04-23T16:21:31+00:00
art/specimens/glyph-fragment.webp	77850	2026-04-30T23:24:29+00:00
audio/act5/cades-m2-mid.mp3	77784	2026-04-30T05:21:56+00:00
audio/elara/elara.bridge.shadow-tongue-annotations.use.fragmented.mp3	77784	2026-05-14T16:47:50+00:00
audio/human/act1_young_agent_zero__humanPostMatchLoss.mp3	77784	2026-04-22T04:34:35+00:00
characters/nilmorg/expressions.avif	77261	2026-04-23T16:21:31+00:00
audio/elara/cine_close_lucid_01.mp3	76948	2026-04-23T01:58:55+00:00
audio/guild-cutscenes/architect_portal_001.mp3	76948	2026-05-02T14:01:10+00:00
audio/human/act1_corey_collector__humanPostMatchLoss.mp3	76948	2026-04-22T04:34:35+00:00
audio/human/detective.bridge.captains-chair.use.t1.shadow.mp3	76948	2026-04-30T05:22:26+00:00
characters/cades/blink.avif	76853	2026-04-23T16:21:30+00:00
characters/eidola/bust.avif	76797	2026-04-25T04:05:57+00:00
characters/programmer/blink.avif	76614	2026-04-23T16:21:31+00:00
characters/matrikala/blink.avif	76590	2026-04-23T16:21:31+00:00
art/vfx/cosmetic_ceremonies/kf_season_title.webp	76336	2026-04-28T04:41:05+00:00
audio/elara/elara.order-tribunal.judges-bench.look.fragmented.mp3	76112	2026-05-01T07:35:59+00:00
art/broadcasts/terminus_reclamation.webp	75584	2026-04-22T04:28:21+00:00
art/slideshows/album5/T37/sih_t37_f05.webp	75390	2026-05-07T16:51:17+00:00
art/slideshows/album1/T03/T03_20.webp	75366	2026-04-29T00:30:55+00:00
audio/elara/elara.armory.motivational-poster.use.fragmented.mp3	75276	2026-04-30T05:22:02+00:00
audio/human/detective.medbay.medicine-cabinet.use.shadow.mp3	75276	2026-04-30T05:22:38+00:00
characters/seer/breathing.avif	74977	2026-04-23T16:21:31+00:00
characters/gamemaster/breathing.avif	74954	2026-04-23T16:21:31+00:00
art/broadcasts/year_one_anniversary.webp	74876	2026-04-22T04:28:21+00:00
characters/enigma/bust.avif	74697	2026-04-23T16:21:30+00:00
characters/the_human/reveal_start.avif	74493	2026-04-23T16:21:31+00:00
audio/elara/act1_kanshi_sha_watcher__elaraPostMatchWin.mp3	74440	2026-04-23T01:58:52+00:00
audio/elara/act1_wanda_wyrlord__elaraPostMatchLoss.mp3	74440	2026-04-23T01:58:52+00:00
audio/elara/elara.archives.corrupted-scroll-rack.talk.fragmented.mp3	74440	2026-05-07T01:30:51+00:00
audio/elara/tut_first_steps_fs7_luminous.mp3	74440	2026-04-23T01:59:03+00:00
audio/human/act1_young_kael__humanPostMatchLoss.mp3	74440	2026-04-22T04:34:35+00:00
characters/shadow_tongue/blink.avif	74222	2026-04-23T16:21:31+00:00
audio/elara/act1_corey_collector__elaraPostMatchLoss.mp3	74022	2026-04-23T01:58:52+00:00
audio/elara/act1_minnie_meme__elaraPostMatchLoss.mp3	74022	2026-04-23T01:58:52+00:00
audio/episodes/celebration_c10_the_arks_rise/celebration_c10_scene_1_the_build/5.mp3	74022	2026-05-08T20:25:19+00:00
audio/guild-cutscenes/architect_epoch_insurgency_001.mp3	74022	2026-05-02T14:01:10+00:00
audio/guild-cutscenes/proctor_eye_001.mp3	74022	2026-05-02T14:01:19+00:00
audio/human/act1_young_human_seeker__humanPreMatch.mp3	74022	2026-04-22T04:34:35+00:00
audio/romance/vex/vex.romance.s1.unbow.mp3	74022	2026-05-08T20:25:34+00:00
characters/architect/blink.avif	73770	2026-04-23T16:21:30+00:00
audio/act5/cades-m7-mid.mp3	73186	2026-04-30T05:21:57+00:00
audio/elara/elara.antiquarian-library.card-catalog.look.fragmented.mp3	73186	2026-05-01T07:35:55+00:00
audio/elara/elara.captains-quarters.degens-corner.look.fragmented.mp3	73186	2026-05-07T01:30:52+00:00
audio/elara/elara_fc_2.mp3	73186	2026-04-23T01:58:57+00:00
audio/human/act1_young_kael__humanPostMatchWin.mp3	73186	2026-04-22T04:34:35+00:00
art/keyframes/awakening/elara_canon.webp	72376	2026-04-27T03:10:28+00:00
audio/elara/tut_first_steps_fs6_fragmented.mp3	72351	2026-04-23T01:59:03+00:00
audio/human/detective.cryo.dead-pod.talk.warm.mp3	72351	2026-04-30T05:22:35+00:00
audio/elara/awake_step_emergence.mp3	71515	2026-04-23T01:58:54+00:00
audio/elara/elara.bridge.tactical-display.use.fragmented.mp3	71515	2026-04-30T05:22:07+00:00
audio/episodes/celebration_c1_the_watch/celebration_c1_scene_3_ghost_appears/2.mp3	71515	2026-05-08T20:25:21+00:00
audio/guild-cutscenes/elara_tier_5_001.mp3	71515	2026-05-02T14:01:13+00:00
audio/elara/tut_first_steps_fs6_lucid.mp3	71097	2026-04-23T01:59:03+00:00
audio/episodes/celebration_c12_the_last_good_day/celebration_c12_scene_2_the_line_lands/9.mp3	71097	2026-05-08T20:25:20+00:00
audio/human/human.oracle-sanctum.oracle-pool.talk.shadow.mp3	71097	2026-05-07T01:31:17+00:00
characters/watcher/blink.avif	70686	2026-04-23T16:21:32+00:00
audio/act5/cades-m1-mid.mp3	70261	2026-04-30T05:21:56+00:00
audio/elara/tut_first_steps_fs1_lucid.mp3	70261	2026-04-23T01:59:03+00:00
audio/human/act1_warlord_nano_swarm__humanPostMatchLoss.mp3	70261	2026-04-22T04:34:35+00:00
audio/human/cc_silence_human.mp3	70261	2026-05-07T01:31:12+00:00
art/vfx/dreamer_visions/kf_substrate_pulse.webp	70096	2026-05-12T06:12:53+00:00
characters/matrikala/breathing.avif	69638	2026-04-23T16:21:31+00:00
art/opponents/opponent-kael-full.webp	69590	2026-04-22T04:30:37+00:00
audio/elara/act1_vernon_vortex__elaraPostMatchWin.mp3	69425	2026-04-23T01:58:52+00:00
audio/elara/elara.captains-quarters.vex-workshop-diary.use.fragmented.mp3	69425	2026-05-07T01:30:53+00:00
audio/elara/elara_beat_a_five_pods.mp3	69425	2026-04-23T01:58:57+00:00
audio/episodes/celebration_c9_the_match/celebration_c9_scene_1_before_the_match/4.mp3	69425	2026-05-08T20:25:24+00:00
audio/episodes/mechronis_m12_the_diploma_that_isnt/mechronis_m12_scene_2_the_refusal_or_the_accept/2.mp3	69425	2026-05-08T20:25:26+00:00
audio/guild-cutscenes/architect_epoch_prophecy_001.mp3	69425	2026-05-02T14:01:17+00:00
audio/human/act1_kanshi_sha_watcher__humanPostMatchWin.mp3	69425	2026-04-22T04:34:35+00:00
audio/human/act1_young_eyes__humanPostMatchLoss.mp3	69425	2026-04-22T04:34:35+00:00
characters/matrikala/bust.avif	69354	2026-04-23T16:21:31+00:00
audio/act2/silence-elara.mp3	68589	2026-04-30T05:21:52+00:00
audio/elara/elara.antiquarian-library.codas-purpose-shelf.use.fragmented.mp3	68589	2026-05-07T01:30:50+00:00
audio/act2/silence-human.mp3	67753	2026-04-30T05:21:52+00:00
audio/elara/elara.station-dock.cargo-lift.look.fragmented.mp3	67753	2026-05-01T07:36:00+00:00
audio/human/detective.archives.data-banks.talk.shadow.mp3	67753	2026-04-30T05:22:23+00:00
audio/human/detective.cargo-hold.rubber-chicken.look.t1.shadow.mp3	67753	2026-04-30T05:22:32+00:00
audio/human/detective.cryo.cracked-panel.look.t2.shadow.mp3	67753	2026-04-30T05:22:33+00:00
art/trade-empire/civics/civic_order_panopticon.webp	67354	2026-04-28T02:08:17+00:00
audio/elara/act1_young_kael__elaraPostMatchLoss.mp3	67335	2026-04-23T01:58:53+00:00
audio/elara/elara.dreams-workshop.fragment-rack.look.fragmented.mp3	67335	2026-05-01T07:35:57+00:00
audio/episodes/celebration_c7_the_patrons_summons/celebration_c7_scene_1_courtyard/2.mp3	67335	2026-05-08T20:25:23+00:00
audio/human/act1_kanshi_sha_watcher__humanPostMatchLoss.mp3	67335	2026-04-22T04:34:35+00:00
audio/human/detective.cryo.dead-pod.talk.shadow.mp3	67335	2026-04-30T05:22:35+00:00
art/chess/board.webp	67184	2026-04-22T04:29:06+00:00
art/slideshows/album5/T23/sih_t23_f02.webp	66862	2026-05-07T16:51:05+00:00
audio/antiquarian/act1_corey_collector__opponentMidMatchLate.mp3	66499	2026-04-22T04:34:28+00:00
audio/human/act1_young_iron_lion__humanPostMatchLoss.mp3	66499	2026-04-22T04:34:35+00:00
characters/nilmorg/breathing.avif	66380	2026-04-23T16:21:31+00:00
characters/watcher/expressions.avif	66358	2026-04-23T16:21:32+00:00
characters/programmer/bust.avif	65980	2026-04-23T16:21:31+00:00
audio/human/act1_minnie_meme__humanPostMatchWin.mp3	65663	2026-04-22T04:34:35+00:00
audio/human/human_observation_shadow.mp3	65663	2026-04-22T04:34:35+00:00
art/trade-empire/fleet/fleet_scout.webp	65172	2026-04-28T02:08:17+00:00
audio/human/act1_minnie_meme__humanPostMatchLoss.mp3	64827	2026-04-22T04:34:35+00:00
audio/elara/cc_silence_elara.mp3	64409	2026-05-07T01:30:49+00:00
audio/elara/elara.social-hub.bulletin-board.look.fragmented.mp3	64409	2026-05-01T07:36:00+00:00
audio/guild-cutscenes/warlord_war_defeat_001.mp3	64409	2026-05-02T14:01:23+00:00
characters/the_meme/expressions.avif	64348	2026-04-23T16:21:31+00:00
characters/shadow_tongue/breathing.avif	64320	2026-04-23T16:21:31+00:00
art/eidolons/nyx/nyx-norm-frag.webp	63800	2026-04-22T04:29:28+00:00
art/opponents/opponent-the-human-young-full.webp	63574	2026-04-22T04:30:37+00:00
audio/episodes/celebration_c2_first_day/celebration_c2_scene_1_gates/1.mp3	63573	2026-05-08T20:25:21+00:00
characters/necromancer/breathing.avif	63153	2026-04-23T16:21:31+00:00
audio/elara/act1_young_iron_lion__elaraPostMatchWin.mp3	62737	2026-04-23T01:58:53+00:00
audio/elara/elara.guild-sanctum.sigil-altar.look.fragmented.mp3	62737	2026-05-01T07:35:58+00:00
audio/elara/elara.station-dock.codas-trading-floor.look.fragmented.mp3	62737	2026-05-07T01:31:00+00:00
characters/architect/expressions.avif	61965	2026-04-23T16:21:30+00:00
audio/elara/elara.war-room.holo-table.look.fragmented.mp3	61902	2026-05-01T07:36:00+00:00
audio/guild-cutscenes/vex_oracle_001.mp3	61066	2026-05-02T14:01:21+00:00
audio/guild-cutscenes/warlord_mvp_crowned_001.mp3	61066	2026-05-02T14:01:22+00:00
audio/guild-cutscenes/warlord_war_victory_001.mp3	60648	2026-05-02T14:01:23+00:00
audio/human/act1_wanda_wyrlord__humanPostMatchLoss.mp3	60648	2026-04-22T04:34:35+00:00
art/slideshows/album1/T29/T29_10.webp	59576	2026-04-29T00:31:01+00:00
characters/eidola/breathing.avif	59576	2026-04-23T16:21:30+00:00
audio/episodes/celebration_c4_under_the_floor/celebration_c4_scene_1_the_lair/3.mp3	58976	2026-05-08T20:25:22+00:00
audio/guild-cutscenes/architect_sorting_pre_001.mp3	58976	2026-05-02T14:01:24+00:00
audio/human/detective.cipher-den.encrypted-correspondence.look.shadow.mp3	58976	2026-05-01T07:36:02+00:00
art/opponents/opponent-iron-lion-full.webp	58564	2026-04-22T04:30:37+00:00
audio/guild-cutscenes/warlord_war_declared_001.mp3	57722	2026-05-02T14:01:22+00:00
characters/eidola/expressions.avif	57515	2026-04-23T16:21:30+00:00
art/vfx/prelude/memo-holo-rise.webm	57445	2026-04-22T04:34:25+00:00
audio/episodes/mechronis_m1_choric_compliance/mechronis_m1_scene_2_the_drill/2.mp3	56886	2026-05-08T20:25:26+00:00
audio/guild-cutscenes/gm_contract_complete_001.mp3	56886	2026-05-02T14:01:15+00:00
characters/the_meme/breathing.avif	56686	2026-04-23T16:21:31+00:00
art/trade-empire/civics/civic_economy_free_ports.webp	56676	2026-04-28T02:08:17+00:00
art/opponents/opponent-agent-zero-full.webp	56612	2026-04-22T04:30:36+00:00
audio/elara/elara.guild-sanctum.allegiance-pad.look.fragmented.mp3	56050	2026-05-01T07:35:58+00:00
audio/guild-cutscenes/elara_first_words_001.mp3	56050	2026-05-02T14:01:12+00:00
audio/human/human_first_reply_soft_balanced.mp3	56050	2026-04-22T04:34:35+00:00
audio/human/human_silence_warm.mp3	56050	2026-04-22T04:34:35+00:00
characters/watcher/breathing.avif	55957	2026-04-23T16:21:32+00:00
art/eidolons/nyx/nyx-norm-comp.webp	55898	2026-04-22T04:29:28+00:00
characters/watcher/bust.avif	54341	2026-04-23T16:21:32+00:00
audio/elara/elara.social-hub.mess-table.look.fragmented.mp3	53960	2026-05-01T07:36:00+00:00
audio/episodes/celebration_c1_the_watch/celebration_c1_scene_1_opening/2.mp3	53960	2026-05-08T20:25:20+00:00
characters/nilmorg/blink.avif	53926	2026-04-23T16:21:31+00:00
characters/elara/full_turnaround.avif	53832	2026-04-23T16:21:31+00:00
art/slideshows/album5/T23/sih_t23_f04.webp	52664	2026-05-07T16:51:06+00:00
characters/seer/blink.avif	51893	2026-04-23T16:21:31+00:00
characters/collector/blink.avif	51684	2026-04-23T16:21:30+00:00
characters/collector/breathing.avif	51638	2026-04-23T16:21:30+00:00
audio/guild-cutscenes/orphic_phasestep_001.mp3	51453	2026-05-02T14:01:18+00:00
art/trade-empire/civics/civic_doctrine_archon.webp	50614	2026-04-28T02:08:17+00:00
art/slideshows/album5/T36/sih_t36_f17.webp	50290	2026-05-07T16:51:17+00:00
audio/elara/elara.elemental-forge.crucible-of-origins.look.fragmented.mp3	50199	2026-05-01T07:35:57+00:00
audio/elara/elara.elemental-nexus.node-pillar.look.fragmented.mp3	50199	2026-05-01T07:35:57+00:00
audio/elara/elara.order-tribunal.evidence-locker.look.fragmented.mp3	50199	2026-05-01T07:35:59+00:00
audio/episodes/celebration_c10_the_arks_rise/celebration_c10_scene_1_the_build/2.mp3	49363	2026-05-08T20:25:18+00:00
audio/episodes/celebration_c1_the_watch/celebration_c1_scene_2_malkia_arrives/2.mp3	49363	2026-05-08T20:25:20+00:00
audio/guild-cutscenes/architect_house_cup_reset_001.mp3	49363	2026-05-02T14:01:10+00:00
audio/guild-cutscenes/kanevas_dissonance_001.mp3	49363	2026-05-02T14:01:16+00:00
games/circuit/index.pck	48904	2026-05-07T21:27:34+00:00
art/slideshows/album5/T07/sih_t07_f02.webp	48776	2026-05-07T16:50:52+00:00
audio/guild-cutscenes/vellis_blood_001.mp3	48527	2026-05-02T14:01:19+00:00
audio/human/human_first_reply_soft_shadow.mp3	48527	2026-04-22T04:34:35+00:00
art/vfx/prelude/enigma-hand-on-rim.webm	48227	2026-04-22T04:34:24+00:00
audio/human/human_pragmatist_warm.mp3	47691	2026-04-22T04:34:35+00:00
audio/human/human_pragmatist_balanced.mp3	47273	2026-04-22T04:34:35+00:00
audio/human/human_silence_balanced.mp3	47273	2026-04-22T04:34:35+00:00
art/trade-empire/civics/civic_doctrine_nomad.webp	47168	2026-04-28T02:08:17+00:00
audio/elara/elara.bridge.shadow-tongue-annotations.talk.fragmented.mp3	46437	2026-05-14T16:47:50+00:00
audio/human/detective.engineering.instruction-manual.look.t1.shadow.mp3	46437	2026-04-30T05:22:36+00:00
audio/elara/elara.elemental-nexus.elemental-orrery.look.fragmented.mp3	45601	2026-05-01T07:35:57+00:00
audio/guild-cutscenes/aoki_private_001.mp3	45601	2026-05-02T14:01:08+00:00
art/trade-empire/civics/civic_order_remembrance.webp	45188	2026-04-28T02:08:17+00:00
audio/elara/elara.quantum-lab.observation-cage.look.fragmented.mp3	44765	2026-05-01T07:35:59+00:00
characters/architect/bust.avif	44701	2026-04-23T16:21:30+00:00
characters/nilmorg/bust.avif	44454	2026-04-23T16:21:31+00:00
audio/elara/elara.armory.motivational-poster.talk.fragmented.mp3	44347	2026-04-30T05:22:02+00:00
audio/guild-cutscenes/orphic_drift_001.mp3	44347	2026-05-02T14:01:18+00:00
characters/the_human/full_turnaround.avif	43830	2026-04-23T16:21:31+00:00
art/vfx/dreamer_visions/kf_iris_collapse.webp	43724	2026-05-12T06:12:52+00:00
audio/episodes/celebration_c2_first_day/celebration_c2_scene_2_first_lesson/1.mp3	43511	2026-05-08T20:25:21+00:00
audio/guild-cutscenes/kanevas_harmonize_001.mp3	43511	2026-05-02T14:01:17+00:00
audio/episodes/celebration_c7_the_patrons_summons/celebration_c7_scene_1_courtyard/6.mp3	42675	2026-05-08T20:25:23+00:00
art/slideshows/album5/T06/sih_t06_f21.webp	42648	2026-05-07T16:50:52+00:00
art/trade-empire/civics/civic_doctrine_iron_lion.webp	42552	2026-04-28T02:08:17+00:00
audio/episodes/celebration_c3_chess_class/celebration_c3_scene_1_the_lesson/3.mp3	41839	2026-05-08T20:25:22+00:00
audio/episodes/celebration_c6_the_dueling_court/celebration_c6_scene_2_the_duel/1.mp3	41839	2026-05-08T20:25:23+00:00
audio/guild-cutscenes/vex_houserules_001.mp3	41004	2026-05-02T14:01:20+00:00
audio/guild-cutscenes/aoki_unseen_001.mp3	40586	2026-05-02T14:01:09+00:00
audio/guild-cutscenes/vellis_contract_001.mp3	40586	2026-05-02T14:01:24+00:00
art/vfx/prelude/mission-glyph-bloom_start.webp	40050	2026-04-25T18:24:36+00:00
audio/episodes/celebration_c9_the_match/celebration_c9_scene_2_the_game/4.mp3	39750	2026-05-08T20:25:24+00:00
audio/guild-cutscenes/elara_donation_milestone_001.mp3	39750	2026-05-02T14:01:10+00:00
art/slideshows/album5/T36/sih_t36_f09.webp	39382	2026-05-07T16:51:16+00:00
audio/episodes/celebration_c9_the_match/celebration_c9_scene_3_the_win/2.mp3	38914	2026-05-08T20:25:24+00:00
audio/guild-cutscenes/elara_friend_accept_001.mp3	38914	2026-05-02T14:01:11+00:00
art/trade-empire/civics/civic_economy_authority_tithe.webp	38774	2026-04-28T02:08:17+00:00
vo/prestige/prestige-ceremony-open.mp3	38078	2026-04-30T05:22:41+00:00
characters/architect/breathing.avif	37834	2026-04-23T16:21:30+00:00
audio/episodes/celebration_c6_the_dueling_court/celebration_c6_scene_2_the_duel/2.mp3	37660	2026-05-08T20:25:23+00:00
audio/guild-cutscenes/elara_tier_2_001.mp3	37660	2026-05-02T14:01:12+00:00
audio/guild-cutscenes/elara_tier_4_001.mp3	37660	2026-05-02T14:01:12+00:00
audio/episodes/celebration_c12_the_last_good_day/celebration_c12_scene_1_the_bench/2.mp3	36824	2026-05-08T20:25:20+00:00
art/trade-empire/civics/civic_order_council.webp	36612	2026-04-28T02:08:17+00:00
audio/human/human_silence_shadow.mp3	35988	2026-04-22T04:34:35+00:00
audio/guild-cutscenes/vent_salvage_001.mp3	35152	2026-05-02T14:01:20+00:00
audio/episodes/mechronis_m4_the_patrons_game/mechronis_m4_scene_1_the_exam_room/3.mp3	34316	2026-05-08T20:25:27+00:00
audio/guild-cutscenes/halverez_soultake_001.mp3	34316	2026-05-02T14:01:15+00:00
audio/guild-cutscenes/mireille_carry_001.mp3	34316	2026-05-02T14:01:22+00:00
audio/guild-cutscenes/elara_tier_3_001.mp3	33898	2026-05-02T14:01:12+00:00
audio/guild-cutscenes/greenshaw_virus_001.mp3	33898	2026-05-02T14:01:14+00:00
audio/guild-cutscenes/kasra_casualties_001.mp3	33062	2026-05-02T14:01:16+00:00
audio/guild-cutscenes/warlord_placement_lock_001.mp3	33062	2026-05-02T14:01:22+00:00
audio/guild-cutscenes/vasara_breath_001.mp3	32226	2026-05-02T14:01:19+00:00
audio/guild-cutscenes/vex_rewrite_001.mp3	32226	2026-05-02T14:01:21+00:00
art/slideshows/album5/bg/sih_bg_silence.webp	31722	2026-05-07T16:51:18+00:00
audio/guild-cutscenes/greenshaw_quarantine_001.mp3	31391	2026-05-02T14:01:14+00:00
audio/guild-cutscenes/mireille_viral_001.mp3	31391	2026-05-02T14:01:17+00:00
audio/guild-cutscenes/kasra_parade_001.mp3	30973	2026-05-02T14:01:17+00:00
audio/guild-cutscenes/vasara_borrowed_001.mp3	30973	2026-05-02T14:01:21+00:00
characters/eidola/blink.avif	30373	2026-04-23T16:21:30+00:00
audio/episodes/celebration_c9_the_match/celebration_c9_scene_2_the_game/2.mp3	30137	2026-05-08T20:25:24+00:00
characters/the_meme/bust.avif	29972	2026-04-23T16:21:31+00:00
audio/guild-cutscenes/warlord_first_blood_001.mp3	29301	2026-05-02T14:01:24+00:00
audio/antiquarian/act1_wayne_warden__opponentMidMatchEarly.mp3	28465	2026-04-22T04:34:29+00:00
audio/episodes/celebration_c1_the_watch/celebration_c1_scene_3_ghost_appears/1.mp3	27629	2026-05-08T20:25:21+00:00
audio/episodes/mechronis_m11_the_patrons_true_face/mechronis_m11_scene_1_the_reveal/2.mp3	27629	2026-05-08T20:25:25+00:00
audio/episodes/celebration_c9_the_match/celebration_c9_scene_1_before_the_match/5.mp3	26375	2026-05-08T20:25:24+00:00
audio/guild-cutscenes/halverez_soulread_001.mp3	26375	2026-05-02T14:01:14+00:00
audio/guild-cutscenes/vent_repair_001.mp3	26375	2026-05-02T14:01:20+00:00
audio/human/human_pragmatist_shadow.mp3	26375	2026-04-22T04:34:35+00:00
audio/guild-cutscenes/proctor_sight_001.mp3	25539	2026-05-02T14:01:20+00:00
audio/episodes/celebration_c9_the_match/celebration_c9_scene_1_before_the_match/1.mp3	24703	2026-05-08T20:25:24+00:00
audio/episodes/mechronis_m7_trade_practicum/mechronis_m7_scene_1_the_market_sim/4.mp3	24703	2026-05-08T20:25:28+00:00
audio/episodes/celebration_c5_the_banner_glitches/celebration_c5_scene_1_the_square/5.mp3	24285	2026-05-08T20:25:22+00:00
art/vfx/prelude/diploma-ink-bloom_start.webp	23812	2026-04-25T18:24:19+00:00
audio/guild-cutscenes/human_emote_001.mp3	23449	2026-05-02T14:01:15+00:00
audio/episodes/mechronis_m4_the_patrons_game/mechronis_m4_scene_1_the_exam_room/2.mp3	22613	2026-05-08T20:25:27+00:00
art/vfx/prelude/role-wireframe-bloom_start.webp	22040	2026-04-25T18:24:37+00:00
audio/episodes/celebration_c12_the_last_good_day/celebration_c12_scene_2_the_line_lands/4.mp3	21777	2026-05-08T20:25:20+00:00
audio/episodes/celebration_c8_the_ghost_in_the_hall/celebration_c8_scene_1_the_hall/4.mp3	21777	2026-05-08T20:25:23+00:00
games/circuit/index.png	21443	2026-04-22T04:27:36+00:00
audio/episodes/celebration_c9_the_match/celebration_c9_scene_1_before_the_match/3.mp3	20942	2026-05-08T20:25:24+00:00
audio/episodes/mechronis_m7_trade_practicum/mechronis_m7_scene_2_full_marks/1.mp3	20942	2026-05-08T20:25:28+00:00
audio/guild-cutscenes/architect_thought_virus_001.mp3	20524	2026-05-02T14:01:10+00:00
audio/episodes/celebration_c2_first_day/celebration_c2_scene_1_gates/3.mp3	19688	2026-05-08T20:25:21+00:00
audio/episodes/celebration_c5_the_banner_glitches/celebration_c5_scene_1_the_square/3.mp3	19688	2026-05-08T20:25:22+00:00
audio/episodes/celebration_c9_the_match/celebration_c9_scene_2_the_game/5.mp3	19688	2026-05-08T20:25:24+00:00
audio/guild-cutscenes/collector_emote_001.mp3	19688	2026-05-02T14:01:17+00:00
audio/episodes/celebration_c8_the_ghost_in_the_hall/celebration_c8_scene_1_the_hall/1.mp3	18852	2026-05-08T20:25:23+00:00
games/cades-fps/index.png	18544	2026-05-18T02:22:40+00:00
characters/_inventory.json	18196	2026-04-25T04:05:57+00:00
audio/guild-cutscenes/chorus_emote_001.mp3	17598	2026-05-02T14:01:12+00:00
audio/episodes/celebration_c8_the_ghost_in_the_hall/celebration_c8_scene_2_the_dreamers_hum/1.mp3	16762	2026-05-08T20:25:24+00:00
audio/episodes/celebration_c1_the_watch/celebration_c1_scene_1_opening/1.mp3	15926	2026-05-08T20:25:20+00:00
audio/guild-cutscenes/between_emote_001.mp3	15926	2026-05-02T14:01:19+00:00
audio/guild-cutscenes/meme_emote_001.mp3	15090	2026-05-02T14:01:17+00:00
audio/guild-cutscenes/necromancer_emote_001.mp3	15090	2026-05-02T14:01:17+00:00
audio/guild-cutscenes/warden_emote_001.mp3	15090	2026-05-02T14:01:21+00:00
audio/episodes/celebration_c9_the_match/celebration_c9_scene_2_the_game/1.mp3	14254	2026-05-08T20:25:24+00:00
audio/episodes/celebration_c9_the_match/celebration_c9_scene_4_the_goggles/5.mp3	14254	2026-05-08T20:25:25+00:00
audio/episodes/celebration_c4_under_the_floor/celebration_c4_scene_1_the_lair/5.mp3	13836	2026-05-08T20:25:22+00:00
audio/guild-cutscenes/gm_emote_001.mp3	13836	2026-05-02T14:01:14+00:00
audio/episodes/celebration_c6_the_dueling_court/celebration_c6_scene_1_the_challenge/2.mp3	13000	2026-05-08T20:25:23+00:00
audio/guild-cutscenes/politician_emote_001.mp3	13000	2026-05-02T14:01:19+00:00
audio/guild-cutscenes/watcher_emote_001.mp3	13000	2026-05-02T14:01:22+00:00
audio/episodes/celebration_c12_the_last_good_day/celebration_c12_scene_2_the_line_lands/10.mp3	12164	2026-05-08T20:25:20+00:00
audio/guild-cutscenes/engineer_emote_001.mp3	12164	2026-05-02T14:01:13+00:00
audio/guild-cutscenes/warlord_emote_001.mp3	12164	2026-05-02T14:01:21+00:00
audio/episodes/celebration_c8_the_ghost_in_the_hall/celebration_c8_scene_1_the_hall/2.mp3	10911	2026-05-08T20:25:23+00:00
audio/episodes/celebration_c12_the_last_good_day/celebration_c12_scene_2_the_line_lands/2.mp3	10075	2026-05-08T20:25:20+00:00
audio/episodes/celebration_c9_the_match/celebration_c9_scene_4_the_goggles/8.mp3	8403	2026-05-08T20:25:25+00:00
characters/.DS_Store	8196	2026-05-10T07:27:40+00:00
videos/music/.DS_Store	8196	2026-04-23T01:59:05+00:00
games/circuit/index.apple-touch-icon.png	7344	2026-04-22T04:27:36+00:00
games/cades-fps/index.audio.worklet.js	7298	2026-04-22T04:27:36+00:00
games/circuit/index.audio.worklet.js	7298	2026-04-22T04:27:35+00:00
art/cutscenes/animated/_shared/CUTSCENE_ASSET_MANIFEST.md	6457	2026-05-20T03:26:17+00:00
games/cades-fps/index.service.worker.js	5831	2026-05-18T02:22:40+00:00
audio/romance/vex/vex.romance.s5.convergence_listen.mp3	5477	2026-05-08T20:25:35+00:00
games/cades-fps/index.512x512.png	3810	2026-05-18T02:22:40+00:00
games/circuit/index.icon.png	3359	2026-04-22T04:27:36+00:00
games/cades-fps/index.audio.position.worklet.js	2973	2026-05-18T02:22:40+00:00
games/circuit/index.audio.position.worklet.js	2973	2026-04-22T04:27:35+00:00
games/cades-fps/index.180x180.png	1859	2026-05-18T02:22:40+00:00
games/cades-fps/index.apple-touch-icon.png	1859	2026-05-18T02:22:40+00:00
games/cades-fps/index.144x144.png	1214	2026-05-18T02:22:40+00:00
games/cades-fps/index.icon.png	1097	2026-05-18T02:22:40+00:00
art/portraits/human/README.md	1030	2026-04-22T04:30:43+00:00
art/ui/icon-memory-energy.svg	996	2026-04-22T04:34:22+00:00
games/cades-fps/index.offline.html	971	2026-05-18T02:22:40+00:00
art/portraits/elara/README.md	846	2026-04-22T04:30:40+00:00
art/cutscenes/animated/_shared/REFERENCE_NOTES.md	829	2026-05-20T03:26:17+00:00
art/ui/title/README.md	692	2026-04-22T04:34:22+00:00
art/vfx/README.md	575	2026-04-22T04:34:24+00:00
games/cades-fps/index.manifest.json	354	2026-05-18T02:22:40+00:00
art/arenas/.gitkeep	0	2026-04-22T04:28:02+00:00
art/card-game/.gitkeep	0	2026-04-22T04:28:35+00:00
art/celebration/.gitkeep	0	2026-04-22T04:28:51+00:00
art/chess/.gitkeep	0	2026-04-22T04:29:06+00:00
art/constellations/.gitkeep	0	2026-04-22T04:29:06+00:00
art/gears/.gitkeep	0	2026-04-22T04:30:15+00:00
art/guilds/.gitkeep	0	2026-04-22T04:30:16+00:00
art/loading/.gitkeep	0	2026-04-22T04:30:21+00:00
art/minigames/.gitkeep	0	2026-04-22T04:30:35+00:00
art/pet-battles/.gitkeep	0	2026-04-22T04:30:38+00:00
art/planets/.gitkeep	0	2026-04-22T04:30:38+00:00
art/portraits/.gitkeep	0	2026-04-22T04:30:40+00:00
art/pvp/.gitkeep	0	2026-04-22T04:30:52+00:00
art/rooms/.gitkeep	0	2026-04-22T04:30:53+00:00
art/special-maps/.gitkeep	0	2026-04-22T04:31:06+00:00
art/specimens/.gitkeep	0	2026-04-22T04:31:08+00:00
art/station/.gitkeep	0	2026-04-22T04:31:14+00:00
art/terminus/maps/.gitkeep	0	2026-04-22T04:34:20+00:00
art/trade/.gitkeep	0	2026-04-22T04:34:21+00:00
videos/epochs/epoch-1/.gitkeep	0	2026-04-22T04:35:20+00:00
videos/epochs/epoch-2/.gitkeep	0	2026-04-22T04:35:24+00:00
videos/epochs/epoch-3/.gitkeep	0	2026-04-22T04:35:26+00:00
videos/epochs/epoch-4/.gitkeep	0	2026-04-22T04:35:27+00:00
videos/epochs/epoch-5/.gitkeep	0	2026-04-22T04:35:28+00:00
videos/features/apprentice/.gitkeep	0	2026-04-22T04:35:28+00:00
videos/features/awakening/.gitkeep	0	2026-04-22T04:35:29+00:00
videos/features/celebration/.gitkeep	0	2026-04-22T04:35:29+00:00
videos/features/conspiracy-board/.gitkeep	0	2026-04-22T04:35:31+00:00
videos/features/guild-common-room/.gitkeep	0	2026-04-22T04:35:31+00:00
videos/features/legion/.gitkeep	0	2026-04-22T04:35:31+00:00
videos/features/loredex/.gitkeep	0	2026-04-22T04:35:31+00:00
videos/features/sorting-ceremony/.gitkeep	0	2026-04-22T04:35:32+00:00
videos/features/transmissions/.gitkeep	0	2026-04-22T04:35:32+00:00
videos/game-modes/card-game/.gitkeep	0	2026-04-22T04:35:32+00:00
videos/game-modes/chess/.gitkeep	0	2026-04-22T04:35:32+00:00
videos/game-modes/fight/.gitkeep	0	2026-04-22T04:35:33+00:00
videos/game-modes/hacking/.gitkeep	0	2026-04-22T04:35:33+00:00
videos/game-modes/pet-battles/.gitkeep	0	2026-04-22T04:35:34+00:00
videos/game-modes/pvp/.gitkeep	0	2026-04-22T04:35:35+00:00
videos/game-modes/signal-decryption/.gitkeep	0	2026-04-22T04:35:35+00:00
videos/game-modes/star-chart/.gitkeep	0	2026-04-22T04:35:35+00:00
videos/game-modes/tower-defense/.gitkeep	0	2026-04-22T04:35:36+00:00
videos/game-modes/trade-empire/.gitkeep	0	2026-04-22T04:35:39+00:00
videos/music/age-of-privacy/.gitkeep	0	2026-04-22T04:35:39+00:00
videos/music/book-of-daniel/.gitkeep	0	2026-04-22T04:35:40+00:00
videos/music/dischordian-logic/.gitkeep	0	2026-04-22T04:35:40+00:00
videos/music/silence-in-heaven/.gitkeep	0	2026-04-22T04:35:42+00:00
