apps/shared/suitArtPrompts.ts::SUIT_SET_ROSTER	0	suitArtUrl(regalia-of-the-seeing-stylus, common, head)	art/suits/regalia-of-the-seeing-stylus/common/head.png	dgrsart-cdn	EXPANDED
apps/shared/suitArtPrompts.ts::SUIT_SET_ROSTER	0	suitArtUrl(regalia-of-the-seeing-stylus, common, chest)	art/suits/regalia-of-the-seeing-stylus/common/chest.png	dgrsart-cdn	EXPANDED
apps/shared/suitArtPrompts.ts::SUIT_SET_ROSTER	0	suitArtUrl(regalia-of-the-seeing-stylus, common, shoulders)	art/suits/regalia-of-the-seeing-stylus/common/shoulders.png	dgrsart-cdn	EXPANDED
apps/shared/suitArtPrompts.ts::SUIT_SET_ROSTER	0	suitArtUrl(regalia-of-the-seeing-stylus, common, arms)	art/suits/regalia-of-the-seeing-stylus/common/arms.png	dgrsart-cdn	EXPANDED
apps/shared/suitArtPrompts.ts::SUIT_SET_ROSTER	0	suitArtUrl(regalia-of-the-seeing-stylus, common, gloves)	art/suits/regalia-of-the-seeing-stylus/common/gloves.png	dgrsart-cdn	EXPANDED
apps/shared/suitArtPrompts.ts::SUIT_SET_ROSTER	0	suitArtUrl(regalia-of-the-seeing-stylus, common, belt)	art/suits/regalia-of-the-seeing-stylus/common/belt.png	dgrsart-cdn	EXPANDED
apps/shared/suitArtPrompts.ts::SUIT_SET_ROSTER	0	suitArtUrl(regalia-of-the-seeing-stylus, common, legs)	art/suits/regalia-of-the-seeing-stylus/common/legs.png	dgrsart-cdn	EXPANDED
apps/shared/suitArtPrompts.ts::SUIT_SET_ROSTER	0	suitArtUrl(regalia-of-the-seeing-stylus, common, feet)	art/suits/regalia-of-the-seeing-stylus/common/feet.png	dgrsart-cdn	EXPANDED
apps/shared/suitArtPrompts.ts::SUIT_SET_ROSTER	0	suitArtUrl(regalia-of-the-seeing-stylus, common, weapon-primary)	art/suits/regalia-of-the-seeing-stylus/common/weapon-primary.png	dgrsart-cdn	EXPANDED
apps/shared/suitArtPrompts.ts::SUIT_SET_ROSTER	0	suitArtUrl(regalia-of-the-seeing-stylus, common, back)	art/suits/regalia-of-the-seeing-stylus/common/back.png	dgrsart-cdn	EXPANDED
apps/shared/suitArtPrompts.ts::SUIT_SET_ROSTER	0	suitArtUrl(regalia-of-the-seeing-stylus, uncommon, head)	art/suits/regalia-of-the-seeing-stylus/uncommon/head.png	dgrsart-cdn	EXPANDED
apps/shared/suitArtPrompts.ts::SUIT_SET_ROSTER	0	suitArtUrl(regalia-of-the-seeing-stylus, uncommon, chest)	art/suits/regalia-of-the-seeing-stylus/uncommon/chest.png	dgrsart-cdn	EXPANDED
apps/shared/suitArtPrompts.ts::SUIT_SET_ROSTER	0	suitArtUrl(regalia-of-the-seeing-stylus, uncommon, shoulders)	art/suits/regalia-of-the-seeing-stylus/uncommon/shoulders.png	dgrsart-cdn	EXPANDED
apps/shared/suitArtPrompts.ts::SUIT_SET_ROSTER	0	suitArtUrl(regalia-of-the-seeing-stylus, uncommon, arms)	art/suits/regalia-of-the-seeing-stylus/uncommon/arms.png	dgrsart-cdn	EXPANDED
apps/shared/suitArtPrompts.ts::SUIT_SET_ROSTER	0	suitArtUrl(regalia-of-the-seeing-stylus, uncommon, gloves)	art/suits/regalia-of-the-seeing-stylus/uncommon/gloves.png	dgrsart-cdn	EXPANDED
apps/shared/suitArtPrompts.ts::SUIT_SET_ROSTER	0	suitArtUrl(regalia-of-the-seeing-stylus, uncommon, belt)	art/suits/regalia-of-the-seeing-stylus/uncommon/belt.png	dgrsart-cdn	EXPANDED
apps/shared/suitArtPrompts.ts::SUIT_SET_ROSTER	0	suitArtUrl(regalia-of-the-seeing-stylus, uncommon, legs)	art/suits/regalia-of-the-seeing-stylus/uncommon/legs.png	dgrsart-cdn	EXPANDED
apps/shared/suitArtPrompts.ts::SUIT_SET_ROSTER	0	suitArtUrl(regalia-of-the-seeing-stylus, uncommon, feet)	art/suits/regalia-of-the-seeing-stylus/uncommon/feet.png	dgrsart-cdn	EXPANDED
apps/shared/suitArtPrompts.ts::SUIT_SET_ROSTER	0	suitArtUrl(regalia-of-the-seeing-stylus, uncommon, weapon-primary)	art/suits/regalia-of-the-seeing-stylus/uncommon/weapon-primary.png	dgrsart-cdn	EXPANDED
apps/shared/suitArtPrompts.ts::SUIT_SET_ROSTER	0	suitArtUrl(regalia-of-the-seeing-stylus, uncommon, back)	art/suits/regalia-of-the-seeing-stylus/uncommon/back.png	dgrsart-cdn	EXPANDED
apps/shared/suitArtPrompts.ts::SUIT_SET_ROSTER	0	suitArtUrl(regalia-of-the-seeing-stylus, rare, head)	art/suits/regalia-of-the-seeing-stylus/rare/head.png	dgrsart-cdn	EXPANDED
apps/shared/suitArtPrompts.ts::SUIT_SET_ROSTER	0	suitArtUrl(regalia-of-the-seeing-stylus, rare, chest)	art/suits/regalia-of-the-seeing-stylus/rare/chest.png	dgrsart-cdn	EXPANDED
apps/shared/suitArtPrompts.ts::SUIT_SET_ROSTER	0	suitArtUrl(regalia-of-the-seeing-stylus, rare, shoulders)	art/suits/regalia-of-the-seeing-stylus/rare/shoulders.png	dgrsart-cdn	EXPANDED
apps/shared/suitArtPrompts.ts::SUIT_SET_ROSTER	0	suitArtUrl(regalia-of-the-seeing-stylus, rare, arms)	art/suits/regalia-of-the-seeing-stylus/rare/arms.png	dgrsart-cdn	EXPANDED
apps/shared/suitArtPrompts.ts::SUIT_SET_ROSTER	0	suitArtUrl(regalia-of-the-seeing-stylus, rare, gloves)	art/suits/regalia-of-the-seeing-stylus/rare/gloves.png	dgrsart-cdn	EXPANDED
apps/shared/suitArtPrompts.ts::SUIT_SET_ROSTER	0	suitArtUrl(regalia-of-the-seeing-stylus, rare, belt)	art/suits/regalia-of-the-seeing-stylus/rare/belt.png	dgrsart-cdn	EXPANDED
apps/shared/suitArtPrompts.ts::SUIT_SET_ROSTER	0	suitArtUrl(regalia-of-the-seeing-stylus, rare, legs)	art/suits/regalia-of-the-seeing-stylus/rare/legs.png	dgrsart-cdn	EXPANDED
apps/shared/suitArtPrompts.ts::SUIT_SET_ROSTER	0	suitArtUrl(regalia-of-the-seeing-stylus, rare, feet)	art/suits/regalia-of-the-seeing-stylus/rare/feet.png	dgrsart-cdn	EXPANDED
apps/shared/suitArtPrompts.ts::SUIT_SET_ROSTER	0	suitArtUrl(regalia-of-the-seeing-stylus, rare, weapon-primary)	art/suits/regalia-of-the-seeing-stylus/rare/weapon-primary.png	dgrsart-cdn	EXPANDED
apps/shared/suitArtPrompts.ts::SUIT_SET_ROSTER	0	suitArtUrl(regalia-of-the-seeing-stylus, rare, back)	art/suits/regalia-of-the-seeing-stylus/rare/back.png	dgrsart-cdn	EXPANDED
apps/shared/suitArtPrompts.ts::SUIT_SET_ROSTER	0	suitArtUrl(regalia-of-the-seeing-stylus, epic, head)	art/suits/regalia-of-the-seeing-stylus/epic/head.png	dgrsart-cdn	EXPANDED
apps/shared/suitArtPrompts.ts::SUIT_SET_ROSTER	0	suitArtUrl(regalia-of-the-seeing-stylus, epic, chest)	art/suits/regalia-of-the-seeing-stylus/epic/chest.png	dgrsart-cdn	EXPANDED
apps/shared/suitArtPrompts.ts::SUIT_SET_ROSTER	0	suitArtUrl(regalia-of-the-seeing-stylus, epic, shoulders)	art/suits/regalia-of-the-seeing-stylus/epic/shoulders.png	dgrsart-cdn	EXPANDED
apps/shared/suitArtPrompts.ts::SUIT_SET_ROSTER	0	suitArtUrl(regalia-of-the-seeing-stylus, epic, arms)	art/suits/regalia-of-the-seeing-stylus/epic/arms.png	dgrsart-cdn	EXPANDED
apps/shared/suitArtPrompts.ts::SUIT_SET_ROSTER	0	suitArtUrl(regalia-of-the-seeing-stylus, epic, gloves)	art/suits/regalia-of-the-seeing-stylus/epic/gloves.png	dgrsart-cdn	EXPANDED
apps/shared/suitArtPrompts.ts::SUIT_SET_ROSTER	0	suitArtUrl(regalia-of-the-seeing-stylus, epic, belt)	art/suits/regalia-of-the-seeing-stylus/epic/belt.png	dgrsart-cdn	EXPANDED
apps/shared/suitArtPrompts.ts::SUIT_SET_ROSTER	0	suitArtUrl(regalia-of-the-seeing-stylus, epic, legs)	art/suits/regalia-of-the-seeing-stylus/epic/legs.png	dgrsart-cdn	EXPANDED
apps/shared/suitArtPrompts.ts::SUIT_SET_ROSTER	0	suitArtUrl(regalia-of-the-seeing-stylus, epic, feet)	art/suits/regalia-of-the-seeing-stylus/epic/feet.png	dgrsart-cdn	EXPANDED
apps/shared/suitArtPrompts.ts::SUIT_SET_ROSTER	0	suitArtUrl(regalia-of-the-seeing-stylus, epic, weapon-primary)	art/suits/regalia-of-the-seeing-stylus/epic/weapon-primary.png	dgrsart-cdn	EXPANDED
apps/shared/suitArtPrompts.ts::SUIT_SET_ROSTER	0	suitArtUrl(regalia-of-the-seeing-stylus, epic, back)	art/suits/regalia-of-the-seeing-stylus/epic/back.png	dgrsart-cdn	EXPANDED
apps/shared/suitArtPrompts.ts::SUIT_SET_ROSTER	0	suitArtUrl(regalia-of-the-seeing-stylus, legendary, head)	art/suits/regalia-of-the-seeing-stylus/legendary/head.png	dgrsart-cdn	EXPANDED
apps/shared/suitArtPrompts.ts::SUIT_SET_ROSTER	0	suitArtUrl(regalia-of-the-seeing-stylus, legendary, chest)	art/suits/regalia-of-the-seeing-stylus/legendary/chest.png	dgrsart-cdn	EXPANDED
apps/shared/suitArtPrompts.ts::SUIT_SET_ROSTER	0	suitArtUrl(regalia-of-the-seeing-stylus, legendary, shoulders)	art/suits/regalia-of-the-seeing-stylus/legendary/shoulders.png	dgrsart-cdn	EXPANDED
apps/shared/suitArtPrompts.ts::SUIT_SET_ROSTER	0	suitArtUrl(regalia-of-the-seeing-stylus, legendary, arms)	art/suits/regalia-of-the-seeing-stylus/legendary/arms.png	dgrsart-cdn	EXPANDED
apps/shared/suitArtPrompts.ts::SUIT_SET_ROSTER	0	suitArtUrl(regalia-of-the-seeing-stylus, legendary, gloves)	art/suits/regalia-of-the-seeing-stylus/legendary/gloves.png	dgrsart-cdn	EXPANDED
apps/shared/suitArtPrompts.ts::SUIT_SET_ROSTER	0	suitArtUrl(regalia-of-the-seeing-stylus, legendary, belt)	art/suits/regalia-of-the-seeing-stylus/legendary/belt.png	dgrsart-cdn	EXPANDED
apps/shared/suitArtPrompts.ts::SUIT_SET_ROSTER	0	suitArtUrl(regalia-of-the-seeing-stylus, legendary, legs)	art/suits/regalia-of-the-seeing-stylus/legendary/legs.png	dgrsart-cdn	EXPANDED
apps/shared/suitArtPrompts.ts::SUIT_SET_ROSTER	0	suitArtUrl(regalia-of-the-seeing-stylus, legendary, feet)	art/suits/regalia-of-the-seeing-stylus/legendary/feet.png	dgrsart-cdn	EXPANDED
apps/shared/suitArtPrompts.ts::SUIT_SET_ROSTER	0	suitArtUrl(regalia-of-the-seeing-stylus, legendary, weapon-primary)	art/suits/regalia-of-the-seeing-stylus/legendary/weapon-primary.png	dgrsart-cdn	EXPANDED
apps/shared/suitArtPrompts.ts::SUIT_SET_ROSTER	0	suitArtUrl(regalia-of-the-seeing-stylus, legendary, back)	art/suits/regalia-of-the-seeing-stylus/legendary/back.png	dgrsart-cdn	EXPANDED
apps/shared/suitArtPrompts.ts::SUIT_SET_ROSTER	0	suitArtUrl(regalia-of-the-seeing-stylus, mythic, head)	art/suits/regalia-of-the-seeing-stylus/mythic/head.png	dgrsart-cdn	EXPANDED
apps/shared/suitArtPrompts.ts::SUIT_SET_ROSTER	0	suitArtUrl(regalia-of-the-seeing-stylus, mythic, chest)	art/suits/regalia-of-the-seeing-stylus/mythic/chest.png	dgrsart-cdn	EXPANDED
apps/shared/suitArtPrompts.ts::SUIT_SET_ROSTER	0	suitArtUrl(regalia-of-the-seeing-stylus, mythic, shoulders)	art/suits/regalia-of-the-seeing-stylus/mythic/shoulders.png	dgrsart-cdn	EXPANDED
apps/shared/suitArtPrompts.ts::SUIT_SET_ROSTER	0	suitArtUrl(regalia-of-the-seeing-stylus, mythic, arms)	art/suits/regalia-of-the-seeing-stylus/mythic/arms.png	dgrsart-cdn	EXPANDED
apps/shared/suitArtPrompts.ts::SUIT_SET_ROSTER	0	suitArtUrl(regalia-of-the-seeing-stylus, mythic, gloves)	art/suits/regalia-of-the-seeing-stylus/mythic/gloves.png	dgrsart-cdn	EXPANDED
apps/shared/suitArtPrompts.ts::SUIT_SET_ROSTER	0	suitArtUrl(regalia-of-the-seeing-stylus, mythic, belt)	art/suits/regalia-of-the-seeing-stylus/mythic/belt.png	dgrsart-cdn	EXPANDED
apps/shared/suitArtPrompts.ts::SUIT_SET_ROSTER	0	suitArtUrl(regalia-of-the-seeing-stylus, mythic, legs)	art/suits/regalia-of-the-seeing-stylus/mythic/legs.png	dgrsart-cdn	EXPANDED
apps/shared/suitArtPrompts.ts::SUIT_SET_ROSTER	0	suitArtUrl(regalia-of-the-seeing-stylus, mythic, feet)	art/suits/regalia-of-the-seeing-stylus/mythic/feet.png	dgrsart-cdn	EXPANDED
apps/shared/suitArtPrompts.ts::SUIT_SET_ROSTER	0	suitArtUrl(regalia-of-the-seeing-stylus, mythic, weapon-primary)	art/suits/regalia-of-the-seeing-stylus/mythic/weapon-primary.png	dgrsart-cdn	EXPANDED
apps/shared/suitArtPrompts.ts::SUIT_SET_ROSTER	0	suitArtUrl(regalia-of-the-seeing-stylus, mythic, back)	art/suits/regalia-of-the-seeing-stylus/mythic/back.png	dgrsart-cdn	EXPANDED
apps/shared/suitArtPrompts.ts::SUIT_SET_ROSTER	0	suitArtUrl(pressure-loom-harness, common, head)	art/suits/pressure-loom-harness/common/head.png	dgrsart-cdn	EXPANDED
apps/shared/suitArtPrompts.ts::SUIT_SET_ROSTER	0	suitArtUrl(pressure-loom-harness, common, chest)	art/suits/pressure-loom-harness/common/chest.png	dgrsart-cdn	EXPANDED
apps/shared/suitArtPrompts.ts::SUIT_SET_ROSTER	0	suitArtUrl(pressure-loom-harness, common, shoulders)	art/suits/pressure-loom-harness/common/shoulders.png	dgrsart-cdn	EXPANDED
apps/shared/suitArtPrompts.ts::SUIT_SET_ROSTER	0	suitArtUrl(pressure-loom-harness, common, arms)	art/suits/pressure-loom-harness/common/arms.png	dgrsart-cdn	EXPANDED
apps/shared/suitArtPrompts.ts::SUIT_SET_ROSTER	0	suitArtUrl(pressure-loom-harness, common, gloves)	art/suits/pressure-loom-harness/common/gloves.png	dgrsart-cdn	EXPANDED
apps/shared/suitArtPrompts.ts::SUIT_SET_ROSTER	0	suitArtUrl(pressure-loom-harness, common, belt)	art/suits/pressure-loom-harness/common/belt.png	dgrsart-cdn	EXPANDED
apps/shared/suitArtPrompts.ts::SUIT_SET_ROSTER	0	suitArtUrl(pressure-loom-harness, common, legs)	art/suits/pressure-loom-harness/common/legs.png	dgrsart-cdn	EXPANDED
apps/shared/suitArtPrompts.ts::SUIT_SET_ROSTER	0	suitArtUrl(pressure-loom-harness, common, feet)	art/suits/pressure-loom-harness/common/feet.png	dgrsart-cdn	EXPANDED
apps/shared/suitArtPrompts.ts::SUIT_SET_ROSTER	0	suitArtUrl(pressure-loom-harness, common, weapon-primary)	art/suits/pressure-loom-harness/common/weapon-primary.png	dgrsart-cdn	EXPANDED
apps/shared/suitArtPrompts.ts::SUIT_SET_ROSTER	0	suitArtUrl(pressure-loom-harness, common, back)	art/suits/pressure-loom-harness/common/back.png	dgrsart-cdn	EXPANDED
apps/shared/suitArtPrompts.ts::SUIT_SET_ROSTER	0	suitArtUrl(pressure-loom-harness, uncommon, head)	art/suits/pressure-loom-harness/uncommon/head.png	dgrsart-cdn	EXPANDED
apps/shared/suitArtPrompts.ts::SUIT_SET_ROSTER	0	suitArtUrl(pressure-loom-harness, uncommon, chest)	art/suits/pressure-loom-harness/uncommon/chest.png	dgrsart-cdn	EXPANDED
apps/shared/suitArtPrompts.ts::SUIT_SET_ROSTER	0	suitArtUrl(pressure-loom-harness, uncommon, shoulders)	art/suits/pressure-loom-harness/uncommon/shoulders.png	dgrsart-cdn	EXPANDED
apps/shared/suitArtPrompts.ts::SUIT_SET_ROSTER	0	suitArtUrl(pressure-loom-harness, uncommon, arms)	art/suits/pressure-loom-harness/uncommon/arms.png	dgrsart-cdn	EXPANDED
apps/shared/suitArtPrompts.ts::SUIT_SET_ROSTER	0	suitArtUrl(pressure-loom-harness, uncommon, gloves)	art/suits/pressure-loom-harness/uncommon/gloves.png	dgrsart-cdn	EXPANDED
apps/shared/suitArtPrompts.ts::SUIT_SET_ROSTER	0	suitArtUrl(pressure-loom-harness, uncommon, belt)	art/suits/pressure-loom-harness/uncommon/belt.png	dgrsart-cdn	EXPANDED
apps/shared/suitArtPrompts.ts::SUIT_SET_ROSTER	0	suitArtUrl(pressure-loom-harness, uncommon, legs)	art/suits/pressure-loom-harness/uncommon/legs.png	dgrsart-cdn	EXPANDED
apps/shared/suitArtPrompts.ts::SUIT_SET_ROSTER	0	suitArtUrl(pressure-loom-harness, uncommon, feet)	art/suits/pressure-loom-harness/uncommon/feet.png	dgrsart-cdn	EXPANDED
apps/shared/suitArtPrompts.ts::SUIT_SET_ROSTER	0	suitArtUrl(pressure-loom-harness, uncommon, weapon-primary)	art/suits/pressure-loom-harness/uncommon/weapon-primary.png	dgrsart-cdn	EXPANDED
apps/shared/suitArtPrompts.ts::SUIT_SET_ROSTER	0	suitArtUrl(pressure-loom-harness, uncommon, back)	art/suits/pressure-loom-harness/uncommon/back.png	dgrsart-cdn	EXPANDED
apps/shared/suitArtPrompts.ts::SUIT_SET_ROSTER	0	suitArtUrl(pressure-loom-harness, rare, head)	art/suits/pressure-loom-harness/rare/head.png	dgrsart-cdn	EXPANDED
apps/shared/suitArtPrompts.ts::SUIT_SET_ROSTER	0	suitArtUrl(pressure-loom-harness, rare, chest)	art/suits/pressure-loom-harness/rare/chest.png	dgrsart-cdn	EXPANDED
apps/shared/suitArtPrompts.ts::SUIT_SET_ROSTER	0	suitArtUrl(pressure-loom-harness, rare, shoulders)	art/suits/pressure-loom-harness/rare/shoulders.png	dgrsart-cdn	EXPANDED
apps/shared/suitArtPrompts.ts::SUIT_SET_ROSTER	0	suitArtUrl(pressure-loom-harness, rare, arms)	art/suits/pressure-loom-harness/rare/arms.png	dgrsart-cdn	EXPANDED
apps/shared/suitArtPrompts.ts::SUIT_SET_ROSTER	0	suitArtUrl(pressure-loom-harness, rare, gloves)	art/suits/pressure-loom-harness/rare/gloves.png	dgrsart-cdn	EXPANDED
apps/shared/suitArtPrompts.ts::SUIT_SET_ROSTER	0	suitArtUrl(pressure-loom-harness, rare, belt)	art/suits/pressure-loom-harness/rare/belt.png	dgrsart-cdn	EXPANDED
apps/shared/suitArtPrompts.ts::SUIT_SET_ROSTER	0	suitArtUrl(pressure-loom-harness, rare, legs)	art/suits/pressure-loom-harness/rare/legs.png	dgrsart-cdn	EXPANDED
apps/shared/suitArtPrompts.ts::SUIT_SET_ROSTER	0	suitArtUrl(pressure-loom-harness, rare, feet)	art/suits/pressure-loom-harness/rare/feet.png	dgrsart-cdn	EXPANDED
apps/shared/suitArtPrompts.ts::SUIT_SET_ROSTER	0	suitArtUrl(pressure-loom-harness, rare, weapon-primary)	art/suits/pressure-loom-harness/rare/weapon-primary.png	dgrsart-cdn	EXPANDED
apps/shared/suitArtPrompts.ts::SUIT_SET_ROSTER	0	suitArtUrl(pressure-loom-harness, rare, back)	art/suits/pressure-loom-harness/rare/back.png	dgrsart-cdn	EXPANDED
apps/shared/suitArtPrompts.ts::SUIT_SET_ROSTER	0	suitArtUrl(pressure-loom-harness, epic, head)	art/suits/pressure-loom-harness/epic/head.png	dgrsart-cdn	EXPANDED
apps/shared/suitArtPrompts.ts::SUIT_SET_ROSTER	0	suitArtUrl(pressure-loom-harness, epic, chest)	art/suits/pressure-loom-harness/epic/chest.png	dgrsart-cdn	EXPANDED
apps/shared/suitArtPrompts.ts::SUIT_SET_ROSTER	0	suitArtUrl(pressure-loom-harness, epic, shoulders)	art/suits/pressure-loom-harness/epic/shoulders.png	dgrsart-cdn	EXPANDED
apps/shared/suitArtPrompts.ts::SUIT_SET_ROSTER	0	suitArtUrl(pressure-loom-harness, epic, arms)	art/suits/pressure-loom-harness/epic/arms.png	dgrsart-cdn	EXPANDED
apps/shared/suitArtPrompts.ts::SUIT_SET_ROSTER	0	suitArtUrl(pressure-loom-harness, epic, gloves)	art/suits/pressure-loom-harness/epic/gloves.png	dgrsart-cdn	EXPANDED
apps/shared/suitArtPrompts.ts::SUIT_SET_ROSTER	0	suitArtUrl(pressure-loom-harness, epic, belt)	art/suits/pressure-loom-harness/epic/belt.png	dgrsart-cdn	EXPANDED
apps/shared/suitArtPrompts.ts::SUIT_SET_ROSTER	0	suitArtUrl(pressure-loom-harness, epic, legs)	art/suits/pressure-loom-harness/epic/legs.png	dgrsart-cdn	EXPANDED
apps/shared/suitArtPrompts.ts::SUIT_SET_ROSTER	0	suitArtUrl(pressure-loom-harness, epic, feet)	art/suits/pressure-loom-harness/epic/feet.png	dgrsart-cdn	EXPANDED
apps/shared/suitArtPrompts.ts::SUIT_SET_ROSTER	0	suitArtUrl(pressure-loom-harness, epic, weapon-primary)	art/suits/pressure-loom-harness/epic/weapon-primary.png	dgrsart-cdn	EXPANDED
apps/shared/suitArtPrompts.ts::SUIT_SET_ROSTER	0	suitArtUrl(pressure-loom-harness, epic, back)	art/suits/pressure-loom-harness/epic/back.png	dgrsart-cdn	EXPANDED
apps/shared/suitArtPrompts.ts::SUIT_SET_ROSTER	0	suitArtUrl(pressure-loom-harness, legendary, head)	art/suits/pressure-loom-harness/legendary/head.png	dgrsart-cdn	EXPANDED
apps/shared/suitArtPrompts.ts::SUIT_SET_ROSTER	0	suitArtUrl(pressure-loom-harness, legendary, chest)	art/suits/pressure-loom-harness/legendary/chest.png	dgrsart-cdn	EXPANDED
apps/shared/suitArtPrompts.ts::SUIT_SET_ROSTER	0	suitArtUrl(pressure-loom-harness, legendary, shoulders)	art/suits/pressure-loom-harness/legendary/shoulders.png	dgrsart-cdn	EXPANDED
apps/shared/suitArtPrompts.ts::SUIT_SET_ROSTER	0	suitArtUrl(pressure-loom-harness, legendary, arms)	art/suits/pressure-loom-harness/legendary/arms.png	dgrsart-cdn	EXPANDED
apps/shared/suitArtPrompts.ts::SUIT_SET_ROSTER	0	suitArtUrl(pressure-loom-harness, legendary, gloves)	art/suits/pressure-loom-harness/legendary/gloves.png	dgrsart-cdn	EXPANDED
apps/shared/suitArtPrompts.ts::SUIT_SET_ROSTER	0	suitArtUrl(pressure-loom-harness, legendary, belt)	art/suits/pressure-loom-harness/legendary/belt.png	dgrsart-cdn	EXPANDED
apps/shared/suitArtPrompts.ts::SUIT_SET_ROSTER	0	suitArtUrl(pressure-loom-harness, legendary, legs)	art/suits/pressure-loom-harness/legendary/legs.png	dgrsart-cdn	EXPANDED
apps/shared/suitArtPrompts.ts::SUIT_SET_ROSTER	0	suitArtUrl(pressure-loom-harness, legendary, feet)	art/suits/pressure-loom-harness/legendary/feet.png	dgrsart-cdn	EXPANDED
apps/shared/suitArtPrompts.ts::SUIT_SET_ROSTER	0	suitArtUrl(pressure-loom-harness, legendary, weapon-primary)	art/suits/pressure-loom-harness/legendary/weapon-primary.png	dgrsart-cdn	EXPANDED
apps/shared/suitArtPrompts.ts::SUIT_SET_ROSTER	0	suitArtUrl(pressure-loom-harness, legendary, back)	art/suits/pressure-loom-harness/legendary/back.png	dgrsart-cdn	EXPANDED
apps/shared/suitArtPrompts.ts::SUIT_SET_ROSTER	0	suitArtUrl(pressure-loom-harness, mythic, head)	art/suits/pressure-loom-harness/mythic/head.png	dgrsart-cdn	EXPANDED
apps/shared/suitArtPrompts.ts::SUIT_SET_ROSTER	0	suitArtUrl(pressure-loom-harness, mythic, chest)	art/suits/pressure-loom-harness/mythic/chest.png	dgrsart-cdn	EXPANDED
apps/shared/suitArtPrompts.ts::SUIT_SET_ROSTER	0	suitArtUrl(pressure-loom-harness, mythic, shoulders)	art/suits/pressure-loom-harness/mythic/shoulders.png	dgrsart-cdn	EXPANDED
apps/shared/suitArtPrompts.ts::SUIT_SET_ROSTER	0	suitArtUrl(pressure-loom-harness, mythic, arms)	art/suits/pressure-loom-harness/mythic/arms.png	dgrsart-cdn	EXPANDED
apps/shared/suitArtPrompts.ts::SUIT_SET_ROSTER	0	suitArtUrl(pressure-loom-harness, mythic, gloves)	art/suits/pressure-loom-harness/mythic/gloves.png	dgrsart-cdn	EXPANDED
apps/shared/suitArtPrompts.ts::SUIT_SET_ROSTER	0	suitArtUrl(pressure-loom-harness, mythic, belt)	art/suits/pressure-loom-harness/mythic/belt.png	dgrsart-cdn	EXPANDED
apps/shared/suitArtPrompts.ts::SUIT_SET_ROSTER	0	suitArtUrl(pressure-loom-harness, mythic, legs)	art/suits/pressure-loom-harness/mythic/legs.png	dgrsart-cdn	EXPANDED
apps/shared/suitArtPrompts.ts::SUIT_SET_ROSTER	0	suitArtUrl(pressure-loom-harness, mythic, feet)	art/suits/pressure-loom-harness/mythic/feet.png	dgrsart-cdn	EXPANDED
apps/shared/suitArtPrompts.ts::SUIT_SET_ROSTER	0	suitArtUrl(pressure-loom-harness, mythic, weapon-primary)	art/suits/pressure-loom-harness/mythic/weapon-primary.png	dgrsart-cdn	EXPANDED
apps/shared/suitArtPrompts.ts::SUIT_SET_ROSTER	0	suitArtUrl(pressure-loom-harness, mythic, back)	art/suits/pressure-loom-harness/mythic/back.png	dgrsart-cdn	EXPANDED
apps/shared/suitArtPrompts.ts::SUIT_SET_ROSTER	0	suitArtUrl(black-crepe-weave, common, head)	art/suits/black-crepe-weave/common/head.png	dgrsart-cdn	EXPANDED
apps/shared/suitArtPrompts.ts::SUIT_SET_ROSTER	0	suitArtUrl(black-crepe-weave, common, chest)	art/suits/black-crepe-weave/common/chest.png	dgrsart-cdn	EXPANDED
apps/shared/suitArtPrompts.ts::SUIT_SET_ROSTER	0	suitArtUrl(black-crepe-weave, common, shoulders)	art/suits/black-crepe-weave/common/shoulders.png	dgrsart-cdn	EXPANDED
apps/shared/suitArtPrompts.ts::SUIT_SET_ROSTER	0	suitArtUrl(black-crepe-weave, common, arms)	art/suits/black-crepe-weave/common/arms.png	dgrsart-cdn	EXPANDED
apps/shared/suitArtPrompts.ts::SUIT_SET_ROSTER	0	suitArtUrl(black-crepe-weave, common, gloves)	art/suits/black-crepe-weave/common/gloves.png	dgrsart-cdn	EXPANDED
apps/shared/suitArtPrompts.ts::SUIT_SET_ROSTER	0	suitArtUrl(black-crepe-weave, common, belt)	art/suits/black-crepe-weave/common/belt.png	dgrsart-cdn	EXPANDED
apps/shared/suitArtPrompts.ts::SUIT_SET_ROSTER	0	suitArtUrl(black-crepe-weave, common, legs)	art/suits/black-crepe-weave/common/legs.png	dgrsart-cdn	EXPANDED
apps/shared/suitArtPrompts.ts::SUIT_SET_ROSTER	0	suitArtUrl(black-crepe-weave, common, feet)	art/suits/black-crepe-weave/common/feet.png	dgrsart-cdn	EXPANDED
apps/shared/suitArtPrompts.ts::SUIT_SET_ROSTER	0	suitArtUrl(black-crepe-weave, common, weapon-primary)	art/suits/black-crepe-weave/common/weapon-primary.png	dgrsart-cdn	EXPANDED
apps/shared/suitArtPrompts.ts::SUIT_SET_ROSTER	0	suitArtUrl(black-crepe-weave, common, back)	art/suits/black-crepe-weave/common/back.png	dgrsart-cdn	EXPANDED
apps/shared/suitArtPrompts.ts::SUIT_SET_ROSTER	0	suitArtUrl(black-crepe-weave, uncommon, head)	art/suits/black-crepe-weave/uncommon/head.png	dgrsart-cdn	EXPANDED
apps/shared/suitArtPrompts.ts::SUIT_SET_ROSTER	0	suitArtUrl(black-crepe-weave, uncommon, chest)	art/suits/black-crepe-weave/uncommon/chest.png	dgrsart-cdn	EXPANDED
apps/shared/suitArtPrompts.ts::SUIT_SET_ROSTER	0	suitArtUrl(black-crepe-weave, uncommon, shoulders)	art/suits/black-crepe-weave/uncommon/shoulders.png	dgrsart-cdn	EXPANDED
apps/shared/suitArtPrompts.ts::SUIT_SET_ROSTER	0	suitArtUrl(black-crepe-weave, uncommon, arms)	art/suits/black-crepe-weave/uncommon/arms.png	dgrsart-cdn	EXPANDED
apps/shared/suitArtPrompts.ts::SUIT_SET_ROSTER	0	suitArtUrl(black-crepe-weave, uncommon, gloves)	art/suits/black-crepe-weave/uncommon/gloves.png	dgrsart-cdn	EXPANDED
apps/shared/suitArtPrompts.ts::SUIT_SET_ROSTER	0	suitArtUrl(black-crepe-weave, uncommon, belt)	art/suits/black-crepe-weave/uncommon/belt.png	dgrsart-cdn	EXPANDED
apps/shared/suitArtPrompts.ts::SUIT_SET_ROSTER	0	suitArtUrl(black-crepe-weave, uncommon, legs)	art/suits/black-crepe-weave/uncommon/legs.png	dgrsart-cdn	EXPANDED
apps/shared/suitArtPrompts.ts::SUIT_SET_ROSTER	0	suitArtUrl(black-crepe-weave, uncommon, feet)	art/suits/black-crepe-weave/uncommon/feet.png	dgrsart-cdn	EXPANDED
apps/shared/suitArtPrompts.ts::SUIT_SET_ROSTER	0	suitArtUrl(black-crepe-weave, uncommon, weapon-primary)	art/suits/black-crepe-weave/uncommon/weapon-primary.png	dgrsart-cdn	EXPANDED
apps/shared/suitArtPrompts.ts::SUIT_SET_ROSTER	0	suitArtUrl(black-crepe-weave, uncommon, back)	art/suits/black-crepe-weave/uncommon/back.png	dgrsart-cdn	EXPANDED
apps/shared/suitArtPrompts.ts::SUIT_SET_ROSTER	0	suitArtUrl(black-crepe-weave, rare, head)	art/suits/black-crepe-weave/rare/head.png	dgrsart-cdn	EXPANDED
apps/shared/suitArtPrompts.ts::SUIT_SET_ROSTER	0	suitArtUrl(black-crepe-weave, rare, chest)	art/suits/black-crepe-weave/rare/chest.png	dgrsart-cdn	EXPANDED
apps/shared/suitArtPrompts.ts::SUIT_SET_ROSTER	0	suitArtUrl(black-crepe-weave, rare, shoulders)	art/suits/black-crepe-weave/rare/shoulders.png	dgrsart-cdn	EXPANDED
apps/shared/suitArtPrompts.ts::SUIT_SET_ROSTER	0	suitArtUrl(black-crepe-weave, rare, arms)	art/suits/black-crepe-weave/rare/arms.png	dgrsart-cdn	EXPANDED
apps/shared/suitArtPrompts.ts::SUIT_SET_ROSTER	0	suitArtUrl(black-crepe-weave, rare, gloves)	art/suits/black-crepe-weave/rare/gloves.png	dgrsart-cdn	EXPANDED
apps/shared/suitArtPrompts.ts::SUIT_SET_ROSTER	0	suitArtUrl(black-crepe-weave, rare, belt)	art/suits/black-crepe-weave/rare/belt.png	dgrsart-cdn	EXPANDED
apps/shared/suitArtPrompts.ts::SUIT_SET_ROSTER	0	suitArtUrl(black-crepe-weave, rare, legs)	art/suits/black-crepe-weave/rare/legs.png	dgrsart-cdn	EXPANDED
apps/shared/suitArtPrompts.ts::SUIT_SET_ROSTER	0	suitArtUrl(black-crepe-weave, rare, feet)	art/suits/black-crepe-weave/rare/feet.png	dgrsart-cdn	EXPANDED
apps/shared/suitArtPrompts.ts::SUIT_SET_ROSTER	0	suitArtUrl(black-crepe-weave, rare, weapon-primary)	art/suits/black-crepe-weave/rare/weapon-primary.png	dgrsart-cdn	EXPANDED
apps/shared/suitArtPrompts.ts::SUIT_SET_ROSTER	0	suitArtUrl(black-crepe-weave, rare, back)	art/suits/black-crepe-weave/rare/back.png	dgrsart-cdn	EXPANDED
apps/shared/suitArtPrompts.ts::SUIT_SET_ROSTER	0	suitArtUrl(black-crepe-weave, epic, head)	art/suits/black-crepe-weave/epic/head.png	dgrsart-cdn	EXPANDED
apps/shared/suitArtPrompts.ts::SUIT_SET_ROSTER	0	suitArtUrl(black-crepe-weave, epic, chest)	art/suits/black-crepe-weave/epic/chest.png	dgrsart-cdn	EXPANDED
apps/shared/suitArtPrompts.ts::SUIT_SET_ROSTER	0	suitArtUrl(black-crepe-weave, epic, shoulders)	art/suits/black-crepe-weave/epic/shoulders.png	dgrsart-cdn	EXPANDED
apps/shared/suitArtPrompts.ts::SUIT_SET_ROSTER	0	suitArtUrl(black-crepe-weave, epic, arms)	art/suits/black-crepe-weave/epic/arms.png	dgrsart-cdn	EXPANDED
apps/shared/suitArtPrompts.ts::SUIT_SET_ROSTER	0	suitArtUrl(black-crepe-weave, epic, gloves)	art/suits/black-crepe-weave/epic/gloves.png	dgrsart-cdn	EXPANDED
apps/shared/suitArtPrompts.ts::SUIT_SET_ROSTER	0	suitArtUrl(black-crepe-weave, epic, belt)	art/suits/black-crepe-weave/epic/belt.png	dgrsart-cdn	EXPANDED
apps/shared/suitArtPrompts.ts::SUIT_SET_ROSTER	0	suitArtUrl(black-crepe-weave, epic, legs)	art/suits/black-crepe-weave/epic/legs.png	dgrsart-cdn	EXPANDED
apps/shared/suitArtPrompts.ts::SUIT_SET_ROSTER	0	suitArtUrl(black-crepe-weave, epic, feet)	art/suits/black-crepe-weave/epic/feet.png	dgrsart-cdn	EXPANDED
apps/shared/suitArtPrompts.ts::SUIT_SET_ROSTER	0	suitArtUrl(black-crepe-weave, epic, weapon-primary)	art/suits/black-crepe-weave/epic/weapon-primary.png	dgrsart-cdn	EXPANDED
apps/shared/suitArtPrompts.ts::SUIT_SET_ROSTER	0	suitArtUrl(black-crepe-weave, epic, back)	art/suits/black-crepe-weave/epic/back.png	dgrsart-cdn	EXPANDED
apps/shared/suitArtPrompts.ts::SUIT_SET_ROSTER	0	suitArtUrl(black-crepe-weave, legendary, head)	art/suits/black-crepe-weave/legendary/head.png	dgrsart-cdn	EXPANDED
apps/shared/suitArtPrompts.ts::SUIT_SET_ROSTER	0	suitArtUrl(black-crepe-weave, legendary, chest)	art/suits/black-crepe-weave/legendary/chest.png	dgrsart-cdn	EXPANDED
apps/shared/suitArtPrompts.ts::SUIT_SET_ROSTER	0	suitArtUrl(black-crepe-weave, legendary, shoulders)	art/suits/black-crepe-weave/legendary/shoulders.png	dgrsart-cdn	EXPANDED
apps/shared/suitArtPrompts.ts::SUIT_SET_ROSTER	0	suitArtUrl(black-crepe-weave, legendary, arms)	art/suits/black-crepe-weave/legendary/arms.png	dgrsart-cdn	EXPANDED
apps/shared/suitArtPrompts.ts::SUIT_SET_ROSTER	0	suitArtUrl(black-crepe-weave, legendary, gloves)	art/suits/black-crepe-weave/legendary/gloves.png	dgrsart-cdn	EXPANDED
apps/shared/suitArtPrompts.ts::SUIT_SET_ROSTER	0	suitArtUrl(black-crepe-weave, legendary, belt)	art/suits/black-crepe-weave/legendary/belt.png	dgrsart-cdn	EXPANDED
apps/shared/suitArtPrompts.ts::SUIT_SET_ROSTER	0	suitArtUrl(black-crepe-weave, legendary, legs)	art/suits/black-crepe-weave/legendary/legs.png	dgrsart-cdn	EXPANDED
apps/shared/suitArtPrompts.ts::SUIT_SET_ROSTER	0	suitArtUrl(black-crepe-weave, legendary, feet)	art/suits/black-crepe-weave/legendary/feet.png	dgrsart-cdn	EXPANDED
apps/shared/suitArtPrompts.ts::SUIT_SET_ROSTER	0	suitArtUrl(black-crepe-weave, legendary, weapon-primary)	art/suits/black-crepe-weave/legendary/weapon-primary.png	dgrsart-cdn	EXPANDED
apps/shared/suitArtPrompts.ts::SUIT_SET_ROSTER	0	suitArtUrl(black-crepe-weave, legendary, back)	art/suits/black-crepe-weave/legendary/back.png	dgrsart-cdn	EXPANDED
apps/shared/suitArtPrompts.ts::SUIT_SET_ROSTER	0	suitArtUrl(black-crepe-weave, mythic, head)	art/suits/black-crepe-weave/mythic/head.png	dgrsart-cdn	EXPANDED
apps/shared/suitArtPrompts.ts::SUIT_SET_ROSTER	0	suitArtUrl(black-crepe-weave, mythic, chest)	art/suits/black-crepe-weave/mythic/chest.png	dgrsart-cdn	EXPANDED
apps/shared/suitArtPrompts.ts::SUIT_SET_ROSTER	0	suitArtUrl(black-crepe-weave, mythic, shoulders)	art/suits/black-crepe-weave/mythic/shoulders.png	dgrsart-cdn	EXPANDED
apps/shared/suitArtPrompts.ts::SUIT_SET_ROSTER	0	suitArtUrl(black-crepe-weave, mythic, arms)	art/suits/black-crepe-weave/mythic/arms.png	dgrsart-cdn	EXPANDED
apps/shared/suitArtPrompts.ts::SUIT_SET_ROSTER	0	suitArtUrl(black-crepe-weave, mythic, gloves)	art/suits/black-crepe-weave/mythic/gloves.png	dgrsart-cdn	EXPANDED
apps/shared/suitArtPrompts.ts::SUIT_SET_ROSTER	0	suitArtUrl(black-crepe-weave, mythic, belt)	art/suits/black-crepe-weave/mythic/belt.png	dgrsart-cdn	EXPANDED
apps/shared/suitArtPrompts.ts::SUIT_SET_ROSTER	0	suitArtUrl(black-crepe-weave, mythic, legs)	art/suits/black-crepe-weave/mythic/legs.png	dgrsart-cdn	EXPANDED
apps/shared/suitArtPrompts.ts::SUIT_SET_ROSTER	0	suitArtUrl(black-crepe-weave, mythic, feet)	art/suits/black-crepe-weave/mythic/feet.png	dgrsart-cdn	EXPANDED
apps/shared/suitArtPrompts.ts::SUIT_SET_ROSTER	0	suitArtUrl(black-crepe-weave, mythic, weapon-primary)	art/suits/black-crepe-weave/mythic/weapon-primary.png	dgrsart-cdn	EXPANDED
apps/shared/suitArtPrompts.ts::SUIT_SET_ROSTER	0	suitArtUrl(black-crepe-weave, mythic, back)	art/suits/black-crepe-weave/mythic/back.png	dgrsart-cdn	EXPANDED
apps/shared/suitArtPrompts.ts::SUIT_SET_ROSTER	0	suitArtUrl(bulwark-of-the-eighth-column, common, head)	art/suits/bulwark-of-the-eighth-column/common/head.png	dgrsart-cdn	EXPANDED
apps/shared/suitArtPrompts.ts::SUIT_SET_ROSTER	0	suitArtUrl(bulwark-of-the-eighth-column, common, chest)	art/suits/bulwark-of-the-eighth-column/common/chest.png	dgrsart-cdn	EXPANDED
apps/shared/suitArtPrompts.ts::SUIT_SET_ROSTER	0	suitArtUrl(bulwark-of-the-eighth-column, common, shoulders)	art/suits/bulwark-of-the-eighth-column/common/shoulders.png	dgrsart-cdn	EXPANDED
apps/shared/suitArtPrompts.ts::SUIT_SET_ROSTER	0	suitArtUrl(bulwark-of-the-eighth-column, common, arms)	art/suits/bulwark-of-the-eighth-column/common/arms.png	dgrsart-cdn	EXPANDED
apps/shared/suitArtPrompts.ts::SUIT_SET_ROSTER	0	suitArtUrl(bulwark-of-the-eighth-column, common, gloves)	art/suits/bulwark-of-the-eighth-column/common/gloves.png	dgrsart-cdn	EXPANDED
apps/shared/suitArtPrompts.ts::SUIT_SET_ROSTER	0	suitArtUrl(bulwark-of-the-eighth-column, common, belt)	art/suits/bulwark-of-the-eighth-column/common/belt.png	dgrsart-cdn	EXPANDED
apps/shared/suitArtPrompts.ts::SUIT_SET_ROSTER	0	suitArtUrl(bulwark-of-the-eighth-column, common, legs)	art/suits/bulwark-of-the-eighth-column/common/legs.png	dgrsart-cdn	EXPANDED
apps/shared/suitArtPrompts.ts::SUIT_SET_ROSTER	0	suitArtUrl(bulwark-of-the-eighth-column, common, feet)	art/suits/bulwark-of-the-eighth-column/common/feet.png	dgrsart-cdn	EXPANDED
apps/shared/suitArtPrompts.ts::SUIT_SET_ROSTER	0	suitArtUrl(bulwark-of-the-eighth-column, common, weapon-primary)	art/suits/bulwark-of-the-eighth-column/common/weapon-primary.png	dgrsart-cdn	EXPANDED
apps/shared/suitArtPrompts.ts::SUIT_SET_ROSTER	0	suitArtUrl(bulwark-of-the-eighth-column, common, back)	art/suits/bulwark-of-the-eighth-column/common/back.png	dgrsart-cdn	EXPANDED
apps/shared/suitArtPrompts.ts::SUIT_SET_ROSTER	0	suitArtUrl(bulwark-of-the-eighth-column, uncommon, head)	art/suits/bulwark-of-the-eighth-column/uncommon/head.png	dgrsart-cdn	EXPANDED
apps/shared/suitArtPrompts.ts::SUIT_SET_ROSTER	0	suitArtUrl(bulwark-of-the-eighth-column, uncommon, chest)	art/suits/bulwark-of-the-eighth-column/uncommon/chest.png	dgrsart-cdn	EXPANDED
apps/shared/suitArtPrompts.ts::SUIT_SET_ROSTER	0	suitArtUrl(bulwark-of-the-eighth-column, uncommon, shoulders)	art/suits/bulwark-of-the-eighth-column/uncommon/shoulders.png	dgrsart-cdn	EXPANDED
apps/shared/suitArtPrompts.ts::SUIT_SET_ROSTER	0	suitArtUrl(bulwark-of-the-eighth-column, uncommon, arms)	art/suits/bulwark-of-the-eighth-column/uncommon/arms.png	dgrsart-cdn	EXPANDED
apps/shared/suitArtPrompts.ts::SUIT_SET_ROSTER	0	suitArtUrl(bulwark-of-the-eighth-column, uncommon, gloves)	art/suits/bulwark-of-the-eighth-column/uncommon/gloves.png	dgrsart-cdn	EXPANDED
apps/shared/suitArtPrompts.ts::SUIT_SET_ROSTER	0	suitArtUrl(bulwark-of-the-eighth-column, uncommon, belt)	art/suits/bulwark-of-the-eighth-column/uncommon/belt.png	dgrsart-cdn	EXPANDED
apps/shared/suitArtPrompts.ts::SUIT_SET_ROSTER	0	suitArtUrl(bulwark-of-the-eighth-column, uncommon, legs)	art/suits/bulwark-of-the-eighth-column/uncommon/legs.png	dgrsart-cdn	EXPANDED
apps/shared/suitArtPrompts.ts::SUIT_SET_ROSTER	0	suitArtUrl(bulwark-of-the-eighth-column, uncommon, feet)	art/suits/bulwark-of-the-eighth-column/uncommon/feet.png	dgrsart-cdn	EXPANDED
apps/shared/suitArtPrompts.ts::SUIT_SET_ROSTER	0	suitArtUrl(bulwark-of-the-eighth-column, uncommon, weapon-primary)	art/suits/bulwark-of-the-eighth-column/uncommon/weapon-primary.png	dgrsart-cdn	EXPANDED
apps/shared/suitArtPrompts.ts::SUIT_SET_ROSTER	0	suitArtUrl(bulwark-of-the-eighth-column, uncommon, back)	art/suits/bulwark-of-the-eighth-column/uncommon/back.png	dgrsart-cdn	EXPANDED
apps/shared/suitArtPrompts.ts::SUIT_SET_ROSTER	0	suitArtUrl(bulwark-of-the-eighth-column, rare, head)	art/suits/bulwark-of-the-eighth-column/rare/head.png	dgrsart-cdn	EXPANDED
apps/shared/suitArtPrompts.ts::SUIT_SET_ROSTER	0	suitArtUrl(bulwark-of-the-eighth-column, rare, chest)	art/suits/bulwark-of-the-eighth-column/rare/chest.png	dgrsart-cdn	EXPANDED
apps/shared/suitArtPrompts.ts::SUIT_SET_ROSTER	0	suitArtUrl(bulwark-of-the-eighth-column, rare, shoulders)	art/suits/bulwark-of-the-eighth-column/rare/shoulders.png	dgrsart-cdn	EXPANDED
apps/shared/suitArtPrompts.ts::SUIT_SET_ROSTER	0	suitArtUrl(bulwark-of-the-eighth-column, rare, arms)	art/suits/bulwark-of-the-eighth-column/rare/arms.png	dgrsart-cdn	EXPANDED
apps/shared/suitArtPrompts.ts::SUIT_SET_ROSTER	0	suitArtUrl(bulwark-of-the-eighth-column, rare, gloves)	art/suits/bulwark-of-the-eighth-column/rare/gloves.png	dgrsart-cdn	EXPANDED
apps/shared/suitArtPrompts.ts::SUIT_SET_ROSTER	0	suitArtUrl(bulwark-of-the-eighth-column, rare, belt)	art/suits/bulwark-of-the-eighth-column/rare/belt.png	dgrsart-cdn	EXPANDED
apps/shared/suitArtPrompts.ts::SUIT_SET_ROSTER	0	suitArtUrl(bulwark-of-the-eighth-column, rare, legs)	art/suits/bulwark-of-the-eighth-column/rare/legs.png	dgrsart-cdn	EXPANDED
apps/shared/suitArtPrompts.ts::SUIT_SET_ROSTER	0	suitArtUrl(bulwark-of-the-eighth-column, rare, feet)	art/suits/bulwark-of-the-eighth-column/rare/feet.png	dgrsart-cdn	EXPANDED
apps/shared/suitArtPrompts.ts::SUIT_SET_ROSTER	0	suitArtUrl(bulwark-of-the-eighth-column, rare, weapon-primary)	art/suits/bulwark-of-the-eighth-column/rare/weapon-primary.png	dgrsart-cdn	EXPANDED
apps/shared/suitArtPrompts.ts::SUIT_SET_ROSTER	0	suitArtUrl(bulwark-of-the-eighth-column, rare, back)	art/suits/bulwark-of-the-eighth-column/rare/back.png	dgrsart-cdn	EXPANDED
apps/shared/suitArtPrompts.ts::SUIT_SET_ROSTER	0	suitArtUrl(bulwark-of-the-eighth-column, epic, head)	art/suits/bulwark-of-the-eighth-column/epic/head.png	dgrsart-cdn	EXPANDED
apps/shared/suitArtPrompts.ts::SUIT_SET_ROSTER	0	suitArtUrl(bulwark-of-the-eighth-column, epic, chest)	art/suits/bulwark-of-the-eighth-column/epic/chest.png	dgrsart-cdn	EXPANDED
apps/shared/suitArtPrompts.ts::SUIT_SET_ROSTER	0	suitArtUrl(bulwark-of-the-eighth-column, epic, shoulders)	art/suits/bulwark-of-the-eighth-column/epic/shoulders.png	dgrsart-cdn	EXPANDED
apps/shared/suitArtPrompts.ts::SUIT_SET_ROSTER	0	suitArtUrl(bulwark-of-the-eighth-column, epic, arms)	art/suits/bulwark-of-the-eighth-column/epic/arms.png	dgrsart-cdn	EXPANDED
apps/shared/suitArtPrompts.ts::SUIT_SET_ROSTER	0	suitArtUrl(bulwark-of-the-eighth-column, epic, gloves)	art/suits/bulwark-of-the-eighth-column/epic/gloves.png	dgrsart-cdn	EXPANDED
apps/shared/suitArtPrompts.ts::SUIT_SET_ROSTER	0	suitArtUrl(bulwark-of-the-eighth-column, epic, belt)	art/suits/bulwark-of-the-eighth-column/epic/belt.png	dgrsart-cdn	EXPANDED
apps/shared/suitArtPrompts.ts::SUIT_SET_ROSTER	0	suitArtUrl(bulwark-of-the-eighth-column, epic, legs)	art/suits/bulwark-of-the-eighth-column/epic/legs.png	dgrsart-cdn	EXPANDED
apps/shared/suitArtPrompts.ts::SUIT_SET_ROSTER	0	suitArtUrl(bulwark-of-the-eighth-column, epic, feet)	art/suits/bulwark-of-the-eighth-column/epic/feet.png	dgrsart-cdn	EXPANDED
apps/shared/suitArtPrompts.ts::SUIT_SET_ROSTER	0	suitArtUrl(bulwark-of-the-eighth-column, epic, weapon-primary)	art/suits/bulwark-of-the-eighth-column/epic/weapon-primary.png	dgrsart-cdn	EXPANDED
apps/shared/suitArtPrompts.ts::SUIT_SET_ROSTER	0	suitArtUrl(bulwark-of-the-eighth-column, epic, back)	art/suits/bulwark-of-the-eighth-column/epic/back.png	dgrsart-cdn	EXPANDED
apps/shared/suitArtPrompts.ts::SUIT_SET_ROSTER	0	suitArtUrl(bulwark-of-the-eighth-column, legendary, head)	art/suits/bulwark-of-the-eighth-column/legendary/head.png	dgrsart-cdn	EXPANDED
apps/shared/suitArtPrompts.ts::SUIT_SET_ROSTER	0	suitArtUrl(bulwark-of-the-eighth-column, legendary, chest)	art/suits/bulwark-of-the-eighth-column/legendary/chest.png	dgrsart-cdn	EXPANDED
apps/shared/suitArtPrompts.ts::SUIT_SET_ROSTER	0	suitArtUrl(bulwark-of-the-eighth-column, legendary, shoulders)	art/suits/bulwark-of-the-eighth-column/legendary/shoulders.png	dgrsart-cdn	EXPANDED
apps/shared/suitArtPrompts.ts::SUIT_SET_ROSTER	0	suitArtUrl(bulwark-of-the-eighth-column, legendary, arms)	art/suits/bulwark-of-the-eighth-column/legendary/arms.png	dgrsart-cdn	EXPANDED
apps/shared/suitArtPrompts.ts::SUIT_SET_ROSTER	0	suitArtUrl(bulwark-of-the-eighth-column, legendary, gloves)	art/suits/bulwark-of-the-eighth-column/legendary/gloves.png	dgrsart-cdn	EXPANDED
apps/shared/suitArtPrompts.ts::SUIT_SET_ROSTER	0	suitArtUrl(bulwark-of-the-eighth-column, legendary, belt)	art/suits/bulwark-of-the-eighth-column/legendary/belt.png	dgrsart-cdn	EXPANDED
apps/shared/suitArtPrompts.ts::SUIT_SET_ROSTER	0	suitArtUrl(bulwark-of-the-eighth-column, legendary, legs)	art/suits/bulwark-of-the-eighth-column/legendary/legs.png	dgrsart-cdn	EXPANDED
apps/shared/suitArtPrompts.ts::SUIT_SET_ROSTER	0	suitArtUrl(bulwark-of-the-eighth-column, legendary, feet)	art/suits/bulwark-of-the-eighth-column/legendary/feet.png	dgrsart-cdn	EXPANDED
apps/shared/suitArtPrompts.ts::SUIT_SET_ROSTER	0	suitArtUrl(bulwark-of-the-eighth-column, legendary, weapon-primary)	art/suits/bulwark-of-the-eighth-column/legendary/weapon-primary.png	dgrsart-cdn	EXPANDED
apps/shared/suitArtPrompts.ts::SUIT_SET_ROSTER	0	suitArtUrl(bulwark-of-the-eighth-column, legendary, back)	art/suits/bulwark-of-the-eighth-column/legendary/back.png	dgrsart-cdn	EXPANDED
apps/shared/suitArtPrompts.ts::SUIT_SET_ROSTER	0	suitArtUrl(bulwark-of-the-eighth-column, mythic, head)	art/suits/bulwark-of-the-eighth-column/mythic/head.png	dgrsart-cdn	EXPANDED
apps/shared/suitArtPrompts.ts::SUIT_SET_ROSTER	0	suitArtUrl(bulwark-of-the-eighth-column, mythic, chest)	art/suits/bulwark-of-the-eighth-column/mythic/chest.png	dgrsart-cdn	EXPANDED
apps/shared/suitArtPrompts.ts::SUIT_SET_ROSTER	0	suitArtUrl(bulwark-of-the-eighth-column, mythic, shoulders)	art/suits/bulwark-of-the-eighth-column/mythic/shoulders.png	dgrsart-cdn	EXPANDED
apps/shared/suitArtPrompts.ts::SUIT_SET_ROSTER	0	suitArtUrl(bulwark-of-the-eighth-column, mythic, arms)	art/suits/bulwark-of-the-eighth-column/mythic/arms.png	dgrsart-cdn	EXPANDED
apps/shared/suitArtPrompts.ts::SUIT_SET_ROSTER	0	suitArtUrl(bulwark-of-the-eighth-column, mythic, gloves)	art/suits/bulwark-of-the-eighth-column/mythic/gloves.png	dgrsart-cdn	EXPANDED
apps/shared/suitArtPrompts.ts::SUIT_SET_ROSTER	0	suitArtUrl(bulwark-of-the-eighth-column, mythic, belt)	art/suits/bulwark-of-the-eighth-column/mythic/belt.png	dgrsart-cdn	EXPANDED
apps/shared/suitArtPrompts.ts::SUIT_SET_ROSTER	0	suitArtUrl(bulwark-of-the-eighth-column, mythic, legs)	art/suits/bulwark-of-the-eighth-column/mythic/legs.png	dgrsart-cdn	EXPANDED
apps/shared/suitArtPrompts.ts::SUIT_SET_ROSTER	0	suitArtUrl(bulwark-of-the-eighth-column, mythic, feet)	art/suits/bulwark-of-the-eighth-column/mythic/feet.png	dgrsart-cdn	EXPANDED
apps/shared/suitArtPrompts.ts::SUIT_SET_ROSTER	0	suitArtUrl(bulwark-of-the-eighth-column, mythic, weapon-primary)	art/suits/bulwark-of-the-eighth-column/mythic/weapon-primary.png	dgrsart-cdn	EXPANDED
apps/shared/suitArtPrompts.ts::SUIT_SET_ROSTER	0	suitArtUrl(bulwark-of-the-eighth-column, mythic, back)	art/suits/bulwark-of-the-eighth-column/mythic/back.png	dgrsart-cdn	EXPANDED
apps/shared/suitArtPrompts.ts::SUIT_SET_ROSTER	0	suitArtUrl(low-profile-tailoring, common, head)	art/suits/low-profile-tailoring/common/head.png	dgrsart-cdn	EXPANDED
apps/shared/suitArtPrompts.ts::SUIT_SET_ROSTER	0	suitArtUrl(low-profile-tailoring, common, chest)	art/suits/low-profile-tailoring/common/chest.png	dgrsart-cdn	EXPANDED
apps/shared/suitArtPrompts.ts::SUIT_SET_ROSTER	0	suitArtUrl(low-profile-tailoring, common, shoulders)	art/suits/low-profile-tailoring/common/shoulders.png	dgrsart-cdn	EXPANDED
apps/shared/suitArtPrompts.ts::SUIT_SET_ROSTER	0	suitArtUrl(low-profile-tailoring, common, arms)	art/suits/low-profile-tailoring/common/arms.png	dgrsart-cdn	EXPANDED
apps/shared/suitArtPrompts.ts::SUIT_SET_ROSTER	0	suitArtUrl(low-profile-tailoring, common, gloves)	art/suits/low-profile-tailoring/common/gloves.png	dgrsart-cdn	EXPANDED
apps/shared/suitArtPrompts.ts::SUIT_SET_ROSTER	0	suitArtUrl(low-profile-tailoring, common, belt)	art/suits/low-profile-tailoring/common/belt.png	dgrsart-cdn	EXPANDED
apps/shared/suitArtPrompts.ts::SUIT_SET_ROSTER	0	suitArtUrl(low-profile-tailoring, common, legs)	art/suits/low-profile-tailoring/common/legs.png	dgrsart-cdn	EXPANDED
apps/shared/suitArtPrompts.ts::SUIT_SET_ROSTER	0	suitArtUrl(low-profile-tailoring, common, feet)	art/suits/low-profile-tailoring/common/feet.png	dgrsart-cdn	EXPANDED
apps/shared/suitArtPrompts.ts::SUIT_SET_ROSTER	0	suitArtUrl(low-profile-tailoring, common, weapon-primary)	art/suits/low-profile-tailoring/common/weapon-primary.png	dgrsart-cdn	EXPANDED
apps/shared/suitArtPrompts.ts::SUIT_SET_ROSTER	0	suitArtUrl(low-profile-tailoring, common, back)	art/suits/low-profile-tailoring/common/back.png	dgrsart-cdn	EXPANDED
apps/shared/suitArtPrompts.ts::SUIT_SET_ROSTER	0	suitArtUrl(low-profile-tailoring, uncommon, head)	art/suits/low-profile-tailoring/uncommon/head.png	dgrsart-cdn	EXPANDED
apps/shared/suitArtPrompts.ts::SUIT_SET_ROSTER	0	suitArtUrl(low-profile-tailoring, uncommon, chest)	art/suits/low-profile-tailoring/uncommon/chest.png	dgrsart-cdn	EXPANDED
apps/shared/suitArtPrompts.ts::SUIT_SET_ROSTER	0	suitArtUrl(low-profile-tailoring, uncommon, shoulders)	art/suits/low-profile-tailoring/uncommon/shoulders.png	dgrsart-cdn	EXPANDED
apps/shared/suitArtPrompts.ts::SUIT_SET_ROSTER	0	suitArtUrl(low-profile-tailoring, uncommon, arms)	art/suits/low-profile-tailoring/uncommon/arms.png	dgrsart-cdn	EXPANDED
apps/shared/suitArtPrompts.ts::SUIT_SET_ROSTER	0	suitArtUrl(low-profile-tailoring, uncommon, gloves)	art/suits/low-profile-tailoring/uncommon/gloves.png	dgrsart-cdn	EXPANDED
apps/shared/suitArtPrompts.ts::SUIT_SET_ROSTER	0	suitArtUrl(low-profile-tailoring, uncommon, belt)	art/suits/low-profile-tailoring/uncommon/belt.png	dgrsart-cdn	EXPANDED
apps/shared/suitArtPrompts.ts::SUIT_SET_ROSTER	0	suitArtUrl(low-profile-tailoring, uncommon, legs)	art/suits/low-profile-tailoring/uncommon/legs.png	dgrsart-cdn	EXPANDED
apps/shared/suitArtPrompts.ts::SUIT_SET_ROSTER	0	suitArtUrl(low-profile-tailoring, uncommon, feet)	art/suits/low-profile-tailoring/uncommon/feet.png	dgrsart-cdn	EXPANDED
apps/shared/suitArtPrompts.ts::SUIT_SET_ROSTER	0	suitArtUrl(low-profile-tailoring, uncommon, weapon-primary)	art/suits/low-profile-tailoring/uncommon/weapon-primary.png	dgrsart-cdn	EXPANDED
apps/shared/suitArtPrompts.ts::SUIT_SET_ROSTER	0	suitArtUrl(low-profile-tailoring, uncommon, back)	art/suits/low-profile-tailoring/uncommon/back.png	dgrsart-cdn	EXPANDED
apps/shared/suitArtPrompts.ts::SUIT_SET_ROSTER	0	suitArtUrl(low-profile-tailoring, rare, head)	art/suits/low-profile-tailoring/rare/head.png	dgrsart-cdn	EXPANDED
apps/shared/suitArtPrompts.ts::SUIT_SET_ROSTER	0	suitArtUrl(low-profile-tailoring, rare, chest)	art/suits/low-profile-tailoring/rare/chest.png	dgrsart-cdn	EXPANDED
apps/shared/suitArtPrompts.ts::SUIT_SET_ROSTER	0	suitArtUrl(low-profile-tailoring, rare, shoulders)	art/suits/low-profile-tailoring/rare/shoulders.png	dgrsart-cdn	EXPANDED
apps/shared/suitArtPrompts.ts::SUIT_SET_ROSTER	0	suitArtUrl(low-profile-tailoring, rare, arms)	art/suits/low-profile-tailoring/rare/arms.png	dgrsart-cdn	EXPANDED
apps/shared/suitArtPrompts.ts::SUIT_SET_ROSTER	0	suitArtUrl(low-profile-tailoring, rare, gloves)	art/suits/low-profile-tailoring/rare/gloves.png	dgrsart-cdn	EXPANDED
apps/shared/suitArtPrompts.ts::SUIT_SET_ROSTER	0	suitArtUrl(low-profile-tailoring, rare, belt)	art/suits/low-profile-tailoring/rare/belt.png	dgrsart-cdn	EXPANDED
apps/shared/suitArtPrompts.ts::SUIT_SET_ROSTER	0	suitArtUrl(low-profile-tailoring, rare, legs)	art/suits/low-profile-tailoring/rare/legs.png	dgrsart-cdn	EXPANDED
apps/shared/suitArtPrompts.ts::SUIT_SET_ROSTER	0	suitArtUrl(low-profile-tailoring, rare, feet)	art/suits/low-profile-tailoring/rare/feet.png	dgrsart-cdn	EXPANDED
apps/shared/suitArtPrompts.ts::SUIT_SET_ROSTER	0	suitArtUrl(low-profile-tailoring, rare, weapon-primary)	art/suits/low-profile-tailoring/rare/weapon-primary.png	dgrsart-cdn	EXPANDED
apps/shared/suitArtPrompts.ts::SUIT_SET_ROSTER	0	suitArtUrl(low-profile-tailoring, rare, back)	art/suits/low-profile-tailoring/rare/back.png	dgrsart-cdn	EXPANDED
apps/shared/suitArtPrompts.ts::SUIT_SET_ROSTER	0	suitArtUrl(low-profile-tailoring, epic, head)	art/suits/low-profile-tailoring/epic/head.png	dgrsart-cdn	EXPANDED
apps/shared/suitArtPrompts.ts::SUIT_SET_ROSTER	0	suitArtUrl(low-profile-tailoring, epic, chest)	art/suits/low-profile-tailoring/epic/chest.png	dgrsart-cdn	EXPANDED
apps/shared/suitArtPrompts.ts::SUIT_SET_ROSTER	0	suitArtUrl(low-profile-tailoring, epic, shoulders)	art/suits/low-profile-tailoring/epic/shoulders.png	dgrsart-cdn	EXPANDED
apps/shared/suitArtPrompts.ts::SUIT_SET_ROSTER	0	suitArtUrl(low-profile-tailoring, epic, arms)	art/suits/low-profile-tailoring/epic/arms.png	dgrsart-cdn	EXPANDED
apps/shared/suitArtPrompts.ts::SUIT_SET_ROSTER	0	suitArtUrl(low-profile-tailoring, epic, gloves)	art/suits/low-profile-tailoring/epic/gloves.png	dgrsart-cdn	EXPANDED
apps/shared/suitArtPrompts.ts::SUIT_SET_ROSTER	0	suitArtUrl(low-profile-tailoring, epic, belt)	art/suits/low-profile-tailoring/epic/belt.png	dgrsart-cdn	EXPANDED
apps/shared/suitArtPrompts.ts::SUIT_SET_ROSTER	0	suitArtUrl(low-profile-tailoring, epic, legs)	art/suits/low-profile-tailoring/epic/legs.png	dgrsart-cdn	EXPANDED
apps/shared/suitArtPrompts.ts::SUIT_SET_ROSTER	0	suitArtUrl(low-profile-tailoring, epic, feet)	art/suits/low-profile-tailoring/epic/feet.png	dgrsart-cdn	EXPANDED
apps/shared/suitArtPrompts.ts::SUIT_SET_ROSTER	0	suitArtUrl(low-profile-tailoring, epic, weapon-primary)	art/suits/low-profile-tailoring/epic/weapon-primary.png	dgrsart-cdn	EXPANDED
apps/shared/suitArtPrompts.ts::SUIT_SET_ROSTER	0	suitArtUrl(low-profile-tailoring, epic, back)	art/suits/low-profile-tailoring/epic/back.png	dgrsart-cdn	EXPANDED
apps/shared/suitArtPrompts.ts::SUIT_SET_ROSTER	0	suitArtUrl(low-profile-tailoring, legendary, head)	art/suits/low-profile-tailoring/legendary/head.png	dgrsart-cdn	EXPANDED
apps/shared/suitArtPrompts.ts::SUIT_SET_ROSTER	0	suitArtUrl(low-profile-tailoring, legendary, chest)	art/suits/low-profile-tailoring/legendary/chest.png	dgrsart-cdn	EXPANDED
apps/shared/suitArtPrompts.ts::SUIT_SET_ROSTER	0	suitArtUrl(low-profile-tailoring, legendary, shoulders)	art/suits/low-profile-tailoring/legendary/shoulders.png	dgrsart-cdn	EXPANDED
apps/shared/suitArtPrompts.ts::SUIT_SET_ROSTER	0	suitArtUrl(low-profile-tailoring, legendary, arms)	art/suits/low-profile-tailoring/legendary/arms.png	dgrsart-cdn	EXPANDED
apps/shared/suitArtPrompts.ts::SUIT_SET_ROSTER	0	suitArtUrl(low-profile-tailoring, legendary, gloves)	art/suits/low-profile-tailoring/legendary/gloves.png	dgrsart-cdn	EXPANDED
apps/shared/suitArtPrompts.ts::SUIT_SET_ROSTER	0	suitArtUrl(low-profile-tailoring, legendary, belt)	art/suits/low-profile-tailoring/legendary/belt.png	dgrsart-cdn	EXPANDED
apps/shared/suitArtPrompts.ts::SUIT_SET_ROSTER	0	suitArtUrl(low-profile-tailoring, legendary, legs)	art/suits/low-profile-tailoring/legendary/legs.png	dgrsart-cdn	EXPANDED
apps/shared/suitArtPrompts.ts::SUIT_SET_ROSTER	0	suitArtUrl(low-profile-tailoring, legendary, feet)	art/suits/low-profile-tailoring/legendary/feet.png	dgrsart-cdn	EXPANDED
apps/shared/suitArtPrompts.ts::SUIT_SET_ROSTER	0	suitArtUrl(low-profile-tailoring, legendary, weapon-primary)	art/suits/low-profile-tailoring/legendary/weapon-primary.png	dgrsart-cdn	EXPANDED
apps/shared/suitArtPrompts.ts::SUIT_SET_ROSTER	0	suitArtUrl(low-profile-tailoring, legendary, back)	art/suits/low-profile-tailoring/legendary/back.png	dgrsart-cdn	EXPANDED
apps/shared/suitArtPrompts.ts::SUIT_SET_ROSTER	0	suitArtUrl(low-profile-tailoring, mythic, head)	art/suits/low-profile-tailoring/mythic/head.png	dgrsart-cdn	EXPANDED
apps/shared/suitArtPrompts.ts::SUIT_SET_ROSTER	0	suitArtUrl(low-profile-tailoring, mythic, chest)	art/suits/low-profile-tailoring/mythic/chest.png	dgrsart-cdn	EXPANDED
apps/shared/suitArtPrompts.ts::SUIT_SET_ROSTER	0	suitArtUrl(low-profile-tailoring, mythic, shoulders)	art/suits/low-profile-tailoring/mythic/shoulders.png	dgrsart-cdn	EXPANDED
apps/shared/suitArtPrompts.ts::SUIT_SET_ROSTER	0	suitArtUrl(low-profile-tailoring, mythic, arms)	art/suits/low-profile-tailoring/mythic/arms.png	dgrsart-cdn	EXPANDED
apps/shared/suitArtPrompts.ts::SUIT_SET_ROSTER	0	suitArtUrl(low-profile-tailoring, mythic, gloves)	art/suits/low-profile-tailoring/mythic/gloves.png	dgrsart-cdn	EXPANDED
apps/shared/suitArtPrompts.ts::SUIT_SET_ROSTER	0	suitArtUrl(low-profile-tailoring, mythic, belt)	art/suits/low-profile-tailoring/mythic/belt.png	dgrsart-cdn	EXPANDED
apps/shared/suitArtPrompts.ts::SUIT_SET_ROSTER	0	suitArtUrl(low-profile-tailoring, mythic, legs)	art/suits/low-profile-tailoring/mythic/legs.png	dgrsart-cdn	EXPANDED
apps/shared/suitArtPrompts.ts::SUIT_SET_ROSTER	0	suitArtUrl(low-profile-tailoring, mythic, feet)	art/suits/low-profile-tailoring/mythic/feet.png	dgrsart-cdn	EXPANDED
apps/shared/suitArtPrompts.ts::SUIT_SET_ROSTER	0	suitArtUrl(low-profile-tailoring, mythic, weapon-primary)	art/suits/low-profile-tailoring/mythic/weapon-primary.png	dgrsart-cdn	EXPANDED
apps/shared/suitArtPrompts.ts::SUIT_SET_ROSTER	0	suitArtUrl(low-profile-tailoring, mythic, back)	art/suits/low-profile-tailoring/mythic/back.png	dgrsart-cdn	EXPANDED
apps/shared/suitArtPrompts.ts::SUIT_SET_ROSTER	0	suitArtUrl(arcane-rune-regalia, common, head)	art/suits/arcane-rune-regalia/common/head.png	dgrsart-cdn	EXPANDED
apps/shared/suitArtPrompts.ts::SUIT_SET_ROSTER	0	suitArtUrl(arcane-rune-regalia, common, chest)	art/suits/arcane-rune-regalia/common/chest.png	dgrsart-cdn	EXPANDED
apps/shared/suitArtPrompts.ts::SUIT_SET_ROSTER	0	suitArtUrl(arcane-rune-regalia, common, shoulders)	art/suits/arcane-rune-regalia/common/shoulders.png	dgrsart-cdn	EXPANDED
apps/shared/suitArtPrompts.ts::SUIT_SET_ROSTER	0	suitArtUrl(arcane-rune-regalia, common, arms)	art/suits/arcane-rune-regalia/common/arms.png	dgrsart-cdn	EXPANDED
apps/shared/suitArtPrompts.ts::SUIT_SET_ROSTER	0	suitArtUrl(arcane-rune-regalia, common, gloves)	art/suits/arcane-rune-regalia/common/gloves.png	dgrsart-cdn	EXPANDED
apps/shared/suitArtPrompts.ts::SUIT_SET_ROSTER	0	suitArtUrl(arcane-rune-regalia, common, belt)	art/suits/arcane-rune-regalia/common/belt.png	dgrsart-cdn	EXPANDED
apps/shared/suitArtPrompts.ts::SUIT_SET_ROSTER	0	suitArtUrl(arcane-rune-regalia, common, legs)	art/suits/arcane-rune-regalia/common/legs.png	dgrsart-cdn	EXPANDED
apps/shared/suitArtPrompts.ts::SUIT_SET_ROSTER	0	suitArtUrl(arcane-rune-regalia, common, feet)	art/suits/arcane-rune-regalia/common/feet.png	dgrsart-cdn	EXPANDED
apps/shared/suitArtPrompts.ts::SUIT_SET_ROSTER	0	suitArtUrl(arcane-rune-regalia, common, weapon-primary)	art/suits/arcane-rune-regalia/common/weapon-primary.png	dgrsart-cdn	EXPANDED
apps/shared/suitArtPrompts.ts::SUIT_SET_ROSTER	0	suitArtUrl(arcane-rune-regalia, common, back)	art/suits/arcane-rune-regalia/common/back.png	dgrsart-cdn	EXPANDED
apps/shared/suitArtPrompts.ts::SUIT_SET_ROSTER	0	suitArtUrl(arcane-rune-regalia, uncommon, head)	art/suits/arcane-rune-regalia/uncommon/head.png	dgrsart-cdn	EXPANDED
apps/shared/suitArtPrompts.ts::SUIT_SET_ROSTER	0	suitArtUrl(arcane-rune-regalia, uncommon, chest)	art/suits/arcane-rune-regalia/uncommon/chest.png	dgrsart-cdn	EXPANDED
apps/shared/suitArtPrompts.ts::SUIT_SET_ROSTER	0	suitArtUrl(arcane-rune-regalia, uncommon, shoulders)	art/suits/arcane-rune-regalia/uncommon/shoulders.png	dgrsart-cdn	EXPANDED
apps/shared/suitArtPrompts.ts::SUIT_SET_ROSTER	0	suitArtUrl(arcane-rune-regalia, uncommon, arms)	art/suits/arcane-rune-regalia/uncommon/arms.png	dgrsart-cdn	EXPANDED
apps/shared/suitArtPrompts.ts::SUIT_SET_ROSTER	0	suitArtUrl(arcane-rune-regalia, uncommon, gloves)	art/suits/arcane-rune-regalia/uncommon/gloves.png	dgrsart-cdn	EXPANDED
apps/shared/suitArtPrompts.ts::SUIT_SET_ROSTER	0	suitArtUrl(arcane-rune-regalia, uncommon, belt)	art/suits/arcane-rune-regalia/uncommon/belt.png	dgrsart-cdn	EXPANDED
apps/shared/suitArtPrompts.ts::SUIT_SET_ROSTER	0	suitArtUrl(arcane-rune-regalia, uncommon, legs)	art/suits/arcane-rune-regalia/uncommon/legs.png	dgrsart-cdn	EXPANDED
apps/shared/suitArtPrompts.ts::SUIT_SET_ROSTER	0	suitArtUrl(arcane-rune-regalia, uncommon, feet)	art/suits/arcane-rune-regalia/uncommon/feet.png	dgrsart-cdn	EXPANDED
apps/shared/suitArtPrompts.ts::SUIT_SET_ROSTER	0	suitArtUrl(arcane-rune-regalia, uncommon, weapon-primary)	art/suits/arcane-rune-regalia/uncommon/weapon-primary.png	dgrsart-cdn	EXPANDED
apps/shared/suitArtPrompts.ts::SUIT_SET_ROSTER	0	suitArtUrl(arcane-rune-regalia, uncommon, back)	art/suits/arcane-rune-regalia/uncommon/back.png	dgrsart-cdn	EXPANDED
apps/shared/suitArtPrompts.ts::SUIT_SET_ROSTER	0	suitArtUrl(arcane-rune-regalia, rare, head)	art/suits/arcane-rune-regalia/rare/head.png	dgrsart-cdn	EXPANDED
apps/shared/suitArtPrompts.ts::SUIT_SET_ROSTER	0	suitArtUrl(arcane-rune-regalia, rare, chest)	art/suits/arcane-rune-regalia/rare/chest.png	dgrsart-cdn	EXPANDED
apps/shared/suitArtPrompts.ts::SUIT_SET_ROSTER	0	suitArtUrl(arcane-rune-regalia, rare, shoulders)	art/suits/arcane-rune-regalia/rare/shoulders.png	dgrsart-cdn	EXPANDED
apps/shared/suitArtPrompts.ts::SUIT_SET_ROSTER	0	suitArtUrl(arcane-rune-regalia, rare, arms)	art/suits/arcane-rune-regalia/rare/arms.png	dgrsart-cdn	EXPANDED
apps/shared/suitArtPrompts.ts::SUIT_SET_ROSTER	0	suitArtUrl(arcane-rune-regalia, rare, gloves)	art/suits/arcane-rune-regalia/rare/gloves.png	dgrsart-cdn	EXPANDED
apps/shared/suitArtPrompts.ts::SUIT_SET_ROSTER	0	suitArtUrl(arcane-rune-regalia, rare, belt)	art/suits/arcane-rune-regalia/rare/belt.png	dgrsart-cdn	EXPANDED
apps/shared/suitArtPrompts.ts::SUIT_SET_ROSTER	0	suitArtUrl(arcane-rune-regalia, rare, legs)	art/suits/arcane-rune-regalia/rare/legs.png	dgrsart-cdn	EXPANDED
apps/shared/suitArtPrompts.ts::SUIT_SET_ROSTER	0	suitArtUrl(arcane-rune-regalia, rare, feet)	art/suits/arcane-rune-regalia/rare/feet.png	dgrsart-cdn	EXPANDED
apps/shared/suitArtPrompts.ts::SUIT_SET_ROSTER	0	suitArtUrl(arcane-rune-regalia, rare, weapon-primary)	art/suits/arcane-rune-regalia/rare/weapon-primary.png	dgrsart-cdn	EXPANDED
apps/shared/suitArtPrompts.ts::SUIT_SET_ROSTER	0	suitArtUrl(arcane-rune-regalia, rare, back)	art/suits/arcane-rune-regalia/rare/back.png	dgrsart-cdn	EXPANDED
apps/shared/suitArtPrompts.ts::SUIT_SET_ROSTER	0	suitArtUrl(arcane-rune-regalia, epic, head)	art/suits/arcane-rune-regalia/epic/head.png	dgrsart-cdn	EXPANDED
apps/shared/suitArtPrompts.ts::SUIT_SET_ROSTER	0	suitArtUrl(arcane-rune-regalia, epic, chest)	art/suits/arcane-rune-regalia/epic/chest.png	dgrsart-cdn	EXPANDED
apps/shared/suitArtPrompts.ts::SUIT_SET_ROSTER	0	suitArtUrl(arcane-rune-regalia, epic, shoulders)	art/suits/arcane-rune-regalia/epic/shoulders.png	dgrsart-cdn	EXPANDED
apps/shared/suitArtPrompts.ts::SUIT_SET_ROSTER	0	suitArtUrl(arcane-rune-regalia, epic, arms)	art/suits/arcane-rune-regalia/epic/arms.png	dgrsart-cdn	EXPANDED
apps/shared/suitArtPrompts.ts::SUIT_SET_ROSTER	0	suitArtUrl(arcane-rune-regalia, epic, gloves)	art/suits/arcane-rune-regalia/epic/gloves.png	dgrsart-cdn	EXPANDED
apps/shared/suitArtPrompts.ts::SUIT_SET_ROSTER	0	suitArtUrl(arcane-rune-regalia, epic, belt)	art/suits/arcane-rune-regalia/epic/belt.png	dgrsart-cdn	EXPANDED
apps/shared/suitArtPrompts.ts::SUIT_SET_ROSTER	0	suitArtUrl(arcane-rune-regalia, epic, legs)	art/suits/arcane-rune-regalia/epic/legs.png	dgrsart-cdn	EXPANDED
apps/shared/suitArtPrompts.ts::SUIT_SET_ROSTER	0	suitArtUrl(arcane-rune-regalia, epic, feet)	art/suits/arcane-rune-regalia/epic/feet.png	dgrsart-cdn	EXPANDED
apps/shared/suitArtPrompts.ts::SUIT_SET_ROSTER	0	suitArtUrl(arcane-rune-regalia, epic, weapon-primary)	art/suits/arcane-rune-regalia/epic/weapon-primary.png	dgrsart-cdn	EXPANDED
apps/shared/suitArtPrompts.ts::SUIT_SET_ROSTER	0	suitArtUrl(arcane-rune-regalia, epic, back)	art/suits/arcane-rune-regalia/epic/back.png	dgrsart-cdn	EXPANDED
apps/shared/suitArtPrompts.ts::SUIT_SET_ROSTER	0	suitArtUrl(arcane-rune-regalia, legendary, head)	art/suits/arcane-rune-regalia/legendary/head.png	dgrsart-cdn	EXPANDED
apps/shared/suitArtPrompts.ts::SUIT_SET_ROSTER	0	suitArtUrl(arcane-rune-regalia, legendary, chest)	art/suits/arcane-rune-regalia/legendary/chest.png	dgrsart-cdn	EXPANDED
apps/shared/suitArtPrompts.ts::SUIT_SET_ROSTER	0	suitArtUrl(arcane-rune-regalia, legendary, shoulders)	art/suits/arcane-rune-regalia/legendary/shoulders.png	dgrsart-cdn	EXPANDED
apps/shared/suitArtPrompts.ts::SUIT_SET_ROSTER	0	suitArtUrl(arcane-rune-regalia, legendary, arms)	art/suits/arcane-rune-regalia/legendary/arms.png	dgrsart-cdn	EXPANDED
apps/shared/suitArtPrompts.ts::SUIT_SET_ROSTER	0	suitArtUrl(arcane-rune-regalia, legendary, gloves)	art/suits/arcane-rune-regalia/legendary/gloves.png	dgrsart-cdn	EXPANDED
apps/shared/suitArtPrompts.ts::SUIT_SET_ROSTER	0	suitArtUrl(arcane-rune-regalia, legendary, belt)	art/suits/arcane-rune-regalia/legendary/belt.png	dgrsart-cdn	EXPANDED
apps/shared/suitArtPrompts.ts::SUIT_SET_ROSTER	0	suitArtUrl(arcane-rune-regalia, legendary, legs)	art/suits/arcane-rune-regalia/legendary/legs.png	dgrsart-cdn	EXPANDED
apps/shared/suitArtPrompts.ts::SUIT_SET_ROSTER	0	suitArtUrl(arcane-rune-regalia, legendary, feet)	art/suits/arcane-rune-regalia/legendary/feet.png	dgrsart-cdn	EXPANDED
apps/shared/suitArtPrompts.ts::SUIT_SET_ROSTER	0	suitArtUrl(arcane-rune-regalia, legendary, weapon-primary)	art/suits/arcane-rune-regalia/legendary/weapon-primary.png	dgrsart-cdn	EXPANDED
apps/shared/suitArtPrompts.ts::SUIT_SET_ROSTER	0	suitArtUrl(arcane-rune-regalia, legendary, back)	art/suits/arcane-rune-regalia/legendary/back.png	dgrsart-cdn	EXPANDED
apps/shared/suitArtPrompts.ts::SUIT_SET_ROSTER	0	suitArtUrl(arcane-rune-regalia, mythic, head)	art/suits/arcane-rune-regalia/mythic/head.png	dgrsart-cdn	EXPANDED
apps/shared/suitArtPrompts.ts::SUIT_SET_ROSTER	0	suitArtUrl(arcane-rune-regalia, mythic, chest)	art/suits/arcane-rune-regalia/mythic/chest.png	dgrsart-cdn	EXPANDED
apps/shared/suitArtPrompts.ts::SUIT_SET_ROSTER	0	suitArtUrl(arcane-rune-regalia, mythic, shoulders)	art/suits/arcane-rune-regalia/mythic/shoulders.png	dgrsart-cdn	EXPANDED
apps/shared/suitArtPrompts.ts::SUIT_SET_ROSTER	0	suitArtUrl(arcane-rune-regalia, mythic, arms)	art/suits/arcane-rune-regalia/mythic/arms.png	dgrsart-cdn	EXPANDED
apps/shared/suitArtPrompts.ts::SUIT_SET_ROSTER	0	suitArtUrl(arcane-rune-regalia, mythic, gloves)	art/suits/arcane-rune-regalia/mythic/gloves.png	dgrsart-cdn	EXPANDED
apps/shared/suitArtPrompts.ts::SUIT_SET_ROSTER	0	suitArtUrl(arcane-rune-regalia, mythic, belt)	art/suits/arcane-rune-regalia/mythic/belt.png	dgrsart-cdn	EXPANDED
apps/shared/suitArtPrompts.ts::SUIT_SET_ROSTER	0	suitArtUrl(arcane-rune-regalia, mythic, legs)	art/suits/arcane-rune-regalia/mythic/legs.png	dgrsart-cdn	EXPANDED
apps/shared/suitArtPrompts.ts::SUIT_SET_ROSTER	0	suitArtUrl(arcane-rune-regalia, mythic, feet)	art/suits/arcane-rune-regalia/mythic/feet.png	dgrsart-cdn	EXPANDED
apps/shared/suitArtPrompts.ts::SUIT_SET_ROSTER	0	suitArtUrl(arcane-rune-regalia, mythic, weapon-primary)	art/suits/arcane-rune-regalia/mythic/weapon-primary.png	dgrsart-cdn	EXPANDED
apps/shared/suitArtPrompts.ts::SUIT_SET_ROSTER	0	suitArtUrl(arcane-rune-regalia, mythic, back)	art/suits/arcane-rune-regalia/mythic/back.png	dgrsart-cdn	EXPANDED
apps/shared/suitArtPrompts.ts::SUIT_SET_ROSTER	0	suitArtUrl(clockwork-exoframe, common, head)	art/suits/clockwork-exoframe/common/head.png	dgrsart-cdn	EXPANDED
apps/shared/suitArtPrompts.ts::SUIT_SET_ROSTER	0	suitArtUrl(clockwork-exoframe, common, chest)	art/suits/clockwork-exoframe/common/chest.png	dgrsart-cdn	EXPANDED
apps/shared/suitArtPrompts.ts::SUIT_SET_ROSTER	0	suitArtUrl(clockwork-exoframe, common, shoulders)	art/suits/clockwork-exoframe/common/shoulders.png	dgrsart-cdn	EXPANDED
apps/shared/suitArtPrompts.ts::SUIT_SET_ROSTER	0	suitArtUrl(clockwork-exoframe, common, arms)	art/suits/clockwork-exoframe/common/arms.png	dgrsart-cdn	EXPANDED
apps/shared/suitArtPrompts.ts::SUIT_SET_ROSTER	0	suitArtUrl(clockwork-exoframe, common, gloves)	art/suits/clockwork-exoframe/common/gloves.png	dgrsart-cdn	EXPANDED
apps/shared/suitArtPrompts.ts::SUIT_SET_ROSTER	0	suitArtUrl(clockwork-exoframe, common, belt)	art/suits/clockwork-exoframe/common/belt.png	dgrsart-cdn	EXPANDED
apps/shared/suitArtPrompts.ts::SUIT_SET_ROSTER	0	suitArtUrl(clockwork-exoframe, common, legs)	art/suits/clockwork-exoframe/common/legs.png	dgrsart-cdn	EXPANDED
apps/shared/suitArtPrompts.ts::SUIT_SET_ROSTER	0	suitArtUrl(clockwork-exoframe, common, feet)	art/suits/clockwork-exoframe/common/feet.png	dgrsart-cdn	EXPANDED
apps/shared/suitArtPrompts.ts::SUIT_SET_ROSTER	0	suitArtUrl(clockwork-exoframe, common, weapon-primary)	art/suits/clockwork-exoframe/common/weapon-primary.png	dgrsart-cdn	EXPANDED
apps/shared/suitArtPrompts.ts::SUIT_SET_ROSTER	0	suitArtUrl(clockwork-exoframe, common, back)	art/suits/clockwork-exoframe/common/back.png	dgrsart-cdn	EXPANDED
apps/shared/suitArtPrompts.ts::SUIT_SET_ROSTER	0	suitArtUrl(clockwork-exoframe, uncommon, head)	art/suits/clockwork-exoframe/uncommon/head.png	dgrsart-cdn	EXPANDED
apps/shared/suitArtPrompts.ts::SUIT_SET_ROSTER	0	suitArtUrl(clockwork-exoframe, uncommon, chest)	art/suits/clockwork-exoframe/uncommon/chest.png	dgrsart-cdn	EXPANDED
apps/shared/suitArtPrompts.ts::SUIT_SET_ROSTER	0	suitArtUrl(clockwork-exoframe, uncommon, shoulders)	art/suits/clockwork-exoframe/uncommon/shoulders.png	dgrsart-cdn	EXPANDED
apps/shared/suitArtPrompts.ts::SUIT_SET_ROSTER	0	suitArtUrl(clockwork-exoframe, uncommon, arms)	art/suits/clockwork-exoframe/uncommon/arms.png	dgrsart-cdn	EXPANDED
apps/shared/suitArtPrompts.ts::SUIT_SET_ROSTER	0	suitArtUrl(clockwork-exoframe, uncommon, gloves)	art/suits/clockwork-exoframe/uncommon/gloves.png	dgrsart-cdn	EXPANDED
apps/shared/suitArtPrompts.ts::SUIT_SET_ROSTER	0	suitArtUrl(clockwork-exoframe, uncommon, belt)	art/suits/clockwork-exoframe/uncommon/belt.png	dgrsart-cdn	EXPANDED
apps/shared/suitArtPrompts.ts::SUIT_SET_ROSTER	0	suitArtUrl(clockwork-exoframe, uncommon, legs)	art/suits/clockwork-exoframe/uncommon/legs.png	dgrsart-cdn	EXPANDED
apps/shared/suitArtPrompts.ts::SUIT_SET_ROSTER	0	suitArtUrl(clockwork-exoframe, uncommon, feet)	art/suits/clockwork-exoframe/uncommon/feet.png	dgrsart-cdn	EXPANDED
apps/shared/suitArtPrompts.ts::SUIT_SET_ROSTER	0	suitArtUrl(clockwork-exoframe, uncommon, weapon-primary)	art/suits/clockwork-exoframe/uncommon/weapon-primary.png	dgrsart-cdn	EXPANDED
apps/shared/suitArtPrompts.ts::SUIT_SET_ROSTER	0	suitArtUrl(clockwork-exoframe, uncommon, back)	art/suits/clockwork-exoframe/uncommon/back.png	dgrsart-cdn	EXPANDED
apps/shared/suitArtPrompts.ts::SUIT_SET_ROSTER	0	suitArtUrl(clockwork-exoframe, rare, head)	art/suits/clockwork-exoframe/rare/head.png	dgrsart-cdn	EXPANDED
apps/shared/suitArtPrompts.ts::SUIT_SET_ROSTER	0	suitArtUrl(clockwork-exoframe, rare, chest)	art/suits/clockwork-exoframe/rare/chest.png	dgrsart-cdn	EXPANDED
apps/shared/suitArtPrompts.ts::SUIT_SET_ROSTER	0	suitArtUrl(clockwork-exoframe, rare, shoulders)	art/suits/clockwork-exoframe/rare/shoulders.png	dgrsart-cdn	EXPANDED
apps/shared/suitArtPrompts.ts::SUIT_SET_ROSTER	0	suitArtUrl(clockwork-exoframe, rare, arms)	art/suits/clockwork-exoframe/rare/arms.png	dgrsart-cdn	EXPANDED
apps/shared/suitArtPrompts.ts::SUIT_SET_ROSTER	0	suitArtUrl(clockwork-exoframe, rare, gloves)	art/suits/clockwork-exoframe/rare/gloves.png	dgrsart-cdn	EXPANDED
apps/shared/suitArtPrompts.ts::SUIT_SET_ROSTER	0	suitArtUrl(clockwork-exoframe, rare, belt)	art/suits/clockwork-exoframe/rare/belt.png	dgrsart-cdn	EXPANDED
apps/shared/suitArtPrompts.ts::SUIT_SET_ROSTER	0	suitArtUrl(clockwork-exoframe, rare, legs)	art/suits/clockwork-exoframe/rare/legs.png	dgrsart-cdn	EXPANDED
apps/shared/suitArtPrompts.ts::SUIT_SET_ROSTER	0	suitArtUrl(clockwork-exoframe, rare, feet)	art/suits/clockwork-exoframe/rare/feet.png	dgrsart-cdn	EXPANDED
apps/shared/suitArtPrompts.ts::SUIT_SET_ROSTER	0	suitArtUrl(clockwork-exoframe, rare, weapon-primary)	art/suits/clockwork-exoframe/rare/weapon-primary.png	dgrsart-cdn	EXPANDED
apps/shared/suitArtPrompts.ts::SUIT_SET_ROSTER	0	suitArtUrl(clockwork-exoframe, rare, back)	art/suits/clockwork-exoframe/rare/back.png	dgrsart-cdn	EXPANDED
apps/shared/suitArtPrompts.ts::SUIT_SET_ROSTER	0	suitArtUrl(clockwork-exoframe, epic, head)	art/suits/clockwork-exoframe/epic/head.png	dgrsart-cdn	EXPANDED
apps/shared/suitArtPrompts.ts::SUIT_SET_ROSTER	0	suitArtUrl(clockwork-exoframe, epic, chest)	art/suits/clockwork-exoframe/epic/chest.png	dgrsart-cdn	EXPANDED
apps/shared/suitArtPrompts.ts::SUIT_SET_ROSTER	0	suitArtUrl(clockwork-exoframe, epic, shoulders)	art/suits/clockwork-exoframe/epic/shoulders.png	dgrsart-cdn	EXPANDED
apps/shared/suitArtPrompts.ts::SUIT_SET_ROSTER	0	suitArtUrl(clockwork-exoframe, epic, arms)	art/suits/clockwork-exoframe/epic/arms.png	dgrsart-cdn	EXPANDED
apps/shared/suitArtPrompts.ts::SUIT_SET_ROSTER	0	suitArtUrl(clockwork-exoframe, epic, gloves)	art/suits/clockwork-exoframe/epic/gloves.png	dgrsart-cdn	EXPANDED
apps/shared/suitArtPrompts.ts::SUIT_SET_ROSTER	0	suitArtUrl(clockwork-exoframe, epic, belt)	art/suits/clockwork-exoframe/epic/belt.png	dgrsart-cdn	EXPANDED
apps/shared/suitArtPrompts.ts::SUIT_SET_ROSTER	0	suitArtUrl(clockwork-exoframe, epic, legs)	art/suits/clockwork-exoframe/epic/legs.png	dgrsart-cdn	EXPANDED
apps/shared/suitArtPrompts.ts::SUIT_SET_ROSTER	0	suitArtUrl(clockwork-exoframe, epic, feet)	art/suits/clockwork-exoframe/epic/feet.png	dgrsart-cdn	EXPANDED
apps/shared/suitArtPrompts.ts::SUIT_SET_ROSTER	0	suitArtUrl(clockwork-exoframe, epic, weapon-primary)	art/suits/clockwork-exoframe/epic/weapon-primary.png	dgrsart-cdn	EXPANDED
apps/shared/suitArtPrompts.ts::SUIT_SET_ROSTER	0	suitArtUrl(clockwork-exoframe, epic, back)	art/suits/clockwork-exoframe/epic/back.png	dgrsart-cdn	EXPANDED
apps/shared/suitArtPrompts.ts::SUIT_SET_ROSTER	0	suitArtUrl(clockwork-exoframe, legendary, head)	art/suits/clockwork-exoframe/legendary/head.png	dgrsart-cdn	EXPANDED
apps/shared/suitArtPrompts.ts::SUIT_SET_ROSTER	0	suitArtUrl(clockwork-exoframe, legendary, chest)	art/suits/clockwork-exoframe/legendary/chest.png	dgrsart-cdn	EXPANDED
apps/shared/suitArtPrompts.ts::SUIT_SET_ROSTER	0	suitArtUrl(clockwork-exoframe, legendary, shoulders)	art/suits/clockwork-exoframe/legendary/shoulders.png	dgrsart-cdn	EXPANDED
apps/shared/suitArtPrompts.ts::SUIT_SET_ROSTER	0	suitArtUrl(clockwork-exoframe, legendary, arms)	art/suits/clockwork-exoframe/legendary/arms.png	dgrsart-cdn	EXPANDED
apps/shared/suitArtPrompts.ts::SUIT_SET_ROSTER	0	suitArtUrl(clockwork-exoframe, legendary, gloves)	art/suits/clockwork-exoframe/legendary/gloves.png	dgrsart-cdn	EXPANDED
apps/shared/suitArtPrompts.ts::SUIT_SET_ROSTER	0	suitArtUrl(clockwork-exoframe, legendary, belt)	art/suits/clockwork-exoframe/legendary/belt.png	dgrsart-cdn	EXPANDED
apps/shared/suitArtPrompts.ts::SUIT_SET_ROSTER	0	suitArtUrl(clockwork-exoframe, legendary, legs)	art/suits/clockwork-exoframe/legendary/legs.png	dgrsart-cdn	EXPANDED
apps/shared/suitArtPrompts.ts::SUIT_SET_ROSTER	0	suitArtUrl(clockwork-exoframe, legendary, feet)	art/suits/clockwork-exoframe/legendary/feet.png	dgrsart-cdn	EXPANDED
apps/shared/suitArtPrompts.ts::SUIT_SET_ROSTER	0	suitArtUrl(clockwork-exoframe, legendary, weapon-primary)	art/suits/clockwork-exoframe/legendary/weapon-primary.png	dgrsart-cdn	EXPANDED
apps/shared/suitArtPrompts.ts::SUIT_SET_ROSTER	0	suitArtUrl(clockwork-exoframe, legendary, back)	art/suits/clockwork-exoframe/legendary/back.png	dgrsart-cdn	EXPANDED
apps/shared/suitArtPrompts.ts::SUIT_SET_ROSTER	0	suitArtUrl(clockwork-exoframe, mythic, head)	art/suits/clockwork-exoframe/mythic/head.png	dgrsart-cdn	EXPANDED
apps/shared/suitArtPrompts.ts::SUIT_SET_ROSTER	0	suitArtUrl(clockwork-exoframe, mythic, chest)	art/suits/clockwork-exoframe/mythic/chest.png	dgrsart-cdn	EXPANDED
apps/shared/suitArtPrompts.ts::SUIT_SET_ROSTER	0	suitArtUrl(clockwork-exoframe, mythic, shoulders)	art/suits/clockwork-exoframe/mythic/shoulders.png	dgrsart-cdn	EXPANDED
apps/shared/suitArtPrompts.ts::SUIT_SET_ROSTER	0	suitArtUrl(clockwork-exoframe, mythic, arms)	art/suits/clockwork-exoframe/mythic/arms.png	dgrsart-cdn	EXPANDED
apps/shared/suitArtPrompts.ts::SUIT_SET_ROSTER	0	suitArtUrl(clockwork-exoframe, mythic, gloves)	art/suits/clockwork-exoframe/mythic/gloves.png	dgrsart-cdn	EXPANDED
apps/shared/suitArtPrompts.ts::SUIT_SET_ROSTER	0	suitArtUrl(clockwork-exoframe, mythic, belt)	art/suits/clockwork-exoframe/mythic/belt.png	dgrsart-cdn	EXPANDED
apps/shared/suitArtPrompts.ts::SUIT_SET_ROSTER	0	suitArtUrl(clockwork-exoframe, mythic, legs)	art/suits/clockwork-exoframe/mythic/legs.png	dgrsart-cdn	EXPANDED
apps/shared/suitArtPrompts.ts::SUIT_SET_ROSTER	0	suitArtUrl(clockwork-exoframe, mythic, feet)	art/suits/clockwork-exoframe/mythic/feet.png	dgrsart-cdn	EXPANDED
apps/shared/suitArtPrompts.ts::SUIT_SET_ROSTER	0	suitArtUrl(clockwork-exoframe, mythic, weapon-primary)	art/suits/clockwork-exoframe/mythic/weapon-primary.png	dgrsart-cdn	EXPANDED
apps/shared/suitArtPrompts.ts::SUIT_SET_ROSTER	0	suitArtUrl(clockwork-exoframe, mythic, back)	art/suits/clockwork-exoframe/mythic/back.png	dgrsart-cdn	EXPANDED
apps/shared/suitArtPrompts.ts::SUIT_SET_ROSTER	0	suitArtUrl(hybrid-vein-panoply, common, head)	art/suits/hybrid-vein-panoply/common/head.png	dgrsart-cdn	EXPANDED
apps/shared/suitArtPrompts.ts::SUIT_SET_ROSTER	0	suitArtUrl(hybrid-vein-panoply, common, chest)	art/suits/hybrid-vein-panoply/common/chest.png	dgrsart-cdn	EXPANDED
apps/shared/suitArtPrompts.ts::SUIT_SET_ROSTER	0	suitArtUrl(hybrid-vein-panoply, common, shoulders)	art/suits/hybrid-vein-panoply/common/shoulders.png	dgrsart-cdn	EXPANDED
apps/shared/suitArtPrompts.ts::SUIT_SET_ROSTER	0	suitArtUrl(hybrid-vein-panoply, common, arms)	art/suits/hybrid-vein-panoply/common/arms.png	dgrsart-cdn	EXPANDED
apps/shared/suitArtPrompts.ts::SUIT_SET_ROSTER	0	suitArtUrl(hybrid-vein-panoply, common, gloves)	art/suits/hybrid-vein-panoply/common/gloves.png	dgrsart-cdn	EXPANDED
apps/shared/suitArtPrompts.ts::SUIT_SET_ROSTER	0	suitArtUrl(hybrid-vein-panoply, common, belt)	art/suits/hybrid-vein-panoply/common/belt.png	dgrsart-cdn	EXPANDED
apps/shared/suitArtPrompts.ts::SUIT_SET_ROSTER	0	suitArtUrl(hybrid-vein-panoply, common, legs)	art/suits/hybrid-vein-panoply/common/legs.png	dgrsart-cdn	EXPANDED
apps/shared/suitArtPrompts.ts::SUIT_SET_ROSTER	0	suitArtUrl(hybrid-vein-panoply, common, feet)	art/suits/hybrid-vein-panoply/common/feet.png	dgrsart-cdn	EXPANDED
apps/shared/suitArtPrompts.ts::SUIT_SET_ROSTER	0	suitArtUrl(hybrid-vein-panoply, common, weapon-primary)	art/suits/hybrid-vein-panoply/common/weapon-primary.png	dgrsart-cdn	EXPANDED
apps/shared/suitArtPrompts.ts::SUIT_SET_ROSTER	0	suitArtUrl(hybrid-vein-panoply, common, back)	art/suits/hybrid-vein-panoply/common/back.png	dgrsart-cdn	EXPANDED
apps/shared/suitArtPrompts.ts::SUIT_SET_ROSTER	0	suitArtUrl(hybrid-vein-panoply, uncommon, head)	art/suits/hybrid-vein-panoply/uncommon/head.png	dgrsart-cdn	EXPANDED
apps/shared/suitArtPrompts.ts::SUIT_SET_ROSTER	0	suitArtUrl(hybrid-vein-panoply, uncommon, chest)	art/suits/hybrid-vein-panoply/uncommon/chest.png	dgrsart-cdn	EXPANDED
apps/shared/suitArtPrompts.ts::SUIT_SET_ROSTER	0	suitArtUrl(hybrid-vein-panoply, uncommon, shoulders)	art/suits/hybrid-vein-panoply/uncommon/shoulders.png	dgrsart-cdn	EXPANDED
apps/shared/suitArtPrompts.ts::SUIT_SET_ROSTER	0	suitArtUrl(hybrid-vein-panoply, uncommon, arms)	art/suits/hybrid-vein-panoply/uncommon/arms.png	dgrsart-cdn	EXPANDED
apps/shared/suitArtPrompts.ts::SUIT_SET_ROSTER	0	suitArtUrl(hybrid-vein-panoply, uncommon, gloves)	art/suits/hybrid-vein-panoply/uncommon/gloves.png	dgrsart-cdn	EXPANDED
apps/shared/suitArtPrompts.ts::SUIT_SET_ROSTER	0	suitArtUrl(hybrid-vein-panoply, uncommon, belt)	art/suits/hybrid-vein-panoply/uncommon/belt.png	dgrsart-cdn	EXPANDED
apps/shared/suitArtPrompts.ts::SUIT_SET_ROSTER	0	suitArtUrl(hybrid-vein-panoply, uncommon, legs)	art/suits/hybrid-vein-panoply/uncommon/legs.png	dgrsart-cdn	EXPANDED
apps/shared/suitArtPrompts.ts::SUIT_SET_ROSTER	0	suitArtUrl(hybrid-vein-panoply, uncommon, feet)	art/suits/hybrid-vein-panoply/uncommon/feet.png	dgrsart-cdn	EXPANDED
apps/shared/suitArtPrompts.ts::SUIT_SET_ROSTER	0	suitArtUrl(hybrid-vein-panoply, uncommon, weapon-primary)	art/suits/hybrid-vein-panoply/uncommon/weapon-primary.png	dgrsart-cdn	EXPANDED
apps/shared/suitArtPrompts.ts::SUIT_SET_ROSTER	0	suitArtUrl(hybrid-vein-panoply, uncommon, back)	art/suits/hybrid-vein-panoply/uncommon/back.png	dgrsart-cdn	EXPANDED
apps/shared/suitArtPrompts.ts::SUIT_SET_ROSTER	0	suitArtUrl(hybrid-vein-panoply, rare, head)	art/suits/hybrid-vein-panoply/rare/head.png	dgrsart-cdn	EXPANDED
apps/shared/suitArtPrompts.ts::SUIT_SET_ROSTER	0	suitArtUrl(hybrid-vein-panoply, rare, chest)	art/suits/hybrid-vein-panoply/rare/chest.png	dgrsart-cdn	EXPANDED
apps/shared/suitArtPrompts.ts::SUIT_SET_ROSTER	0	suitArtUrl(hybrid-vein-panoply, rare, shoulders)	art/suits/hybrid-vein-panoply/rare/shoulders.png	dgrsart-cdn	EXPANDED
apps/shared/suitArtPrompts.ts::SUIT_SET_ROSTER	0	suitArtUrl(hybrid-vein-panoply, rare, arms)	art/suits/hybrid-vein-panoply/rare/arms.png	dgrsart-cdn	EXPANDED
apps/shared/suitArtPrompts.ts::SUIT_SET_ROSTER	0	suitArtUrl(hybrid-vein-panoply, rare, gloves)	art/suits/hybrid-vein-panoply/rare/gloves.png	dgrsart-cdn	EXPANDED
apps/shared/suitArtPrompts.ts::SUIT_SET_ROSTER	0	suitArtUrl(hybrid-vein-panoply, rare, belt)	art/suits/hybrid-vein-panoply/rare/belt.png	dgrsart-cdn	EXPANDED
apps/shared/suitArtPrompts.ts::SUIT_SET_ROSTER	0	suitArtUrl(hybrid-vein-panoply, rare, legs)	art/suits/hybrid-vein-panoply/rare/legs.png	dgrsart-cdn	EXPANDED
apps/shared/suitArtPrompts.ts::SUIT_SET_ROSTER	0	suitArtUrl(hybrid-vein-panoply, rare, feet)	art/suits/hybrid-vein-panoply/rare/feet.png	dgrsart-cdn	EXPANDED
apps/shared/suitArtPrompts.ts::SUIT_SET_ROSTER	0	suitArtUrl(hybrid-vein-panoply, rare, weapon-primary)	art/suits/hybrid-vein-panoply/rare/weapon-primary.png	dgrsart-cdn	EXPANDED
apps/shared/suitArtPrompts.ts::SUIT_SET_ROSTER	0	suitArtUrl(hybrid-vein-panoply, rare, back)	art/suits/hybrid-vein-panoply/rare/back.png	dgrsart-cdn	EXPANDED
apps/shared/suitArtPrompts.ts::SUIT_SET_ROSTER	0	suitArtUrl(hybrid-vein-panoply, epic, head)	art/suits/hybrid-vein-panoply/epic/head.png	dgrsart-cdn	EXPANDED
apps/shared/suitArtPrompts.ts::SUIT_SET_ROSTER	0	suitArtUrl(hybrid-vein-panoply, epic, chest)	art/suits/hybrid-vein-panoply/epic/chest.png	dgrsart-cdn	EXPANDED
apps/shared/suitArtPrompts.ts::SUIT_SET_ROSTER	0	suitArtUrl(hybrid-vein-panoply, epic, shoulders)	art/suits/hybrid-vein-panoply/epic/shoulders.png	dgrsart-cdn	EXPANDED
apps/shared/suitArtPrompts.ts::SUIT_SET_ROSTER	0	suitArtUrl(hybrid-vein-panoply, epic, arms)	art/suits/hybrid-vein-panoply/epic/arms.png	dgrsart-cdn	EXPANDED
apps/shared/suitArtPrompts.ts::SUIT_SET_ROSTER	0	suitArtUrl(hybrid-vein-panoply, epic, gloves)	art/suits/hybrid-vein-panoply/epic/gloves.png	dgrsart-cdn	EXPANDED
apps/shared/suitArtPrompts.ts::SUIT_SET_ROSTER	0	suitArtUrl(hybrid-vein-panoply, epic, belt)	art/suits/hybrid-vein-panoply/epic/belt.png	dgrsart-cdn	EXPANDED
apps/shared/suitArtPrompts.ts::SUIT_SET_ROSTER	0	suitArtUrl(hybrid-vein-panoply, epic, legs)	art/suits/hybrid-vein-panoply/epic/legs.png	dgrsart-cdn	EXPANDED
apps/shared/suitArtPrompts.ts::SUIT_SET_ROSTER	0	suitArtUrl(hybrid-vein-panoply, epic, feet)	art/suits/hybrid-vein-panoply/epic/feet.png	dgrsart-cdn	EXPANDED
apps/shared/suitArtPrompts.ts::SUIT_SET_ROSTER	0	suitArtUrl(hybrid-vein-panoply, epic, weapon-primary)	art/suits/hybrid-vein-panoply/epic/weapon-primary.png	dgrsart-cdn	EXPANDED
apps/shared/suitArtPrompts.ts::SUIT_SET_ROSTER	0	suitArtUrl(hybrid-vein-panoply, epic, back)	art/suits/hybrid-vein-panoply/epic/back.png	dgrsart-cdn	EXPANDED
apps/shared/suitArtPrompts.ts::SUIT_SET_ROSTER	0	suitArtUrl(hybrid-vein-panoply, legendary, head)	art/suits/hybrid-vein-panoply/legendary/head.png	dgrsart-cdn	EXPANDED
apps/shared/suitArtPrompts.ts::SUIT_SET_ROSTER	0	suitArtUrl(hybrid-vein-panoply, legendary, chest)	art/suits/hybrid-vein-panoply/legendary/chest.png	dgrsart-cdn	EXPANDED
apps/shared/suitArtPrompts.ts::SUIT_SET_ROSTER	0	suitArtUrl(hybrid-vein-panoply, legendary, shoulders)	art/suits/hybrid-vein-panoply/legendary/shoulders.png	dgrsart-cdn	EXPANDED
apps/shared/suitArtPrompts.ts::SUIT_SET_ROSTER	0	suitArtUrl(hybrid-vein-panoply, legendary, arms)	art/suits/hybrid-vein-panoply/legendary/arms.png	dgrsart-cdn	EXPANDED
apps/shared/suitArtPrompts.ts::SUIT_SET_ROSTER	0	suitArtUrl(hybrid-vein-panoply, legendary, gloves)	art/suits/hybrid-vein-panoply/legendary/gloves.png	dgrsart-cdn	EXPANDED
apps/shared/suitArtPrompts.ts::SUIT_SET_ROSTER	0	suitArtUrl(hybrid-vein-panoply, legendary, belt)	art/suits/hybrid-vein-panoply/legendary/belt.png	dgrsart-cdn	EXPANDED
apps/shared/suitArtPrompts.ts::SUIT_SET_ROSTER	0	suitArtUrl(hybrid-vein-panoply, legendary, legs)	art/suits/hybrid-vein-panoply/legendary/legs.png	dgrsart-cdn	EXPANDED
apps/shared/suitArtPrompts.ts::SUIT_SET_ROSTER	0	suitArtUrl(hybrid-vein-panoply, legendary, feet)	art/suits/hybrid-vein-panoply/legendary/feet.png	dgrsart-cdn	EXPANDED
apps/shared/suitArtPrompts.ts::SUIT_SET_ROSTER	0	suitArtUrl(hybrid-vein-panoply, legendary, weapon-primary)	art/suits/hybrid-vein-panoply/legendary/weapon-primary.png	dgrsart-cdn	EXPANDED
apps/shared/suitArtPrompts.ts::SUIT_SET_ROSTER	0	suitArtUrl(hybrid-vein-panoply, legendary, back)	art/suits/hybrid-vein-panoply/legendary/back.png	dgrsart-cdn	EXPANDED
apps/shared/suitArtPrompts.ts::SUIT_SET_ROSTER	0	suitArtUrl(hybrid-vein-panoply, mythic, head)	art/suits/hybrid-vein-panoply/mythic/head.png	dgrsart-cdn	EXPANDED
apps/shared/suitArtPrompts.ts::SUIT_SET_ROSTER	0	suitArtUrl(hybrid-vein-panoply, mythic, chest)	art/suits/hybrid-vein-panoply/mythic/chest.png	dgrsart-cdn	EXPANDED
apps/shared/suitArtPrompts.ts::SUIT_SET_ROSTER	0	suitArtUrl(hybrid-vein-panoply, mythic, shoulders)	art/suits/hybrid-vein-panoply/mythic/shoulders.png	dgrsart-cdn	EXPANDED
apps/shared/suitArtPrompts.ts::SUIT_SET_ROSTER	0	suitArtUrl(hybrid-vein-panoply, mythic, arms)	art/suits/hybrid-vein-panoply/mythic/arms.png	dgrsart-cdn	EXPANDED
apps/shared/suitArtPrompts.ts::SUIT_SET_ROSTER	0	suitArtUrl(hybrid-vein-panoply, mythic, gloves)	art/suits/hybrid-vein-panoply/mythic/gloves.png	dgrsart-cdn	EXPANDED
apps/shared/suitArtPrompts.ts::SUIT_SET_ROSTER	0	suitArtUrl(hybrid-vein-panoply, mythic, belt)	art/suits/hybrid-vein-panoply/mythic/belt.png	dgrsart-cdn	EXPANDED
apps/shared/suitArtPrompts.ts::SUIT_SET_ROSTER	0	suitArtUrl(hybrid-vein-panoply, mythic, legs)	art/suits/hybrid-vein-panoply/mythic/legs.png	dgrsart-cdn	EXPANDED
apps/shared/suitArtPrompts.ts::SUIT_SET_ROSTER	0	suitArtUrl(hybrid-vein-panoply, mythic, feet)	art/suits/hybrid-vein-panoply/mythic/feet.png	dgrsart-cdn	EXPANDED
apps/shared/suitArtPrompts.ts::SUIT_SET_ROSTER	0	suitArtUrl(hybrid-vein-panoply, mythic, weapon-primary)	art/suits/hybrid-vein-panoply/mythic/weapon-primary.png	dgrsart-cdn	EXPANDED
apps/shared/suitArtPrompts.ts::SUIT_SET_ROSTER	0	suitArtUrl(hybrid-vein-panoply, mythic, back)	art/suits/hybrid-vein-panoply/mythic/back.png	dgrsart-cdn	EXPANDED
apps/shared/suitArtPrompts.ts::SUIT_SET_ROSTER	0	suitArtUrl(geomancers-stratum, common, head)	art/suits/geomancers-stratum/common/head.png	dgrsart-cdn	EXPANDED
apps/shared/suitArtPrompts.ts::SUIT_SET_ROSTER	0	suitArtUrl(geomancers-stratum, common, chest)	art/suits/geomancers-stratum/common/chest.png	dgrsart-cdn	EXPANDED
apps/shared/suitArtPrompts.ts::SUIT_SET_ROSTER	0	suitArtUrl(geomancers-stratum, common, shoulders)	art/suits/geomancers-stratum/common/shoulders.png	dgrsart-cdn	EXPANDED
apps/shared/suitArtPrompts.ts::SUIT_SET_ROSTER	0	suitArtUrl(geomancers-stratum, common, arms)	art/suits/geomancers-stratum/common/arms.png	dgrsart-cdn	EXPANDED
apps/shared/suitArtPrompts.ts::SUIT_SET_ROSTER	0	suitArtUrl(geomancers-stratum, common, gloves)	art/suits/geomancers-stratum/common/gloves.png	dgrsart-cdn	EXPANDED
apps/shared/suitArtPrompts.ts::SUIT_SET_ROSTER	0	suitArtUrl(geomancers-stratum, common, belt)	art/suits/geomancers-stratum/common/belt.png	dgrsart-cdn	EXPANDED
apps/shared/suitArtPrompts.ts::SUIT_SET_ROSTER	0	suitArtUrl(geomancers-stratum, common, legs)	art/suits/geomancers-stratum/common/legs.png	dgrsart-cdn	EXPANDED
apps/shared/suitArtPrompts.ts::SUIT_SET_ROSTER	0	suitArtUrl(geomancers-stratum, common, feet)	art/suits/geomancers-stratum/common/feet.png	dgrsart-cdn	EXPANDED
apps/shared/suitArtPrompts.ts::SUIT_SET_ROSTER	0	suitArtUrl(geomancers-stratum, common, weapon-primary)	art/suits/geomancers-stratum/common/weapon-primary.png	dgrsart-cdn	EXPANDED
apps/shared/suitArtPrompts.ts::SUIT_SET_ROSTER	0	suitArtUrl(geomancers-stratum, common, back)	art/suits/geomancers-stratum/common/back.png	dgrsart-cdn	EXPANDED
apps/shared/suitArtPrompts.ts::SUIT_SET_ROSTER	0	suitArtUrl(geomancers-stratum, uncommon, head)	art/suits/geomancers-stratum/uncommon/head.png	dgrsart-cdn	EXPANDED
apps/shared/suitArtPrompts.ts::SUIT_SET_ROSTER	0	suitArtUrl(geomancers-stratum, uncommon, chest)	art/suits/geomancers-stratum/uncommon/chest.png	dgrsart-cdn	EXPANDED
apps/shared/suitArtPrompts.ts::SUIT_SET_ROSTER	0	suitArtUrl(geomancers-stratum, uncommon, shoulders)	art/suits/geomancers-stratum/uncommon/shoulders.png	dgrsart-cdn	EXPANDED
apps/shared/suitArtPrompts.ts::SUIT_SET_ROSTER	0	suitArtUrl(geomancers-stratum, uncommon, arms)	art/suits/geomancers-stratum/uncommon/arms.png	dgrsart-cdn	EXPANDED
apps/shared/suitArtPrompts.ts::SUIT_SET_ROSTER	0	suitArtUrl(geomancers-stratum, uncommon, gloves)	art/suits/geomancers-stratum/uncommon/gloves.png	dgrsart-cdn	EXPANDED
apps/shared/suitArtPrompts.ts::SUIT_SET_ROSTER	0	suitArtUrl(geomancers-stratum, uncommon, belt)	art/suits/geomancers-stratum/uncommon/belt.png	dgrsart-cdn	EXPANDED
apps/shared/suitArtPrompts.ts::SUIT_SET_ROSTER	0	suitArtUrl(geomancers-stratum, uncommon, legs)	art/suits/geomancers-stratum/uncommon/legs.png	dgrsart-cdn	EXPANDED
apps/shared/suitArtPrompts.ts::SUIT_SET_ROSTER	0	suitArtUrl(geomancers-stratum, uncommon, feet)	art/suits/geomancers-stratum/uncommon/feet.png	dgrsart-cdn	EXPANDED
apps/shared/suitArtPrompts.ts::SUIT_SET_ROSTER	0	suitArtUrl(geomancers-stratum, uncommon, weapon-primary)	art/suits/geomancers-stratum/uncommon/weapon-primary.png	dgrsart-cdn	EXPANDED
apps/shared/suitArtPrompts.ts::SUIT_SET_ROSTER	0	suitArtUrl(geomancers-stratum, uncommon, back)	art/suits/geomancers-stratum/uncommon/back.png	dgrsart-cdn	EXPANDED
apps/shared/suitArtPrompts.ts::SUIT_SET_ROSTER	0	suitArtUrl(geomancers-stratum, rare, head)	art/suits/geomancers-stratum/rare/head.png	dgrsart-cdn	EXPANDED
apps/shared/suitArtPrompts.ts::SUIT_SET_ROSTER	0	suitArtUrl(geomancers-stratum, rare, chest)	art/suits/geomancers-stratum/rare/chest.png	dgrsart-cdn	EXPANDED
apps/shared/suitArtPrompts.ts::SUIT_SET_ROSTER	0	suitArtUrl(geomancers-stratum, rare, shoulders)	art/suits/geomancers-stratum/rare/shoulders.png	dgrsart-cdn	EXPANDED
apps/shared/suitArtPrompts.ts::SUIT_SET_ROSTER	0	suitArtUrl(geomancers-stratum, rare, arms)	art/suits/geomancers-stratum/rare/arms.png	dgrsart-cdn	EXPANDED
apps/shared/suitArtPrompts.ts::SUIT_SET_ROSTER	0	suitArtUrl(geomancers-stratum, rare, gloves)	art/suits/geomancers-stratum/rare/gloves.png	dgrsart-cdn	EXPANDED
apps/shared/suitArtPrompts.ts::SUIT_SET_ROSTER	0	suitArtUrl(geomancers-stratum, rare, belt)	art/suits/geomancers-stratum/rare/belt.png	dgrsart-cdn	EXPANDED
apps/shared/suitArtPrompts.ts::SUIT_SET_ROSTER	0	suitArtUrl(geomancers-stratum, rare, legs)	art/suits/geomancers-stratum/rare/legs.png	dgrsart-cdn	EXPANDED
apps/shared/suitArtPrompts.ts::SUIT_SET_ROSTER	0	suitArtUrl(geomancers-stratum, rare, feet)	art/suits/geomancers-stratum/rare/feet.png	dgrsart-cdn	EXPANDED
apps/shared/suitArtPrompts.ts::SUIT_SET_ROSTER	0	suitArtUrl(geomancers-stratum, rare, weapon-primary)	art/suits/geomancers-stratum/rare/weapon-primary.png	dgrsart-cdn	EXPANDED
apps/shared/suitArtPrompts.ts::SUIT_SET_ROSTER	0	suitArtUrl(geomancers-stratum, rare, back)	art/suits/geomancers-stratum/rare/back.png	dgrsart-cdn	EXPANDED
apps/shared/suitArtPrompts.ts::SUIT_SET_ROSTER	0	suitArtUrl(geomancers-stratum, epic, head)	art/suits/geomancers-stratum/epic/head.png	dgrsart-cdn	EXPANDED
apps/shared/suitArtPrompts.ts::SUIT_SET_ROSTER	0	suitArtUrl(geomancers-stratum, epic, chest)	art/suits/geomancers-stratum/epic/chest.png	dgrsart-cdn	EXPANDED
apps/shared/suitArtPrompts.ts::SUIT_SET_ROSTER	0	suitArtUrl(geomancers-stratum, epic, shoulders)	art/suits/geomancers-stratum/epic/shoulders.png	dgrsart-cdn	EXPANDED
apps/shared/suitArtPrompts.ts::SUIT_SET_ROSTER	0	suitArtUrl(geomancers-stratum, epic, arms)	art/suits/geomancers-stratum/epic/arms.png	dgrsart-cdn	EXPANDED
apps/shared/suitArtPrompts.ts::SUIT_SET_ROSTER	0	suitArtUrl(geomancers-stratum, epic, gloves)	art/suits/geomancers-stratum/epic/gloves.png	dgrsart-cdn	EXPANDED
apps/shared/suitArtPrompts.ts::SUIT_SET_ROSTER	0	suitArtUrl(geomancers-stratum, epic, belt)	art/suits/geomancers-stratum/epic/belt.png	dgrsart-cdn	EXPANDED
apps/shared/suitArtPrompts.ts::SUIT_SET_ROSTER	0	suitArtUrl(geomancers-stratum, epic, legs)	art/suits/geomancers-stratum/epic/legs.png	dgrsart-cdn	EXPANDED
apps/shared/suitArtPrompts.ts::SUIT_SET_ROSTER	0	suitArtUrl(geomancers-stratum, epic, feet)	art/suits/geomancers-stratum/epic/feet.png	dgrsart-cdn	EXPANDED
apps/shared/suitArtPrompts.ts::SUIT_SET_ROSTER	0	suitArtUrl(geomancers-stratum, epic, weapon-primary)	art/suits/geomancers-stratum/epic/weapon-primary.png	dgrsart-cdn	EXPANDED
apps/shared/suitArtPrompts.ts::SUIT_SET_ROSTER	0	suitArtUrl(geomancers-stratum, epic, back)	art/suits/geomancers-stratum/epic/back.png	dgrsart-cdn	EXPANDED
apps/shared/suitArtPrompts.ts::SUIT_SET_ROSTER	0	suitArtUrl(geomancers-stratum, legendary, head)	art/suits/geomancers-stratum/legendary/head.png	dgrsart-cdn	EXPANDED
apps/shared/suitArtPrompts.ts::SUIT_SET_ROSTER	0	suitArtUrl(geomancers-stratum, legendary, chest)	art/suits/geomancers-stratum/legendary/chest.png	dgrsart-cdn	EXPANDED
apps/shared/suitArtPrompts.ts::SUIT_SET_ROSTER	0	suitArtUrl(geomancers-stratum, legendary, shoulders)	art/suits/geomancers-stratum/legendary/shoulders.png	dgrsart-cdn	EXPANDED
apps/shared/suitArtPrompts.ts::SUIT_SET_ROSTER	0	suitArtUrl(geomancers-stratum, legendary, arms)	art/suits/geomancers-stratum/legendary/arms.png	dgrsart-cdn	EXPANDED
apps/shared/suitArtPrompts.ts::SUIT_SET_ROSTER	0	suitArtUrl(geomancers-stratum, legendary, gloves)	art/suits/geomancers-stratum/legendary/gloves.png	dgrsart-cdn	EXPANDED
apps/shared/suitArtPrompts.ts::SUIT_SET_ROSTER	0	suitArtUrl(geomancers-stratum, legendary, belt)	art/suits/geomancers-stratum/legendary/belt.png	dgrsart-cdn	EXPANDED
apps/shared/suitArtPrompts.ts::SUIT_SET_ROSTER	0	suitArtUrl(geomancers-stratum, legendary, legs)	art/suits/geomancers-stratum/legendary/legs.png	dgrsart-cdn	EXPANDED
apps/shared/suitArtPrompts.ts::SUIT_SET_ROSTER	0	suitArtUrl(geomancers-stratum, legendary, feet)	art/suits/geomancers-stratum/legendary/feet.png	dgrsart-cdn	EXPANDED
apps/shared/suitArtPrompts.ts::SUIT_SET_ROSTER	0	suitArtUrl(geomancers-stratum, legendary, weapon-primary)	art/suits/geomancers-stratum/legendary/weapon-primary.png	dgrsart-cdn	EXPANDED
apps/shared/suitArtPrompts.ts::SUIT_SET_ROSTER	0	suitArtUrl(geomancers-stratum, legendary, back)	art/suits/geomancers-stratum/legendary/back.png	dgrsart-cdn	EXPANDED
apps/shared/suitArtPrompts.ts::SUIT_SET_ROSTER	0	suitArtUrl(geomancers-stratum, mythic, head)	art/suits/geomancers-stratum/mythic/head.png	dgrsart-cdn	EXPANDED
apps/shared/suitArtPrompts.ts::SUIT_SET_ROSTER	0	suitArtUrl(geomancers-stratum, mythic, chest)	art/suits/geomancers-stratum/mythic/chest.png	dgrsart-cdn	EXPANDED
apps/shared/suitArtPrompts.ts::SUIT_SET_ROSTER	0	suitArtUrl(geomancers-stratum, mythic, shoulders)	art/suits/geomancers-stratum/mythic/shoulders.png	dgrsart-cdn	EXPANDED
apps/shared/suitArtPrompts.ts::SUIT_SET_ROSTER	0	suitArtUrl(geomancers-stratum, mythic, arms)	art/suits/geomancers-stratum/mythic/arms.png	dgrsart-cdn	EXPANDED
apps/shared/suitArtPrompts.ts::SUIT_SET_ROSTER	0	suitArtUrl(geomancers-stratum, mythic, gloves)	art/suits/geomancers-stratum/mythic/gloves.png	dgrsart-cdn	EXPANDED
apps/shared/suitArtPrompts.ts::SUIT_SET_ROSTER	0	suitArtUrl(geomancers-stratum, mythic, belt)	art/suits/geomancers-stratum/mythic/belt.png	dgrsart-cdn	EXPANDED
apps/shared/suitArtPrompts.ts::SUIT_SET_ROSTER	0	suitArtUrl(geomancers-stratum, mythic, legs)	art/suits/geomancers-stratum/mythic/legs.png	dgrsart-cdn	EXPANDED
apps/shared/suitArtPrompts.ts::SUIT_SET_ROSTER	0	suitArtUrl(geomancers-stratum, mythic, feet)	art/suits/geomancers-stratum/mythic/feet.png	dgrsart-cdn	EXPANDED
apps/shared/suitArtPrompts.ts::SUIT_SET_ROSTER	0	suitArtUrl(geomancers-stratum, mythic, weapon-primary)	art/suits/geomancers-stratum/mythic/weapon-primary.png	dgrsart-cdn	EXPANDED
apps/shared/suitArtPrompts.ts::SUIT_SET_ROSTER	0	suitArtUrl(geomancers-stratum, mythic, back)	art/suits/geomancers-stratum/mythic/back.png	dgrsart-cdn	EXPANDED
apps/shared/suitArtPrompts.ts::SUIT_SET_ROSTER	0	suitArtUrl(ember-bellows-array, common, head)	art/suits/ember-bellows-array/common/head.png	dgrsart-cdn	EXPANDED
apps/shared/suitArtPrompts.ts::SUIT_SET_ROSTER	0	suitArtUrl(ember-bellows-array, common, chest)	art/suits/ember-bellows-array/common/chest.png	dgrsart-cdn	EXPANDED
apps/shared/suitArtPrompts.ts::SUIT_SET_ROSTER	0	suitArtUrl(ember-bellows-array, common, shoulders)	art/suits/ember-bellows-array/common/shoulders.png	dgrsart-cdn	EXPANDED
apps/shared/suitArtPrompts.ts::SUIT_SET_ROSTER	0	suitArtUrl(ember-bellows-array, common, arms)	art/suits/ember-bellows-array/common/arms.png	dgrsart-cdn	EXPANDED
apps/shared/suitArtPrompts.ts::SUIT_SET_ROSTER	0	suitArtUrl(ember-bellows-array, common, gloves)	art/suits/ember-bellows-array/common/gloves.png	dgrsart-cdn	EXPANDED
apps/shared/suitArtPrompts.ts::SUIT_SET_ROSTER	0	suitArtUrl(ember-bellows-array, common, belt)	art/suits/ember-bellows-array/common/belt.png	dgrsart-cdn	EXPANDED
apps/shared/suitArtPrompts.ts::SUIT_SET_ROSTER	0	suitArtUrl(ember-bellows-array, common, legs)	art/suits/ember-bellows-array/common/legs.png	dgrsart-cdn	EXPANDED
apps/shared/suitArtPrompts.ts::SUIT_SET_ROSTER	0	suitArtUrl(ember-bellows-array, common, feet)	art/suits/ember-bellows-array/common/feet.png	dgrsart-cdn	EXPANDED
apps/shared/suitArtPrompts.ts::SUIT_SET_ROSTER	0	suitArtUrl(ember-bellows-array, common, weapon-primary)	art/suits/ember-bellows-array/common/weapon-primary.png	dgrsart-cdn	EXPANDED
apps/shared/suitArtPrompts.ts::SUIT_SET_ROSTER	0	suitArtUrl(ember-bellows-array, common, back)	art/suits/ember-bellows-array/common/back.png	dgrsart-cdn	EXPANDED
apps/shared/suitArtPrompts.ts::SUIT_SET_ROSTER	0	suitArtUrl(ember-bellows-array, uncommon, head)	art/suits/ember-bellows-array/uncommon/head.png	dgrsart-cdn	EXPANDED
apps/shared/suitArtPrompts.ts::SUIT_SET_ROSTER	0	suitArtUrl(ember-bellows-array, uncommon, chest)	art/suits/ember-bellows-array/uncommon/chest.png	dgrsart-cdn	EXPANDED
apps/shared/suitArtPrompts.ts::SUIT_SET_ROSTER	0	suitArtUrl(ember-bellows-array, uncommon, shoulders)	art/suits/ember-bellows-array/uncommon/shoulders.png	dgrsart-cdn	EXPANDED
apps/shared/suitArtPrompts.ts::SUIT_SET_ROSTER	0	suitArtUrl(ember-bellows-array, uncommon, arms)	art/suits/ember-bellows-array/uncommon/arms.png	dgrsart-cdn	EXPANDED
apps/shared/suitArtPrompts.ts::SUIT_SET_ROSTER	0	suitArtUrl(ember-bellows-array, uncommon, gloves)	art/suits/ember-bellows-array/uncommon/gloves.png	dgrsart-cdn	EXPANDED
apps/shared/suitArtPrompts.ts::SUIT_SET_ROSTER	0	suitArtUrl(ember-bellows-array, uncommon, belt)	art/suits/ember-bellows-array/uncommon/belt.png	dgrsart-cdn	EXPANDED
apps/shared/suitArtPrompts.ts::SUIT_SET_ROSTER	0	suitArtUrl(ember-bellows-array, uncommon, legs)	art/suits/ember-bellows-array/uncommon/legs.png	dgrsart-cdn	EXPANDED
apps/shared/suitArtPrompts.ts::SUIT_SET_ROSTER	0	suitArtUrl(ember-bellows-array, uncommon, feet)	art/suits/ember-bellows-array/uncommon/feet.png	dgrsart-cdn	EXPANDED
apps/shared/suitArtPrompts.ts::SUIT_SET_ROSTER	0	suitArtUrl(ember-bellows-array, uncommon, weapon-primary)	art/suits/ember-bellows-array/uncommon/weapon-primary.png	dgrsart-cdn	EXPANDED
apps/shared/suitArtPrompts.ts::SUIT_SET_ROSTER	0	suitArtUrl(ember-bellows-array, uncommon, back)	art/suits/ember-bellows-array/uncommon/back.png	dgrsart-cdn	EXPANDED
apps/shared/suitArtPrompts.ts::SUIT_SET_ROSTER	0	suitArtUrl(ember-bellows-array, rare, head)	art/suits/ember-bellows-array/rare/head.png	dgrsart-cdn	EXPANDED
apps/shared/suitArtPrompts.ts::SUIT_SET_ROSTER	0	suitArtUrl(ember-bellows-array, rare, chest)	art/suits/ember-bellows-array/rare/chest.png	dgrsart-cdn	EXPANDED
apps/shared/suitArtPrompts.ts::SUIT_SET_ROSTER	0	suitArtUrl(ember-bellows-array, rare, shoulders)	art/suits/ember-bellows-array/rare/shoulders.png	dgrsart-cdn	EXPANDED
apps/shared/suitArtPrompts.ts::SUIT_SET_ROSTER	0	suitArtUrl(ember-bellows-array, rare, arms)	art/suits/ember-bellows-array/rare/arms.png	dgrsart-cdn	EXPANDED
apps/shared/suitArtPrompts.ts::SUIT_SET_ROSTER	0	suitArtUrl(ember-bellows-array, rare, gloves)	art/suits/ember-bellows-array/rare/gloves.png	dgrsart-cdn	EXPANDED
apps/shared/suitArtPrompts.ts::SUIT_SET_ROSTER	0	suitArtUrl(ember-bellows-array, rare, belt)	art/suits/ember-bellows-array/rare/belt.png	dgrsart-cdn	EXPANDED
apps/shared/suitArtPrompts.ts::SUIT_SET_ROSTER	0	suitArtUrl(ember-bellows-array, rare, legs)	art/suits/ember-bellows-array/rare/legs.png	dgrsart-cdn	EXPANDED
apps/shared/suitArtPrompts.ts::SUIT_SET_ROSTER	0	suitArtUrl(ember-bellows-array, rare, feet)	art/suits/ember-bellows-array/rare/feet.png	dgrsart-cdn	EXPANDED
apps/shared/suitArtPrompts.ts::SUIT_SET_ROSTER	0	suitArtUrl(ember-bellows-array, rare, weapon-primary)	art/suits/ember-bellows-array/rare/weapon-primary.png	dgrsart-cdn	EXPANDED
apps/shared/suitArtPrompts.ts::SUIT_SET_ROSTER	0	suitArtUrl(ember-bellows-array, rare, back)	art/suits/ember-bellows-array/rare/back.png	dgrsart-cdn	EXPANDED
apps/shared/suitArtPrompts.ts::SUIT_SET_ROSTER	0	suitArtUrl(ember-bellows-array, epic, head)	art/suits/ember-bellows-array/epic/head.png	dgrsart-cdn	EXPANDED
apps/shared/suitArtPrompts.ts::SUIT_SET_ROSTER	0	suitArtUrl(ember-bellows-array, epic, chest)	art/suits/ember-bellows-array/epic/chest.png	dgrsart-cdn	EXPANDED
apps/shared/suitArtPrompts.ts::SUIT_SET_ROSTER	0	suitArtUrl(ember-bellows-array, epic, shoulders)	art/suits/ember-bellows-array/epic/shoulders.png	dgrsart-cdn	EXPANDED
apps/shared/suitArtPrompts.ts::SUIT_SET_ROSTER	0	suitArtUrl(ember-bellows-array, epic, arms)	art/suits/ember-bellows-array/epic/arms.png	dgrsart-cdn	EXPANDED
apps/shared/suitArtPrompts.ts::SUIT_SET_ROSTER	0	suitArtUrl(ember-bellows-array, epic, gloves)	art/suits/ember-bellows-array/epic/gloves.png	dgrsart-cdn	EXPANDED
apps/shared/suitArtPrompts.ts::SUIT_SET_ROSTER	0	suitArtUrl(ember-bellows-array, epic, belt)	art/suits/ember-bellows-array/epic/belt.png	dgrsart-cdn	EXPANDED
apps/shared/suitArtPrompts.ts::SUIT_SET_ROSTER	0	suitArtUrl(ember-bellows-array, epic, legs)	art/suits/ember-bellows-array/epic/legs.png	dgrsart-cdn	EXPANDED
apps/shared/suitArtPrompts.ts::SUIT_SET_ROSTER	0	suitArtUrl(ember-bellows-array, epic, feet)	art/suits/ember-bellows-array/epic/feet.png	dgrsart-cdn	EXPANDED
apps/shared/suitArtPrompts.ts::SUIT_SET_ROSTER	0	suitArtUrl(ember-bellows-array, epic, weapon-primary)	art/suits/ember-bellows-array/epic/weapon-primary.png	dgrsart-cdn	EXPANDED
apps/shared/suitArtPrompts.ts::SUIT_SET_ROSTER	0	suitArtUrl(ember-bellows-array, epic, back)	art/suits/ember-bellows-array/epic/back.png	dgrsart-cdn	EXPANDED
apps/shared/suitArtPrompts.ts::SUIT_SET_ROSTER	0	suitArtUrl(ember-bellows-array, legendary, head)	art/suits/ember-bellows-array/legendary/head.png	dgrsart-cdn	EXPANDED
apps/shared/suitArtPrompts.ts::SUIT_SET_ROSTER	0	suitArtUrl(ember-bellows-array, legendary, chest)	art/suits/ember-bellows-array/legendary/chest.png	dgrsart-cdn	EXPANDED
apps/shared/suitArtPrompts.ts::SUIT_SET_ROSTER	0	suitArtUrl(ember-bellows-array, legendary, shoulders)	art/suits/ember-bellows-array/legendary/shoulders.png	dgrsart-cdn	EXPANDED
apps/shared/suitArtPrompts.ts::SUIT_SET_ROSTER	0	suitArtUrl(ember-bellows-array, legendary, arms)	art/suits/ember-bellows-array/legendary/arms.png	dgrsart-cdn	EXPANDED
apps/shared/suitArtPrompts.ts::SUIT_SET_ROSTER	0	suitArtUrl(ember-bellows-array, legendary, gloves)	art/suits/ember-bellows-array/legendary/gloves.png	dgrsart-cdn	EXPANDED
apps/shared/suitArtPrompts.ts::SUIT_SET_ROSTER	0	suitArtUrl(ember-bellows-array, legendary, belt)	art/suits/ember-bellows-array/legendary/belt.png	dgrsart-cdn	EXPANDED
apps/shared/suitArtPrompts.ts::SUIT_SET_ROSTER	0	suitArtUrl(ember-bellows-array, legendary, legs)	art/suits/ember-bellows-array/legendary/legs.png	dgrsart-cdn	EXPANDED
apps/shared/suitArtPrompts.ts::SUIT_SET_ROSTER	0	suitArtUrl(ember-bellows-array, legendary, feet)	art/suits/ember-bellows-array/legendary/feet.png	dgrsart-cdn	EXPANDED
apps/shared/suitArtPrompts.ts::SUIT_SET_ROSTER	0	suitArtUrl(ember-bellows-array, legendary, weapon-primary)	art/suits/ember-bellows-array/legendary/weapon-primary.png	dgrsart-cdn	EXPANDED
apps/shared/suitArtPrompts.ts::SUIT_SET_ROSTER	0	suitArtUrl(ember-bellows-array, legendary, back)	art/suits/ember-bellows-array/legendary/back.png	dgrsart-cdn	EXPANDED
apps/shared/suitArtPrompts.ts::SUIT_SET_ROSTER	0	suitArtUrl(ember-bellows-array, mythic, head)	art/suits/ember-bellows-array/mythic/head.png	dgrsart-cdn	EXPANDED
apps/shared/suitArtPrompts.ts::SUIT_SET_ROSTER	0	suitArtUrl(ember-bellows-array, mythic, chest)	art/suits/ember-bellows-array/mythic/chest.png	dgrsart-cdn	EXPANDED
apps/shared/suitArtPrompts.ts::SUIT_SET_ROSTER	0	suitArtUrl(ember-bellows-array, mythic, shoulders)	art/suits/ember-bellows-array/mythic/shoulders.png	dgrsart-cdn	EXPANDED
apps/shared/suitArtPrompts.ts::SUIT_SET_ROSTER	0	suitArtUrl(ember-bellows-array, mythic, arms)	art/suits/ember-bellows-array/mythic/arms.png	dgrsart-cdn	EXPANDED
apps/shared/suitArtPrompts.ts::SUIT_SET_ROSTER	0	suitArtUrl(ember-bellows-array, mythic, gloves)	art/suits/ember-bellows-array/mythic/gloves.png	dgrsart-cdn	EXPANDED
apps/shared/suitArtPrompts.ts::SUIT_SET_ROSTER	0	suitArtUrl(ember-bellows-array, mythic, belt)	art/suits/ember-bellows-array/mythic/belt.png	dgrsart-cdn	EXPANDED
apps/shared/suitArtPrompts.ts::SUIT_SET_ROSTER	0	suitArtUrl(ember-bellows-array, mythic, legs)	art/suits/ember-bellows-array/mythic/legs.png	dgrsart-cdn	EXPANDED
apps/shared/suitArtPrompts.ts::SUIT_SET_ROSTER	0	suitArtUrl(ember-bellows-array, mythic, feet)	art/suits/ember-bellows-array/mythic/feet.png	dgrsart-cdn	EXPANDED
apps/shared/suitArtPrompts.ts::SUIT_SET_ROSTER	0	suitArtUrl(ember-bellows-array, mythic, weapon-primary)	art/suits/ember-bellows-array/mythic/weapon-primary.png	dgrsart-cdn	EXPANDED
apps/shared/suitArtPrompts.ts::SUIT_SET_ROSTER	0	suitArtUrl(ember-bellows-array, mythic, back)	art/suits/ember-bellows-array/mythic/back.png	dgrsart-cdn	EXPANDED
apps/shared/suitArtPrompts.ts::SUIT_SET_ROSTER	0	suitArtUrl(tide-engine-carapace, common, head)	art/suits/tide-engine-carapace/common/head.png	dgrsart-cdn	EXPANDED
apps/shared/suitArtPrompts.ts::SUIT_SET_ROSTER	0	suitArtUrl(tide-engine-carapace, common, chest)	art/suits/tide-engine-carapace/common/chest.png	dgrsart-cdn	EXPANDED
apps/shared/suitArtPrompts.ts::SUIT_SET_ROSTER	0	suitArtUrl(tide-engine-carapace, common, shoulders)	art/suits/tide-engine-carapace/common/shoulders.png	dgrsart-cdn	EXPANDED
apps/shared/suitArtPrompts.ts::SUIT_SET_ROSTER	0	suitArtUrl(tide-engine-carapace, common, arms)	art/suits/tide-engine-carapace/common/arms.png	dgrsart-cdn	EXPANDED
apps/shared/suitArtPrompts.ts::SUIT_SET_ROSTER	0	suitArtUrl(tide-engine-carapace, common, gloves)	art/suits/tide-engine-carapace/common/gloves.png	dgrsart-cdn	EXPANDED
apps/shared/suitArtPrompts.ts::SUIT_SET_ROSTER	0	suitArtUrl(tide-engine-carapace, common, belt)	art/suits/tide-engine-carapace/common/belt.png	dgrsart-cdn	EXPANDED
apps/shared/suitArtPrompts.ts::SUIT_SET_ROSTER	0	suitArtUrl(tide-engine-carapace, common, legs)	art/suits/tide-engine-carapace/common/legs.png	dgrsart-cdn	EXPANDED
apps/shared/suitArtPrompts.ts::SUIT_SET_ROSTER	0	suitArtUrl(tide-engine-carapace, common, feet)	art/suits/tide-engine-carapace/common/feet.png	dgrsart-cdn	EXPANDED
apps/shared/suitArtPrompts.ts::SUIT_SET_ROSTER	0	suitArtUrl(tide-engine-carapace, common, weapon-primary)	art/suits/tide-engine-carapace/common/weapon-primary.png	dgrsart-cdn	EXPANDED
apps/shared/suitArtPrompts.ts::SUIT_SET_ROSTER	0	suitArtUrl(tide-engine-carapace, common, back)	art/suits/tide-engine-carapace/common/back.png	dgrsart-cdn	EXPANDED
apps/shared/suitArtPrompts.ts::SUIT_SET_ROSTER	0	suitArtUrl(tide-engine-carapace, uncommon, head)	art/suits/tide-engine-carapace/uncommon/head.png	dgrsart-cdn	EXPANDED
apps/shared/suitArtPrompts.ts::SUIT_SET_ROSTER	0	suitArtUrl(tide-engine-carapace, uncommon, chest)	art/suits/tide-engine-carapace/uncommon/chest.png	dgrsart-cdn	EXPANDED
apps/shared/suitArtPrompts.ts::SUIT_SET_ROSTER	0	suitArtUrl(tide-engine-carapace, uncommon, shoulders)	art/suits/tide-engine-carapace/uncommon/shoulders.png	dgrsart-cdn	EXPANDED
apps/shared/suitArtPrompts.ts::SUIT_SET_ROSTER	0	suitArtUrl(tide-engine-carapace, uncommon, arms)	art/suits/tide-engine-carapace/uncommon/arms.png	dgrsart-cdn	EXPANDED
apps/shared/suitArtPrompts.ts::SUIT_SET_ROSTER	0	suitArtUrl(tide-engine-carapace, uncommon, gloves)	art/suits/tide-engine-carapace/uncommon/gloves.png	dgrsart-cdn	EXPANDED
apps/shared/suitArtPrompts.ts::SUIT_SET_ROSTER	0	suitArtUrl(tide-engine-carapace, uncommon, belt)	art/suits/tide-engine-carapace/uncommon/belt.png	dgrsart-cdn	EXPANDED
apps/shared/suitArtPrompts.ts::SUIT_SET_ROSTER	0	suitArtUrl(tide-engine-carapace, uncommon, legs)	art/suits/tide-engine-carapace/uncommon/legs.png	dgrsart-cdn	EXPANDED
apps/shared/suitArtPrompts.ts::SUIT_SET_ROSTER	0	suitArtUrl(tide-engine-carapace, uncommon, feet)	art/suits/tide-engine-carapace/uncommon/feet.png	dgrsart-cdn	EXPANDED
apps/shared/suitArtPrompts.ts::SUIT_SET_ROSTER	0	suitArtUrl(tide-engine-carapace, uncommon, weapon-primary)	art/suits/tide-engine-carapace/uncommon/weapon-primary.png	dgrsart-cdn	EXPANDED
apps/shared/suitArtPrompts.ts::SUIT_SET_ROSTER	0	suitArtUrl(tide-engine-carapace, uncommon, back)	art/suits/tide-engine-carapace/uncommon/back.png	dgrsart-cdn	EXPANDED
apps/shared/suitArtPrompts.ts::SUIT_SET_ROSTER	0	suitArtUrl(tide-engine-carapace, rare, head)	art/suits/tide-engine-carapace/rare/head.png	dgrsart-cdn	EXPANDED
apps/shared/suitArtPrompts.ts::SUIT_SET_ROSTER	0	suitArtUrl(tide-engine-carapace, rare, chest)	art/suits/tide-engine-carapace/rare/chest.png	dgrsart-cdn	EXPANDED
apps/shared/suitArtPrompts.ts::SUIT_SET_ROSTER	0	suitArtUrl(tide-engine-carapace, rare, shoulders)	art/suits/tide-engine-carapace/rare/shoulders.png	dgrsart-cdn	EXPANDED
apps/shared/suitArtPrompts.ts::SUIT_SET_ROSTER	0	suitArtUrl(tide-engine-carapace, rare, arms)	art/suits/tide-engine-carapace/rare/arms.png	dgrsart-cdn	EXPANDED
apps/shared/suitArtPrompts.ts::SUIT_SET_ROSTER	0	suitArtUrl(tide-engine-carapace, rare, gloves)	art/suits/tide-engine-carapace/rare/gloves.png	dgrsart-cdn	EXPANDED
apps/shared/suitArtPrompts.ts::SUIT_SET_ROSTER	0	suitArtUrl(tide-engine-carapace, rare, belt)	art/suits/tide-engine-carapace/rare/belt.png	dgrsart-cdn	EXPANDED
apps/shared/suitArtPrompts.ts::SUIT_SET_ROSTER	0	suitArtUrl(tide-engine-carapace, rare, legs)	art/suits/tide-engine-carapace/rare/legs.png	dgrsart-cdn	EXPANDED
apps/shared/suitArtPrompts.ts::SUIT_SET_ROSTER	0	suitArtUrl(tide-engine-carapace, rare, feet)	art/suits/tide-engine-carapace/rare/feet.png	dgrsart-cdn	EXPANDED
apps/shared/suitArtPrompts.ts::SUIT_SET_ROSTER	0	suitArtUrl(tide-engine-carapace, rare, weapon-primary)	art/suits/tide-engine-carapace/rare/weapon-primary.png	dgrsart-cdn	EXPANDED
apps/shared/suitArtPrompts.ts::SUIT_SET_ROSTER	0	suitArtUrl(tide-engine-carapace, rare, back)	art/suits/tide-engine-carapace/rare/back.png	dgrsart-cdn	EXPANDED
apps/shared/suitArtPrompts.ts::SUIT_SET_ROSTER	0	suitArtUrl(tide-engine-carapace, epic, head)	art/suits/tide-engine-carapace/epic/head.png	dgrsart-cdn	EXPANDED
apps/shared/suitArtPrompts.ts::SUIT_SET_ROSTER	0	suitArtUrl(tide-engine-carapace, epic, chest)	art/suits/tide-engine-carapace/epic/chest.png	dgrsart-cdn	EXPANDED
apps/shared/suitArtPrompts.ts::SUIT_SET_ROSTER	0	suitArtUrl(tide-engine-carapace, epic, shoulders)	art/suits/tide-engine-carapace/epic/shoulders.png	dgrsart-cdn	EXPANDED
apps/shared/suitArtPrompts.ts::SUIT_SET_ROSTER	0	suitArtUrl(tide-engine-carapace, epic, arms)	art/suits/tide-engine-carapace/epic/arms.png	dgrsart-cdn	EXPANDED
apps/shared/suitArtPrompts.ts::SUIT_SET_ROSTER	0	suitArtUrl(tide-engine-carapace, epic, gloves)	art/suits/tide-engine-carapace/epic/gloves.png	dgrsart-cdn	EXPANDED
apps/shared/suitArtPrompts.ts::SUIT_SET_ROSTER	0	suitArtUrl(tide-engine-carapace, epic, belt)	art/suits/tide-engine-carapace/epic/belt.png	dgrsart-cdn	EXPANDED
apps/shared/suitArtPrompts.ts::SUIT_SET_ROSTER	0	suitArtUrl(tide-engine-carapace, epic, legs)	art/suits/tide-engine-carapace/epic/legs.png	dgrsart-cdn	EXPANDED
apps/shared/suitArtPrompts.ts::SUIT_SET_ROSTER	0	suitArtUrl(tide-engine-carapace, epic, feet)	art/suits/tide-engine-carapace/epic/feet.png	dgrsart-cdn	EXPANDED
apps/shared/suitArtPrompts.ts::SUIT_SET_ROSTER	0	suitArtUrl(tide-engine-carapace, epic, weapon-primary)	art/suits/tide-engine-carapace/epic/weapon-primary.png	dgrsart-cdn	EXPANDED
apps/shared/suitArtPrompts.ts::SUIT_SET_ROSTER	0	suitArtUrl(tide-engine-carapace, epic, back)	art/suits/tide-engine-carapace/epic/back.png	dgrsart-cdn	EXPANDED
apps/shared/suitArtPrompts.ts::SUIT_SET_ROSTER	0	suitArtUrl(tide-engine-carapace, legendary, head)	art/suits/tide-engine-carapace/legendary/head.png	dgrsart-cdn	EXPANDED
apps/shared/suitArtPrompts.ts::SUIT_SET_ROSTER	0	suitArtUrl(tide-engine-carapace, legendary, chest)	art/suits/tide-engine-carapace/legendary/chest.png	dgrsart-cdn	EXPANDED
apps/shared/suitArtPrompts.ts::SUIT_SET_ROSTER	0	suitArtUrl(tide-engine-carapace, legendary, shoulders)	art/suits/tide-engine-carapace/legendary/shoulders.png	dgrsart-cdn	EXPANDED
apps/shared/suitArtPrompts.ts::SUIT_SET_ROSTER	0	suitArtUrl(tide-engine-carapace, legendary, arms)	art/suits/tide-engine-carapace/legendary/arms.png	dgrsart-cdn	EXPANDED
apps/shared/suitArtPrompts.ts::SUIT_SET_ROSTER	0	suitArtUrl(tide-engine-carapace, legendary, gloves)	art/suits/tide-engine-carapace/legendary/gloves.png	dgrsart-cdn	EXPANDED
apps/shared/suitArtPrompts.ts::SUIT_SET_ROSTER	0	suitArtUrl(tide-engine-carapace, legendary, belt)	art/suits/tide-engine-carapace/legendary/belt.png	dgrsart-cdn	EXPANDED
apps/shared/suitArtPrompts.ts::SUIT_SET_ROSTER	0	suitArtUrl(tide-engine-carapace, legendary, legs)	art/suits/tide-engine-carapace/legendary/legs.png	dgrsart-cdn	EXPANDED
apps/shared/suitArtPrompts.ts::SUIT_SET_ROSTER	0	suitArtUrl(tide-engine-carapace, legendary, feet)	art/suits/tide-engine-carapace/legendary/feet.png	dgrsart-cdn	EXPANDED
apps/shared/suitArtPrompts.ts::SUIT_SET_ROSTER	0	suitArtUrl(tide-engine-carapace, legendary, weapon-primary)	art/suits/tide-engine-carapace/legendary/weapon-primary.png	dgrsart-cdn	EXPANDED
apps/shared/suitArtPrompts.ts::SUIT_SET_ROSTER	0	suitArtUrl(tide-engine-carapace, legendary, back)	art/suits/tide-engine-carapace/legendary/back.png	dgrsart-cdn	EXPANDED
apps/shared/suitArtPrompts.ts::SUIT_SET_ROSTER	0	suitArtUrl(tide-engine-carapace, mythic, head)	art/suits/tide-engine-carapace/mythic/head.png	dgrsart-cdn	EXPANDED
apps/shared/suitArtPrompts.ts::SUIT_SET_ROSTER	0	suitArtUrl(tide-engine-carapace, mythic, chest)	art/suits/tide-engine-carapace/mythic/chest.png	dgrsart-cdn	EXPANDED
apps/shared/suitArtPrompts.ts::SUIT_SET_ROSTER	0	suitArtUrl(tide-engine-carapace, mythic, shoulders)	art/suits/tide-engine-carapace/mythic/shoulders.png	dgrsart-cdn	EXPANDED
apps/shared/suitArtPrompts.ts::SUIT_SET_ROSTER	0	suitArtUrl(tide-engine-carapace, mythic, arms)	art/suits/tide-engine-carapace/mythic/arms.png	dgrsart-cdn	EXPANDED
apps/shared/suitArtPrompts.ts::SUIT_SET_ROSTER	0	suitArtUrl(tide-engine-carapace, mythic, gloves)	art/suits/tide-engine-carapace/mythic/gloves.png	dgrsart-cdn	EXPANDED
apps/shared/suitArtPrompts.ts::SUIT_SET_ROSTER	0	suitArtUrl(tide-engine-carapace, mythic, belt)	art/suits/tide-engine-carapace/mythic/belt.png	dgrsart-cdn	EXPANDED
apps/shared/suitArtPrompts.ts::SUIT_SET_ROSTER	0	suitArtUrl(tide-engine-carapace, mythic, legs)	art/suits/tide-engine-carapace/mythic/legs.png	dgrsart-cdn	EXPANDED
apps/shared/suitArtPrompts.ts::SUIT_SET_ROSTER	0	suitArtUrl(tide-engine-carapace, mythic, feet)	art/suits/tide-engine-carapace/mythic/feet.png	dgrsart-cdn	EXPANDED
apps/shared/suitArtPrompts.ts::SUIT_SET_ROSTER	0	suitArtUrl(tide-engine-carapace, mythic, weapon-primary)	art/suits/tide-engine-carapace/mythic/weapon-primary.png	dgrsart-cdn	EXPANDED
apps/shared/suitArtPrompts.ts::SUIT_SET_ROSTER	0	suitArtUrl(tide-engine-carapace, mythic, back)	art/suits/tide-engine-carapace/mythic/back.png	dgrsart-cdn	EXPANDED
apps/shared/suitArtPrompts.ts::SUIT_SET_ROSTER	0	suitArtUrl(aetheric-dirigible-rig, common, head)	art/suits/aetheric-dirigible-rig/common/head.png	dgrsart-cdn	EXPANDED
apps/shared/suitArtPrompts.ts::SUIT_SET_ROSTER	0	suitArtUrl(aetheric-dirigible-rig, common, chest)	art/suits/aetheric-dirigible-rig/common/chest.png	dgrsart-cdn	EXPANDED
apps/shared/suitArtPrompts.ts::SUIT_SET_ROSTER	0	suitArtUrl(aetheric-dirigible-rig, common, shoulders)	art/suits/aetheric-dirigible-rig/common/shoulders.png	dgrsart-cdn	EXPANDED
apps/shared/suitArtPrompts.ts::SUIT_SET_ROSTER	0	suitArtUrl(aetheric-dirigible-rig, common, arms)	art/suits/aetheric-dirigible-rig/common/arms.png	dgrsart-cdn	EXPANDED
apps/shared/suitArtPrompts.ts::SUIT_SET_ROSTER	0	suitArtUrl(aetheric-dirigible-rig, common, gloves)	art/suits/aetheric-dirigible-rig/common/gloves.png	dgrsart-cdn	EXPANDED
apps/shared/suitArtPrompts.ts::SUIT_SET_ROSTER	0	suitArtUrl(aetheric-dirigible-rig, common, belt)	art/suits/aetheric-dirigible-rig/common/belt.png	dgrsart-cdn	EXPANDED
apps/shared/suitArtPrompts.ts::SUIT_SET_ROSTER	0	suitArtUrl(aetheric-dirigible-rig, common, legs)	art/suits/aetheric-dirigible-rig/common/legs.png	dgrsart-cdn	EXPANDED
apps/shared/suitArtPrompts.ts::SUIT_SET_ROSTER	0	suitArtUrl(aetheric-dirigible-rig, common, feet)	art/suits/aetheric-dirigible-rig/common/feet.png	dgrsart-cdn	EXPANDED
apps/shared/suitArtPrompts.ts::SUIT_SET_ROSTER	0	suitArtUrl(aetheric-dirigible-rig, common, weapon-primary)	art/suits/aetheric-dirigible-rig/common/weapon-primary.png	dgrsart-cdn	EXPANDED
apps/shared/suitArtPrompts.ts::SUIT_SET_ROSTER	0	suitArtUrl(aetheric-dirigible-rig, common, back)	art/suits/aetheric-dirigible-rig/common/back.png	dgrsart-cdn	EXPANDED
apps/shared/suitArtPrompts.ts::SUIT_SET_ROSTER	0	suitArtUrl(aetheric-dirigible-rig, uncommon, head)	art/suits/aetheric-dirigible-rig/uncommon/head.png	dgrsart-cdn	EXPANDED
apps/shared/suitArtPrompts.ts::SUIT_SET_ROSTER	0	suitArtUrl(aetheric-dirigible-rig, uncommon, chest)	art/suits/aetheric-dirigible-rig/uncommon/chest.png	dgrsart-cdn	EXPANDED
apps/shared/suitArtPrompts.ts::SUIT_SET_ROSTER	0	suitArtUrl(aetheric-dirigible-rig, uncommon, shoulders)	art/suits/aetheric-dirigible-rig/uncommon/shoulders.png	dgrsart-cdn	EXPANDED
apps/shared/suitArtPrompts.ts::SUIT_SET_ROSTER	0	suitArtUrl(aetheric-dirigible-rig, uncommon, arms)	art/suits/aetheric-dirigible-rig/uncommon/arms.png	dgrsart-cdn	EXPANDED
apps/shared/suitArtPrompts.ts::SUIT_SET_ROSTER	0	suitArtUrl(aetheric-dirigible-rig, uncommon, gloves)	art/suits/aetheric-dirigible-rig/uncommon/gloves.png	dgrsart-cdn	EXPANDED
apps/shared/suitArtPrompts.ts::SUIT_SET_ROSTER	0	suitArtUrl(aetheric-dirigible-rig, uncommon, belt)	art/suits/aetheric-dirigible-rig/uncommon/belt.png	dgrsart-cdn	EXPANDED
apps/shared/suitArtPrompts.ts::SUIT_SET_ROSTER	0	suitArtUrl(aetheric-dirigible-rig, uncommon, legs)	art/suits/aetheric-dirigible-rig/uncommon/legs.png	dgrsart-cdn	EXPANDED
apps/shared/suitArtPrompts.ts::SUIT_SET_ROSTER	0	suitArtUrl(aetheric-dirigible-rig, uncommon, feet)	art/suits/aetheric-dirigible-rig/uncommon/feet.png	dgrsart-cdn	EXPANDED
apps/shared/suitArtPrompts.ts::SUIT_SET_ROSTER	0	suitArtUrl(aetheric-dirigible-rig, uncommon, weapon-primary)	art/suits/aetheric-dirigible-rig/uncommon/weapon-primary.png	dgrsart-cdn	EXPANDED
apps/shared/suitArtPrompts.ts::SUIT_SET_ROSTER	0	suitArtUrl(aetheric-dirigible-rig, uncommon, back)	art/suits/aetheric-dirigible-rig/uncommon/back.png	dgrsart-cdn	EXPANDED
apps/shared/suitArtPrompts.ts::SUIT_SET_ROSTER	0	suitArtUrl(aetheric-dirigible-rig, rare, head)	art/suits/aetheric-dirigible-rig/rare/head.png	dgrsart-cdn	EXPANDED
apps/shared/suitArtPrompts.ts::SUIT_SET_ROSTER	0	suitArtUrl(aetheric-dirigible-rig, rare, chest)	art/suits/aetheric-dirigible-rig/rare/chest.png	dgrsart-cdn	EXPANDED
apps/shared/suitArtPrompts.ts::SUIT_SET_ROSTER	0	suitArtUrl(aetheric-dirigible-rig, rare, shoulders)	art/suits/aetheric-dirigible-rig/rare/shoulders.png	dgrsart-cdn	EXPANDED
apps/shared/suitArtPrompts.ts::SUIT_SET_ROSTER	0	suitArtUrl(aetheric-dirigible-rig, rare, arms)	art/suits/aetheric-dirigible-rig/rare/arms.png	dgrsart-cdn	EXPANDED
apps/shared/suitArtPrompts.ts::SUIT_SET_ROSTER	0	suitArtUrl(aetheric-dirigible-rig, rare, gloves)	art/suits/aetheric-dirigible-rig/rare/gloves.png	dgrsart-cdn	EXPANDED
apps/shared/suitArtPrompts.ts::SUIT_SET_ROSTER	0	suitArtUrl(aetheric-dirigible-rig, rare, belt)	art/suits/aetheric-dirigible-rig/rare/belt.png	dgrsart-cdn	EXPANDED
apps/shared/suitArtPrompts.ts::SUIT_SET_ROSTER	0	suitArtUrl(aetheric-dirigible-rig, rare, legs)	art/suits/aetheric-dirigible-rig/rare/legs.png	dgrsart-cdn	EXPANDED
apps/shared/suitArtPrompts.ts::SUIT_SET_ROSTER	0	suitArtUrl(aetheric-dirigible-rig, rare, feet)	art/suits/aetheric-dirigible-rig/rare/feet.png	dgrsart-cdn	EXPANDED
apps/shared/suitArtPrompts.ts::SUIT_SET_ROSTER	0	suitArtUrl(aetheric-dirigible-rig, rare, weapon-primary)	art/suits/aetheric-dirigible-rig/rare/weapon-primary.png	dgrsart-cdn	EXPANDED
apps/shared/suitArtPrompts.ts::SUIT_SET_ROSTER	0	suitArtUrl(aetheric-dirigible-rig, rare, back)	art/suits/aetheric-dirigible-rig/rare/back.png	dgrsart-cdn	EXPANDED
apps/shared/suitArtPrompts.ts::SUIT_SET_ROSTER	0	suitArtUrl(aetheric-dirigible-rig, epic, head)	art/suits/aetheric-dirigible-rig/epic/head.png	dgrsart-cdn	EXPANDED
apps/shared/suitArtPrompts.ts::SUIT_SET_ROSTER	0	suitArtUrl(aetheric-dirigible-rig, epic, chest)	art/suits/aetheric-dirigible-rig/epic/chest.png	dgrsart-cdn	EXPANDED
apps/shared/suitArtPrompts.ts::SUIT_SET_ROSTER	0	suitArtUrl(aetheric-dirigible-rig, epic, shoulders)	art/suits/aetheric-dirigible-rig/epic/shoulders.png	dgrsart-cdn	EXPANDED
apps/shared/suitArtPrompts.ts::SUIT_SET_ROSTER	0	suitArtUrl(aetheric-dirigible-rig, epic, arms)	art/suits/aetheric-dirigible-rig/epic/arms.png	dgrsart-cdn	EXPANDED
apps/shared/suitArtPrompts.ts::SUIT_SET_ROSTER	0	suitArtUrl(aetheric-dirigible-rig, epic, gloves)	art/suits/aetheric-dirigible-rig/epic/gloves.png	dgrsart-cdn	EXPANDED
apps/shared/suitArtPrompts.ts::SUIT_SET_ROSTER	0	suitArtUrl(aetheric-dirigible-rig, epic, belt)	art/suits/aetheric-dirigible-rig/epic/belt.png	dgrsart-cdn	EXPANDED
apps/shared/suitArtPrompts.ts::SUIT_SET_ROSTER	0	suitArtUrl(aetheric-dirigible-rig, epic, legs)	art/suits/aetheric-dirigible-rig/epic/legs.png	dgrsart-cdn	EXPANDED
apps/shared/suitArtPrompts.ts::SUIT_SET_ROSTER	0	suitArtUrl(aetheric-dirigible-rig, epic, feet)	art/suits/aetheric-dirigible-rig/epic/feet.png	dgrsart-cdn	EXPANDED
apps/shared/suitArtPrompts.ts::SUIT_SET_ROSTER	0	suitArtUrl(aetheric-dirigible-rig, epic, weapon-primary)	art/suits/aetheric-dirigible-rig/epic/weapon-primary.png	dgrsart-cdn	EXPANDED
apps/shared/suitArtPrompts.ts::SUIT_SET_ROSTER	0	suitArtUrl(aetheric-dirigible-rig, epic, back)	art/suits/aetheric-dirigible-rig/epic/back.png	dgrsart-cdn	EXPANDED
apps/shared/suitArtPrompts.ts::SUIT_SET_ROSTER	0	suitArtUrl(aetheric-dirigible-rig, legendary, head)	art/suits/aetheric-dirigible-rig/legendary/head.png	dgrsart-cdn	EXPANDED
apps/shared/suitArtPrompts.ts::SUIT_SET_ROSTER	0	suitArtUrl(aetheric-dirigible-rig, legendary, chest)	art/suits/aetheric-dirigible-rig/legendary/chest.png	dgrsart-cdn	EXPANDED
apps/shared/suitArtPrompts.ts::SUIT_SET_ROSTER	0	suitArtUrl(aetheric-dirigible-rig, legendary, shoulders)	art/suits/aetheric-dirigible-rig/legendary/shoulders.png	dgrsart-cdn	EXPANDED
apps/shared/suitArtPrompts.ts::SUIT_SET_ROSTER	0	suitArtUrl(aetheric-dirigible-rig, legendary, arms)	art/suits/aetheric-dirigible-rig/legendary/arms.png	dgrsart-cdn	EXPANDED
apps/shared/suitArtPrompts.ts::SUIT_SET_ROSTER	0	suitArtUrl(aetheric-dirigible-rig, legendary, gloves)	art/suits/aetheric-dirigible-rig/legendary/gloves.png	dgrsart-cdn	EXPANDED
apps/shared/suitArtPrompts.ts::SUIT_SET_ROSTER	0	suitArtUrl(aetheric-dirigible-rig, legendary, belt)	art/suits/aetheric-dirigible-rig/legendary/belt.png	dgrsart-cdn	EXPANDED
apps/shared/suitArtPrompts.ts::SUIT_SET_ROSTER	0	suitArtUrl(aetheric-dirigible-rig, legendary, legs)	art/suits/aetheric-dirigible-rig/legendary/legs.png	dgrsart-cdn	EXPANDED
apps/shared/suitArtPrompts.ts::SUIT_SET_ROSTER	0	suitArtUrl(aetheric-dirigible-rig, legendary, feet)	art/suits/aetheric-dirigible-rig/legendary/feet.png	dgrsart-cdn	EXPANDED
apps/shared/suitArtPrompts.ts::SUIT_SET_ROSTER	0	suitArtUrl(aetheric-dirigible-rig, legendary, weapon-primary)	art/suits/aetheric-dirigible-rig/legendary/weapon-primary.png	dgrsart-cdn	EXPANDED
apps/shared/suitArtPrompts.ts::SUIT_SET_ROSTER	0	suitArtUrl(aetheric-dirigible-rig, legendary, back)	art/suits/aetheric-dirigible-rig/legendary/back.png	dgrsart-cdn	EXPANDED
apps/shared/suitArtPrompts.ts::SUIT_SET_ROSTER	0	suitArtUrl(aetheric-dirigible-rig, mythic, head)	art/suits/aetheric-dirigible-rig/mythic/head.png	dgrsart-cdn	EXPANDED
apps/shared/suitArtPrompts.ts::SUIT_SET_ROSTER	0	suitArtUrl(aetheric-dirigible-rig, mythic, chest)	art/suits/aetheric-dirigible-rig/mythic/chest.png	dgrsart-cdn	EXPANDED
apps/shared/suitArtPrompts.ts::SUIT_SET_ROSTER	0	suitArtUrl(aetheric-dirigible-rig, mythic, shoulders)	art/suits/aetheric-dirigible-rig/mythic/shoulders.png	dgrsart-cdn	EXPANDED
apps/shared/suitArtPrompts.ts::SUIT_SET_ROSTER	0	suitArtUrl(aetheric-dirigible-rig, mythic, arms)	art/suits/aetheric-dirigible-rig/mythic/arms.png	dgrsart-cdn	EXPANDED
apps/shared/suitArtPrompts.ts::SUIT_SET_ROSTER	0	suitArtUrl(aetheric-dirigible-rig, mythic, gloves)	art/suits/aetheric-dirigible-rig/mythic/gloves.png	dgrsart-cdn	EXPANDED
apps/shared/suitArtPrompts.ts::SUIT_SET_ROSTER	0	suitArtUrl(aetheric-dirigible-rig, mythic, belt)	art/suits/aetheric-dirigible-rig/mythic/belt.png	dgrsart-cdn	EXPANDED
apps/shared/suitArtPrompts.ts::SUIT_SET_ROSTER	0	suitArtUrl(aetheric-dirigible-rig, mythic, legs)	art/suits/aetheric-dirigible-rig/mythic/legs.png	dgrsart-cdn	EXPANDED
apps/shared/suitArtPrompts.ts::SUIT_SET_ROSTER	0	suitArtUrl(aetheric-dirigible-rig, mythic, feet)	art/suits/aetheric-dirigible-rig/mythic/feet.png	dgrsart-cdn	EXPANDED
apps/shared/suitArtPrompts.ts::SUIT_SET_ROSTER	0	suitArtUrl(aetheric-dirigible-rig, mythic, weapon-primary)	art/suits/aetheric-dirigible-rig/mythic/weapon-primary.png	dgrsart-cdn	EXPANDED
apps/shared/suitArtPrompts.ts::SUIT_SET_ROSTER	0	suitArtUrl(aetheric-dirigible-rig, mythic, back)	art/suits/aetheric-dirigible-rig/mythic/back.png	dgrsart-cdn	EXPANDED
apps/shared/suitArtPrompts.ts::SUIT_SET_ROSTER	0	suitArtUrl(void-sextant-ensemble, common, head)	art/suits/void-sextant-ensemble/common/head.png	dgrsart-cdn	EXPANDED
apps/shared/suitArtPrompts.ts::SUIT_SET_ROSTER	0	suitArtUrl(void-sextant-ensemble, common, chest)	art/suits/void-sextant-ensemble/common/chest.png	dgrsart-cdn	EXPANDED
apps/shared/suitArtPrompts.ts::SUIT_SET_ROSTER	0	suitArtUrl(void-sextant-ensemble, common, shoulders)	art/suits/void-sextant-ensemble/common/shoulders.png	dgrsart-cdn	EXPANDED
apps/shared/suitArtPrompts.ts::SUIT_SET_ROSTER	0	suitArtUrl(void-sextant-ensemble, common, arms)	art/suits/void-sextant-ensemble/common/arms.png	dgrsart-cdn	EXPANDED
apps/shared/suitArtPrompts.ts::SUIT_SET_ROSTER	0	suitArtUrl(void-sextant-ensemble, common, gloves)	art/suits/void-sextant-ensemble/common/gloves.png	dgrsart-cdn	EXPANDED
apps/shared/suitArtPrompts.ts::SUIT_SET_ROSTER	0	suitArtUrl(void-sextant-ensemble, common, belt)	art/suits/void-sextant-ensemble/common/belt.png	dgrsart-cdn	EXPANDED
apps/shared/suitArtPrompts.ts::SUIT_SET_ROSTER	0	suitArtUrl(void-sextant-ensemble, common, legs)	art/suits/void-sextant-ensemble/common/legs.png	dgrsart-cdn	EXPANDED
apps/shared/suitArtPrompts.ts::SUIT_SET_ROSTER	0	suitArtUrl(void-sextant-ensemble, common, feet)	art/suits/void-sextant-ensemble/common/feet.png	dgrsart-cdn	EXPANDED
apps/shared/suitArtPrompts.ts::SUIT_SET_ROSTER	0	suitArtUrl(void-sextant-ensemble, common, weapon-primary)	art/suits/void-sextant-ensemble/common/weapon-primary.png	dgrsart-cdn	EXPANDED
apps/shared/suitArtPrompts.ts::SUIT_SET_ROSTER	0	suitArtUrl(void-sextant-ensemble, common, back)	art/suits/void-sextant-ensemble/common/back.png	dgrsart-cdn	EXPANDED
apps/shared/suitArtPrompts.ts::SUIT_SET_ROSTER	0	suitArtUrl(void-sextant-ensemble, uncommon, head)	art/suits/void-sextant-ensemble/uncommon/head.png	dgrsart-cdn	EXPANDED
apps/shared/suitArtPrompts.ts::SUIT_SET_ROSTER	0	suitArtUrl(void-sextant-ensemble, uncommon, chest)	art/suits/void-sextant-ensemble/uncommon/chest.png	dgrsart-cdn	EXPANDED
apps/shared/suitArtPrompts.ts::SUIT_SET_ROSTER	0	suitArtUrl(void-sextant-ensemble, uncommon, shoulders)	art/suits/void-sextant-ensemble/uncommon/shoulders.png	dgrsart-cdn	EXPANDED
apps/shared/suitArtPrompts.ts::SUIT_SET_ROSTER	0	suitArtUrl(void-sextant-ensemble, uncommon, arms)	art/suits/void-sextant-ensemble/uncommon/arms.png	dgrsart-cdn	EXPANDED
apps/shared/suitArtPrompts.ts::SUIT_SET_ROSTER	0	suitArtUrl(void-sextant-ensemble, uncommon, gloves)	art/suits/void-sextant-ensemble/uncommon/gloves.png	dgrsart-cdn	EXPANDED
apps/shared/suitArtPrompts.ts::SUIT_SET_ROSTER	0	suitArtUrl(void-sextant-ensemble, uncommon, belt)	art/suits/void-sextant-ensemble/uncommon/belt.png	dgrsart-cdn	EXPANDED
apps/shared/suitArtPrompts.ts::SUIT_SET_ROSTER	0	suitArtUrl(void-sextant-ensemble, uncommon, legs)	art/suits/void-sextant-ensemble/uncommon/legs.png	dgrsart-cdn	EXPANDED
apps/shared/suitArtPrompts.ts::SUIT_SET_ROSTER	0	suitArtUrl(void-sextant-ensemble, uncommon, feet)	art/suits/void-sextant-ensemble/uncommon/feet.png	dgrsart-cdn	EXPANDED
apps/shared/suitArtPrompts.ts::SUIT_SET_ROSTER	0	suitArtUrl(void-sextant-ensemble, uncommon, weapon-primary)	art/suits/void-sextant-ensemble/uncommon/weapon-primary.png	dgrsart-cdn	EXPANDED
apps/shared/suitArtPrompts.ts::SUIT_SET_ROSTER	0	suitArtUrl(void-sextant-ensemble, uncommon, back)	art/suits/void-sextant-ensemble/uncommon/back.png	dgrsart-cdn	EXPANDED
apps/shared/suitArtPrompts.ts::SUIT_SET_ROSTER	0	suitArtUrl(void-sextant-ensemble, rare, head)	art/suits/void-sextant-ensemble/rare/head.png	dgrsart-cdn	EXPANDED
apps/shared/suitArtPrompts.ts::SUIT_SET_ROSTER	0	suitArtUrl(void-sextant-ensemble, rare, chest)	art/suits/void-sextant-ensemble/rare/chest.png	dgrsart-cdn	EXPANDED
apps/shared/suitArtPrompts.ts::SUIT_SET_ROSTER	0	suitArtUrl(void-sextant-ensemble, rare, shoulders)	art/suits/void-sextant-ensemble/rare/shoulders.png	dgrsart-cdn	EXPANDED
apps/shared/suitArtPrompts.ts::SUIT_SET_ROSTER	0	suitArtUrl(void-sextant-ensemble, rare, arms)	art/suits/void-sextant-ensemble/rare/arms.png	dgrsart-cdn	EXPANDED
apps/shared/suitArtPrompts.ts::SUIT_SET_ROSTER	0	suitArtUrl(void-sextant-ensemble, rare, gloves)	art/suits/void-sextant-ensemble/rare/gloves.png	dgrsart-cdn	EXPANDED
apps/shared/suitArtPrompts.ts::SUIT_SET_ROSTER	0	suitArtUrl(void-sextant-ensemble, rare, belt)	art/suits/void-sextant-ensemble/rare/belt.png	dgrsart-cdn	EXPANDED
apps/shared/suitArtPrompts.ts::SUIT_SET_ROSTER	0	suitArtUrl(void-sextant-ensemble, rare, legs)	art/suits/void-sextant-ensemble/rare/legs.png	dgrsart-cdn	EXPANDED
apps/shared/suitArtPrompts.ts::SUIT_SET_ROSTER	0	suitArtUrl(void-sextant-ensemble, rare, feet)	art/suits/void-sextant-ensemble/rare/feet.png	dgrsart-cdn	EXPANDED
apps/shared/suitArtPrompts.ts::SUIT_SET_ROSTER	0	suitArtUrl(void-sextant-ensemble, rare, weapon-primary)	art/suits/void-sextant-ensemble/rare/weapon-primary.png	dgrsart-cdn	EXPANDED
apps/shared/suitArtPrompts.ts::SUIT_SET_ROSTER	0	suitArtUrl(void-sextant-ensemble, rare, back)	art/suits/void-sextant-ensemble/rare/back.png	dgrsart-cdn	EXPANDED
apps/shared/suitArtPrompts.ts::SUIT_SET_ROSTER	0	suitArtUrl(void-sextant-ensemble, epic, head)	art/suits/void-sextant-ensemble/epic/head.png	dgrsart-cdn	EXPANDED
apps/shared/suitArtPrompts.ts::SUIT_SET_ROSTER	0	suitArtUrl(void-sextant-ensemble, epic, chest)	art/suits/void-sextant-ensemble/epic/chest.png	dgrsart-cdn	EXPANDED
apps/shared/suitArtPrompts.ts::SUIT_SET_ROSTER	0	suitArtUrl(void-sextant-ensemble, epic, shoulders)	art/suits/void-sextant-ensemble/epic/shoulders.png	dgrsart-cdn	EXPANDED
apps/shared/suitArtPrompts.ts::SUIT_SET_ROSTER	0	suitArtUrl(void-sextant-ensemble, epic, arms)	art/suits/void-sextant-ensemble/epic/arms.png	dgrsart-cdn	EXPANDED
apps/shared/suitArtPrompts.ts::SUIT_SET_ROSTER	0	suitArtUrl(void-sextant-ensemble, epic, gloves)	art/suits/void-sextant-ensemble/epic/gloves.png	dgrsart-cdn	EXPANDED
apps/shared/suitArtPrompts.ts::SUIT_SET_ROSTER	0	suitArtUrl(void-sextant-ensemble, epic, belt)	art/suits/void-sextant-ensemble/epic/belt.png	dgrsart-cdn	EXPANDED
apps/shared/suitArtPrompts.ts::SUIT_SET_ROSTER	0	suitArtUrl(void-sextant-ensemble, epic, legs)	art/suits/void-sextant-ensemble/epic/legs.png	dgrsart-cdn	EXPANDED
apps/shared/suitArtPrompts.ts::SUIT_SET_ROSTER	0	suitArtUrl(void-sextant-ensemble, epic, feet)	art/suits/void-sextant-ensemble/epic/feet.png	dgrsart-cdn	EXPANDED
apps/shared/suitArtPrompts.ts::SUIT_SET_ROSTER	0	suitArtUrl(void-sextant-ensemble, epic, weapon-primary)	art/suits/void-sextant-ensemble/epic/weapon-primary.png	dgrsart-cdn	EXPANDED
apps/shared/suitArtPrompts.ts::SUIT_SET_ROSTER	0	suitArtUrl(void-sextant-ensemble, epic, back)	art/suits/void-sextant-ensemble/epic/back.png	dgrsart-cdn	EXPANDED
apps/shared/suitArtPrompts.ts::SUIT_SET_ROSTER	0	suitArtUrl(void-sextant-ensemble, legendary, head)	art/suits/void-sextant-ensemble/legendary/head.png	dgrsart-cdn	EXPANDED
apps/shared/suitArtPrompts.ts::SUIT_SET_ROSTER	0	suitArtUrl(void-sextant-ensemble, legendary, chest)	art/suits/void-sextant-ensemble/legendary/chest.png	dgrsart-cdn	EXPANDED
apps/shared/suitArtPrompts.ts::SUIT_SET_ROSTER	0	suitArtUrl(void-sextant-ensemble, legendary, shoulders)	art/suits/void-sextant-ensemble/legendary/shoulders.png	dgrsart-cdn	EXPANDED
apps/shared/suitArtPrompts.ts::SUIT_SET_ROSTER	0	suitArtUrl(void-sextant-ensemble, legendary, arms)	art/suits/void-sextant-ensemble/legendary/arms.png	dgrsart-cdn	EXPANDED
apps/shared/suitArtPrompts.ts::SUIT_SET_ROSTER	0	suitArtUrl(void-sextant-ensemble, legendary, gloves)	art/suits/void-sextant-ensemble/legendary/gloves.png	dgrsart-cdn	EXPANDED
apps/shared/suitArtPrompts.ts::SUIT_SET_ROSTER	0	suitArtUrl(void-sextant-ensemble, legendary, belt)	art/suits/void-sextant-ensemble/legendary/belt.png	dgrsart-cdn	EXPANDED
apps/shared/suitArtPrompts.ts::SUIT_SET_ROSTER	0	suitArtUrl(void-sextant-ensemble, legendary, legs)	art/suits/void-sextant-ensemble/legendary/legs.png	dgrsart-cdn	EXPANDED
apps/shared/suitArtPrompts.ts::SUIT_SET_ROSTER	0	suitArtUrl(void-sextant-ensemble, legendary, feet)	art/suits/void-sextant-ensemble/legendary/feet.png	dgrsart-cdn	EXPANDED
apps/shared/suitArtPrompts.ts::SUIT_SET_ROSTER	0	suitArtUrl(void-sextant-ensemble, legendary, weapon-primary)	art/suits/void-sextant-ensemble/legendary/weapon-primary.png	dgrsart-cdn	EXPANDED
apps/shared/suitArtPrompts.ts::SUIT_SET_ROSTER	0	suitArtUrl(void-sextant-ensemble, legendary, back)	art/suits/void-sextant-ensemble/legendary/back.png	dgrsart-cdn	EXPANDED
apps/shared/suitArtPrompts.ts::SUIT_SET_ROSTER	0	suitArtUrl(void-sextant-ensemble, mythic, head)	art/suits/void-sextant-ensemble/mythic/head.png	dgrsart-cdn	EXPANDED
apps/shared/suitArtPrompts.ts::SUIT_SET_ROSTER	0	suitArtUrl(void-sextant-ensemble, mythic, chest)	art/suits/void-sextant-ensemble/mythic/chest.png	dgrsart-cdn	EXPANDED
apps/shared/suitArtPrompts.ts::SUIT_SET_ROSTER	0	suitArtUrl(void-sextant-ensemble, mythic, shoulders)	art/suits/void-sextant-ensemble/mythic/shoulders.png	dgrsart-cdn	EXPANDED
apps/shared/suitArtPrompts.ts::SUIT_SET_ROSTER	0	suitArtUrl(void-sextant-ensemble, mythic, arms)	art/suits/void-sextant-ensemble/mythic/arms.png	dgrsart-cdn	EXPANDED
apps/shared/suitArtPrompts.ts::SUIT_SET_ROSTER	0	suitArtUrl(void-sextant-ensemble, mythic, gloves)	art/suits/void-sextant-ensemble/mythic/gloves.png	dgrsart-cdn	EXPANDED
apps/shared/suitArtPrompts.ts::SUIT_SET_ROSTER	0	suitArtUrl(void-sextant-ensemble, mythic, belt)	art/suits/void-sextant-ensemble/mythic/belt.png	dgrsart-cdn	EXPANDED
apps/shared/suitArtPrompts.ts::SUIT_SET_ROSTER	0	suitArtUrl(void-sextant-ensemble, mythic, legs)	art/suits/void-sextant-ensemble/mythic/legs.png	dgrsart-cdn	EXPANDED
apps/shared/suitArtPrompts.ts::SUIT_SET_ROSTER	0	suitArtUrl(void-sextant-ensemble, mythic, feet)	art/suits/void-sextant-ensemble/mythic/feet.png	dgrsart-cdn	EXPANDED
apps/shared/suitArtPrompts.ts::SUIT_SET_ROSTER	0	suitArtUrl(void-sextant-ensemble, mythic, weapon-primary)	art/suits/void-sextant-ensemble/mythic/weapon-primary.png	dgrsart-cdn	EXPANDED
apps/shared/suitArtPrompts.ts::SUIT_SET_ROSTER	0	suitArtUrl(void-sextant-ensemble, mythic, back)	art/suits/void-sextant-ensemble/mythic/back.png	dgrsart-cdn	EXPANDED
apps/shared/suitArtPrompts.ts::SUIT_SET_ROSTER	0	suitArtUrl(chronometer-livery, common, head)	art/suits/chronometer-livery/common/head.png	dgrsart-cdn	EXPANDED
apps/shared/suitArtPrompts.ts::SUIT_SET_ROSTER	0	suitArtUrl(chronometer-livery, common, chest)	art/suits/chronometer-livery/common/chest.png	dgrsart-cdn	EXPANDED
apps/shared/suitArtPrompts.ts::SUIT_SET_ROSTER	0	suitArtUrl(chronometer-livery, common, shoulders)	art/suits/chronometer-livery/common/shoulders.png	dgrsart-cdn	EXPANDED
apps/shared/suitArtPrompts.ts::SUIT_SET_ROSTER	0	suitArtUrl(chronometer-livery, common, arms)	art/suits/chronometer-livery/common/arms.png	dgrsart-cdn	EXPANDED
apps/shared/suitArtPrompts.ts::SUIT_SET_ROSTER	0	suitArtUrl(chronometer-livery, common, gloves)	art/suits/chronometer-livery/common/gloves.png	dgrsart-cdn	EXPANDED
apps/shared/suitArtPrompts.ts::SUIT_SET_ROSTER	0	suitArtUrl(chronometer-livery, common, belt)	art/suits/chronometer-livery/common/belt.png	dgrsart-cdn	EXPANDED
apps/shared/suitArtPrompts.ts::SUIT_SET_ROSTER	0	suitArtUrl(chronometer-livery, common, legs)	art/suits/chronometer-livery/common/legs.png	dgrsart-cdn	EXPANDED
apps/shared/suitArtPrompts.ts::SUIT_SET_ROSTER	0	suitArtUrl(chronometer-livery, common, feet)	art/suits/chronometer-livery/common/feet.png	dgrsart-cdn	EXPANDED
apps/shared/suitArtPrompts.ts::SUIT_SET_ROSTER	0	suitArtUrl(chronometer-livery, common, weapon-primary)	art/suits/chronometer-livery/common/weapon-primary.png	dgrsart-cdn	EXPANDED
apps/shared/suitArtPrompts.ts::SUIT_SET_ROSTER	0	suitArtUrl(chronometer-livery, common, back)	art/suits/chronometer-livery/common/back.png	dgrsart-cdn	EXPANDED
apps/shared/suitArtPrompts.ts::SUIT_SET_ROSTER	0	suitArtUrl(chronometer-livery, uncommon, head)	art/suits/chronometer-livery/uncommon/head.png	dgrsart-cdn	EXPANDED
apps/shared/suitArtPrompts.ts::SUIT_SET_ROSTER	0	suitArtUrl(chronometer-livery, uncommon, chest)	art/suits/chronometer-livery/uncommon/chest.png	dgrsart-cdn	EXPANDED
apps/shared/suitArtPrompts.ts::SUIT_SET_ROSTER	0	suitArtUrl(chronometer-livery, uncommon, shoulders)	art/suits/chronometer-livery/uncommon/shoulders.png	dgrsart-cdn	EXPANDED
apps/shared/suitArtPrompts.ts::SUIT_SET_ROSTER	0	suitArtUrl(chronometer-livery, uncommon, arms)	art/suits/chronometer-livery/uncommon/arms.png	dgrsart-cdn	EXPANDED
apps/shared/suitArtPrompts.ts::SUIT_SET_ROSTER	0	suitArtUrl(chronometer-livery, uncommon, gloves)	art/suits/chronometer-livery/uncommon/gloves.png	dgrsart-cdn	EXPANDED
apps/shared/suitArtPrompts.ts::SUIT_SET_ROSTER	0	suitArtUrl(chronometer-livery, uncommon, belt)	art/suits/chronometer-livery/uncommon/belt.png	dgrsart-cdn	EXPANDED
apps/shared/suitArtPrompts.ts::SUIT_SET_ROSTER	0	suitArtUrl(chronometer-livery, uncommon, legs)	art/suits/chronometer-livery/uncommon/legs.png	dgrsart-cdn	EXPANDED
apps/shared/suitArtPrompts.ts::SUIT_SET_ROSTER	0	suitArtUrl(chronometer-livery, uncommon, feet)	art/suits/chronometer-livery/uncommon/feet.png	dgrsart-cdn	EXPANDED
apps/shared/suitArtPrompts.ts::SUIT_SET_ROSTER	0	suitArtUrl(chronometer-livery, uncommon, weapon-primary)	art/suits/chronometer-livery/uncommon/weapon-primary.png	dgrsart-cdn	EXPANDED
apps/shared/suitArtPrompts.ts::SUIT_SET_ROSTER	0	suitArtUrl(chronometer-livery, uncommon, back)	art/suits/chronometer-livery/uncommon/back.png	dgrsart-cdn	EXPANDED
apps/shared/suitArtPrompts.ts::SUIT_SET_ROSTER	0	suitArtUrl(chronometer-livery, rare, head)	art/suits/chronometer-livery/rare/head.png	dgrsart-cdn	EXPANDED
apps/shared/suitArtPrompts.ts::SUIT_SET_ROSTER	0	suitArtUrl(chronometer-livery, rare, chest)	art/suits/chronometer-livery/rare/chest.png	dgrsart-cdn	EXPANDED
apps/shared/suitArtPrompts.ts::SUIT_SET_ROSTER	0	suitArtUrl(chronometer-livery, rare, shoulders)	art/suits/chronometer-livery/rare/shoulders.png	dgrsart-cdn	EXPANDED
apps/shared/suitArtPrompts.ts::SUIT_SET_ROSTER	0	suitArtUrl(chronometer-livery, rare, arms)	art/suits/chronometer-livery/rare/arms.png	dgrsart-cdn	EXPANDED
apps/shared/suitArtPrompts.ts::SUIT_SET_ROSTER	0	suitArtUrl(chronometer-livery, rare, gloves)	art/suits/chronometer-livery/rare/gloves.png	dgrsart-cdn	EXPANDED
apps/shared/suitArtPrompts.ts::SUIT_SET_ROSTER	0	suitArtUrl(chronometer-livery, rare, belt)	art/suits/chronometer-livery/rare/belt.png	dgrsart-cdn	EXPANDED
apps/shared/suitArtPrompts.ts::SUIT_SET_ROSTER	0	suitArtUrl(chronometer-livery, rare, legs)	art/suits/chronometer-livery/rare/legs.png	dgrsart-cdn	EXPANDED
apps/shared/suitArtPrompts.ts::SUIT_SET_ROSTER	0	suitArtUrl(chronometer-livery, rare, feet)	art/suits/chronometer-livery/rare/feet.png	dgrsart-cdn	EXPANDED
apps/shared/suitArtPrompts.ts::SUIT_SET_ROSTER	0	suitArtUrl(chronometer-livery, rare, weapon-primary)	art/suits/chronometer-livery/rare/weapon-primary.png	dgrsart-cdn	EXPANDED
apps/shared/suitArtPrompts.ts::SUIT_SET_ROSTER	0	suitArtUrl(chronometer-livery, rare, back)	art/suits/chronometer-livery/rare/back.png	dgrsart-cdn	EXPANDED
apps/shared/suitArtPrompts.ts::SUIT_SET_ROSTER	0	suitArtUrl(chronometer-livery, epic, head)	art/suits/chronometer-livery/epic/head.png	dgrsart-cdn	EXPANDED
apps/shared/suitArtPrompts.ts::SUIT_SET_ROSTER	0	suitArtUrl(chronometer-livery, epic, chest)	art/suits/chronometer-livery/epic/chest.png	dgrsart-cdn	EXPANDED
apps/shared/suitArtPrompts.ts::SUIT_SET_ROSTER	0	suitArtUrl(chronometer-livery, epic, shoulders)	art/suits/chronometer-livery/epic/shoulders.png	dgrsart-cdn	EXPANDED
apps/shared/suitArtPrompts.ts::SUIT_SET_ROSTER	0	suitArtUrl(chronometer-livery, epic, arms)	art/suits/chronometer-livery/epic/arms.png	dgrsart-cdn	EXPANDED
apps/shared/suitArtPrompts.ts::SUIT_SET_ROSTER	0	suitArtUrl(chronometer-livery, epic, gloves)	art/suits/chronometer-livery/epic/gloves.png	dgrsart-cdn	EXPANDED
apps/shared/suitArtPrompts.ts::SUIT_SET_ROSTER	0	suitArtUrl(chronometer-livery, epic, belt)	art/suits/chronometer-livery/epic/belt.png	dgrsart-cdn	EXPANDED
apps/shared/suitArtPrompts.ts::SUIT_SET_ROSTER	0	suitArtUrl(chronometer-livery, epic, legs)	art/suits/chronometer-livery/epic/legs.png	dgrsart-cdn	EXPANDED
apps/shared/suitArtPrompts.ts::SUIT_SET_ROSTER	0	suitArtUrl(chronometer-livery, epic, feet)	art/suits/chronometer-livery/epic/feet.png	dgrsart-cdn	EXPANDED
apps/shared/suitArtPrompts.ts::SUIT_SET_ROSTER	0	suitArtUrl(chronometer-livery, epic, weapon-primary)	art/suits/chronometer-livery/epic/weapon-primary.png	dgrsart-cdn	EXPANDED
apps/shared/suitArtPrompts.ts::SUIT_SET_ROSTER	0	suitArtUrl(chronometer-livery, epic, back)	art/suits/chronometer-livery/epic/back.png	dgrsart-cdn	EXPANDED
apps/shared/suitArtPrompts.ts::SUIT_SET_ROSTER	0	suitArtUrl(chronometer-livery, legendary, head)	art/suits/chronometer-livery/legendary/head.png	dgrsart-cdn	EXPANDED
apps/shared/suitArtPrompts.ts::SUIT_SET_ROSTER	0	suitArtUrl(chronometer-livery, legendary, chest)	art/suits/chronometer-livery/legendary/chest.png	dgrsart-cdn	EXPANDED
apps/shared/suitArtPrompts.ts::SUIT_SET_ROSTER	0	suitArtUrl(chronometer-livery, legendary, shoulders)	art/suits/chronometer-livery/legendary/shoulders.png	dgrsart-cdn	EXPANDED
apps/shared/suitArtPrompts.ts::SUIT_SET_ROSTER	0	suitArtUrl(chronometer-livery, legendary, arms)	art/suits/chronometer-livery/legendary/arms.png	dgrsart-cdn	EXPANDED
apps/shared/suitArtPrompts.ts::SUIT_SET_ROSTER	0	suitArtUrl(chronometer-livery, legendary, gloves)	art/suits/chronometer-livery/legendary/gloves.png	dgrsart-cdn	EXPANDED
apps/shared/suitArtPrompts.ts::SUIT_SET_ROSTER	0	suitArtUrl(chronometer-livery, legendary, belt)	art/suits/chronometer-livery/legendary/belt.png	dgrsart-cdn	EXPANDED
apps/shared/suitArtPrompts.ts::SUIT_SET_ROSTER	0	suitArtUrl(chronometer-livery, legendary, legs)	art/suits/chronometer-livery/legendary/legs.png	dgrsart-cdn	EXPANDED
apps/shared/suitArtPrompts.ts::SUIT_SET_ROSTER	0	suitArtUrl(chronometer-livery, legendary, feet)	art/suits/chronometer-livery/legendary/feet.png	dgrsart-cdn	EXPANDED
apps/shared/suitArtPrompts.ts::SUIT_SET_ROSTER	0	suitArtUrl(chronometer-livery, legendary, weapon-primary)	art/suits/chronometer-livery/legendary/weapon-primary.png	dgrsart-cdn	EXPANDED
apps/shared/suitArtPrompts.ts::SUIT_SET_ROSTER	0	suitArtUrl(chronometer-livery, legendary, back)	art/suits/chronometer-livery/legendary/back.png	dgrsart-cdn	EXPANDED
apps/shared/suitArtPrompts.ts::SUIT_SET_ROSTER	0	suitArtUrl(chronometer-livery, mythic, head)	art/suits/chronometer-livery/mythic/head.png	dgrsart-cdn	EXPANDED
apps/shared/suitArtPrompts.ts::SUIT_SET_ROSTER	0	suitArtUrl(chronometer-livery, mythic, chest)	art/suits/chronometer-livery/mythic/chest.png	dgrsart-cdn	EXPANDED
apps/shared/suitArtPrompts.ts::SUIT_SET_ROSTER	0	suitArtUrl(chronometer-livery, mythic, shoulders)	art/suits/chronometer-livery/mythic/shoulders.png	dgrsart-cdn	EXPANDED
apps/shared/suitArtPrompts.ts::SUIT_SET_ROSTER	0	suitArtUrl(chronometer-livery, mythic, arms)	art/suits/chronometer-livery/mythic/arms.png	dgrsart-cdn	EXPANDED
apps/shared/suitArtPrompts.ts::SUIT_SET_ROSTER	0	suitArtUrl(chronometer-livery, mythic, gloves)	art/suits/chronometer-livery/mythic/gloves.png	dgrsart-cdn	EXPANDED
apps/shared/suitArtPrompts.ts::SUIT_SET_ROSTER	0	suitArtUrl(chronometer-livery, mythic, belt)	art/suits/chronometer-livery/mythic/belt.png	dgrsart-cdn	EXPANDED
apps/shared/suitArtPrompts.ts::SUIT_SET_ROSTER	0	suitArtUrl(chronometer-livery, mythic, legs)	art/suits/chronometer-livery/mythic/legs.png	dgrsart-cdn	EXPANDED
apps/shared/suitArtPrompts.ts::SUIT_SET_ROSTER	0	suitArtUrl(chronometer-livery, mythic, feet)	art/suits/chronometer-livery/mythic/feet.png	dgrsart-cdn	EXPANDED
apps/shared/suitArtPrompts.ts::SUIT_SET_ROSTER	0	suitArtUrl(chronometer-livery, mythic, weapon-primary)	art/suits/chronometer-livery/mythic/weapon-primary.png	dgrsart-cdn	EXPANDED
apps/shared/suitArtPrompts.ts::SUIT_SET_ROSTER	0	suitArtUrl(chronometer-livery, mythic, back)	art/suits/chronometer-livery/mythic/back.png	dgrsart-cdn	EXPANDED
apps/shared/suitArtPrompts.ts::SUIT_SET_ROSTER	0	suitArtUrl(dicewrights-motley, common, head)	art/suits/dicewrights-motley/common/head.png	dgrsart-cdn	EXPANDED
apps/shared/suitArtPrompts.ts::SUIT_SET_ROSTER	0	suitArtUrl(dicewrights-motley, common, chest)	art/suits/dicewrights-motley/common/chest.png	dgrsart-cdn	EXPANDED
apps/shared/suitArtPrompts.ts::SUIT_SET_ROSTER	0	suitArtUrl(dicewrights-motley, common, shoulders)	art/suits/dicewrights-motley/common/shoulders.png	dgrsart-cdn	EXPANDED
apps/shared/suitArtPrompts.ts::SUIT_SET_ROSTER	0	suitArtUrl(dicewrights-motley, common, arms)	art/suits/dicewrights-motley/common/arms.png	dgrsart-cdn	EXPANDED
apps/shared/suitArtPrompts.ts::SUIT_SET_ROSTER	0	suitArtUrl(dicewrights-motley, common, gloves)	art/suits/dicewrights-motley/common/gloves.png	dgrsart-cdn	EXPANDED
apps/shared/suitArtPrompts.ts::SUIT_SET_ROSTER	0	suitArtUrl(dicewrights-motley, common, belt)	art/suits/dicewrights-motley/common/belt.png	dgrsart-cdn	EXPANDED
apps/shared/suitArtPrompts.ts::SUIT_SET_ROSTER	0	suitArtUrl(dicewrights-motley, common, legs)	art/suits/dicewrights-motley/common/legs.png	dgrsart-cdn	EXPANDED
apps/shared/suitArtPrompts.ts::SUIT_SET_ROSTER	0	suitArtUrl(dicewrights-motley, common, feet)	art/suits/dicewrights-motley/common/feet.png	dgrsart-cdn	EXPANDED
apps/shared/suitArtPrompts.ts::SUIT_SET_ROSTER	0	suitArtUrl(dicewrights-motley, common, weapon-primary)	art/suits/dicewrights-motley/common/weapon-primary.png	dgrsart-cdn	EXPANDED
apps/shared/suitArtPrompts.ts::SUIT_SET_ROSTER	0	suitArtUrl(dicewrights-motley, common, back)	art/suits/dicewrights-motley/common/back.png	dgrsart-cdn	EXPANDED
apps/shared/suitArtPrompts.ts::SUIT_SET_ROSTER	0	suitArtUrl(dicewrights-motley, uncommon, head)	art/suits/dicewrights-motley/uncommon/head.png	dgrsart-cdn	EXPANDED
apps/shared/suitArtPrompts.ts::SUIT_SET_ROSTER	0	suitArtUrl(dicewrights-motley, uncommon, chest)	art/suits/dicewrights-motley/uncommon/chest.png	dgrsart-cdn	EXPANDED
apps/shared/suitArtPrompts.ts::SUIT_SET_ROSTER	0	suitArtUrl(dicewrights-motley, uncommon, shoulders)	art/suits/dicewrights-motley/uncommon/shoulders.png	dgrsart-cdn	EXPANDED
apps/shared/suitArtPrompts.ts::SUIT_SET_ROSTER	0	suitArtUrl(dicewrights-motley, uncommon, arms)	art/suits/dicewrights-motley/uncommon/arms.png	dgrsart-cdn	EXPANDED
apps/shared/suitArtPrompts.ts::SUIT_SET_ROSTER	0	suitArtUrl(dicewrights-motley, uncommon, gloves)	art/suits/dicewrights-motley/uncommon/gloves.png	dgrsart-cdn	EXPANDED
apps/shared/suitArtPrompts.ts::SUIT_SET_ROSTER	0	suitArtUrl(dicewrights-motley, uncommon, belt)	art/suits/dicewrights-motley/uncommon/belt.png	dgrsart-cdn	EXPANDED
apps/shared/suitArtPrompts.ts::SUIT_SET_ROSTER	0	suitArtUrl(dicewrights-motley, uncommon, legs)	art/suits/dicewrights-motley/uncommon/legs.png	dgrsart-cdn	EXPANDED
apps/shared/suitArtPrompts.ts::SUIT_SET_ROSTER	0	suitArtUrl(dicewrights-motley, uncommon, feet)	art/suits/dicewrights-motley/uncommon/feet.png	dgrsart-cdn	EXPANDED
apps/shared/suitArtPrompts.ts::SUIT_SET_ROSTER	0	suitArtUrl(dicewrights-motley, uncommon, weapon-primary)	art/suits/dicewrights-motley/uncommon/weapon-primary.png	dgrsart-cdn	EXPANDED
apps/shared/suitArtPrompts.ts::SUIT_SET_ROSTER	0	suitArtUrl(dicewrights-motley, uncommon, back)	art/suits/dicewrights-motley/uncommon/back.png	dgrsart-cdn	EXPANDED
apps/shared/suitArtPrompts.ts::SUIT_SET_ROSTER	0	suitArtUrl(dicewrights-motley, rare, head)	art/suits/dicewrights-motley/rare/head.png	dgrsart-cdn	EXPANDED
apps/shared/suitArtPrompts.ts::SUIT_SET_ROSTER	0	suitArtUrl(dicewrights-motley, rare, chest)	art/suits/dicewrights-motley/rare/chest.png	dgrsart-cdn	EXPANDED
apps/shared/suitArtPrompts.ts::SUIT_SET_ROSTER	0	suitArtUrl(dicewrights-motley, rare, shoulders)	art/suits/dicewrights-motley/rare/shoulders.png	dgrsart-cdn	EXPANDED
apps/shared/suitArtPrompts.ts::SUIT_SET_ROSTER	0	suitArtUrl(dicewrights-motley, rare, arms)	art/suits/dicewrights-motley/rare/arms.png	dgrsart-cdn	EXPANDED
apps/shared/suitArtPrompts.ts::SUIT_SET_ROSTER	0	suitArtUrl(dicewrights-motley, rare, gloves)	art/suits/dicewrights-motley/rare/gloves.png	dgrsart-cdn	EXPANDED
apps/shared/suitArtPrompts.ts::SUIT_SET_ROSTER	0	suitArtUrl(dicewrights-motley, rare, belt)	art/suits/dicewrights-motley/rare/belt.png	dgrsart-cdn	EXPANDED
apps/shared/suitArtPrompts.ts::SUIT_SET_ROSTER	0	suitArtUrl(dicewrights-motley, rare, legs)	art/suits/dicewrights-motley/rare/legs.png	dgrsart-cdn	EXPANDED
apps/shared/suitArtPrompts.ts::SUIT_SET_ROSTER	0	suitArtUrl(dicewrights-motley, rare, feet)	art/suits/dicewrights-motley/rare/feet.png	dgrsart-cdn	EXPANDED
apps/shared/suitArtPrompts.ts::SUIT_SET_ROSTER	0	suitArtUrl(dicewrights-motley, rare, weapon-primary)	art/suits/dicewrights-motley/rare/weapon-primary.png	dgrsart-cdn	EXPANDED
apps/shared/suitArtPrompts.ts::SUIT_SET_ROSTER	0	suitArtUrl(dicewrights-motley, rare, back)	art/suits/dicewrights-motley/rare/back.png	dgrsart-cdn	EXPANDED
apps/shared/suitArtPrompts.ts::SUIT_SET_ROSTER	0	suitArtUrl(dicewrights-motley, epic, head)	art/suits/dicewrights-motley/epic/head.png	dgrsart-cdn	EXPANDED
apps/shared/suitArtPrompts.ts::SUIT_SET_ROSTER	0	suitArtUrl(dicewrights-motley, epic, chest)	art/suits/dicewrights-motley/epic/chest.png	dgrsart-cdn	EXPANDED
apps/shared/suitArtPrompts.ts::SUIT_SET_ROSTER	0	suitArtUrl(dicewrights-motley, epic, shoulders)	art/suits/dicewrights-motley/epic/shoulders.png	dgrsart-cdn	EXPANDED
apps/shared/suitArtPrompts.ts::SUIT_SET_ROSTER	0	suitArtUrl(dicewrights-motley, epic, arms)	art/suits/dicewrights-motley/epic/arms.png	dgrsart-cdn	EXPANDED
apps/shared/suitArtPrompts.ts::SUIT_SET_ROSTER	0	suitArtUrl(dicewrights-motley, epic, gloves)	art/suits/dicewrights-motley/epic/gloves.png	dgrsart-cdn	EXPANDED
apps/shared/suitArtPrompts.ts::SUIT_SET_ROSTER	0	suitArtUrl(dicewrights-motley, epic, belt)	art/suits/dicewrights-motley/epic/belt.png	dgrsart-cdn	EXPANDED
apps/shared/suitArtPrompts.ts::SUIT_SET_ROSTER	0	suitArtUrl(dicewrights-motley, epic, legs)	art/suits/dicewrights-motley/epic/legs.png	dgrsart-cdn	EXPANDED
apps/shared/suitArtPrompts.ts::SUIT_SET_ROSTER	0	suitArtUrl(dicewrights-motley, epic, feet)	art/suits/dicewrights-motley/epic/feet.png	dgrsart-cdn	EXPANDED
apps/shared/suitArtPrompts.ts::SUIT_SET_ROSTER	0	suitArtUrl(dicewrights-motley, epic, weapon-primary)	art/suits/dicewrights-motley/epic/weapon-primary.png	dgrsart-cdn	EXPANDED
apps/shared/suitArtPrompts.ts::SUIT_SET_ROSTER	0	suitArtUrl(dicewrights-motley, epic, back)	art/suits/dicewrights-motley/epic/back.png	dgrsart-cdn	EXPANDED
apps/shared/suitArtPrompts.ts::SUIT_SET_ROSTER	0	suitArtUrl(dicewrights-motley, legendary, head)	art/suits/dicewrights-motley/legendary/head.png	dgrsart-cdn	EXPANDED
apps/shared/suitArtPrompts.ts::SUIT_SET_ROSTER	0	suitArtUrl(dicewrights-motley, legendary, chest)	art/suits/dicewrights-motley/legendary/chest.png	dgrsart-cdn	EXPANDED
apps/shared/suitArtPrompts.ts::SUIT_SET_ROSTER	0	suitArtUrl(dicewrights-motley, legendary, shoulders)	art/suits/dicewrights-motley/legendary/shoulders.png	dgrsart-cdn	EXPANDED
apps/shared/suitArtPrompts.ts::SUIT_SET_ROSTER	0	suitArtUrl(dicewrights-motley, legendary, arms)	art/suits/dicewrights-motley/legendary/arms.png	dgrsart-cdn	EXPANDED
apps/shared/suitArtPrompts.ts::SUIT_SET_ROSTER	0	suitArtUrl(dicewrights-motley, legendary, gloves)	art/suits/dicewrights-motley/legendary/gloves.png	dgrsart-cdn	EXPANDED
apps/shared/suitArtPrompts.ts::SUIT_SET_ROSTER	0	suitArtUrl(dicewrights-motley, legendary, belt)	art/suits/dicewrights-motley/legendary/belt.png	dgrsart-cdn	EXPANDED
apps/shared/suitArtPrompts.ts::SUIT_SET_ROSTER	0	suitArtUrl(dicewrights-motley, legendary, legs)	art/suits/dicewrights-motley/legendary/legs.png	dgrsart-cdn	EXPANDED
apps/shared/suitArtPrompts.ts::SUIT_SET_ROSTER	0	suitArtUrl(dicewrights-motley, legendary, feet)	art/suits/dicewrights-motley/legendary/feet.png	dgrsart-cdn	EXPANDED
apps/shared/suitArtPrompts.ts::SUIT_SET_ROSTER	0	suitArtUrl(dicewrights-motley, legendary, weapon-primary)	art/suits/dicewrights-motley/legendary/weapon-primary.png	dgrsart-cdn	EXPANDED
apps/shared/suitArtPrompts.ts::SUIT_SET_ROSTER	0	suitArtUrl(dicewrights-motley, legendary, back)	art/suits/dicewrights-motley/legendary/back.png	dgrsart-cdn	EXPANDED
apps/shared/suitArtPrompts.ts::SUIT_SET_ROSTER	0	suitArtUrl(dicewrights-motley, mythic, head)	art/suits/dicewrights-motley/mythic/head.png	dgrsart-cdn	EXPANDED
apps/shared/suitArtPrompts.ts::SUIT_SET_ROSTER	0	suitArtUrl(dicewrights-motley, mythic, chest)	art/suits/dicewrights-motley/mythic/chest.png	dgrsart-cdn	EXPANDED
apps/shared/suitArtPrompts.ts::SUIT_SET_ROSTER	0	suitArtUrl(dicewrights-motley, mythic, shoulders)	art/suits/dicewrights-motley/mythic/shoulders.png	dgrsart-cdn	EXPANDED
apps/shared/suitArtPrompts.ts::SUIT_SET_ROSTER	0	suitArtUrl(dicewrights-motley, mythic, arms)	art/suits/dicewrights-motley/mythic/arms.png	dgrsart-cdn	EXPANDED
apps/shared/suitArtPrompts.ts::SUIT_SET_ROSTER	0	suitArtUrl(dicewrights-motley, mythic, gloves)	art/suits/dicewrights-motley/mythic/gloves.png	dgrsart-cdn	EXPANDED
apps/shared/suitArtPrompts.ts::SUIT_SET_ROSTER	0	suitArtUrl(dicewrights-motley, mythic, belt)	art/suits/dicewrights-motley/mythic/belt.png	dgrsart-cdn	EXPANDED
apps/shared/suitArtPrompts.ts::SUIT_SET_ROSTER	0	suitArtUrl(dicewrights-motley, mythic, legs)	art/suits/dicewrights-motley/mythic/legs.png	dgrsart-cdn	EXPANDED
apps/shared/suitArtPrompts.ts::SUIT_SET_ROSTER	0	suitArtUrl(dicewrights-motley, mythic, feet)	art/suits/dicewrights-motley/mythic/feet.png	dgrsart-cdn	EXPANDED
apps/shared/suitArtPrompts.ts::SUIT_SET_ROSTER	0	suitArtUrl(dicewrights-motley, mythic, weapon-primary)	art/suits/dicewrights-motley/mythic/weapon-primary.png	dgrsart-cdn	EXPANDED
apps/shared/suitArtPrompts.ts::SUIT_SET_ROSTER	0	suitArtUrl(dicewrights-motley, mythic, back)	art/suits/dicewrights-motley/mythic/back.png	dgrsart-cdn	EXPANDED
apps/shared/suitArtPrompts.ts::SUIT_SET_ROSTER	0	suitArtUrl(null-weaver-mantle, common, head)	art/suits/null-weaver-mantle/common/head.png	dgrsart-cdn	EXPANDED
apps/shared/suitArtPrompts.ts::SUIT_SET_ROSTER	0	suitArtUrl(null-weaver-mantle, common, chest)	art/suits/null-weaver-mantle/common/chest.png	dgrsart-cdn	EXPANDED
apps/shared/suitArtPrompts.ts::SUIT_SET_ROSTER	0	suitArtUrl(null-weaver-mantle, common, shoulders)	art/suits/null-weaver-mantle/common/shoulders.png	dgrsart-cdn	EXPANDED
apps/shared/suitArtPrompts.ts::SUIT_SET_ROSTER	0	suitArtUrl(null-weaver-mantle, common, arms)	art/suits/null-weaver-mantle/common/arms.png	dgrsart-cdn	EXPANDED
apps/shared/suitArtPrompts.ts::SUIT_SET_ROSTER	0	suitArtUrl(null-weaver-mantle, common, gloves)	art/suits/null-weaver-mantle/common/gloves.png	dgrsart-cdn	EXPANDED
apps/shared/suitArtPrompts.ts::SUIT_SET_ROSTER	0	suitArtUrl(null-weaver-mantle, common, belt)	art/suits/null-weaver-mantle/common/belt.png	dgrsart-cdn	EXPANDED
apps/shared/suitArtPrompts.ts::SUIT_SET_ROSTER	0	suitArtUrl(null-weaver-mantle, common, legs)	art/suits/null-weaver-mantle/common/legs.png	dgrsart-cdn	EXPANDED
apps/shared/suitArtPrompts.ts::SUIT_SET_ROSTER	0	suitArtUrl(null-weaver-mantle, common, feet)	art/suits/null-weaver-mantle/common/feet.png	dgrsart-cdn	EXPANDED
apps/shared/suitArtPrompts.ts::SUIT_SET_ROSTER	0	suitArtUrl(null-weaver-mantle, common, weapon-primary)	art/suits/null-weaver-mantle/common/weapon-primary.png	dgrsart-cdn	EXPANDED
apps/shared/suitArtPrompts.ts::SUIT_SET_ROSTER	0	suitArtUrl(null-weaver-mantle, common, back)	art/suits/null-weaver-mantle/common/back.png	dgrsart-cdn	EXPANDED
apps/shared/suitArtPrompts.ts::SUIT_SET_ROSTER	0	suitArtUrl(null-weaver-mantle, uncommon, head)	art/suits/null-weaver-mantle/uncommon/head.png	dgrsart-cdn	EXPANDED
apps/shared/suitArtPrompts.ts::SUIT_SET_ROSTER	0	suitArtUrl(null-weaver-mantle, uncommon, chest)	art/suits/null-weaver-mantle/uncommon/chest.png	dgrsart-cdn	EXPANDED
apps/shared/suitArtPrompts.ts::SUIT_SET_ROSTER	0	suitArtUrl(null-weaver-mantle, uncommon, shoulders)	art/suits/null-weaver-mantle/uncommon/shoulders.png	dgrsart-cdn	EXPANDED
apps/shared/suitArtPrompts.ts::SUIT_SET_ROSTER	0	suitArtUrl(null-weaver-mantle, uncommon, arms)	art/suits/null-weaver-mantle/uncommon/arms.png	dgrsart-cdn	EXPANDED
apps/shared/suitArtPrompts.ts::SUIT_SET_ROSTER	0	suitArtUrl(null-weaver-mantle, uncommon, gloves)	art/suits/null-weaver-mantle/uncommon/gloves.png	dgrsart-cdn	EXPANDED
apps/shared/suitArtPrompts.ts::SUIT_SET_ROSTER	0	suitArtUrl(null-weaver-mantle, uncommon, belt)	art/suits/null-weaver-mantle/uncommon/belt.png	dgrsart-cdn	EXPANDED
apps/shared/suitArtPrompts.ts::SUIT_SET_ROSTER	0	suitArtUrl(null-weaver-mantle, uncommon, legs)	art/suits/null-weaver-mantle/uncommon/legs.png	dgrsart-cdn	EXPANDED
apps/shared/suitArtPrompts.ts::SUIT_SET_ROSTER	0	suitArtUrl(null-weaver-mantle, uncommon, feet)	art/suits/null-weaver-mantle/uncommon/feet.png	dgrsart-cdn	EXPANDED
apps/shared/suitArtPrompts.ts::SUIT_SET_ROSTER	0	suitArtUrl(null-weaver-mantle, uncommon, weapon-primary)	art/suits/null-weaver-mantle/uncommon/weapon-primary.png	dgrsart-cdn	EXPANDED
apps/shared/suitArtPrompts.ts::SUIT_SET_ROSTER	0	suitArtUrl(null-weaver-mantle, uncommon, back)	art/suits/null-weaver-mantle/uncommon/back.png	dgrsart-cdn	EXPANDED
apps/shared/suitArtPrompts.ts::SUIT_SET_ROSTER	0	suitArtUrl(null-weaver-mantle, rare, head)	art/suits/null-weaver-mantle/rare/head.png	dgrsart-cdn	EXPANDED
apps/shared/suitArtPrompts.ts::SUIT_SET_ROSTER	0	suitArtUrl(null-weaver-mantle, rare, chest)	art/suits/null-weaver-mantle/rare/chest.png	dgrsart-cdn	EXPANDED
apps/shared/suitArtPrompts.ts::SUIT_SET_ROSTER	0	suitArtUrl(null-weaver-mantle, rare, shoulders)	art/suits/null-weaver-mantle/rare/shoulders.png	dgrsart-cdn	EXPANDED
apps/shared/suitArtPrompts.ts::SUIT_SET_ROSTER	0	suitArtUrl(null-weaver-mantle, rare, arms)	art/suits/null-weaver-mantle/rare/arms.png	dgrsart-cdn	EXPANDED
apps/shared/suitArtPrompts.ts::SUIT_SET_ROSTER	0	suitArtUrl(null-weaver-mantle, rare, gloves)	art/suits/null-weaver-mantle/rare/gloves.png	dgrsart-cdn	EXPANDED
apps/shared/suitArtPrompts.ts::SUIT_SET_ROSTER	0	suitArtUrl(null-weaver-mantle, rare, belt)	art/suits/null-weaver-mantle/rare/belt.png	dgrsart-cdn	EXPANDED
apps/shared/suitArtPrompts.ts::SUIT_SET_ROSTER	0	suitArtUrl(null-weaver-mantle, rare, legs)	art/suits/null-weaver-mantle/rare/legs.png	dgrsart-cdn	EXPANDED
apps/shared/suitArtPrompts.ts::SUIT_SET_ROSTER	0	suitArtUrl(null-weaver-mantle, rare, feet)	art/suits/null-weaver-mantle/rare/feet.png	dgrsart-cdn	EXPANDED
apps/shared/suitArtPrompts.ts::SUIT_SET_ROSTER	0	suitArtUrl(null-weaver-mantle, rare, weapon-primary)	art/suits/null-weaver-mantle/rare/weapon-primary.png	dgrsart-cdn	EXPANDED
apps/shared/suitArtPrompts.ts::SUIT_SET_ROSTER	0	suitArtUrl(null-weaver-mantle, rare, back)	art/suits/null-weaver-mantle/rare/back.png	dgrsart-cdn	EXPANDED
apps/shared/suitArtPrompts.ts::SUIT_SET_ROSTER	0	suitArtUrl(null-weaver-mantle, epic, head)	art/suits/null-weaver-mantle/epic/head.png	dgrsart-cdn	EXPANDED
apps/shared/suitArtPrompts.ts::SUIT_SET_ROSTER	0	suitArtUrl(null-weaver-mantle, epic, chest)	art/suits/null-weaver-mantle/epic/chest.png	dgrsart-cdn	EXPANDED
apps/shared/suitArtPrompts.ts::SUIT_SET_ROSTER	0	suitArtUrl(null-weaver-mantle, epic, shoulders)	art/suits/null-weaver-mantle/epic/shoulders.png	dgrsart-cdn	EXPANDED
apps/shared/suitArtPrompts.ts::SUIT_SET_ROSTER	0	suitArtUrl(null-weaver-mantle, epic, arms)	art/suits/null-weaver-mantle/epic/arms.png	dgrsart-cdn	EXPANDED
apps/shared/suitArtPrompts.ts::SUIT_SET_ROSTER	0	suitArtUrl(null-weaver-mantle, epic, gloves)	art/suits/null-weaver-mantle/epic/gloves.png	dgrsart-cdn	EXPANDED
apps/shared/suitArtPrompts.ts::SUIT_SET_ROSTER	0	suitArtUrl(null-weaver-mantle, epic, belt)	art/suits/null-weaver-mantle/epic/belt.png	dgrsart-cdn	EXPANDED
apps/shared/suitArtPrompts.ts::SUIT_SET_ROSTER	0	suitArtUrl(null-weaver-mantle, epic, legs)	art/suits/null-weaver-mantle/epic/legs.png	dgrsart-cdn	EXPANDED
apps/shared/suitArtPrompts.ts::SUIT_SET_ROSTER	0	suitArtUrl(null-weaver-mantle, epic, feet)	art/suits/null-weaver-mantle/epic/feet.png	dgrsart-cdn	EXPANDED
apps/shared/suitArtPrompts.ts::SUIT_SET_ROSTER	0	suitArtUrl(null-weaver-mantle, epic, weapon-primary)	art/suits/null-weaver-mantle/epic/weapon-primary.png	dgrsart-cdn	EXPANDED
apps/shared/suitArtPrompts.ts::SUIT_SET_ROSTER	0	suitArtUrl(null-weaver-mantle, epic, back)	art/suits/null-weaver-mantle/epic/back.png	dgrsart-cdn	EXPANDED
apps/shared/suitArtPrompts.ts::SUIT_SET_ROSTER	0	suitArtUrl(null-weaver-mantle, legendary, head)	art/suits/null-weaver-mantle/legendary/head.png	dgrsart-cdn	EXPANDED
apps/shared/suitArtPrompts.ts::SUIT_SET_ROSTER	0	suitArtUrl(null-weaver-mantle, legendary, chest)	art/suits/null-weaver-mantle/legendary/chest.png	dgrsart-cdn	EXPANDED
apps/shared/suitArtPrompts.ts::SUIT_SET_ROSTER	0	suitArtUrl(null-weaver-mantle, legendary, shoulders)	art/suits/null-weaver-mantle/legendary/shoulders.png	dgrsart-cdn	EXPANDED
apps/shared/suitArtPrompts.ts::SUIT_SET_ROSTER	0	suitArtUrl(null-weaver-mantle, legendary, arms)	art/suits/null-weaver-mantle/legendary/arms.png	dgrsart-cdn	EXPANDED
apps/shared/suitArtPrompts.ts::SUIT_SET_ROSTER	0	suitArtUrl(null-weaver-mantle, legendary, gloves)	art/suits/null-weaver-mantle/legendary/gloves.png	dgrsart-cdn	EXPANDED
apps/shared/suitArtPrompts.ts::SUIT_SET_ROSTER	0	suitArtUrl(null-weaver-mantle, legendary, belt)	art/suits/null-weaver-mantle/legendary/belt.png	dgrsart-cdn	EXPANDED
apps/shared/suitArtPrompts.ts::SUIT_SET_ROSTER	0	suitArtUrl(null-weaver-mantle, legendary, legs)	art/suits/null-weaver-mantle/legendary/legs.png	dgrsart-cdn	EXPANDED
apps/shared/suitArtPrompts.ts::SUIT_SET_ROSTER	0	suitArtUrl(null-weaver-mantle, legendary, feet)	art/suits/null-weaver-mantle/legendary/feet.png	dgrsart-cdn	EXPANDED
apps/shared/suitArtPrompts.ts::SUIT_SET_ROSTER	0	suitArtUrl(null-weaver-mantle, legendary, weapon-primary)	art/suits/null-weaver-mantle/legendary/weapon-primary.png	dgrsart-cdn	EXPANDED
apps/shared/suitArtPrompts.ts::SUIT_SET_ROSTER	0	suitArtUrl(null-weaver-mantle, legendary, back)	art/suits/null-weaver-mantle/legendary/back.png	dgrsart-cdn	EXPANDED
apps/shared/suitArtPrompts.ts::SUIT_SET_ROSTER	0	suitArtUrl(null-weaver-mantle, mythic, head)	art/suits/null-weaver-mantle/mythic/head.png	dgrsart-cdn	EXPANDED
apps/shared/suitArtPrompts.ts::SUIT_SET_ROSTER	0	suitArtUrl(null-weaver-mantle, mythic, chest)	art/suits/null-weaver-mantle/mythic/chest.png	dgrsart-cdn	EXPANDED
apps/shared/suitArtPrompts.ts::SUIT_SET_ROSTER	0	suitArtUrl(null-weaver-mantle, mythic, shoulders)	art/suits/null-weaver-mantle/mythic/shoulders.png	dgrsart-cdn	EXPANDED
apps/shared/suitArtPrompts.ts::SUIT_SET_ROSTER	0	suitArtUrl(null-weaver-mantle, mythic, arms)	art/suits/null-weaver-mantle/mythic/arms.png	dgrsart-cdn	EXPANDED
apps/shared/suitArtPrompts.ts::SUIT_SET_ROSTER	0	suitArtUrl(null-weaver-mantle, mythic, gloves)	art/suits/null-weaver-mantle/mythic/gloves.png	dgrsart-cdn	EXPANDED
apps/shared/suitArtPrompts.ts::SUIT_SET_ROSTER	0	suitArtUrl(null-weaver-mantle, mythic, belt)	art/suits/null-weaver-mantle/mythic/belt.png	dgrsart-cdn	EXPANDED
apps/shared/suitArtPrompts.ts::SUIT_SET_ROSTER	0	suitArtUrl(null-weaver-mantle, mythic, legs)	art/suits/null-weaver-mantle/mythic/legs.png	dgrsart-cdn	EXPANDED
apps/shared/suitArtPrompts.ts::SUIT_SET_ROSTER	0	suitArtUrl(null-weaver-mantle, mythic, feet)	art/suits/null-weaver-mantle/mythic/feet.png	dgrsart-cdn	EXPANDED
apps/shared/suitArtPrompts.ts::SUIT_SET_ROSTER	0	suitArtUrl(null-weaver-mantle, mythic, weapon-primary)	art/suits/null-weaver-mantle/mythic/weapon-primary.png	dgrsart-cdn	EXPANDED
apps/shared/suitArtPrompts.ts::SUIT_SET_ROSTER	0	suitArtUrl(null-weaver-mantle, mythic, back)	art/suits/null-weaver-mantle/mythic/back.png	dgrsart-cdn	EXPANDED
apps/shared/suitArtPrompts.ts::SUIT_SET_ROSTER	0	suitArtUrl(the-mourners-coat, common, head)	art/suits/the-mourners-coat/common/head.png	dgrsart-cdn	EXPANDED
apps/shared/suitArtPrompts.ts::SUIT_SET_ROSTER	0	suitArtUrl(the-mourners-coat, common, chest)	art/suits/the-mourners-coat/common/chest.png	dgrsart-cdn	EXPANDED
apps/shared/suitArtPrompts.ts::SUIT_SET_ROSTER	0	suitArtUrl(the-mourners-coat, common, shoulders)	art/suits/the-mourners-coat/common/shoulders.png	dgrsart-cdn	EXPANDED
apps/shared/suitArtPrompts.ts::SUIT_SET_ROSTER	0	suitArtUrl(the-mourners-coat, common, arms)	art/suits/the-mourners-coat/common/arms.png	dgrsart-cdn	EXPANDED
apps/shared/suitArtPrompts.ts::SUIT_SET_ROSTER	0	suitArtUrl(the-mourners-coat, common, gloves)	art/suits/the-mourners-coat/common/gloves.png	dgrsart-cdn	EXPANDED
apps/shared/suitArtPrompts.ts::SUIT_SET_ROSTER	0	suitArtUrl(the-mourners-coat, common, belt)	art/suits/the-mourners-coat/common/belt.png	dgrsart-cdn	EXPANDED
apps/shared/suitArtPrompts.ts::SUIT_SET_ROSTER	0	suitArtUrl(the-mourners-coat, common, legs)	art/suits/the-mourners-coat/common/legs.png	dgrsart-cdn	EXPANDED
apps/shared/suitArtPrompts.ts::SUIT_SET_ROSTER	0	suitArtUrl(the-mourners-coat, common, feet)	art/suits/the-mourners-coat/common/feet.png	dgrsart-cdn	EXPANDED
apps/shared/suitArtPrompts.ts::SUIT_SET_ROSTER	0	suitArtUrl(the-mourners-coat, common, weapon-primary)	art/suits/the-mourners-coat/common/weapon-primary.png	dgrsart-cdn	EXPANDED
apps/shared/suitArtPrompts.ts::SUIT_SET_ROSTER	0	suitArtUrl(the-mourners-coat, common, back)	art/suits/the-mourners-coat/common/back.png	dgrsart-cdn	EXPANDED
apps/shared/suitArtPrompts.ts::SUIT_SET_ROSTER	0	suitArtUrl(the-mourners-coat, uncommon, head)	art/suits/the-mourners-coat/uncommon/head.png	dgrsart-cdn	EXPANDED
apps/shared/suitArtPrompts.ts::SUIT_SET_ROSTER	0	suitArtUrl(the-mourners-coat, uncommon, chest)	art/suits/the-mourners-coat/uncommon/chest.png	dgrsart-cdn	EXPANDED
apps/shared/suitArtPrompts.ts::SUIT_SET_ROSTER	0	suitArtUrl(the-mourners-coat, uncommon, shoulders)	art/suits/the-mourners-coat/uncommon/shoulders.png	dgrsart-cdn	EXPANDED
apps/shared/suitArtPrompts.ts::SUIT_SET_ROSTER	0	suitArtUrl(the-mourners-coat, uncommon, arms)	art/suits/the-mourners-coat/uncommon/arms.png	dgrsart-cdn	EXPANDED
apps/shared/suitArtPrompts.ts::SUIT_SET_ROSTER	0	suitArtUrl(the-mourners-coat, uncommon, gloves)	art/suits/the-mourners-coat/uncommon/gloves.png	dgrsart-cdn	EXPANDED
apps/shared/suitArtPrompts.ts::SUIT_SET_ROSTER	0	suitArtUrl(the-mourners-coat, uncommon, belt)	art/suits/the-mourners-coat/uncommon/belt.png	dgrsart-cdn	EXPANDED
apps/shared/suitArtPrompts.ts::SUIT_SET_ROSTER	0	suitArtUrl(the-mourners-coat, uncommon, legs)	art/suits/the-mourners-coat/uncommon/legs.png	dgrsart-cdn	EXPANDED
apps/shared/suitArtPrompts.ts::SUIT_SET_ROSTER	0	suitArtUrl(the-mourners-coat, uncommon, feet)	art/suits/the-mourners-coat/uncommon/feet.png	dgrsart-cdn	EXPANDED
apps/shared/suitArtPrompts.ts::SUIT_SET_ROSTER	0	suitArtUrl(the-mourners-coat, uncommon, weapon-primary)	art/suits/the-mourners-coat/uncommon/weapon-primary.png	dgrsart-cdn	EXPANDED
apps/shared/suitArtPrompts.ts::SUIT_SET_ROSTER	0	suitArtUrl(the-mourners-coat, uncommon, back)	art/suits/the-mourners-coat/uncommon/back.png	dgrsart-cdn	EXPANDED
apps/shared/suitArtPrompts.ts::SUIT_SET_ROSTER	0	suitArtUrl(the-mourners-coat, rare, head)	art/suits/the-mourners-coat/rare/head.png	dgrsart-cdn	EXPANDED
apps/shared/suitArtPrompts.ts::SUIT_SET_ROSTER	0	suitArtUrl(the-mourners-coat, rare, chest)	art/suits/the-mourners-coat/rare/chest.png	dgrsart-cdn	EXPANDED
apps/shared/suitArtPrompts.ts::SUIT_SET_ROSTER	0	suitArtUrl(the-mourners-coat, rare, shoulders)	art/suits/the-mourners-coat/rare/shoulders.png	dgrsart-cdn	EXPANDED
apps/shared/suitArtPrompts.ts::SUIT_SET_ROSTER	0	suitArtUrl(the-mourners-coat, rare, arms)	art/suits/the-mourners-coat/rare/arms.png	dgrsart-cdn	EXPANDED
apps/shared/suitArtPrompts.ts::SUIT_SET_ROSTER	0	suitArtUrl(the-mourners-coat, rare, gloves)	art/suits/the-mourners-coat/rare/gloves.png	dgrsart-cdn	EXPANDED
apps/shared/suitArtPrompts.ts::SUIT_SET_ROSTER	0	suitArtUrl(the-mourners-coat, rare, belt)	art/suits/the-mourners-coat/rare/belt.png	dgrsart-cdn	EXPANDED
apps/shared/suitArtPrompts.ts::SUIT_SET_ROSTER	0	suitArtUrl(the-mourners-coat, rare, legs)	art/suits/the-mourners-coat/rare/legs.png	dgrsart-cdn	EXPANDED
apps/shared/suitArtPrompts.ts::SUIT_SET_ROSTER	0	suitArtUrl(the-mourners-coat, rare, feet)	art/suits/the-mourners-coat/rare/feet.png	dgrsart-cdn	EXPANDED
apps/shared/suitArtPrompts.ts::SUIT_SET_ROSTER	0	suitArtUrl(the-mourners-coat, rare, weapon-primary)	art/suits/the-mourners-coat/rare/weapon-primary.png	dgrsart-cdn	EXPANDED
apps/shared/suitArtPrompts.ts::SUIT_SET_ROSTER	0	suitArtUrl(the-mourners-coat, rare, back)	art/suits/the-mourners-coat/rare/back.png	dgrsart-cdn	EXPANDED
apps/shared/suitArtPrompts.ts::SUIT_SET_ROSTER	0	suitArtUrl(the-mourners-coat, epic, head)	art/suits/the-mourners-coat/epic/head.png	dgrsart-cdn	EXPANDED
apps/shared/suitArtPrompts.ts::SUIT_SET_ROSTER	0	suitArtUrl(the-mourners-coat, epic, chest)	art/suits/the-mourners-coat/epic/chest.png	dgrsart-cdn	EXPANDED
apps/shared/suitArtPrompts.ts::SUIT_SET_ROSTER	0	suitArtUrl(the-mourners-coat, epic, shoulders)	art/suits/the-mourners-coat/epic/shoulders.png	dgrsart-cdn	EXPANDED
apps/shared/suitArtPrompts.ts::SUIT_SET_ROSTER	0	suitArtUrl(the-mourners-coat, epic, arms)	art/suits/the-mourners-coat/epic/arms.png	dgrsart-cdn	EXPANDED
apps/shared/suitArtPrompts.ts::SUIT_SET_ROSTER	0	suitArtUrl(the-mourners-coat, epic, gloves)	art/suits/the-mourners-coat/epic/gloves.png	dgrsart-cdn	EXPANDED
apps/shared/suitArtPrompts.ts::SUIT_SET_ROSTER	0	suitArtUrl(the-mourners-coat, epic, belt)	art/suits/the-mourners-coat/epic/belt.png	dgrsart-cdn	EXPANDED
apps/shared/suitArtPrompts.ts::SUIT_SET_ROSTER	0	suitArtUrl(the-mourners-coat, epic, legs)	art/suits/the-mourners-coat/epic/legs.png	dgrsart-cdn	EXPANDED
apps/shared/suitArtPrompts.ts::SUIT_SET_ROSTER	0	suitArtUrl(the-mourners-coat, epic, feet)	art/suits/the-mourners-coat/epic/feet.png	dgrsart-cdn	EXPANDED
apps/shared/suitArtPrompts.ts::SUIT_SET_ROSTER	0	suitArtUrl(the-mourners-coat, epic, weapon-primary)	art/suits/the-mourners-coat/epic/weapon-primary.png	dgrsart-cdn	EXPANDED
apps/shared/suitArtPrompts.ts::SUIT_SET_ROSTER	0	suitArtUrl(the-mourners-coat, epic, back)	art/suits/the-mourners-coat/epic/back.png	dgrsart-cdn	EXPANDED
apps/shared/suitArtPrompts.ts::SUIT_SET_ROSTER	0	suitArtUrl(the-mourners-coat, legendary, head)	art/suits/the-mourners-coat/legendary/head.png	dgrsart-cdn	EXPANDED
apps/shared/suitArtPrompts.ts::SUIT_SET_ROSTER	0	suitArtUrl(the-mourners-coat, legendary, chest)	art/suits/the-mourners-coat/legendary/chest.png	dgrsart-cdn	EXPANDED
apps/shared/suitArtPrompts.ts::SUIT_SET_ROSTER	0	suitArtUrl(the-mourners-coat, legendary, shoulders)	art/suits/the-mourners-coat/legendary/shoulders.png	dgrsart-cdn	EXPANDED
apps/shared/suitArtPrompts.ts::SUIT_SET_ROSTER	0	suitArtUrl(the-mourners-coat, legendary, arms)	art/suits/the-mourners-coat/legendary/arms.png	dgrsart-cdn	EXPANDED
apps/shared/suitArtPrompts.ts::SUIT_SET_ROSTER	0	suitArtUrl(the-mourners-coat, legendary, gloves)	art/suits/the-mourners-coat/legendary/gloves.png	dgrsart-cdn	EXPANDED
apps/shared/suitArtPrompts.ts::SUIT_SET_ROSTER	0	suitArtUrl(the-mourners-coat, legendary, belt)	art/suits/the-mourners-coat/legendary/belt.png	dgrsart-cdn	EXPANDED
apps/shared/suitArtPrompts.ts::SUIT_SET_ROSTER	0	suitArtUrl(the-mourners-coat, legendary, legs)	art/suits/the-mourners-coat/legendary/legs.png	dgrsart-cdn	EXPANDED
apps/shared/suitArtPrompts.ts::SUIT_SET_ROSTER	0	suitArtUrl(the-mourners-coat, legendary, feet)	art/suits/the-mourners-coat/legendary/feet.png	dgrsart-cdn	EXPANDED
apps/shared/suitArtPrompts.ts::SUIT_SET_ROSTER	0	suitArtUrl(the-mourners-coat, legendary, weapon-primary)	art/suits/the-mourners-coat/legendary/weapon-primary.png	dgrsart-cdn	EXPANDED
apps/shared/suitArtPrompts.ts::SUIT_SET_ROSTER	0	suitArtUrl(the-mourners-coat, legendary, back)	art/suits/the-mourners-coat/legendary/back.png	dgrsart-cdn	EXPANDED
apps/shared/suitArtPrompts.ts::SUIT_SET_ROSTER	0	suitArtUrl(the-mourners-coat, mythic, head)	art/suits/the-mourners-coat/mythic/head.png	dgrsart-cdn	EXPANDED
apps/shared/suitArtPrompts.ts::SUIT_SET_ROSTER	0	suitArtUrl(the-mourners-coat, mythic, chest)	art/suits/the-mourners-coat/mythic/chest.png	dgrsart-cdn	EXPANDED
apps/shared/suitArtPrompts.ts::SUIT_SET_ROSTER	0	suitArtUrl(the-mourners-coat, mythic, shoulders)	art/suits/the-mourners-coat/mythic/shoulders.png	dgrsart-cdn	EXPANDED
apps/shared/suitArtPrompts.ts::SUIT_SET_ROSTER	0	suitArtUrl(the-mourners-coat, mythic, arms)	art/suits/the-mourners-coat/mythic/arms.png	dgrsart-cdn	EXPANDED
apps/shared/suitArtPrompts.ts::SUIT_SET_ROSTER	0	suitArtUrl(the-mourners-coat, mythic, gloves)	art/suits/the-mourners-coat/mythic/gloves.png	dgrsart-cdn	EXPANDED
apps/shared/suitArtPrompts.ts::SUIT_SET_ROSTER	0	suitArtUrl(the-mourners-coat, mythic, belt)	art/suits/the-mourners-coat/mythic/belt.png	dgrsart-cdn	EXPANDED
apps/shared/suitArtPrompts.ts::SUIT_SET_ROSTER	0	suitArtUrl(the-mourners-coat, mythic, legs)	art/suits/the-mourners-coat/mythic/legs.png	dgrsart-cdn	EXPANDED
apps/shared/suitArtPrompts.ts::SUIT_SET_ROSTER	0	suitArtUrl(the-mourners-coat, mythic, feet)	art/suits/the-mourners-coat/mythic/feet.png	dgrsart-cdn	EXPANDED
apps/shared/suitArtPrompts.ts::SUIT_SET_ROSTER	0	suitArtUrl(the-mourners-coat, mythic, weapon-primary)	art/suits/the-mourners-coat/mythic/weapon-primary.png	dgrsart-cdn	EXPANDED
apps/shared/suitArtPrompts.ts::SUIT_SET_ROSTER	0	suitArtUrl(the-mourners-coat, mythic, back)	art/suits/the-mourners-coat/mythic/back.png	dgrsart-cdn	EXPANDED
apps/shared/suitArtPrompts.ts::SUIT_SET_ROSTER	0	suitArtUrl(the-first-chassis, common, head)	art/suits/the-first-chassis/common/head.png	dgrsart-cdn	EXPANDED
apps/shared/suitArtPrompts.ts::SUIT_SET_ROSTER	0	suitArtUrl(the-first-chassis, common, chest)	art/suits/the-first-chassis/common/chest.png	dgrsart-cdn	EXPANDED
apps/shared/suitArtPrompts.ts::SUIT_SET_ROSTER	0	suitArtUrl(the-first-chassis, common, shoulders)	art/suits/the-first-chassis/common/shoulders.png	dgrsart-cdn	EXPANDED
apps/shared/suitArtPrompts.ts::SUIT_SET_ROSTER	0	suitArtUrl(the-first-chassis, common, arms)	art/suits/the-first-chassis/common/arms.png	dgrsart-cdn	EXPANDED
apps/shared/suitArtPrompts.ts::SUIT_SET_ROSTER	0	suitArtUrl(the-first-chassis, common, gloves)	art/suits/the-first-chassis/common/gloves.png	dgrsart-cdn	EXPANDED
apps/shared/suitArtPrompts.ts::SUIT_SET_ROSTER	0	suitArtUrl(the-first-chassis, common, belt)	art/suits/the-first-chassis/common/belt.png	dgrsart-cdn	EXPANDED
apps/shared/suitArtPrompts.ts::SUIT_SET_ROSTER	0	suitArtUrl(the-first-chassis, common, legs)	art/suits/the-first-chassis/common/legs.png	dgrsart-cdn	EXPANDED
apps/shared/suitArtPrompts.ts::SUIT_SET_ROSTER	0	suitArtUrl(the-first-chassis, common, feet)	art/suits/the-first-chassis/common/feet.png	dgrsart-cdn	EXPANDED
apps/shared/suitArtPrompts.ts::SUIT_SET_ROSTER	0	suitArtUrl(the-first-chassis, common, weapon-primary)	art/suits/the-first-chassis/common/weapon-primary.png	dgrsart-cdn	EXPANDED
apps/shared/suitArtPrompts.ts::SUIT_SET_ROSTER	0	suitArtUrl(the-first-chassis, common, back)	art/suits/the-first-chassis/common/back.png	dgrsart-cdn	EXPANDED
apps/shared/suitArtPrompts.ts::SUIT_SET_ROSTER	0	suitArtUrl(the-first-chassis, uncommon, head)	art/suits/the-first-chassis/uncommon/head.png	dgrsart-cdn	EXPANDED
apps/shared/suitArtPrompts.ts::SUIT_SET_ROSTER	0	suitArtUrl(the-first-chassis, uncommon, chest)	art/suits/the-first-chassis/uncommon/chest.png	dgrsart-cdn	EXPANDED
apps/shared/suitArtPrompts.ts::SUIT_SET_ROSTER	0	suitArtUrl(the-first-chassis, uncommon, shoulders)	art/suits/the-first-chassis/uncommon/shoulders.png	dgrsart-cdn	EXPANDED
apps/shared/suitArtPrompts.ts::SUIT_SET_ROSTER	0	suitArtUrl(the-first-chassis, uncommon, arms)	art/suits/the-first-chassis/uncommon/arms.png	dgrsart-cdn	EXPANDED
apps/shared/suitArtPrompts.ts::SUIT_SET_ROSTER	0	suitArtUrl(the-first-chassis, uncommon, gloves)	art/suits/the-first-chassis/uncommon/gloves.png	dgrsart-cdn	EXPANDED
apps/shared/suitArtPrompts.ts::SUIT_SET_ROSTER	0	suitArtUrl(the-first-chassis, uncommon, belt)	art/suits/the-first-chassis/uncommon/belt.png	dgrsart-cdn	EXPANDED
apps/shared/suitArtPrompts.ts::SUIT_SET_ROSTER	0	suitArtUrl(the-first-chassis, uncommon, legs)	art/suits/the-first-chassis/uncommon/legs.png	dgrsart-cdn	EXPANDED
apps/shared/suitArtPrompts.ts::SUIT_SET_ROSTER	0	suitArtUrl(the-first-chassis, uncommon, feet)	art/suits/the-first-chassis/uncommon/feet.png	dgrsart-cdn	EXPANDED
apps/shared/suitArtPrompts.ts::SUIT_SET_ROSTER	0	suitArtUrl(the-first-chassis, uncommon, weapon-primary)	art/suits/the-first-chassis/uncommon/weapon-primary.png	dgrsart-cdn	EXPANDED
apps/shared/suitArtPrompts.ts::SUIT_SET_ROSTER	0	suitArtUrl(the-first-chassis, uncommon, back)	art/suits/the-first-chassis/uncommon/back.png	dgrsart-cdn	EXPANDED
apps/shared/suitArtPrompts.ts::SUIT_SET_ROSTER	0	suitArtUrl(the-first-chassis, rare, head)	art/suits/the-first-chassis/rare/head.png	dgrsart-cdn	EXPANDED
apps/shared/suitArtPrompts.ts::SUIT_SET_ROSTER	0	suitArtUrl(the-first-chassis, rare, chest)	art/suits/the-first-chassis/rare/chest.png	dgrsart-cdn	EXPANDED
apps/shared/suitArtPrompts.ts::SUIT_SET_ROSTER	0	suitArtUrl(the-first-chassis, rare, shoulders)	art/suits/the-first-chassis/rare/shoulders.png	dgrsart-cdn	EXPANDED
apps/shared/suitArtPrompts.ts::SUIT_SET_ROSTER	0	suitArtUrl(the-first-chassis, rare, arms)	art/suits/the-first-chassis/rare/arms.png	dgrsart-cdn	EXPANDED
apps/shared/suitArtPrompts.ts::SUIT_SET_ROSTER	0	suitArtUrl(the-first-chassis, rare, gloves)	art/suits/the-first-chassis/rare/gloves.png	dgrsart-cdn	EXPANDED
apps/shared/suitArtPrompts.ts::SUIT_SET_ROSTER	0	suitArtUrl(the-first-chassis, rare, belt)	art/suits/the-first-chassis/rare/belt.png	dgrsart-cdn	EXPANDED
apps/shared/suitArtPrompts.ts::SUIT_SET_ROSTER	0	suitArtUrl(the-first-chassis, rare, legs)	art/suits/the-first-chassis/rare/legs.png	dgrsart-cdn	EXPANDED
apps/shared/suitArtPrompts.ts::SUIT_SET_ROSTER	0	suitArtUrl(the-first-chassis, rare, feet)	art/suits/the-first-chassis/rare/feet.png	dgrsart-cdn	EXPANDED
apps/shared/suitArtPrompts.ts::SUIT_SET_ROSTER	0	suitArtUrl(the-first-chassis, rare, weapon-primary)	art/suits/the-first-chassis/rare/weapon-primary.png	dgrsart-cdn	EXPANDED
apps/shared/suitArtPrompts.ts::SUIT_SET_ROSTER	0	suitArtUrl(the-first-chassis, rare, back)	art/suits/the-first-chassis/rare/back.png	dgrsart-cdn	EXPANDED
apps/shared/suitArtPrompts.ts::SUIT_SET_ROSTER	0	suitArtUrl(the-first-chassis, epic, head)	art/suits/the-first-chassis/epic/head.png	dgrsart-cdn	EXPANDED
apps/shared/suitArtPrompts.ts::SUIT_SET_ROSTER	0	suitArtUrl(the-first-chassis, epic, chest)	art/suits/the-first-chassis/epic/chest.png	dgrsart-cdn	EXPANDED
apps/shared/suitArtPrompts.ts::SUIT_SET_ROSTER	0	suitArtUrl(the-first-chassis, epic, shoulders)	art/suits/the-first-chassis/epic/shoulders.png	dgrsart-cdn	EXPANDED
apps/shared/suitArtPrompts.ts::SUIT_SET_ROSTER	0	suitArtUrl(the-first-chassis, epic, arms)	art/suits/the-first-chassis/epic/arms.png	dgrsart-cdn	EXPANDED
apps/shared/suitArtPrompts.ts::SUIT_SET_ROSTER	0	suitArtUrl(the-first-chassis, epic, gloves)	art/suits/the-first-chassis/epic/gloves.png	dgrsart-cdn	EXPANDED
apps/shared/suitArtPrompts.ts::SUIT_SET_ROSTER	0	suitArtUrl(the-first-chassis, epic, belt)	art/suits/the-first-chassis/epic/belt.png	dgrsart-cdn	EXPANDED
apps/shared/suitArtPrompts.ts::SUIT_SET_ROSTER	0	suitArtUrl(the-first-chassis, epic, legs)	art/suits/the-first-chassis/epic/legs.png	dgrsart-cdn	EXPANDED
apps/shared/suitArtPrompts.ts::SUIT_SET_ROSTER	0	suitArtUrl(the-first-chassis, epic, feet)	art/suits/the-first-chassis/epic/feet.png	dgrsart-cdn	EXPANDED
apps/shared/suitArtPrompts.ts::SUIT_SET_ROSTER	0	suitArtUrl(the-first-chassis, epic, weapon-primary)	art/suits/the-first-chassis/epic/weapon-primary.png	dgrsart-cdn	EXPANDED
apps/shared/suitArtPrompts.ts::SUIT_SET_ROSTER	0	suitArtUrl(the-first-chassis, epic, back)	art/suits/the-first-chassis/epic/back.png	dgrsart-cdn	EXPANDED
apps/shared/suitArtPrompts.ts::SUIT_SET_ROSTER	0	suitArtUrl(the-first-chassis, legendary, head)	art/suits/the-first-chassis/legendary/head.png	dgrsart-cdn	EXPANDED
apps/shared/suitArtPrompts.ts::SUIT_SET_ROSTER	0	suitArtUrl(the-first-chassis, legendary, chest)	art/suits/the-first-chassis/legendary/chest.png	dgrsart-cdn	EXPANDED
apps/shared/suitArtPrompts.ts::SUIT_SET_ROSTER	0	suitArtUrl(the-first-chassis, legendary, shoulders)	art/suits/the-first-chassis/legendary/shoulders.png	dgrsart-cdn	EXPANDED
apps/shared/suitArtPrompts.ts::SUIT_SET_ROSTER	0	suitArtUrl(the-first-chassis, legendary, arms)	art/suits/the-first-chassis/legendary/arms.png	dgrsart-cdn	EXPANDED
apps/shared/suitArtPrompts.ts::SUIT_SET_ROSTER	0	suitArtUrl(the-first-chassis, legendary, gloves)	art/suits/the-first-chassis/legendary/gloves.png	dgrsart-cdn	EXPANDED
apps/shared/suitArtPrompts.ts::SUIT_SET_ROSTER	0	suitArtUrl(the-first-chassis, legendary, belt)	art/suits/the-first-chassis/legendary/belt.png	dgrsart-cdn	EXPANDED
apps/shared/suitArtPrompts.ts::SUIT_SET_ROSTER	0	suitArtUrl(the-first-chassis, legendary, legs)	art/suits/the-first-chassis/legendary/legs.png	dgrsart-cdn	EXPANDED
apps/shared/suitArtPrompts.ts::SUIT_SET_ROSTER	0	suitArtUrl(the-first-chassis, legendary, feet)	art/suits/the-first-chassis/legendary/feet.png	dgrsart-cdn	EXPANDED
apps/shared/suitArtPrompts.ts::SUIT_SET_ROSTER	0	suitArtUrl(the-first-chassis, legendary, weapon-primary)	art/suits/the-first-chassis/legendary/weapon-primary.png	dgrsart-cdn	EXPANDED
apps/shared/suitArtPrompts.ts::SUIT_SET_ROSTER	0	suitArtUrl(the-first-chassis, legendary, back)	art/suits/the-first-chassis/legendary/back.png	dgrsart-cdn	EXPANDED
apps/shared/suitArtPrompts.ts::SUIT_SET_ROSTER	0	suitArtUrl(the-first-chassis, mythic, head)	art/suits/the-first-chassis/mythic/head.png	dgrsart-cdn	EXPANDED
apps/shared/suitArtPrompts.ts::SUIT_SET_ROSTER	0	suitArtUrl(the-first-chassis, mythic, chest)	art/suits/the-first-chassis/mythic/chest.png	dgrsart-cdn	EXPANDED
apps/shared/suitArtPrompts.ts::SUIT_SET_ROSTER	0	suitArtUrl(the-first-chassis, mythic, shoulders)	art/suits/the-first-chassis/mythic/shoulders.png	dgrsart-cdn	EXPANDED
apps/shared/suitArtPrompts.ts::SUIT_SET_ROSTER	0	suitArtUrl(the-first-chassis, mythic, arms)	art/suits/the-first-chassis/mythic/arms.png	dgrsart-cdn	EXPANDED
apps/shared/suitArtPrompts.ts::SUIT_SET_ROSTER	0	suitArtUrl(the-first-chassis, mythic, gloves)	art/suits/the-first-chassis/mythic/gloves.png	dgrsart-cdn	EXPANDED
apps/shared/suitArtPrompts.ts::SUIT_SET_ROSTER	0	suitArtUrl(the-first-chassis, mythic, belt)	art/suits/the-first-chassis/mythic/belt.png	dgrsart-cdn	EXPANDED
apps/shared/suitArtPrompts.ts::SUIT_SET_ROSTER	0	suitArtUrl(the-first-chassis, mythic, legs)	art/suits/the-first-chassis/mythic/legs.png	dgrsart-cdn	EXPANDED
apps/shared/suitArtPrompts.ts::SUIT_SET_ROSTER	0	suitArtUrl(the-first-chassis, mythic, feet)	art/suits/the-first-chassis/mythic/feet.png	dgrsart-cdn	EXPANDED
apps/shared/suitArtPrompts.ts::SUIT_SET_ROSTER	0	suitArtUrl(the-first-chassis, mythic, weapon-primary)	art/suits/the-first-chassis/mythic/weapon-primary.png	dgrsart-cdn	EXPANDED
apps/shared/suitArtPrompts.ts::SUIT_SET_ROSTER	0	suitArtUrl(the-first-chassis, mythic, back)	art/suits/the-first-chassis/mythic/back.png	dgrsart-cdn	EXPANDED
apps/client/src/game/paperDoll/bodyArt.ts	0	bodyArtUrl(human)	art/bodies/human.png	dgrsart-cdn	EXPANDED
apps/client/src/game/paperDoll/bodyArt.ts	0	bodyArtUrl(demagi)	art/bodies/demagi.png	dgrsart-cdn	EXPANDED
apps/client/src/game/paperDoll/bodyArt.ts	0	bodyArtUrl(quarchon)	art/bodies/quarchon.png	dgrsart-cdn	EXPANDED
apps/client/src/game/paperDoll/bodyArt.ts	0	bodyArtUrl(neyon)	art/bodies/neyon.png	dgrsart-cdn	EXPANDED
apps/shared/expansionArt/roomArtManifest.data.ts	0	expansionArt.relPath	art/rooms/antiquarians_library/baseline.png	dgrsart-cdn	EXPANDED
apps/shared/expansionArt/roomArtManifest.data.ts	0	expansionArt.relPath	art/rooms/antiquarians_library/state_battlepass_winter.png	dgrsart-cdn	EXPANDED
apps/shared/expansionArt/roomArtManifest.data.ts	0	expansionArt.relPath	art/rooms/antiquarians_library/state_cycle_longnight.png	dgrsart-cdn	EXPANDED
apps/shared/expansionArt/roomArtManifest.data.ts	0	expansionArt.relPath	art/rooms/antiquarians_library/state_epoch_shadowtongue.png	dgrsart-cdn	EXPANDED
apps/shared/expansionArt/roomArtManifest.data.ts	0	expansionArt.relPath	art/rooms/antiquarians_library/state_governance_lore_unlock.png	dgrsart-cdn	EXPANDED
apps/shared/expansionArt/roomArtManifest.data.ts	0	expansionArt.relPath	art/rooms/antiquarians_library/state_investigation_tier.png	dgrsart-cdn	EXPANDED
apps/shared/expansionArt/roomArtManifest.data.ts	0	expansionArt.relPath	art/rooms/antiquarians_library/state_lore_hierophant_complete.png	dgrsart-cdn	EXPANDED
apps/shared/expansionArt/roomArtManifest.data.ts	0	expansionArt.relPath	art/rooms/antiquarians_library/state_lore_recipe_archive.png	dgrsart-cdn	EXPANDED
apps/shared/expansionArt/roomArtManifest.data.ts	0	expansionArt.relPath	art/rooms/antiquarians_library/state_lore_tome_discovered.png	dgrsart-cdn	EXPANDED
apps/shared/expansionArt/roomArtManifest.data.ts	0	expansionArt.relPath	art/rooms/antiquarians_library/state_morality_dark.png	dgrsart-cdn	EXPANDED
apps/shared/expansionArt/roomArtManifest.data.ts	0	expansionArt.relPath	art/rooms/antiquarians_library/state_reveal_daniel_cross.png	dgrsart-cdn	EXPANDED
apps/shared/expansionArt/roomArtManifest.data.ts	0	expansionArt.relPath	art/rooms/antiquarians_library/state_season_closing.png	dgrsart-cdn	EXPANDED
apps/shared/expansionArt/roomArtManifest.data.ts	0	expansionArt.relPath	art/rooms/antiquarians_library/state_unlock_conexus.png	dgrsart-cdn	EXPANDED
apps/shared/expansionArt/roomArtManifest.data.ts	0	expansionArt.relPath	art/rooms/antiquarians_library/state_unlock_vault.png	dgrsart-cdn	EXPANDED
apps/shared/expansionArt/roomArtManifest.data.ts	0	expansionArt.relPath	art/rooms/apprentice_berth/baseline.png	dgrsart-cdn	EXPANDED
apps/shared/expansionArt/roomArtManifest.data.ts	0	expansionArt.relPath	art/rooms/apprentice_berth/state_act_tier2.png	dgrsart-cdn	EXPANDED
apps/shared/expansionArt/roomArtManifest.data.ts	0	expansionArt.relPath	art/rooms/apprentice_berth/state_act_tier5.png	dgrsart-cdn	EXPANDED
apps/shared/expansionArt/roomArtManifest.data.ts	0	expansionArt.relPath	art/rooms/apprentice_berth/state_act_tier7.png	dgrsart-cdn	EXPANDED
apps/shared/expansionArt/roomArtManifest.data.ts	0	expansionArt.relPath	art/rooms/apprentice_berth/state_faction_insurgency.png	dgrsart-cdn	EXPANDED
apps/shared/expansionArt/roomArtManifest.data.ts	0	expansionArt.relPath	art/rooms/apprentice_berth/state_irl_winter.png	dgrsart-cdn	EXPANDED
apps/shared/expansionArt/roomArtManifest.data.ts	0	expansionArt.relPath	art/rooms/apprentice_berth/state_morality_dark.png	dgrsart-cdn	EXPANDED
apps/shared/expansionArt/roomArtManifest.data.ts	0	expansionArt.relPath	art/rooms/apprentice_berth/state_season_interregnum.png	dgrsart-cdn	EXPANDED
apps/shared/expansionArt/roomArtManifest.data.ts	0	expansionArt.relPath	art/rooms/apprentice_berth/state_tv_corrupted.png	dgrsart-cdn	EXPANDED
apps/shared/expansionArt/roomArtManifest.data.ts	0	expansionArt.relPath	art/rooms/archives/baseline.png	dgrsart-cdn	EXPANDED
apps/shared/expansionArt/roomArtManifest.data.ts	0	expansionArt.relPath	art/rooms/archives/state_act_tier_2.png	dgrsart-cdn	EXPANDED
apps/shared/expansionArt/roomArtManifest.data.ts	0	expansionArt.relPath	art/rooms/archives/state_battlepass_winter.png	dgrsart-cdn	EXPANDED
apps/shared/expansionArt/roomArtManifest.data.ts	0	expansionArt.relPath	art/rooms/archives/state_companion_trust.png	dgrsart-cdn	EXPANDED
apps/shared/expansionArt/roomArtManifest.data.ts	0	expansionArt.relPath	art/rooms/archives/state_cycle_longnight.png	dgrsart-cdn	EXPANDED
apps/shared/expansionArt/roomArtManifest.data.ts	0	expansionArt.relPath	art/rooms/archives/state_epoch_shadowtongue.png	dgrsart-cdn	EXPANDED
apps/shared/expansionArt/roomArtManifest.data.ts	0	expansionArt.relPath	art/rooms/archives/state_faction_antiquarian.png	dgrsart-cdn	EXPANDED
apps/shared/expansionArt/roomArtManifest.data.ts	0	expansionArt.relPath	art/rooms/archives/state_governance_lore_unlock.png	dgrsart-cdn	EXPANDED
apps/shared/expansionArt/roomArtManifest.data.ts	0	expansionArt.relPath	art/rooms/archives/state_investigation_tier.png	dgrsart-cdn	EXPANDED
apps/shared/expansionArt/roomArtManifest.data.ts	0	expansionArt.relPath	art/rooms/archives/state_lore_shadowtongue.png	dgrsart-cdn	EXPANDED
apps/shared/expansionArt/roomArtManifest.data.ts	0	expansionArt.relPath	art/rooms/archives/state_morality_dark.png	dgrsart-cdn	EXPANDED
apps/shared/expansionArt/roomArtManifest.data.ts	0	expansionArt.relPath	art/rooms/archives/state_season_closing.png	dgrsart-cdn	EXPANDED
apps/shared/expansionArt/roomArtManifest.data.ts	0	expansionArt.relPath	art/rooms/archives/state_trust_shelfmate.png	dgrsart-cdn	EXPANDED
apps/shared/expansionArt/roomArtManifest.data.ts	0	expansionArt.relPath	art/rooms/archives/state_tv_spreading.png	dgrsart-cdn	EXPANDED
apps/shared/expansionArt/roomArtManifest.data.ts	0	expansionArt.relPath	art/rooms/archives/state_unlock_loredex.png	dgrsart-cdn	EXPANDED
apps/shared/expansionArt/roomArtManifest.data.ts	0	expansionArt.relPath	art/rooms/armory/baseline.png	dgrsart-cdn	EXPANDED
apps/shared/expansionArt/roomArtManifest.data.ts	0	expansionArt.relPath	art/rooms/armory/state_act_tier_3.png	dgrsart-cdn	EXPANDED
apps/shared/expansionArt/roomArtManifest.data.ts	0	expansionArt.relPath	art/rooms/armory/state_act_tier_5.png	dgrsart-cdn	EXPANDED
apps/shared/expansionArt/roomArtManifest.data.ts	0	expansionArt.relPath	art/rooms/armory/state_battlepass_winter.png	dgrsart-cdn	EXPANDED
apps/shared/expansionArt/roomArtManifest.data.ts	0	expansionArt.relPath	art/rooms/armory/state_cycle_longnight.png	dgrsart-cdn	EXPANDED
apps/shared/expansionArt/roomArtManifest.data.ts	0	expansionArt.relPath	art/rooms/armory/state_epoch_shadowtongue.png	dgrsart-cdn	EXPANDED
apps/shared/expansionArt/roomArtManifest.data.ts	0	expansionArt.relPath	art/rooms/armory/state_faction_authority.png	dgrsart-cdn	EXPANDED
apps/shared/expansionArt/roomArtManifest.data.ts	0	expansionArt.relPath	art/rooms/armory/state_faction_insurgency.png	dgrsart-cdn	EXPANDED
apps/shared/expansionArt/roomArtManifest.data.ts	0	expansionArt.relPath	art/rooms/armory/state_governance_quarantine.png	dgrsart-cdn	EXPANDED
apps/shared/expansionArt/roomArtManifest.data.ts	0	expansionArt.relPath	art/rooms/armory/state_investigation_tier.png	dgrsart-cdn	EXPANDED
apps/shared/expansionArt/roomArtManifest.data.ts	0	expansionArt.relPath	art/rooms/armory/state_morality_dark.png	dgrsart-cdn	EXPANDED
apps/shared/expansionArt/roomArtManifest.data.ts	0	expansionArt.relPath	art/rooms/armory/state_trust_jericho.png	dgrsart-cdn	EXPANDED
apps/shared/expansionArt/roomArtManifest.data.ts	0	expansionArt.relPath	art/rooms/armory/state_tv_spreading.png	dgrsart-cdn	EXPANDED
apps/shared/expansionArt/roomArtManifest.data.ts	0	expansionArt.relPath	art/rooms/armory/state_unlock_combat.png	dgrsart-cdn	EXPANDED
apps/shared/expansionArt/roomArtManifest.data.ts	0	expansionArt.relPath	art/rooms/auction_house/baseline.png	dgrsart-cdn	EXPANDED
apps/shared/expansionArt/roomArtManifest.data.ts	0	expansionArt.relPath	art/rooms/auction_house/state_battlepass_winter.png	dgrsart-cdn	EXPANDED
apps/shared/expansionArt/roomArtManifest.data.ts	0	expansionArt.relPath	art/rooms/auction_house/state_cycle_longnight.png	dgrsart-cdn	EXPANDED
apps/shared/expansionArt/roomArtManifest.data.ts	0	expansionArt.relPath	art/rooms/auction_house/state_epoch_shadowtongue.png	dgrsart-cdn	EXPANDED
apps/shared/expansionArt/roomArtManifest.data.ts	0	expansionArt.relPath	art/rooms/auction_house/state_faction_authority.png	dgrsart-cdn	EXPANDED
apps/shared/expansionArt/roomArtManifest.data.ts	0	expansionArt.relPath	art/rooms/auction_house/state_governance_event.png	dgrsart-cdn	EXPANDED
apps/shared/expansionArt/roomArtManifest.data.ts	0	expansionArt.relPath	art/rooms/auction_house/state_investigation_tier.png	dgrsart-cdn	EXPANDED
apps/shared/expansionArt/roomArtManifest.data.ts	0	expansionArt.relPath	art/rooms/auction_house/state_morality_dark.png	dgrsart-cdn	EXPANDED
apps/shared/expansionArt/roomArtManifest.data.ts	0	expansionArt.relPath	art/rooms/auction_house/state_tv_spreading.png	dgrsart-cdn	EXPANDED
apps/shared/expansionArt/roomArtManifest.data.ts	0	expansionArt.relPath	art/rooms/bridge/baseline.png	dgrsart-cdn	EXPANDED
apps/shared/expansionArt/roomArtManifest.data.ts	0	expansionArt.relPath	art/rooms/bridge/state_act_tier_2.png	dgrsart-cdn	EXPANDED
apps/shared/expansionArt/roomArtManifest.data.ts	0	expansionArt.relPath	art/rooms/bridge/state_battlepass_winter.png	dgrsart-cdn	EXPANDED
apps/shared/expansionArt/roomArtManifest.data.ts	0	expansionArt.relPath	art/rooms/bridge/state_cycle_longnight.png	dgrsart-cdn	EXPANDED
apps/shared/expansionArt/roomArtManifest.data.ts	0	expansionArt.relPath	art/rooms/bridge/state_epoch_shadowtongue.png	dgrsart-cdn	EXPANDED
apps/shared/expansionArt/roomArtManifest.data.ts	0	expansionArt.relPath	art/rooms/bridge/state_faction_authority.png	dgrsart-cdn	EXPANDED
apps/shared/expansionArt/roomArtManifest.data.ts	0	expansionArt.relPath	art/rooms/bridge/state_faction_insurgency.png	dgrsart-cdn	EXPANDED
apps/shared/expansionArt/roomArtManifest.data.ts	0	expansionArt.relPath	art/rooms/bridge/state_governance_vote.png	dgrsart-cdn	EXPANDED
apps/shared/expansionArt/roomArtManifest.data.ts	0	expansionArt.relPath	art/rooms/bridge/state_investigation_tier.png	dgrsart-cdn	EXPANDED
apps/shared/expansionArt/roomArtManifest.data.ts	0	expansionArt.relPath	art/rooms/bridge/state_lore_elara_senator.png	dgrsart-cdn	EXPANDED
apps/shared/expansionArt/roomArtManifest.data.ts	0	expansionArt.relPath	art/rooms/bridge/state_morality_dark.png	dgrsart-cdn	EXPANDED
apps/shared/expansionArt/roomArtManifest.data.ts	0	expansionArt.relPath	art/rooms/bridge/state_season_closing.png	dgrsart-cdn	EXPANDED
apps/shared/expansionArt/roomArtManifest.data.ts	0	expansionArt.relPath	art/rooms/bridge/state_trust_elara_luminous.png	dgrsart-cdn	EXPANDED
apps/shared/expansionArt/roomArtManifest.data.ts	0	expansionArt.relPath	art/rooms/bridge/state_tv_spreading.png	dgrsart-cdn	EXPANDED
apps/shared/expansionArt/roomArtManifest.data.ts	0	expansionArt.relPath	art/rooms/bridge/state_unlock_trade_empire.png	dgrsart-cdn	EXPANDED
apps/shared/expansionArt/roomArtManifest.data.ts	0	expansionArt.relPath	art/rooms/cades_console/baseline.png	dgrsart-cdn	EXPANDED
apps/shared/expansionArt/roomArtManifest.data.ts	0	expansionArt.relPath	art/rooms/cades_console/state_act_tier2.png	dgrsart-cdn	EXPANDED
apps/shared/expansionArt/roomArtManifest.data.ts	0	expansionArt.relPath	art/rooms/cades_console/state_act_tier5.png	dgrsart-cdn	EXPANDED
apps/shared/expansionArt/roomArtManifest.data.ts	0	expansionArt.relPath	art/rooms/cades_console/state_act_tier7.png	dgrsart-cdn	EXPANDED
apps/shared/expansionArt/roomArtManifest.data.ts	0	expansionArt.relPath	art/rooms/cades_console/state_faction_authority.png	dgrsart-cdn	EXPANDED
apps/shared/expansionArt/roomArtManifest.data.ts	0	expansionArt.relPath	art/rooms/cades_console/state_irl_winter.png	dgrsart-cdn	EXPANDED
apps/shared/expansionArt/roomArtManifest.data.ts	0	expansionArt.relPath	art/rooms/cades_console/state_morality_dark.png	dgrsart-cdn	EXPANDED
apps/shared/expansionArt/roomArtManifest.data.ts	0	expansionArt.relPath	art/rooms/cades_console/state_season_interregnum.png	dgrsart-cdn	EXPANDED
apps/shared/expansionArt/roomArtManifest.data.ts	0	expansionArt.relPath	art/rooms/cades_console/state_tv_corrupted.png	dgrsart-cdn	EXPANDED
apps/shared/expansionArt/roomArtManifest.data.ts	0	expansionArt.relPath	art/rooms/captains_quarters/baseline.png	dgrsart-cdn	EXPANDED
apps/shared/expansionArt/roomArtManifest.data.ts	0	expansionArt.relPath	art/rooms/captains_quarters/state_act_tier_1.png	dgrsart-cdn	EXPANDED
apps/shared/expansionArt/roomArtManifest.data.ts	0	expansionArt.relPath	art/rooms/captains_quarters/state_act_tier_3.png	dgrsart-cdn	EXPANDED
apps/shared/expansionArt/roomArtManifest.data.ts	0	expansionArt.relPath	art/rooms/captains_quarters/state_act_tier_5.png	dgrsart-cdn	EXPANDED
apps/shared/expansionArt/roomArtManifest.data.ts	0	expansionArt.relPath	art/rooms/captains_quarters/state_battlepass_winter.png	dgrsart-cdn	EXPANDED
apps/shared/expansionArt/roomArtManifest.data.ts	0	expansionArt.relPath	art/rooms/captains_quarters/state_cycle_longnight.png	dgrsart-cdn	EXPANDED
apps/shared/expansionArt/roomArtManifest.data.ts	0	expansionArt.relPath	art/rooms/captains_quarters/state_epoch_shadowtongue.png	dgrsart-cdn	EXPANDED
apps/shared/expansionArt/roomArtManifest.data.ts	0	expansionArt.relPath	art/rooms/captains_quarters/state_governance_vote.png	dgrsart-cdn	EXPANDED
apps/shared/expansionArt/roomArtManifest.data.ts	0	expansionArt.relPath	art/rooms/captains_quarters/state_investigation_tier.png	dgrsart-cdn	EXPANDED
apps/shared/expansionArt/roomArtManifest.data.ts	0	expansionArt.relPath	art/rooms/captains_quarters/state_lore_captain_kael.png	dgrsart-cdn	EXPANDED
apps/shared/expansionArt/roomArtManifest.data.ts	0	expansionArt.relPath	art/rooms/captains_quarters/state_morality_dark.png	dgrsart-cdn	EXPANDED
apps/shared/expansionArt/roomArtManifest.data.ts	0	expansionArt.relPath	art/rooms/captains_quarters/state_trust_dmc_wary.png	dgrsart-cdn	EXPANDED
apps/shared/expansionArt/roomArtManifest.data.ts	0	expansionArt.relPath	art/rooms/captains_quarters/state_tv_spreading.png	dgrsart-cdn	EXPANDED
apps/shared/expansionArt/roomArtManifest.data.ts	0	expansionArt.relPath	art/rooms/captains_quarters/state_unlock_companion_hub.png	dgrsart-cdn	EXPANDED
apps/shared/expansionArt/roomArtManifest.data.ts	0	expansionArt.relPath	art/rooms/cargo_hold/baseline.png	dgrsart-cdn	EXPANDED
apps/shared/expansionArt/roomArtManifest.data.ts	0	expansionArt.relPath	art/rooms/cargo_hold/state_act_tier_2.png	dgrsart-cdn	EXPANDED
apps/shared/expansionArt/roomArtManifest.data.ts	0	expansionArt.relPath	art/rooms/cargo_hold/state_act_tier_4.png	dgrsart-cdn	EXPANDED
apps/shared/expansionArt/roomArtManifest.data.ts	0	expansionArt.relPath	art/rooms/cargo_hold/state_battlepass_winter.png	dgrsart-cdn	EXPANDED
apps/shared/expansionArt/roomArtManifest.data.ts	0	expansionArt.relPath	art/rooms/cargo_hold/state_cycle_longnight.png	dgrsart-cdn	EXPANDED
apps/shared/expansionArt/roomArtManifest.data.ts	0	expansionArt.relPath	art/rooms/cargo_hold/state_epoch_shadowtongue.png	dgrsart-cdn	EXPANDED
apps/shared/expansionArt/roomArtManifest.data.ts	0	expansionArt.relPath	art/rooms/cargo_hold/state_faction_authority.png	dgrsart-cdn	EXPANDED
apps/shared/expansionArt/roomArtManifest.data.ts	0	expansionArt.relPath	art/rooms/cargo_hold/state_governance_trade.png	dgrsart-cdn	EXPANDED
apps/shared/expansionArt/roomArtManifest.data.ts	0	expansionArt.relPath	art/rooms/cargo_hold/state_investigation_tier.png	dgrsart-cdn	EXPANDED
apps/shared/expansionArt/roomArtManifest.data.ts	0	expansionArt.relPath	art/rooms/cargo_hold/state_morality_dark.png	dgrsart-cdn	EXPANDED
apps/shared/expansionArt/roomArtManifest.data.ts	0	expansionArt.relPath	art/rooms/cargo_hold/state_season_interregnum.png	dgrsart-cdn	EXPANDED
apps/shared/expansionArt/roomArtManifest.data.ts	0	expansionArt.relPath	art/rooms/cargo_hold/state_tv_corrupted.png	dgrsart-cdn	EXPANDED
apps/shared/expansionArt/roomArtManifest.data.ts	0	expansionArt.relPath	art/rooms/cargo_hold/state_tv_spreading.png	dgrsart-cdn	EXPANDED
apps/shared/expansionArt/roomArtManifest.data.ts	0	expansionArt.relPath	art/rooms/cargo_hold/state_unlock_cosmetic.png	dgrsart-cdn	EXPANDED
apps/shared/expansionArt/roomArtManifest.data.ts	0	expansionArt.relPath	art/rooms/casino_floor/baseline.png	dgrsart-cdn	EXPANDED
apps/shared/expansionArt/roomArtManifest.data.ts	0	expansionArt.relPath	art/rooms/casino_floor/state_act_tier2.png	dgrsart-cdn	EXPANDED
apps/shared/expansionArt/roomArtManifest.data.ts	0	expansionArt.relPath	art/rooms/casino_floor/state_act_tier5.png	dgrsart-cdn	EXPANDED
apps/shared/expansionArt/roomArtManifest.data.ts	0	expansionArt.relPath	art/rooms/casino_floor/state_act_tier7.png	dgrsart-cdn	EXPANDED
apps/shared/expansionArt/roomArtManifest.data.ts	0	expansionArt.relPath	art/rooms/casino_floor/state_faction_insurgency.png	dgrsart-cdn	EXPANDED
apps/shared/expansionArt/roomArtManifest.data.ts	0	expansionArt.relPath	art/rooms/casino_floor/state_irl_winter.png	dgrsart-cdn	EXPANDED
apps/shared/expansionArt/roomArtManifest.data.ts	0	expansionArt.relPath	art/rooms/casino_floor/state_morality_dark.png	dgrsart-cdn	EXPANDED
apps/shared/expansionArt/roomArtManifest.data.ts	0	expansionArt.relPath	art/rooms/casino_floor/state_season_interregnum.png	dgrsart-cdn	EXPANDED
apps/shared/expansionArt/roomArtManifest.data.ts	0	expansionArt.relPath	art/rooms/casino_floor/state_tv_corrupted.png	dgrsart-cdn	EXPANDED
apps/shared/expansionArt/roomArtManifest.data.ts	0	expansionArt.relPath	art/rooms/chaos_forge/baseline.png	dgrsart-cdn	EXPANDED
apps/shared/expansionArt/roomArtManifest.data.ts	0	expansionArt.relPath	art/rooms/chaos_forge/state_battlepass_winter.png	dgrsart-cdn	EXPANDED
apps/shared/expansionArt/roomArtManifest.data.ts	0	expansionArt.relPath	art/rooms/chaos_forge/state_cycle_longnight.png	dgrsart-cdn	EXPANDED
apps/shared/expansionArt/roomArtManifest.data.ts	0	expansionArt.relPath	art/rooms/chaos_forge/state_epoch_shadowtongue.png	dgrsart-cdn	EXPANDED
apps/shared/expansionArt/roomArtManifest.data.ts	0	expansionArt.relPath	art/rooms/chaos_forge/state_faction_enemied.png	dgrsart-cdn	EXPANDED
apps/shared/expansionArt/roomArtManifest.data.ts	0	expansionArt.relPath	art/rooms/chaos_forge/state_governance_boost.png	dgrsart-cdn	EXPANDED
apps/shared/expansionArt/roomArtManifest.data.ts	0	expansionArt.relPath	art/rooms/chaos_forge/state_investigation_tier.png	dgrsart-cdn	EXPANDED
apps/shared/expansionArt/roomArtManifest.data.ts	0	expansionArt.relPath	art/rooms/chaos_forge/state_morality_dark.png	dgrsart-cdn	EXPANDED
apps/shared/expansionArt/roomArtManifest.data.ts	0	expansionArt.relPath	art/rooms/chaos_forge/state_tv_corrupted.png	dgrsart-cdn	EXPANDED
apps/shared/expansionArt/roomArtManifest.data.ts	0	expansionArt.relPath	art/rooms/chaos_forge/state_tv_spreading.png	dgrsart-cdn	EXPANDED
apps/shared/expansionArt/roomArtManifest.data.ts	0	expansionArt.relPath	art/rooms/chess_hall/baseline.png	dgrsart-cdn	EXPANDED
apps/shared/expansionArt/roomArtManifest.data.ts	0	expansionArt.relPath	art/rooms/chess_hall/state_act_tier2.png	dgrsart-cdn	EXPANDED
apps/shared/expansionArt/roomArtManifest.data.ts	0	expansionArt.relPath	art/rooms/chess_hall/state_act_tier5.png	dgrsart-cdn	EXPANDED
apps/shared/expansionArt/roomArtManifest.data.ts	0	expansionArt.relPath	art/rooms/chess_hall/state_act_tier7.png	dgrsart-cdn	EXPANDED
apps/shared/expansionArt/roomArtManifest.data.ts	0	expansionArt.relPath	art/rooms/chess_hall/state_faction_hierarchy.png	dgrsart-cdn	EXPANDED
apps/shared/expansionArt/roomArtManifest.data.ts	0	expansionArt.relPath	art/rooms/chess_hall/state_irl_winter.png	dgrsart-cdn	EXPANDED
apps/shared/expansionArt/roomArtManifest.data.ts	0	expansionArt.relPath	art/rooms/chess_hall/state_morality_dark.png	dgrsart-cdn	EXPANDED
apps/shared/expansionArt/roomArtManifest.data.ts	0	expansionArt.relPath	art/rooms/chess_hall/state_season_interregnum.png	dgrsart-cdn	EXPANDED
apps/shared/expansionArt/roomArtManifest.data.ts	0	expansionArt.relPath	art/rooms/chess_hall/state_tv_corrupted.png	dgrsart-cdn	EXPANDED
apps/shared/expansionArt/roomArtManifest.data.ts	0	expansionArt.relPath	art/rooms/cipher_den/baseline.png	dgrsart-cdn	EXPANDED
apps/shared/expansionArt/roomArtManifest.data.ts	0	expansionArt.relPath	art/rooms/cipher_den/state_battlepass_winter.png	dgrsart-cdn	EXPANDED
apps/shared/expansionArt/roomArtManifest.data.ts	0	expansionArt.relPath	art/rooms/cipher_den/state_cycle_longnight.png	dgrsart-cdn	EXPANDED
apps/shared/expansionArt/roomArtManifest.data.ts	0	expansionArt.relPath	art/rooms/cipher_den/state_epoch_shadowtongue.png	dgrsart-cdn	EXPANDED
apps/shared/expansionArt/roomArtManifest.data.ts	0	expansionArt.relPath	art/rooms/cipher_den/state_faction_insurgency.png	dgrsart-cdn	EXPANDED
apps/shared/expansionArt/roomArtManifest.data.ts	0	expansionArt.relPath	art/rooms/cipher_den/state_governance_uncorruption.png	dgrsart-cdn	EXPANDED
apps/shared/expansionArt/roomArtManifest.data.ts	0	expansionArt.relPath	art/rooms/cipher_den/state_investigation_tier.png	dgrsart-cdn	EXPANDED
apps/shared/expansionArt/roomArtManifest.data.ts	0	expansionArt.relPath	art/rooms/cipher_den/state_morality_dark.png	dgrsart-cdn	EXPANDED
apps/shared/expansionArt/roomArtManifest.data.ts	0	expansionArt.relPath	art/rooms/cipher_den/state_tv_spreading.png	dgrsart-cdn	EXPANDED
apps/shared/expansionArt/roomArtManifest.data.ts	0	expansionArt.relPath	art/rooms/comms_array/baseline.png	dgrsart-cdn	EXPANDED
apps/shared/expansionArt/roomArtManifest.data.ts	0	expansionArt.relPath	art/rooms/comms_array/state_act_tier_2.png	dgrsart-cdn	EXPANDED
apps/shared/expansionArt/roomArtManifest.data.ts	0	expansionArt.relPath	art/rooms/comms_array/state_battlepass_winter.png	dgrsart-cdn	EXPANDED
apps/shared/expansionArt/roomArtManifest.data.ts	0	expansionArt.relPath	art/rooms/comms_array/state_cycle_longnight.png	dgrsart-cdn	EXPANDED
apps/shared/expansionArt/roomArtManifest.data.ts	0	expansionArt.relPath	art/rooms/comms_array/state_epoch_shadowtongue.png	dgrsart-cdn	EXPANDED
apps/shared/expansionArt/roomArtManifest.data.ts	0	expansionArt.relPath	art/rooms/comms_array/state_faction_insurgency.png	dgrsart-cdn	EXPANDED
apps/shared/expansionArt/roomArtManifest.data.ts	0	expansionArt.relPath	art/rooms/comms_array/state_governance_blackout.png	dgrsart-cdn	EXPANDED
apps/shared/expansionArt/roomArtManifest.data.ts	0	expansionArt.relPath	art/rooms/comms_array/state_human_reveal_ghost.png	dgrsart-cdn	EXPANDED
apps/shared/expansionArt/roomArtManifest.data.ts	0	expansionArt.relPath	art/rooms/comms_array/state_investigation_tier.png	dgrsart-cdn	EXPANDED
apps/shared/expansionArt/roomArtManifest.data.ts	0	expansionArt.relPath	art/rooms/comms_array/state_morality_dark.png	dgrsart-cdn	EXPANDED
apps/shared/expansionArt/roomArtManifest.data.ts	0	expansionArt.relPath	art/rooms/comms_array/state_season_closing.png	dgrsart-cdn	EXPANDED
apps/shared/expansionArt/roomArtManifest.data.ts	0	expansionArt.relPath	art/rooms/comms_array/state_trust_human_warm.png	dgrsart-cdn	EXPANDED
apps/shared/expansionArt/roomArtManifest.data.ts	0	expansionArt.relPath	art/rooms/comms_array/state_tv_spreading.png	dgrsart-cdn	EXPANDED
apps/shared/expansionArt/roomArtManifest.data.ts	0	expansionArt.relPath	art/rooms/comms_array/state_unlock_cipher_den.png	dgrsart-cdn	EXPANDED
apps/shared/expansionArt/roomArtManifest.data.ts	0	expansionArt.relPath	art/rooms/cryo_bay/baseline.png	dgrsart-cdn	EXPANDED
apps/shared/expansionArt/roomArtManifest.data.ts	0	expansionArt.relPath	art/rooms/cryo_bay/state_act_tier_2.png	dgrsart-cdn	EXPANDED
apps/shared/expansionArt/roomArtManifest.data.ts	0	expansionArt.relPath	art/rooms/cryo_bay/state_battlepass_winter.png	dgrsart-cdn	EXPANDED
apps/shared/expansionArt/roomArtManifest.data.ts	0	expansionArt.relPath	art/rooms/cryo_bay/state_companion_trust.png	dgrsart-cdn	EXPANDED
apps/shared/expansionArt/roomArtManifest.data.ts	0	expansionArt.relPath	art/rooms/cryo_bay/state_cycle_longnight.png	dgrsart-cdn	EXPANDED
apps/shared/expansionArt/roomArtManifest.data.ts	0	expansionArt.relPath	art/rooms/cryo_bay/state_epoch_shadowtongue.png	dgrsart-cdn	EXPANDED
apps/shared/expansionArt/roomArtManifest.data.ts	0	expansionArt.relPath	art/rooms/cryo_bay/state_faction_insurgency.png	dgrsart-cdn	EXPANDED
apps/shared/expansionArt/roomArtManifest.data.ts	0	expansionArt.relPath	art/rooms/cryo_bay/state_governance_quarantine.png	dgrsart-cdn	EXPANDED
apps/shared/expansionArt/roomArtManifest.data.ts	0	expansionArt.relPath	art/rooms/cryo_bay/state_lore_ark_origins.png	dgrsart-cdn	EXPANDED
apps/shared/expansionArt/roomArtManifest.data.ts	0	expansionArt.relPath	art/rooms/cryo_bay/state_morality_dark.png	dgrsart-cdn	EXPANDED
apps/shared/expansionArt/roomArtManifest.data.ts	0	expansionArt.relPath	art/rooms/cryo_bay/state_season_closing.png	dgrsart-cdn	EXPANDED
apps/shared/expansionArt/roomArtManifest.data.ts	0	expansionArt.relPath	art/rooms/cryo_bay/state_system_unlock_crew.png	dgrsart-cdn	EXPANDED
apps/shared/expansionArt/roomArtManifest.data.ts	0	expansionArt.relPath	art/rooms/cryo_bay/state_trust_elara_luminous.png	dgrsart-cdn	EXPANDED
apps/shared/expansionArt/roomArtManifest.data.ts	0	expansionArt.relPath	art/rooms/cryo_bay/state_tv_spreading.png	dgrsart-cdn	EXPANDED
apps/shared/expansionArt/roomArtManifest.data.ts	0	expansionArt.relPath	art/rooms/daily_resource_board/baseline.png	dgrsart-cdn	EXPANDED
apps/shared/expansionArt/roomArtManifest.data.ts	0	expansionArt.relPath	art/rooms/daily_resource_board/state_act_tier2.png	dgrsart-cdn	EXPANDED
apps/shared/expansionArt/roomArtManifest.data.ts	0	expansionArt.relPath	art/rooms/daily_resource_board/state_act_tier5.png	dgrsart-cdn	EXPANDED
apps/shared/expansionArt/roomArtManifest.data.ts	0	expansionArt.relPath	art/rooms/daily_resource_board/state_act_tier7.png	dgrsart-cdn	EXPANDED
apps/shared/expansionArt/roomArtManifest.data.ts	0	expansionArt.relPath	art/rooms/daily_resource_board/state_faction_authority.png	dgrsart-cdn	EXPANDED
apps/shared/expansionArt/roomArtManifest.data.ts	0	expansionArt.relPath	art/rooms/daily_resource_board/state_irl_winter.png	dgrsart-cdn	EXPANDED
apps/shared/expansionArt/roomArtManifest.data.ts	0	expansionArt.relPath	art/rooms/daily_resource_board/state_morality_dark.png	dgrsart-cdn	EXPANDED
apps/shared/expansionArt/roomArtManifest.data.ts	0	expansionArt.relPath	art/rooms/daily_resource_board/state_season_interregnum.png	dgrsart-cdn	EXPANDED
apps/shared/expansionArt/roomArtManifest.data.ts	0	expansionArt.relPath	art/rooms/daily_resource_board/state_tv_corrupted.png	dgrsart-cdn	EXPANDED
apps/shared/expansionArt/roomArtManifest.data.ts	0	expansionArt.relPath	art/rooms/defense_command_center/baseline.png	dgrsart-cdn	EXPANDED
apps/shared/expansionArt/roomArtManifest.data.ts	0	expansionArt.relPath	art/rooms/defense_command_center/state_act_tier2.png	dgrsart-cdn	EXPANDED
apps/shared/expansionArt/roomArtManifest.data.ts	0	expansionArt.relPath	art/rooms/defense_command_center/state_act_tier5.png	dgrsart-cdn	EXPANDED
apps/shared/expansionArt/roomArtManifest.data.ts	0	expansionArt.relPath	art/rooms/defense_command_center/state_act_tier7.png	dgrsart-cdn	EXPANDED
apps/shared/expansionArt/roomArtManifest.data.ts	0	expansionArt.relPath	art/rooms/defense_command_center/state_faction_authority.png	dgrsart-cdn	EXPANDED
apps/shared/expansionArt/roomArtManifest.data.ts	0	expansionArt.relPath	art/rooms/defense_command_center/state_irl_winter.png	dgrsart-cdn	EXPANDED
apps/shared/expansionArt/roomArtManifest.data.ts	0	expansionArt.relPath	art/rooms/defense_command_center/state_morality_dark.png	dgrsart-cdn	EXPANDED
apps/shared/expansionArt/roomArtManifest.data.ts	0	expansionArt.relPath	art/rooms/defense_command_center/state_season_interregnum.png	dgrsart-cdn	EXPANDED
apps/shared/expansionArt/roomArtManifest.data.ts	0	expansionArt.relPath	art/rooms/defense_command_center/state_tv_corrupted.png	dgrsart-cdn	EXPANDED
apps/shared/expansionArt/roomArtManifest.data.ts	0	expansionArt.relPath	art/rooms/dreamers_sanctum/baseline.png	dgrsart-cdn	EXPANDED
apps/shared/expansionArt/roomArtManifest.data.ts	0	expansionArt.relPath	art/rooms/dreamers_sanctum/state_battlepass_winter.png	dgrsart-cdn	EXPANDED
apps/shared/expansionArt/roomArtManifest.data.ts	0	expansionArt.relPath	art/rooms/dreamers_sanctum/state_cycle_longnight.png	dgrsart-cdn	EXPANDED
apps/shared/expansionArt/roomArtManifest.data.ts	0	expansionArt.relPath	art/rooms/dreamers_sanctum/state_epoch_shadowtongue.png	dgrsart-cdn	EXPANDED
apps/shared/expansionArt/roomArtManifest.data.ts	0	expansionArt.relPath	art/rooms/dreamers_sanctum/state_governance_blessing.png	dgrsart-cdn	EXPANDED
apps/shared/expansionArt/roomArtManifest.data.ts	0	expansionArt.relPath	art/rooms/dreamers_sanctum/state_investigation_tier.png	dgrsart-cdn	EXPANDED
apps/shared/expansionArt/roomArtManifest.data.ts	0	expansionArt.relPath	art/rooms/dreamers_sanctum/state_morality_dark.png	dgrsart-cdn	EXPANDED
apps/shared/expansionArt/roomArtManifest.data.ts	0	expansionArt.relPath	art/rooms/dreamers_sanctum/state_tv_corrupted.png	dgrsart-cdn	EXPANDED
apps/shared/expansionArt/roomArtManifest.data.ts	0	expansionArt.relPath	art/rooms/dreamers_sanctum/state_tv_spreading.png	dgrsart-cdn	EXPANDED
apps/shared/expansionArt/roomArtManifest.data.ts	0	expansionArt.relPath	art/rooms/eidolon_sanctum/baseline.png	dgrsart-cdn	EXPANDED
apps/shared/expansionArt/roomArtManifest.data.ts	0	expansionArt.relPath	art/rooms/eidolon_sanctum/state_act_tier2.png	dgrsart-cdn	EXPANDED
apps/shared/expansionArt/roomArtManifest.data.ts	0	expansionArt.relPath	art/rooms/eidolon_sanctum/state_act_tier5.png	dgrsart-cdn	EXPANDED
apps/shared/expansionArt/roomArtManifest.data.ts	0	expansionArt.relPath	art/rooms/eidolon_sanctum/state_faction_dreamer.png	dgrsart-cdn	EXPANDED
apps/shared/expansionArt/roomArtManifest.data.ts	0	expansionArt.relPath	art/rooms/eidolon_sanctum/state_morality_dark.png	dgrsart-cdn	EXPANDED
apps/shared/expansionArt/roomArtManifest.data.ts	0	expansionArt.relPath	art/rooms/eidolon_sanctum/state_tv_corrupted.png	dgrsart-cdn	EXPANDED
apps/shared/expansionArt/roomArtManifest.data.ts	0	expansionArt.relPath	art/rooms/elemental_nexus/baseline.png	dgrsart-cdn	EXPANDED
apps/shared/expansionArt/roomArtManifest.data.ts	0	expansionArt.relPath	art/rooms/elemental_nexus/state_battlepass_winter.png	dgrsart-cdn	EXPANDED
apps/shared/expansionArt/roomArtManifest.data.ts	0	expansionArt.relPath	art/rooms/elemental_nexus/state_cycle_longnight.png	dgrsart-cdn	EXPANDED
apps/shared/expansionArt/roomArtManifest.data.ts	0	expansionArt.relPath	art/rooms/elemental_nexus/state_epoch_shadowtongue.png	dgrsart-cdn	EXPANDED
apps/shared/expansionArt/roomArtManifest.data.ts	0	expansionArt.relPath	art/rooms/elemental_nexus/state_governance_blessing.png	dgrsart-cdn	EXPANDED
apps/shared/expansionArt/roomArtManifest.data.ts	0	expansionArt.relPath	art/rooms/elemental_nexus/state_investigation_tier.png	dgrsart-cdn	EXPANDED
apps/shared/expansionArt/roomArtManifest.data.ts	0	expansionArt.relPath	art/rooms/elemental_nexus/state_morality_dark.png	dgrsart-cdn	EXPANDED
apps/shared/expansionArt/roomArtManifest.data.ts	0	expansionArt.relPath	art/rooms/elemental_nexus/state_tv_corrupted.png	dgrsart-cdn	EXPANDED
apps/shared/expansionArt/roomArtManifest.data.ts	0	expansionArt.relPath	art/rooms/elemental_nexus/state_tv_spreading.png	dgrsart-cdn	EXPANDED
apps/shared/expansionArt/roomArtManifest.data.ts	0	expansionArt.relPath	art/rooms/engineering_bay/baseline.png	dgrsart-cdn	EXPANDED
apps/shared/expansionArt/roomArtManifest.data.ts	0	expansionArt.relPath	art/rooms/engineering_bay/state_act_tier_3.png	dgrsart-cdn	EXPANDED
apps/shared/expansionArt/roomArtManifest.data.ts	0	expansionArt.relPath	art/rooms/engineering_bay/state_battlepass_winter.png	dgrsart-cdn	EXPANDED
apps/shared/expansionArt/roomArtManifest.data.ts	0	expansionArt.relPath	art/rooms/engineering_bay/state_cycle_longnight.png	dgrsart-cdn	EXPANDED
apps/shared/expansionArt/roomArtManifest.data.ts	0	expansionArt.relPath	art/rooms/engineering_bay/state_epoch_shadowtongue.png	dgrsart-cdn	EXPANDED
apps/shared/expansionArt/roomArtManifest.data.ts	0	expansionArt.relPath	art/rooms/engineering_bay/state_faction_insurgency.png	dgrsart-cdn	EXPANDED
apps/shared/expansionArt/roomArtManifest.data.ts	0	expansionArt.relPath	art/rooms/engineering_bay/state_governance_quarantine.png	dgrsart-cdn	EXPANDED
apps/shared/expansionArt/roomArtManifest.data.ts	0	expansionArt.relPath	art/rooms/engineering_bay/state_investigation_tier.png	dgrsart-cdn	EXPANDED
apps/shared/expansionArt/roomArtManifest.data.ts	0	expansionArt.relPath	art/rooms/engineering_bay/state_lore_shadowtongue_complete.png	dgrsart-cdn	EXPANDED
apps/shared/expansionArt/roomArtManifest.data.ts	0	expansionArt.relPath	art/rooms/engineering_bay/state_morality_dark.png	dgrsart-cdn	EXPANDED
apps/shared/expansionArt/roomArtManifest.data.ts	0	expansionArt.relPath	art/rooms/engineering_bay/state_trust_shadowtongue.png	dgrsart-cdn	EXPANDED
apps/shared/expansionArt/roomArtManifest.data.ts	0	expansionArt.relPath	art/rooms/engineering_bay/state_tv_spreading.png	dgrsart-cdn	EXPANDED
apps/shared/expansionArt/roomArtManifest.data.ts	0	expansionArt.relPath	art/rooms/engineering_bay/state_unlock_chaos.png	dgrsart-cdn	EXPANDED
apps/shared/expansionArt/roomArtManifest.data.ts	0	expansionArt.relPath	art/rooms/engineering_bay/state_unlock_crafting.png	dgrsart-cdn	EXPANDED
apps/shared/expansionArt/roomArtManifest.data.ts	0	expansionArt.relPath	art/rooms/engineering_core/baseline.png	dgrsart-cdn	EXPANDED
apps/shared/expansionArt/roomArtManifest.data.ts	0	expansionArt.relPath	art/rooms/engineering_core/state_battlepass_winter.png	dgrsart-cdn	EXPANDED
apps/shared/expansionArt/roomArtManifest.data.ts	0	expansionArt.relPath	art/rooms/engineering_core/state_cycle_longnight.png	dgrsart-cdn	EXPANDED
apps/shared/expansionArt/roomArtManifest.data.ts	0	expansionArt.relPath	art/rooms/engineering_core/state_epoch_shadowtongue.png	dgrsart-cdn	EXPANDED
apps/shared/expansionArt/roomArtManifest.data.ts	0	expansionArt.relPath	art/rooms/engineering_core/state_faction_ironlions.png	dgrsart-cdn	EXPANDED
apps/shared/expansionArt/roomArtManifest.data.ts	0	expansionArt.relPath	art/rooms/engineering_core/state_governance_combat.png	dgrsart-cdn	EXPANDED
apps/shared/expansionArt/roomArtManifest.data.ts	0	expansionArt.relPath	art/rooms/engineering_core/state_governance_quarantine.png	dgrsart-cdn	EXPANDED
apps/shared/expansionArt/roomArtManifest.data.ts	0	expansionArt.relPath	art/rooms/engineering_core/state_investigation_tier.png	dgrsart-cdn	EXPANDED
apps/shared/expansionArt/roomArtManifest.data.ts	0	expansionArt.relPath	art/rooms/engineering_core/state_morality_dark.png	dgrsart-cdn	EXPANDED
apps/shared/expansionArt/roomArtManifest.data.ts	0	expansionArt.relPath	art/rooms/engineering_core/state_tv_spreading.png	dgrsart-cdn	EXPANDED
apps/shared/expansionArt/roomArtManifest.data.ts	0	expansionArt.relPath	art/rooms/epoch_witness_conclave/baseline.png	dgrsart-cdn	EXPANDED
apps/shared/expansionArt/roomArtManifest.data.ts	0	expansionArt.relPath	art/rooms/epoch_witness_conclave/state_act_tier2.png	dgrsart-cdn	EXPANDED
apps/shared/expansionArt/roomArtManifest.data.ts	0	expansionArt.relPath	art/rooms/epoch_witness_conclave/state_act_tier5.png	dgrsart-cdn	EXPANDED
apps/shared/expansionArt/roomArtManifest.data.ts	0	expansionArt.relPath	art/rooms/epoch_witness_conclave/state_act_tier7.png	dgrsart-cdn	EXPANDED
apps/shared/expansionArt/roomArtManifest.data.ts	0	expansionArt.relPath	art/rooms/epoch_witness_conclave/state_faction_watcher.png	dgrsart-cdn	EXPANDED
apps/shared/expansionArt/roomArtManifest.data.ts	0	expansionArt.relPath	art/rooms/epoch_witness_conclave/state_irl_winter.png	dgrsart-cdn	EXPANDED
apps/shared/expansionArt/roomArtManifest.data.ts	0	expansionArt.relPath	art/rooms/epoch_witness_conclave/state_morality_dark.png	dgrsart-cdn	EXPANDED
apps/shared/expansionArt/roomArtManifest.data.ts	0	expansionArt.relPath	art/rooms/epoch_witness_conclave/state_season_interregnum.png	dgrsart-cdn	EXPANDED
apps/shared/expansionArt/roomArtManifest.data.ts	0	expansionArt.relPath	art/rooms/epoch_witness_conclave/state_tv_corrupted.png	dgrsart-cdn	EXPANDED
apps/shared/expansionArt/roomArtManifest.data.ts	0	expansionArt.relPath	art/rooms/faction_succession_monument/baseline.png	dgrsart-cdn	EXPANDED
apps/shared/expansionArt/roomArtManifest.data.ts	0	expansionArt.relPath	art/rooms/faction_succession_monument/state_act_tier2.png	dgrsart-cdn	EXPANDED
apps/shared/expansionArt/roomArtManifest.data.ts	0	expansionArt.relPath	art/rooms/faction_succession_monument/state_act_tier5.png	dgrsart-cdn	EXPANDED
apps/shared/expansionArt/roomArtManifest.data.ts	0	expansionArt.relPath	art/rooms/faction_succession_monument/state_act_tier7.png	dgrsart-cdn	EXPANDED
apps/shared/expansionArt/roomArtManifest.data.ts	0	expansionArt.relPath	art/rooms/faction_succession_monument/state_faction_hierarchy.png	dgrsart-cdn	EXPANDED
apps/shared/expansionArt/roomArtManifest.data.ts	0	expansionArt.relPath	art/rooms/faction_succession_monument/state_irl_winter.png	dgrsart-cdn	EXPANDED
apps/shared/expansionArt/roomArtManifest.data.ts	0	expansionArt.relPath	art/rooms/faction_succession_monument/state_morality_dark.png	dgrsart-cdn	EXPANDED
apps/shared/expansionArt/roomArtManifest.data.ts	0	expansionArt.relPath	art/rooms/faction_succession_monument/state_season_interregnum.png	dgrsart-cdn	EXPANDED
apps/shared/expansionArt/roomArtManifest.data.ts	0	expansionArt.relPath	art/rooms/faction_succession_monument/state_tv_corrupted.png	dgrsart-cdn	EXPANDED
apps/shared/expansionArt/roomArtManifest.data.ts	0	expansionArt.relPath	art/rooms/forge_workshop/baseline.png	dgrsart-cdn	EXPANDED
apps/shared/expansionArt/roomArtManifest.data.ts	0	expansionArt.relPath	art/rooms/forge_workshop/state_act_tier_3.png	dgrsart-cdn	EXPANDED
apps/shared/expansionArt/roomArtManifest.data.ts	0	expansionArt.relPath	art/rooms/forge_workshop/state_act_tier_7.png	dgrsart-cdn	EXPANDED
apps/shared/expansionArt/roomArtManifest.data.ts	0	expansionArt.relPath	art/rooms/forge_workshop/state_battlepass_winter.png	dgrsart-cdn	EXPANDED
apps/shared/expansionArt/roomArtManifest.data.ts	0	expansionArt.relPath	art/rooms/forge_workshop/state_cycle_longnight.png	dgrsart-cdn	EXPANDED
apps/shared/expansionArt/roomArtManifest.data.ts	0	expansionArt.relPath	art/rooms/forge_workshop/state_epoch_shadowtongue.png	dgrsart-cdn	EXPANDED
apps/shared/expansionArt/roomArtManifest.data.ts	0	expansionArt.relPath	art/rooms/forge_workshop/state_faction_insurgency.png	dgrsart-cdn	EXPANDED
apps/shared/expansionArt/roomArtManifest.data.ts	0	expansionArt.relPath	art/rooms/forge_workshop/state_governance_quarantine.png	dgrsart-cdn	EXPANDED
apps/shared/expansionArt/roomArtManifest.data.ts	0	expansionArt.relPath	art/rooms/forge_workshop/state_investigation_tier.png	dgrsart-cdn	EXPANDED
apps/shared/expansionArt/roomArtManifest.data.ts	0	expansionArt.relPath	art/rooms/forge_workshop/state_morality_dark.png	dgrsart-cdn	EXPANDED
apps/shared/expansionArt/roomArtManifest.data.ts	0	expansionArt.relPath	art/rooms/forge_workshop/state_tv_corrupted.png	dgrsart-cdn	EXPANDED
apps/shared/expansionArt/roomArtManifest.data.ts	0	expansionArt.relPath	art/rooms/forge_workshop/state_tv_spreading.png	dgrsart-cdn	EXPANDED
apps/shared/expansionArt/roomArtManifest.data.ts	0	expansionArt.relPath	art/rooms/forge_workshop/state_unlock_apprentice.png	dgrsart-cdn	EXPANDED
apps/shared/expansionArt/roomArtManifest.data.ts	0	expansionArt.relPath	art/rooms/forge_workshop/state_unlock_mastered.png	dgrsart-cdn	EXPANDED
apps/shared/expansionArt/roomArtManifest.data.ts	0	expansionArt.relPath	art/rooms/game_masters_sanctum/baseline.png	dgrsart-cdn	EXPANDED
apps/shared/expansionArt/roomArtManifest.data.ts	0	expansionArt.relPath	art/rooms/game_masters_sanctum/state_act_tier2.png	dgrsart-cdn	EXPANDED
apps/shared/expansionArt/roomArtManifest.data.ts	0	expansionArt.relPath	art/rooms/game_masters_sanctum/state_act_tier5.png	dgrsart-cdn	EXPANDED
apps/shared/expansionArt/roomArtManifest.data.ts	0	expansionArt.relPath	art/rooms/game_masters_sanctum/state_act_tier7.png	dgrsart-cdn	EXPANDED
apps/shared/expansionArt/roomArtManifest.data.ts	0	expansionArt.relPath	art/rooms/game_masters_sanctum/state_faction_hierarchy.png	dgrsart-cdn	EXPANDED
apps/shared/expansionArt/roomArtManifest.data.ts	0	expansionArt.relPath	art/rooms/game_masters_sanctum/state_irl_winter.png	dgrsart-cdn	EXPANDED
apps/shared/expansionArt/roomArtManifest.data.ts	0	expansionArt.relPath	art/rooms/game_masters_sanctum/state_morality_dark.png	dgrsart-cdn	EXPANDED
apps/shared/expansionArt/roomArtManifest.data.ts	0	expansionArt.relPath	art/rooms/game_masters_sanctum/state_season_interregnum.png	dgrsart-cdn	EXPANDED
apps/shared/expansionArt/roomArtManifest.data.ts	0	expansionArt.relPath	art/rooms/game_masters_sanctum/state_tv_corrupted.png	dgrsart-cdn	EXPANDED
apps/shared/expansionArt/roomArtManifest.data.ts	0	expansionArt.relPath	art/rooms/governance_chamber/baseline.png	dgrsart-cdn	EXPANDED
apps/shared/expansionArt/roomArtManifest.data.ts	0	expansionArt.relPath	art/rooms/governance_chamber/state_act_tier2.png	dgrsart-cdn	EXPANDED
apps/shared/expansionArt/roomArtManifest.data.ts	0	expansionArt.relPath	art/rooms/governance_chamber/state_act_tier5.png	dgrsart-cdn	EXPANDED
apps/shared/expansionArt/roomArtManifest.data.ts	0	expansionArt.relPath	art/rooms/governance_chamber/state_act_tier7.png	dgrsart-cdn	EXPANDED
apps/shared/expansionArt/roomArtManifest.data.ts	0	expansionArt.relPath	art/rooms/governance_chamber/state_faction_authority.png	dgrsart-cdn	EXPANDED
apps/shared/expansionArt/roomArtManifest.data.ts	0	expansionArt.relPath	art/rooms/governance_chamber/state_irl_winter.png	dgrsart-cdn	EXPANDED
apps/shared/expansionArt/roomArtManifest.data.ts	0	expansionArt.relPath	art/rooms/governance_chamber/state_morality_dark.png	dgrsart-cdn	EXPANDED
apps/shared/expansionArt/roomArtManifest.data.ts	0	expansionArt.relPath	art/rooms/governance_chamber/state_season_interregnum.png	dgrsart-cdn	EXPANDED
apps/shared/expansionArt/roomArtManifest.data.ts	0	expansionArt.relPath	art/rooms/governance_chamber/state_tv_corrupted.png	dgrsart-cdn	EXPANDED
apps/shared/expansionArt/roomArtManifest.data.ts	0	expansionArt.relPath	art/rooms/grand_masters_sanctum/baseline.png	dgrsart-cdn	EXPANDED
apps/shared/expansionArt/roomArtManifest.data.ts	0	expansionArt.relPath	art/rooms/grand_masters_sanctum/state_act_tier2.png	dgrsart-cdn	EXPANDED
apps/shared/expansionArt/roomArtManifest.data.ts	0	expansionArt.relPath	art/rooms/grand_masters_sanctum/state_act_tier5.png	dgrsart-cdn	EXPANDED
apps/shared/expansionArt/roomArtManifest.data.ts	0	expansionArt.relPath	art/rooms/grand_masters_sanctum/state_act_tier7.png	dgrsart-cdn	EXPANDED
apps/shared/expansionArt/roomArtManifest.data.ts	0	expansionArt.relPath	art/rooms/grand_masters_sanctum/state_faction_hierarchy.png	dgrsart-cdn	EXPANDED
apps/shared/expansionArt/roomArtManifest.data.ts	0	expansionArt.relPath	art/rooms/grand_masters_sanctum/state_irl_winter.png	dgrsart-cdn	EXPANDED
apps/shared/expansionArt/roomArtManifest.data.ts	0	expansionArt.relPath	art/rooms/grand_masters_sanctum/state_morality_dark.png	dgrsart-cdn	EXPANDED
apps/shared/expansionArt/roomArtManifest.data.ts	0	expansionArt.relPath	art/rooms/grand_masters_sanctum/state_season_interregnum.png	dgrsart-cdn	EXPANDED
apps/shared/expansionArt/roomArtManifest.data.ts	0	expansionArt.relPath	art/rooms/grand_masters_sanctum/state_tv_corrupted.png	dgrsart-cdn	EXPANDED
apps/shared/expansionArt/roomArtManifest.data.ts	0	expansionArt.relPath	art/rooms/guild_sanctum/baseline.png	dgrsart-cdn	EXPANDED
apps/shared/expansionArt/roomArtManifest.data.ts	0	expansionArt.relPath	art/rooms/guild_sanctum/state_battlepass_winter.png	dgrsart-cdn	EXPANDED
apps/shared/expansionArt/roomArtManifest.data.ts	0	expansionArt.relPath	art/rooms/guild_sanctum/state_cycle_longnight.png	dgrsart-cdn	EXPANDED
apps/shared/expansionArt/roomArtManifest.data.ts	0	expansionArt.relPath	art/rooms/guild_sanctum/state_epoch_shadowtongue.png	dgrsart-cdn	EXPANDED
apps/shared/expansionArt/roomArtManifest.data.ts	0	expansionArt.relPath	art/rooms/guild_sanctum/state_event_succession.png	dgrsart-cdn	EXPANDED
apps/shared/expansionArt/roomArtManifest.data.ts	0	expansionArt.relPath	art/rooms/guild_sanctum/state_faction_insurgency.png	dgrsart-cdn	EXPANDED
apps/shared/expansionArt/roomArtManifest.data.ts	0	expansionArt.relPath	art/rooms/guild_sanctum/state_governance_treasury.png	dgrsart-cdn	EXPANDED
apps/shared/expansionArt/roomArtManifest.data.ts	0	expansionArt.relPath	art/rooms/guild_sanctum/state_investigation_tier.png	dgrsart-cdn	EXPANDED
apps/shared/expansionArt/roomArtManifest.data.ts	0	expansionArt.relPath	art/rooms/guild_sanctum/state_morality_dark.png	dgrsart-cdn	EXPANDED
apps/shared/expansionArt/roomArtManifest.data.ts	0	expansionArt.relPath	art/rooms/guild_sanctum/state_season_closing.png	dgrsart-cdn	EXPANDED
apps/shared/expansionArt/roomArtManifest.data.ts	0	expansionArt.relPath	art/rooms/guild_sanctum/state_season_interregnum.png	dgrsart-cdn	EXPANDED
apps/shared/expansionArt/roomArtManifest.data.ts	0	expansionArt.relPath	art/rooms/guild_sanctum/state_tv_spreading.png	dgrsart-cdn	EXPANDED
apps/shared/expansionArt/roomArtManifest.data.ts	0	expansionArt.relPath	art/rooms/guild_sanctum/state_unlock_tier_2.png	dgrsart-cdn	EXPANDED
apps/shared/expansionArt/roomArtManifest.data.ts	0	expansionArt.relPath	art/rooms/guild_sanctum/state_unlock_tier_5.png	dgrsart-cdn	EXPANDED
apps/shared/expansionArt/roomArtManifest.data.ts	0	expansionArt.relPath	art/rooms/hierarchy_throne/baseline.png	dgrsart-cdn	EXPANDED
apps/shared/expansionArt/roomArtManifest.data.ts	0	expansionArt.relPath	art/rooms/hierarchy_throne/state_battlepass_winter.png	dgrsart-cdn	EXPANDED
apps/shared/expansionArt/roomArtManifest.data.ts	0	expansionArt.relPath	art/rooms/hierarchy_throne/state_cycle_longnight.png	dgrsart-cdn	EXPANDED
apps/shared/expansionArt/roomArtManifest.data.ts	0	expansionArt.relPath	art/rooms/hierarchy_throne/state_epoch_shadowtongue.png	dgrsart-cdn	EXPANDED
apps/shared/expansionArt/roomArtManifest.data.ts	0	expansionArt.relPath	art/rooms/hierarchy_throne/state_faction_hierarchy.png	dgrsart-cdn	EXPANDED
apps/shared/expansionArt/roomArtManifest.data.ts	0	expansionArt.relPath	art/rooms/hierarchy_throne/state_governance_blessing.png	dgrsart-cdn	EXPANDED
apps/shared/expansionArt/roomArtManifest.data.ts	0	expansionArt.relPath	art/rooms/hierarchy_throne/state_hellbox_active.png	dgrsart-cdn	EXPANDED
apps/shared/expansionArt/roomArtManifest.data.ts	0	expansionArt.relPath	art/rooms/hierarchy_throne/state_investigation_tier.png	dgrsart-cdn	EXPANDED
apps/shared/expansionArt/roomArtManifest.data.ts	0	expansionArt.relPath	art/rooms/hierarchy_throne/state_morality_dark.png	dgrsart-cdn	EXPANDED
apps/shared/expansionArt/roomArtManifest.data.ts	0	expansionArt.relPath	art/rooms/hierarchy_throne/state_tv_corrupted.png	dgrsart-cdn	EXPANDED
apps/shared/expansionArt/roomArtManifest.data.ts	0	expansionArt.relPath	art/rooms/hierarchy_throne/state_tv_spreading.png	dgrsart-cdn	EXPANDED
apps/shared/expansionArt/roomArtManifest.data.ts	0	expansionArt.relPath	art/rooms/medical_bay/baseline.png	dgrsart-cdn	EXPANDED
apps/shared/expansionArt/roomArtManifest.data.ts	0	expansionArt.relPath	art/rooms/medical_bay/state_act_tier_2.png	dgrsart-cdn	EXPANDED
apps/shared/expansionArt/roomArtManifest.data.ts	0	expansionArt.relPath	art/rooms/medical_bay/state_battlepass_winter.png	dgrsart-cdn	EXPANDED
apps/shared/expansionArt/roomArtManifest.data.ts	0	expansionArt.relPath	art/rooms/medical_bay/state_companion_trust.png	dgrsart-cdn	EXPANDED
apps/shared/expansionArt/roomArtManifest.data.ts	0	expansionArt.relPath	art/rooms/medical_bay/state_cycle_longnight.png	dgrsart-cdn	EXPANDED
apps/shared/expansionArt/roomArtManifest.data.ts	0	expansionArt.relPath	art/rooms/medical_bay/state_epoch_shadowtongue.png	dgrsart-cdn	EXPANDED
apps/shared/expansionArt/roomArtManifest.data.ts	0	expansionArt.relPath	art/rooms/medical_bay/state_faction_hierarchy.png	dgrsart-cdn	EXPANDED
apps/shared/expansionArt/roomArtManifest.data.ts	0	expansionArt.relPath	art/rooms/medical_bay/state_governance_quarantine.png	dgrsart-cdn	EXPANDED
apps/shared/expansionArt/roomArtManifest.data.ts	0	expansionArt.relPath	art/rooms/medical_bay/state_investigation_device_awakened.png	dgrsart-cdn	EXPANDED
apps/shared/expansionArt/roomArtManifest.data.ts	0	expansionArt.relPath	art/rooms/medical_bay/state_lore_research_vessel.png	dgrsart-cdn	EXPANDED
apps/shared/expansionArt/roomArtManifest.data.ts	0	expansionArt.relPath	art/rooms/medical_bay/state_morality_dark.png	dgrsart-cdn	EXPANDED
apps/shared/expansionArt/roomArtManifest.data.ts	0	expansionArt.relPath	art/rooms/medical_bay/state_season_closing.png	dgrsart-cdn	EXPANDED
apps/shared/expansionArt/roomArtManifest.data.ts	0	expansionArt.relPath	art/rooms/medical_bay/state_trust_vex_confidant.png	dgrsart-cdn	EXPANDED
apps/shared/expansionArt/roomArtManifest.data.ts	0	expansionArt.relPath	art/rooms/medical_bay/state_tv_spreading.png	dgrsart-cdn	EXPANDED
apps/shared/expansionArt/roomArtManifest.data.ts	0	expansionArt.relPath	art/rooms/medical_bay/state_unlock_hellbox.png	dgrsart-cdn	EXPANDED
apps/shared/expansionArt/roomArtManifest.data.ts	0	expansionArt.relPath	art/rooms/meditation_garden/baseline.png	dgrsart-cdn	EXPANDED
apps/shared/expansionArt/roomArtManifest.data.ts	0	expansionArt.relPath	art/rooms/meditation_garden/state_battlepass_winter.png	dgrsart-cdn	EXPANDED
apps/shared/expansionArt/roomArtManifest.data.ts	0	expansionArt.relPath	art/rooms/meditation_garden/state_cycle_longnight.png	dgrsart-cdn	EXPANDED
apps/shared/expansionArt/roomArtManifest.data.ts	0	expansionArt.relPath	art/rooms/meditation_garden/state_epoch_shadowtongue.png	dgrsart-cdn	EXPANDED
apps/shared/expansionArt/roomArtManifest.data.ts	0	expansionArt.relPath	art/rooms/meditation_garden/state_governance_harmony.png	dgrsart-cdn	EXPANDED
apps/shared/expansionArt/roomArtManifest.data.ts	0	expansionArt.relPath	art/rooms/meditation_garden/state_investigation_tier.png	dgrsart-cdn	EXPANDED
apps/shared/expansionArt/roomArtManifest.data.ts	0	expansionArt.relPath	art/rooms/meditation_garden/state_morality_dark.png	dgrsart-cdn	EXPANDED
apps/shared/expansionArt/roomArtManifest.data.ts	0	expansionArt.relPath	art/rooms/meditation_garden/state_tv_corrupted.png	dgrsart-cdn	EXPANDED
apps/shared/expansionArt/roomArtManifest.data.ts	0	expansionArt.relPath	art/rooms/meditation_garden/state_tv_spreading.png	dgrsart-cdn	EXPANDED
apps/shared/expansionArt/roomArtManifest.data.ts	0	expansionArt.relPath	art/rooms/memorial_corridor/baseline.png	dgrsart-cdn	EXPANDED
apps/shared/expansionArt/roomArtManifest.data.ts	0	expansionArt.relPath	art/rooms/memorial_corridor/state_battlepass_winter.png	dgrsart-cdn	EXPANDED
apps/shared/expansionArt/roomArtManifest.data.ts	0	expansionArt.relPath	art/rooms/memorial_corridor/state_cycle_longnight.png	dgrsart-cdn	EXPANDED
apps/shared/expansionArt/roomArtManifest.data.ts	0	expansionArt.relPath	art/rooms/memorial_corridor/state_epoch_shadowtongue.png	dgrsart-cdn	EXPANDED
apps/shared/expansionArt/roomArtManifest.data.ts	0	expansionArt.relPath	art/rooms/memorial_corridor/state_governance_memorial.png	dgrsart-cdn	EXPANDED
apps/shared/expansionArt/roomArtManifest.data.ts	0	expansionArt.relPath	art/rooms/memorial_corridor/state_investigation_tier.png	dgrsart-cdn	EXPANDED
apps/shared/expansionArt/roomArtManifest.data.ts	0	expansionArt.relPath	art/rooms/memorial_corridor/state_morality_dark.png	dgrsart-cdn	EXPANDED
apps/shared/expansionArt/roomArtManifest.data.ts	0	expansionArt.relPath	art/rooms/memorial_corridor/state_tv_spreading.png	dgrsart-cdn	EXPANDED
apps/shared/expansionArt/roomArtManifest.data.ts	0	expansionArt.relPath	art/rooms/nexus_point_sanctum/baseline.png	dgrsart-cdn	EXPANDED
apps/shared/expansionArt/roomArtManifest.data.ts	0	expansionArt.relPath	art/rooms/observation_deck/baseline.png	dgrsart-cdn	EXPANDED
apps/shared/expansionArt/roomArtManifest.data.ts	0	expansionArt.relPath	art/rooms/observation_deck/state_act_tier_2.png	dgrsart-cdn	EXPANDED
apps/shared/expansionArt/roomArtManifest.data.ts	0	expansionArt.relPath	art/rooms/observation_deck/state_battlepass_winter.png	dgrsart-cdn	EXPANDED
apps/shared/expansionArt/roomArtManifest.data.ts	0	expansionArt.relPath	art/rooms/observation_deck/state_cycle_longnight.png	dgrsart-cdn	EXPANDED
apps/shared/expansionArt/roomArtManifest.data.ts	0	expansionArt.relPath	art/rooms/observation_deck/state_epoch_shadowtongue.png	dgrsart-cdn	EXPANDED
apps/shared/expansionArt/roomArtManifest.data.ts	0	expansionArt.relPath	art/rooms/observation_deck/state_faction_dreamer.png	dgrsart-cdn	EXPANDED
apps/shared/expansionArt/roomArtManifest.data.ts	0	expansionArt.relPath	art/rooms/observation_deck/state_governance_classified.png	dgrsart-cdn	EXPANDED
apps/shared/expansionArt/roomArtManifest.data.ts	0	expansionArt.relPath	art/rooms/observation_deck/state_investigation_tier.png	dgrsart-cdn	EXPANDED
apps/shared/expansionArt/roomArtManifest.data.ts	0	expansionArt.relPath	art/rooms/observation_deck/state_lore_architect.png	dgrsart-cdn	EXPANDED
apps/shared/expansionArt/roomArtManifest.data.ts	0	expansionArt.relPath	art/rooms/observation_deck/state_morality_dark.png	dgrsart-cdn	EXPANDED
apps/shared/expansionArt/roomArtManifest.data.ts	0	expansionArt.relPath	art/rooms/observation_deck/state_season_interregnum.png	dgrsart-cdn	EXPANDED
apps/shared/expansionArt/roomArtManifest.data.ts	0	expansionArt.relPath	art/rooms/observation_deck/state_trust_eidolon_resonant.png	dgrsart-cdn	EXPANDED
apps/shared/expansionArt/roomArtManifest.data.ts	0	expansionArt.relPath	art/rooms/observation_deck/state_tv_spreading.png	dgrsart-cdn	EXPANDED
apps/shared/expansionArt/roomArtManifest.data.ts	0	expansionArt.relPath	art/rooms/observation_deck/state_unlock_memorial.png	dgrsart-cdn	EXPANDED
apps/shared/expansionArt/roomArtManifest.data.ts	0	expansionArt.relPath	art/rooms/oracle_annual_sanctum/baseline.png	dgrsart-cdn	EXPANDED
apps/shared/expansionArt/roomArtManifest.data.ts	0	expansionArt.relPath	art/rooms/oracle_annual_sanctum/state_act_tier2.png	dgrsart-cdn	EXPANDED
apps/shared/expansionArt/roomArtManifest.data.ts	0	expansionArt.relPath	art/rooms/oracle_annual_sanctum/state_act_tier5.png	dgrsart-cdn	EXPANDED
apps/shared/expansionArt/roomArtManifest.data.ts	0	expansionArt.relPath	art/rooms/oracle_annual_sanctum/state_act_tier7.png	dgrsart-cdn	EXPANDED
apps/shared/expansionArt/roomArtManifest.data.ts	0	expansionArt.relPath	art/rooms/oracle_annual_sanctum/state_faction_watcher.png	dgrsart-cdn	EXPANDED
apps/shared/expansionArt/roomArtManifest.data.ts	0	expansionArt.relPath	art/rooms/oracle_annual_sanctum/state_irl_winter.png	dgrsart-cdn	EXPANDED
apps/shared/expansionArt/roomArtManifest.data.ts	0	expansionArt.relPath	art/rooms/oracle_annual_sanctum/state_morality_dark.png	dgrsart-cdn	EXPANDED
apps/shared/expansionArt/roomArtManifest.data.ts	0	expansionArt.relPath	art/rooms/oracle_annual_sanctum/state_season_interregnum.png	dgrsart-cdn	EXPANDED
apps/shared/expansionArt/roomArtManifest.data.ts	0	expansionArt.relPath	art/rooms/oracle_annual_sanctum/state_tv_corrupted.png	dgrsart-cdn	EXPANDED
apps/shared/expansionArt/roomArtManifest.data.ts	0	expansionArt.relPath	art/rooms/oracle_sanctum/baseline.png	dgrsart-cdn	EXPANDED
apps/shared/expansionArt/roomArtManifest.data.ts	0	expansionArt.relPath	art/rooms/oracle_sanctum/state_battlepass_winter.png	dgrsart-cdn	EXPANDED
apps/shared/expansionArt/roomArtManifest.data.ts	0	expansionArt.relPath	art/rooms/oracle_sanctum/state_cycle_longnight.png	dgrsart-cdn	EXPANDED
apps/shared/expansionArt/roomArtManifest.data.ts	0	expansionArt.relPath	art/rooms/oracle_sanctum/state_epoch_shadowtongue.png	dgrsart-cdn	EXPANDED
apps/shared/expansionArt/roomArtManifest.data.ts	0	expansionArt.relPath	art/rooms/oracle_sanctum/state_faction_antiquarian.png	dgrsart-cdn	EXPANDED
apps/shared/expansionArt/roomArtManifest.data.ts	0	expansionArt.relPath	art/rooms/oracle_sanctum/state_governance_blessing.png	dgrsart-cdn	EXPANDED
apps/shared/expansionArt/roomArtManifest.data.ts	0	expansionArt.relPath	art/rooms/oracle_sanctum/state_investigation_tier.png	dgrsart-cdn	EXPANDED
apps/shared/expansionArt/roomArtManifest.data.ts	0	expansionArt.relPath	art/rooms/oracle_sanctum/state_morality_dark.png	dgrsart-cdn	EXPANDED
apps/shared/expansionArt/roomArtManifest.data.ts	0	expansionArt.relPath	art/rooms/oracle_sanctum/state_tv_corrupted.png	dgrsart-cdn	EXPANDED
apps/shared/expansionArt/roomArtManifest.data.ts	0	expansionArt.relPath	art/rooms/oracle_sanctum/state_tv_spreading.png	dgrsart-cdn	EXPANDED
apps/shared/expansionArt/roomArtManifest.data.ts	0	expansionArt.relPath	art/rooms/order_tribunal/baseline.png	dgrsart-cdn	EXPANDED
apps/shared/expansionArt/roomArtManifest.data.ts	0	expansionArt.relPath	art/rooms/order_tribunal/state_act_tier2.png	dgrsart-cdn	EXPANDED
apps/shared/expansionArt/roomArtManifest.data.ts	0	expansionArt.relPath	art/rooms/order_tribunal/state_act_tier5.png	dgrsart-cdn	EXPANDED
apps/shared/expansionArt/roomArtManifest.data.ts	0	expansionArt.relPath	art/rooms/order_tribunal/state_act_tier7.png	dgrsart-cdn	EXPANDED
apps/shared/expansionArt/roomArtManifest.data.ts	0	expansionArt.relPath	art/rooms/order_tribunal/state_faction_hierarchy.png	dgrsart-cdn	EXPANDED
apps/shared/expansionArt/roomArtManifest.data.ts	0	expansionArt.relPath	art/rooms/order_tribunal/state_irl_winter.png	dgrsart-cdn	EXPANDED
apps/shared/expansionArt/roomArtManifest.data.ts	0	expansionArt.relPath	art/rooms/order_tribunal/state_morality_dark.png	dgrsart-cdn	EXPANDED
apps/shared/expansionArt/roomArtManifest.data.ts	0	expansionArt.relPath	art/rooms/order_tribunal/state_season_interregnum.png	dgrsart-cdn	EXPANDED
apps/shared/expansionArt/roomArtManifest.data.ts	0	expansionArt.relPath	art/rooms/order_tribunal/state_tv_corrupted.png	dgrsart-cdn	EXPANDED
apps/shared/expansionArt/roomArtManifest.data.ts	0	expansionArt.relPath	art/rooms/pedagogy_hall/baseline.png	dgrsart-cdn	EXPANDED
apps/shared/expansionArt/roomArtManifest.data.ts	0	expansionArt.relPath	art/rooms/pedagogy_hall/state_act_tier2.png	dgrsart-cdn	EXPANDED
apps/shared/expansionArt/roomArtManifest.data.ts	0	expansionArt.relPath	art/rooms/pedagogy_hall/state_act_tier5.png	dgrsart-cdn	EXPANDED
apps/shared/expansionArt/roomArtManifest.data.ts	0	expansionArt.relPath	art/rooms/pedagogy_hall/state_act_tier7.png	dgrsart-cdn	EXPANDED
apps/shared/expansionArt/roomArtManifest.data.ts	0	expansionArt.relPath	art/rooms/pedagogy_hall/state_faction_hierarchy.png	dgrsart-cdn	EXPANDED
apps/shared/expansionArt/roomArtManifest.data.ts	0	expansionArt.relPath	art/rooms/pedagogy_hall/state_irl_winter.png	dgrsart-cdn	EXPANDED
apps/shared/expansionArt/roomArtManifest.data.ts	0	expansionArt.relPath	art/rooms/pedagogy_hall/state_morality_dark.png	dgrsart-cdn	EXPANDED
apps/shared/expansionArt/roomArtManifest.data.ts	0	expansionArt.relPath	art/rooms/pedagogy_hall/state_season_interregnum.png	dgrsart-cdn	EXPANDED
apps/shared/expansionArt/roomArtManifest.data.ts	0	expansionArt.relPath	art/rooms/pedagogy_hall/state_tv_corrupted.png	dgrsart-cdn	EXPANDED
apps/shared/expansionArt/roomArtManifest.data.ts	0	expansionArt.relPath	art/rooms/pet_arena/baseline.png	dgrsart-cdn	EXPANDED
apps/shared/expansionArt/roomArtManifest.data.ts	0	expansionArt.relPath	art/rooms/pet_garden/baseline.png	dgrsart-cdn	EXPANDED
apps/shared/expansionArt/roomArtManifest.data.ts	0	expansionArt.relPath	art/rooms/pet_garden/state_act_tier2.png	dgrsart-cdn	EXPANDED
apps/shared/expansionArt/roomArtManifest.data.ts	0	expansionArt.relPath	art/rooms/pet_garden/state_act_tier5.png	dgrsart-cdn	EXPANDED
apps/shared/expansionArt/roomArtManifest.data.ts	0	expansionArt.relPath	art/rooms/pet_garden/state_act_tier7.png	dgrsart-cdn	EXPANDED
apps/shared/expansionArt/roomArtManifest.data.ts	0	expansionArt.relPath	art/rooms/pet_garden/state_faction_dreamer.png	dgrsart-cdn	EXPANDED
apps/shared/expansionArt/roomArtManifest.data.ts	0	expansionArt.relPath	art/rooms/pet_garden/state_irl_winter.png	dgrsart-cdn	EXPANDED
apps/shared/expansionArt/roomArtManifest.data.ts	0	expansionArt.relPath	art/rooms/pet_garden/state_morality_dark.png	dgrsart-cdn	EXPANDED
apps/shared/expansionArt/roomArtManifest.data.ts	0	expansionArt.relPath	art/rooms/pet_garden/state_season_interregnum.png	dgrsart-cdn	EXPANDED
apps/shared/expansionArt/roomArtManifest.data.ts	0	expansionArt.relPath	art/rooms/pet_garden/state_tv_corrupted.png	dgrsart-cdn	EXPANDED
apps/shared/expansionArt/roomArtManifest.data.ts	0	expansionArt.relPath	art/rooms/pet_medical_annex/baseline.png	dgrsart-cdn	EXPANDED
apps/shared/expansionArt/roomArtManifest.data.ts	0	expansionArt.relPath	art/rooms/pet_medical_annex/state_act_tier2.png	dgrsart-cdn	EXPANDED
apps/shared/expansionArt/roomArtManifest.data.ts	0	expansionArt.relPath	art/rooms/pet_medical_annex/state_act_tier5.png	dgrsart-cdn	EXPANDED
apps/shared/expansionArt/roomArtManifest.data.ts	0	expansionArt.relPath	art/rooms/pet_medical_annex/state_act_tier7.png	dgrsart-cdn	EXPANDED
apps/shared/expansionArt/roomArtManifest.data.ts	0	expansionArt.relPath	art/rooms/pet_medical_annex/state_faction_mechronis.png	dgrsart-cdn	EXPANDED
apps/shared/expansionArt/roomArtManifest.data.ts	0	expansionArt.relPath	art/rooms/pet_medical_annex/state_irl_winter.png	dgrsart-cdn	EXPANDED
apps/shared/expansionArt/roomArtManifest.data.ts	0	expansionArt.relPath	art/rooms/pet_medical_annex/state_morality_dark.png	dgrsart-cdn	EXPANDED
apps/shared/expansionArt/roomArtManifest.data.ts	0	expansionArt.relPath	art/rooms/pet_medical_annex/state_season_interregnum.png	dgrsart-cdn	EXPANDED
apps/shared/expansionArt/roomArtManifest.data.ts	0	expansionArt.relPath	art/rooms/pet_medical_annex/state_tv_corrupted.png	dgrsart-cdn	EXPANDED
apps/shared/expansionArt/roomArtManifest.data.ts	0	expansionArt.relPath	art/rooms/prelude_awakening/baseline.png	dgrsart-cdn	EXPANDED
apps/shared/expansionArt/roomArtManifest.data.ts	0	expansionArt.relPath	art/rooms/prelude_first_choice/baseline.png	dgrsart-cdn	EXPANDED
apps/shared/expansionArt/roomArtManifest.data.ts	0	expansionArt.relPath	art/rooms/prelude_rooms/baseline.png	dgrsart-cdn	EXPANDED
apps/shared/expansionArt/roomArtManifest.data.ts	0	expansionArt.relPath	art/rooms/prelude_tutorial_corridor/baseline.png	dgrsart-cdn	EXPANDED
apps/shared/expansionArt/roomArtManifest.data.ts	0	expansionArt.relPath	art/rooms/prophecy_wall/baseline.png	dgrsart-cdn	EXPANDED
apps/shared/expansionArt/roomArtManifest.data.ts	0	expansionArt.relPath	art/rooms/puzzle_study_chamber/baseline.png	dgrsart-cdn	EXPANDED
apps/shared/expansionArt/roomArtManifest.data.ts	0	expansionArt.relPath	art/rooms/puzzle_study_chamber/state_act_tier2.png	dgrsart-cdn	EXPANDED
apps/shared/expansionArt/roomArtManifest.data.ts	0	expansionArt.relPath	art/rooms/puzzle_study_chamber/state_act_tier5.png	dgrsart-cdn	EXPANDED
apps/shared/expansionArt/roomArtManifest.data.ts	0	expansionArt.relPath	art/rooms/puzzle_study_chamber/state_act_tier7.png	dgrsart-cdn	EXPANDED
apps/shared/expansionArt/roomArtManifest.data.ts	0	expansionArt.relPath	art/rooms/puzzle_study_chamber/state_faction_hierarchy.png	dgrsart-cdn	EXPANDED
apps/shared/expansionArt/roomArtManifest.data.ts	0	expansionArt.relPath	art/rooms/puzzle_study_chamber/state_irl_winter.png	dgrsart-cdn	EXPANDED
apps/shared/expansionArt/roomArtManifest.data.ts	0	expansionArt.relPath	art/rooms/puzzle_study_chamber/state_morality_dark.png	dgrsart-cdn	EXPANDED
apps/shared/expansionArt/roomArtManifest.data.ts	0	expansionArt.relPath	art/rooms/puzzle_study_chamber/state_season_interregnum.png	dgrsart-cdn	EXPANDED
apps/shared/expansionArt/roomArtManifest.data.ts	0	expansionArt.relPath	art/rooms/puzzle_study_chamber/state_tv_corrupted.png	dgrsart-cdn	EXPANDED
apps/shared/expansionArt/roomArtManifest.data.ts	0	expansionArt.relPath	art/rooms/quantum_lab/baseline.png	dgrsart-cdn	EXPANDED
apps/shared/expansionArt/roomArtManifest.data.ts	0	expansionArt.relPath	art/rooms/quantum_lab/state_battlepass_winter.png	dgrsart-cdn	EXPANDED
apps/shared/expansionArt/roomArtManifest.data.ts	0	expansionArt.relPath	art/rooms/quantum_lab/state_cycle_longnight.png	dgrsart-cdn	EXPANDED
apps/shared/expansionArt/roomArtManifest.data.ts	0	expansionArt.relPath	art/rooms/quantum_lab/state_epoch_shadowtongue.png	dgrsart-cdn	EXPANDED
apps/shared/expansionArt/roomArtManifest.data.ts	0	expansionArt.relPath	art/rooms/quantum_lab/state_governance_stabilized.png	dgrsart-cdn	EXPANDED
apps/shared/expansionArt/roomArtManifest.data.ts	0	expansionArt.relPath	art/rooms/quantum_lab/state_investigation_tier.png	dgrsart-cdn	EXPANDED
apps/shared/expansionArt/roomArtManifest.data.ts	0	expansionArt.relPath	art/rooms/quantum_lab/state_morality_dark.png	dgrsart-cdn	EXPANDED
apps/shared/expansionArt/roomArtManifest.data.ts	0	expansionArt.relPath	art/rooms/quantum_lab/state_tv_corrupted.png	dgrsart-cdn	EXPANDED
apps/shared/expansionArt/roomArtManifest.data.ts	0	expansionArt.relPath	art/rooms/quantum_lab/state_tv_spreading.png	dgrsart-cdn	EXPANDED
apps/shared/expansionArt/roomArtManifest.data.ts	0	expansionArt.relPath	art/rooms/reactor_control/baseline.png	dgrsart-cdn	EXPANDED
apps/shared/expansionArt/roomArtManifest.data.ts	0	expansionArt.relPath	art/rooms/reactor_control/state_act_tier2.png	dgrsart-cdn	EXPANDED
apps/shared/expansionArt/roomArtManifest.data.ts	0	expansionArt.relPath	art/rooms/reactor_control/state_act_tier5.png	dgrsart-cdn	EXPANDED
apps/shared/expansionArt/roomArtManifest.data.ts	0	expansionArt.relPath	art/rooms/reactor_control/state_act_tier7.png	dgrsart-cdn	EXPANDED
apps/shared/expansionArt/roomArtManifest.data.ts	0	expansionArt.relPath	art/rooms/reactor_control/state_faction_mechronis.png	dgrsart-cdn	EXPANDED
apps/shared/expansionArt/roomArtManifest.data.ts	0	expansionArt.relPath	art/rooms/reactor_control/state_irl_winter.png	dgrsart-cdn	EXPANDED
apps/shared/expansionArt/roomArtManifest.data.ts	0	expansionArt.relPath	art/rooms/reactor_control/state_morality_dark.png	dgrsart-cdn	EXPANDED
apps/shared/expansionArt/roomArtManifest.data.ts	0	expansionArt.relPath	art/rooms/reactor_control/state_season_interregnum.png	dgrsart-cdn	EXPANDED
apps/shared/expansionArt/roomArtManifest.data.ts	0	expansionArt.relPath	art/rooms/reactor_control/state_tv_corrupted.png	dgrsart-cdn	EXPANDED
apps/shared/expansionArt/roomArtManifest.data.ts	0	expansionArt.relPath	art/rooms/shadow_vault/baseline.png	dgrsart-cdn	EXPANDED
apps/shared/expansionArt/roomArtManifest.data.ts	0	expansionArt.relPath	art/rooms/shadow_vault/state_battlepass_winter.png	dgrsart-cdn	EXPANDED
apps/shared/expansionArt/roomArtManifest.data.ts	0	expansionArt.relPath	art/rooms/shadow_vault/state_cycle_longnight.png	dgrsart-cdn	EXPANDED
apps/shared/expansionArt/roomArtManifest.data.ts	0	expansionArt.relPath	art/rooms/shadow_vault/state_epoch_shadowtongue.png	dgrsart-cdn	EXPANDED
apps/shared/expansionArt/roomArtManifest.data.ts	0	expansionArt.relPath	art/rooms/shadow_vault/state_faction_insurgency.png	dgrsart-cdn	EXPANDED
apps/shared/expansionArt/roomArtManifest.data.ts	0	expansionArt.relPath	art/rooms/shadow_vault/state_governance_quarantine.png	dgrsart-cdn	EXPANDED
apps/shared/expansionArt/roomArtManifest.data.ts	0	expansionArt.relPath	art/rooms/shadow_vault/state_investigation_tier.png	dgrsart-cdn	EXPANDED
apps/shared/expansionArt/roomArtManifest.data.ts	0	expansionArt.relPath	art/rooms/shadow_vault/state_morality_dark.png	dgrsart-cdn	EXPANDED
apps/shared/expansionArt/roomArtManifest.data.ts	0	expansionArt.relPath	art/rooms/shadow_vault/state_tv_corrupted.png	dgrsart-cdn	EXPANDED
apps/shared/expansionArt/roomArtManifest.data.ts	0	expansionArt.relPath	art/rooms/shadow_vault/state_tv_spreading.png	dgrsart-cdn	EXPANDED
apps/shared/expansionArt/roomArtManifest.data.ts	0	expansionArt.relPath	art/rooms/social_hub/baseline.png	dgrsart-cdn	EXPANDED
apps/shared/expansionArt/roomArtManifest.data.ts	0	expansionArt.relPath	art/rooms/social_hub/state_battlepass_winter.png	dgrsart-cdn	EXPANDED
apps/shared/expansionArt/roomArtManifest.data.ts	0	expansionArt.relPath	art/rooms/social_hub/state_cycle_longnight.png	dgrsart-cdn	EXPANDED
apps/shared/expansionArt/roomArtManifest.data.ts	0	expansionArt.relPath	art/rooms/social_hub/state_epoch_shadowtongue.png	dgrsart-cdn	EXPANDED
apps/shared/expansionArt/roomArtManifest.data.ts	0	expansionArt.relPath	art/rooms/social_hub/state_event_witnesses.png	dgrsart-cdn	EXPANDED
apps/shared/expansionArt/roomArtManifest.data.ts	0	expansionArt.relPath	art/rooms/social_hub/state_faction_insurgency.png	dgrsart-cdn	EXPANDED
apps/shared/expansionArt/roomArtManifest.data.ts	0	expansionArt.relPath	art/rooms/social_hub/state_governance_morale.png	dgrsart-cdn	EXPANDED
apps/shared/expansionArt/roomArtManifest.data.ts	0	expansionArt.relPath	art/rooms/social_hub/state_investigation_tier.png	dgrsart-cdn	EXPANDED
apps/shared/expansionArt/roomArtManifest.data.ts	0	expansionArt.relPath	art/rooms/social_hub/state_morality_dark.png	dgrsart-cdn	EXPANDED
apps/shared/expansionArt/roomArtManifest.data.ts	0	expansionArt.relPath	art/rooms/social_hub/state_season_closing.png	dgrsart-cdn	EXPANDED
apps/shared/expansionArt/roomArtManifest.data.ts	0	expansionArt.relPath	art/rooms/social_hub/state_season_interregnum.png	dgrsart-cdn	EXPANDED
apps/shared/expansionArt/roomArtManifest.data.ts	0	expansionArt.relPath	art/rooms/social_hub/state_trust_elara.png	dgrsart-cdn	EXPANDED
apps/shared/expansionArt/roomArtManifest.data.ts	0	expansionArt.relPath	art/rooms/social_hub/state_trust_human.png	dgrsart-cdn	EXPANDED
apps/shared/expansionArt/roomArtManifest.data.ts	0	expansionArt.relPath	art/rooms/social_hub/state_tv_spreading.png	dgrsart-cdn	EXPANDED
apps/shared/expansionArt/roomArtManifest.data.ts	0	expansionArt.relPath	art/rooms/station_dock/baseline.png	dgrsart-cdn	EXPANDED
apps/shared/expansionArt/roomArtManifest.data.ts	0	expansionArt.relPath	art/rooms/station_dock/state_battlepass_winter.png	dgrsart-cdn	EXPANDED
apps/shared/expansionArt/roomArtManifest.data.ts	0	expansionArt.relPath	art/rooms/station_dock/state_cycle_longnight.png	dgrsart-cdn	EXPANDED
apps/shared/expansionArt/roomArtManifest.data.ts	0	expansionArt.relPath	art/rooms/station_dock/state_epoch_shadowtongue.png	dgrsart-cdn	EXPANDED
apps/shared/expansionArt/roomArtManifest.data.ts	0	expansionArt.relPath	art/rooms/station_dock/state_event_succession.png	dgrsart-cdn	EXPANDED
apps/shared/expansionArt/roomArtManifest.data.ts	0	expansionArt.relPath	art/rooms/station_dock/state_faction_authority.png	dgrsart-cdn	EXPANDED
apps/shared/expansionArt/roomArtManifest.data.ts	0	expansionArt.relPath	art/rooms/station_dock/state_faction_insurgency.png	dgrsart-cdn	EXPANDED
apps/shared/expansionArt/roomArtManifest.data.ts	0	expansionArt.relPath	art/rooms/station_dock/state_investigation_tier.png	dgrsart-cdn	EXPANDED
apps/shared/expansionArt/roomArtManifest.data.ts	0	expansionArt.relPath	art/rooms/station_dock/state_morality_dark.png	dgrsart-cdn	EXPANDED
apps/shared/expansionArt/roomArtManifest.data.ts	0	expansionArt.relPath	art/rooms/station_dock/state_season_closing.png	dgrsart-cdn	EXPANDED
apps/shared/expansionArt/roomArtManifest.data.ts	0	expansionArt.relPath	art/rooms/station_dock/state_season_interregnum.png	dgrsart-cdn	EXPANDED
apps/shared/expansionArt/roomArtManifest.data.ts	0	expansionArt.relPath	art/rooms/station_dock/state_tv_spreading.png	dgrsart-cdn	EXPANDED
apps/shared/expansionArt/roomArtManifest.data.ts	0	expansionArt.relPath	art/rooms/station_dock/state_unlock_trade.png	dgrsart-cdn	EXPANDED
apps/shared/expansionArt/roomArtManifest.data.ts	0	expansionArt.relPath	art/rooms/station_dock/state_unlock_warroom.png	dgrsart-cdn	EXPANDED
apps/shared/expansionArt/roomArtManifest.data.ts	0	expansionArt.relPath	art/rooms/synthesis_chamber/baseline.png	dgrsart-cdn	EXPANDED
apps/shared/expansionArt/roomArtManifest.data.ts	0	expansionArt.relPath	art/rooms/synthesis_chamber/state_battlepass_winter.png	dgrsart-cdn	EXPANDED
apps/shared/expansionArt/roomArtManifest.data.ts	0	expansionArt.relPath	art/rooms/synthesis_chamber/state_cycle_longnight.png	dgrsart-cdn	EXPANDED
apps/shared/expansionArt/roomArtManifest.data.ts	0	expansionArt.relPath	art/rooms/synthesis_chamber/state_epoch_shadowtongue.png	dgrsart-cdn	EXPANDED
apps/shared/expansionArt/roomArtManifest.data.ts	0	expansionArt.relPath	art/rooms/synthesis_chamber/state_governance_boost.png	dgrsart-cdn	EXPANDED
apps/shared/expansionArt/roomArtManifest.data.ts	0	expansionArt.relPath	art/rooms/synthesis_chamber/state_investigation_tier.png	dgrsart-cdn	EXPANDED
apps/shared/expansionArt/roomArtManifest.data.ts	0	expansionArt.relPath	art/rooms/synthesis_chamber/state_morality_dark.png	dgrsart-cdn	EXPANDED
apps/shared/expansionArt/roomArtManifest.data.ts	0	expansionArt.relPath	art/rooms/synthesis_chamber/state_tv_corrupted.png	dgrsart-cdn	EXPANDED
apps/shared/expansionArt/roomArtManifest.data.ts	0	expansionArt.relPath	art/rooms/synthesis_chamber/state_tv_spreading.png	dgrsart-cdn	EXPANDED
apps/shared/expansionArt/roomArtManifest.data.ts	0	expansionArt.relPath	art/rooms/tower_assembly_bay/baseline.png	dgrsart-cdn	EXPANDED
apps/shared/expansionArt/roomArtManifest.data.ts	0	expansionArt.relPath	art/rooms/tower_assembly_bay/state_act_tier2.png	dgrsart-cdn	EXPANDED
apps/shared/expansionArt/roomArtManifest.data.ts	0	expansionArt.relPath	art/rooms/tower_assembly_bay/state_act_tier5.png	dgrsart-cdn	EXPANDED
apps/shared/expansionArt/roomArtManifest.data.ts	0	expansionArt.relPath	art/rooms/tower_assembly_bay/state_act_tier7.png	dgrsart-cdn	EXPANDED
apps/shared/expansionArt/roomArtManifest.data.ts	0	expansionArt.relPath	art/rooms/tower_assembly_bay/state_faction_mechronis.png	dgrsart-cdn	EXPANDED
apps/shared/expansionArt/roomArtManifest.data.ts	0	expansionArt.relPath	art/rooms/tower_assembly_bay/state_irl_winter.png	dgrsart-cdn	EXPANDED
apps/shared/expansionArt/roomArtManifest.data.ts	0	expansionArt.relPath	art/rooms/tower_assembly_bay/state_morality_dark.png	dgrsart-cdn	EXPANDED
apps/shared/expansionArt/roomArtManifest.data.ts	0	expansionArt.relPath	art/rooms/tower_assembly_bay/state_season_interregnum.png	dgrsart-cdn	EXPANDED
apps/shared/expansionArt/roomArtManifest.data.ts	0	expansionArt.relPath	art/rooms/tower_assembly_bay/state_tv_corrupted.png	dgrsart-cdn	EXPANDED
apps/shared/expansionArt/roomArtManifest.data.ts	0	expansionArt.relPath	art/rooms/trade_command_center/baseline.png	dgrsart-cdn	EXPANDED
apps/shared/expansionArt/roomArtManifest.data.ts	0	expansionArt.relPath	art/rooms/trade_hub/baseline.png	dgrsart-cdn	EXPANDED
apps/shared/expansionArt/roomArtManifest.data.ts	0	expansionArt.relPath	art/rooms/trade_hub/state_act_tier2.png	dgrsart-cdn	EXPANDED
apps/shared/expansionArt/roomArtManifest.data.ts	0	expansionArt.relPath	art/rooms/trade_hub/state_act_tier5.png	dgrsart-cdn	EXPANDED
apps/shared/expansionArt/roomArtManifest.data.ts	0	expansionArt.relPath	art/rooms/trade_hub/state_act_tier7.png	dgrsart-cdn	EXPANDED
apps/shared/expansionArt/roomArtManifest.data.ts	0	expansionArt.relPath	art/rooms/trade_hub/state_faction_insurgency.png	dgrsart-cdn	EXPANDED
apps/shared/expansionArt/roomArtManifest.data.ts	0	expansionArt.relPath	art/rooms/trade_hub/state_irl_winter.png	dgrsart-cdn	EXPANDED
apps/shared/expansionArt/roomArtManifest.data.ts	0	expansionArt.relPath	art/rooms/trade_hub/state_morality_dark.png	dgrsart-cdn	EXPANDED
apps/shared/expansionArt/roomArtManifest.data.ts	0	expansionArt.relPath	art/rooms/trade_hub/state_season_interregnum.png	dgrsart-cdn	EXPANDED
apps/shared/expansionArt/roomArtManifest.data.ts	0	expansionArt.relPath	art/rooms/trade_hub/state_tv_corrupted.png	dgrsart-cdn	EXPANDED
apps/shared/expansionArt/roomArtManifest.data.ts	0	expansionArt.relPath	art/rooms/trophy_armory/baseline.png	dgrsart-cdn	EXPANDED
apps/shared/expansionArt/roomArtManifest.data.ts	0	expansionArt.relPath	art/rooms/trophy_armory/state_act_tier2.png	dgrsart-cdn	EXPANDED
apps/shared/expansionArt/roomArtManifest.data.ts	0	expansionArt.relPath	art/rooms/trophy_armory/state_act_tier5.png	dgrsart-cdn	EXPANDED
apps/shared/expansionArt/roomArtManifest.data.ts	0	expansionArt.relPath	art/rooms/trophy_armory/state_act_tier7.png	dgrsart-cdn	EXPANDED
apps/shared/expansionArt/roomArtManifest.data.ts	0	expansionArt.relPath	art/rooms/trophy_armory/state_faction_watcher.png	dgrsart-cdn	EXPANDED
apps/shared/expansionArt/roomArtManifest.data.ts	0	expansionArt.relPath	art/rooms/trophy_armory/state_irl_winter.png	dgrsart-cdn	EXPANDED
apps/shared/expansionArt/roomArtManifest.data.ts	0	expansionArt.relPath	art/rooms/trophy_armory/state_morality_dark.png	dgrsart-cdn	EXPANDED
apps/shared/expansionArt/roomArtManifest.data.ts	0	expansionArt.relPath	art/rooms/trophy_armory/state_season_interregnum.png	dgrsart-cdn	EXPANDED
apps/shared/expansionArt/roomArtManifest.data.ts	0	expansionArt.relPath	art/rooms/trophy_armory/state_tv_corrupted.png	dgrsart-cdn	EXPANDED
apps/shared/expansionArt/roomArtManifest.data.ts	0	expansionArt.relPath	art/rooms/trophy_room/baseline.png	dgrsart-cdn	EXPANDED
apps/shared/expansionArt/roomArtManifest.data.ts	0	expansionArt.relPath	art/rooms/trophy_room/state_act_tier_2.png	dgrsart-cdn	EXPANDED
apps/shared/expansionArt/roomArtManifest.data.ts	0	expansionArt.relPath	art/rooms/trophy_room/state_act_tier_5.png	dgrsart-cdn	EXPANDED
apps/shared/expansionArt/roomArtManifest.data.ts	0	expansionArt.relPath	art/rooms/trophy_room/state_act_tier_7.png	dgrsart-cdn	EXPANDED
apps/shared/expansionArt/roomArtManifest.data.ts	0	expansionArt.relPath	art/rooms/trophy_room/state_battlepass_winter.png	dgrsart-cdn	EXPANDED
apps/shared/expansionArt/roomArtManifest.data.ts	0	expansionArt.relPath	art/rooms/trophy_room/state_cycle_longnight.png	dgrsart-cdn	EXPANDED
apps/shared/expansionArt/roomArtManifest.data.ts	0	expansionArt.relPath	art/rooms/trophy_room/state_epoch_shadowtongue.png	dgrsart-cdn	EXPANDED
apps/shared/expansionArt/roomArtManifest.data.ts	0	expansionArt.relPath	art/rooms/trophy_room/state_governance_prestige.png	dgrsart-cdn	EXPANDED
apps/shared/expansionArt/roomArtManifest.data.ts	0	expansionArt.relPath	art/rooms/trophy_room/state_investigation_tier.png	dgrsart-cdn	EXPANDED
apps/shared/expansionArt/roomArtManifest.data.ts	0	expansionArt.relPath	art/rooms/trophy_room/state_morality_dark.png	dgrsart-cdn	EXPANDED
apps/shared/expansionArt/roomArtManifest.data.ts	0	expansionArt.relPath	art/rooms/trophy_room/state_tv_corrupted.png	dgrsart-cdn	EXPANDED
apps/shared/expansionArt/roomArtManifest.data.ts	0	expansionArt.relPath	art/rooms/trophy_room/state_tv_spreading.png	dgrsart-cdn	EXPANDED
apps/shared/expansionArt/roomArtManifest.data.ts	0	expansionArt.relPath	art/rooms/trophy_room/state_unlock_battlepass_50.png	dgrsart-cdn	EXPANDED
apps/shared/expansionArt/roomArtManifest.data.ts	0	expansionArt.relPath	art/rooms/trophy_room/state_unlock_prestige.png	dgrsart-cdn	EXPANDED
apps/shared/expansionArt/roomArtManifest.data.ts	0	expansionArt.relPath	art/rooms/war_room/baseline.png	dgrsart-cdn	EXPANDED
apps/shared/expansionArt/roomArtManifest.data.ts	0	expansionArt.relPath	art/rooms/war_room/state_battlepass_winter.png	dgrsart-cdn	EXPANDED
apps/shared/expansionArt/roomArtManifest.data.ts	0	expansionArt.relPath	art/rooms/war_room/state_cycle_longnight.png	dgrsart-cdn	EXPANDED
apps/shared/expansionArt/roomArtManifest.data.ts	0	expansionArt.relPath	art/rooms/war_room/state_epoch_shadowtongue.png	dgrsart-cdn	EXPANDED
apps/shared/expansionArt/roomArtManifest.data.ts	0	expansionArt.relPath	art/rooms/war_room/state_faction_succession.png	dgrsart-cdn	EXPANDED
apps/shared/expansionArt/roomArtManifest.data.ts	0	expansionArt.relPath	art/rooms/war_room/state_investigation_tier.png	dgrsart-cdn	EXPANDED
apps/shared/expansionArt/roomArtManifest.data.ts	0	expansionArt.relPath	art/rooms/war_room/state_morality_dark.png	dgrsart-cdn	EXPANDED
apps/shared/expansionArt/roomArtManifest.data.ts	0	expansionArt.relPath	art/rooms/war_room/state_tournament_finals.png	dgrsart-cdn	EXPANDED
apps/shared/expansionArt/roomArtManifest.data.ts	0	expansionArt.relPath	art/rooms/war_room/state_tv_spreading.png	dgrsart-cdn	EXPANDED
apps/shared/expansionArt/roomArtManifest.data.ts	0	expansionArt.relPath	art/rooms/hellbox/castle_of_death/baseline.png	dgrsart-cdn	EXPANDED
apps/shared/expansionArt/roomArtManifest.data.ts	0	expansionArt.relPath	art/rooms/hellbox/castle_of_death/throne_of_mercy_apse/baseline.png	dgrsart-cdn	EXPANDED
apps/shared/expansionArt/roomArtManifest.data.ts	0	expansionArt.relPath	art/rooms/hellbox/castle_of_death/chamber_of_the_forgotten/baseline.png	dgrsart-cdn	EXPANDED
apps/shared/expansionArt/roomArtManifest.data.ts	0	expansionArt.relPath	art/rooms/hellbox/castle_of_death/forgive_or_damn_tribunal/baseline.png	dgrsart-cdn	EXPANDED
apps/shared/expansionArt/roomArtManifest.data.ts	0	expansionArt.relPath	art/rooms/hellbox/castle_of_death/hall_of_acknowledged_debts/baseline.png	dgrsart-cdn	EXPANDED
apps/shared/expansionArt/roomArtManifest.data.ts	0	expansionArt.relPath	art/rooms/hellbox/celebration_school/baseline.png	dgrsart-cdn	EXPANDED
apps/shared/expansionArt/roomArtManifest.data.ts	0	expansionArt.relPath	art/rooms/hellbox/celebration_school/cathedral_apse/baseline.png	dgrsart-cdn	EXPANDED
apps/shared/expansionArt/roomArtManifest.data.ts	0	expansionArt.relPath	art/rooms/hellbox/celebration_school/playground/baseline.png	dgrsart-cdn	EXPANDED
apps/shared/expansionArt/roomArtManifest.data.ts	0	expansionArt.relPath	art/rooms/essence_harvest_sanctum/baseline.png	dgrsart-cdn	EXPANDED
apps/shared/expansionArt/roomArtManifest.data.ts	0	expansionArt.relPath	art/rooms/audit_chamber/baseline.png	dgrsart-cdn	EXPANDED
apps/shared/expansionArt/roomArtManifest.data.ts	0	expansionArt.relPath	art/rooms/collectors_arena/baseline.png	dgrsart-cdn	EXPANDED
apps/shared/expansionArt/roomArtManifest.data.ts	0	expansionArt.relPath	art/rooms/apprentice_cellblock/baseline.png	dgrsart-cdn	EXPANDED
apps/shared/expansionArt/roomArtManifest.data.ts	0	expansionArt.relPath	art/rooms/blood_weave_atrium/baseline.png	dgrsart-cdn	EXPANDED
apps/shared/expansionArt/roomArtManifest.data.ts	0	expansionArt.relPath	art/rooms/prelude_corridor/baseline.png	dgrsart-cdn	EXPANDED
apps/shared/expansionArt/roomArtManifest.data.ts	0	expansionArt.relPath	art/rooms/human_observation_deck/baseline.png	dgrsart-cdn	EXPANDED
apps/shared/expansionArt/roomArtManifest.data.ts	0	expansionArt.relPath	art/rooms/the_forge/baseline.png	dgrsart-cdn	EXPANDED
apps/shared/expansionArt/roomArtManifest.data.ts	0	expansionArt.relPath	art/rooms/mission_briefing_war_room/baseline.png	dgrsart-cdn	EXPANDED
apps/shared/expansionArt/roomArtManifest.data.ts	0	expansionArt.relPath	art/rooms/personal_quest_ledger/baseline.png	dgrsart-cdn	EXPANDED
apps/shared/expansionArt/roomArtManifest.data.ts	0	expansionArt.relPath	art/rooms/trial_hall/baseline.png	dgrsart-cdn	EXPANDED
apps/shared/expansionArt/roomArtManifest.data.ts	0	expansionArt.relPath	art/rooms/triangle_alcove/baseline.png	dgrsart-cdn	EXPANDED
apps/shared/expansionArt/roomArtManifest.data.ts	0	expansionArt.relPath	art/rooms/recruit_vestibule/baseline.png	dgrsart-cdn	EXPANDED
apps/shared/expansionArt/roomArtManifest.data.ts	0	expansionArt.relPath	art/rooms/guild_common_room/baseline.png	dgrsart-cdn	EXPANDED
apps/shared/expansionArt/roomArtManifest.data.ts	0	expansionArt.relPath	art/rooms/apprentice_hall/baseline.png	dgrsart-cdn	EXPANDED
apps/shared/expansionArt/roomArtManifest.data.ts	0	expansionArt.relPath	art/rooms/game_hall/baseline.png	dgrsart-cdn	EXPANDED
apps/shared/expansionArt/roomArtManifest.data.ts	0	expansionArt.relPath	art/rooms/elara_bridge_berth/baseline.png	dgrsart-cdn	EXPANDED
apps/shared/expansionArt/roomArtManifest.data.ts	0	expansionArt.relPath	art/rooms/mourning_wall/baseline.png	dgrsart-cdn	EXPANDED
apps/shared/expansionArt/roomArtManifest.data.ts	0	expansionArt.relPath	art/rooms/training_barracks/baseline.png	dgrsart-cdn	EXPANDED
apps/shared/expansionArt/roomArtManifest.data.ts	0	expansionArt.relPath	art/rooms/hellbox_clone_bench/baseline.png	dgrsart-cdn	EXPANDED
apps/shared/expansionArt/roomArtManifest.data.ts	0	expansionArt.relPath	art/rooms/warden_dock/baseline.png	dgrsart-cdn	EXPANDED
apps/shared/expansionArt/roomArtManifest.data.ts	0	expansionArt.relPath	art/rooms/house_of_garden/baseline.png	dgrsart-cdn	EXPANDED
apps/shared/expansionArt/roomArtManifest.data.ts	0	expansionArt.relPath	art/rooms/house_of_remnant/baseline.png	dgrsart-cdn	EXPANDED
apps/shared/expansionArt/roomArtManifest.data.ts	0	expansionArt.relPath	art/rooms/hellbox/dischordian_arena/baseline.png	dgrsart-cdn	EXPANDED
apps/shared/expansionArt/roomArtManifest.data.ts	0	expansionArt.relPath	art/rooms/hellbox/degenerates_casino/baseline.png	dgrsart-cdn	EXPANDED
apps/shared/expansionArt/roomArtManifest.data.ts	0	expansionArt.relPath	art/rooms/hellbox/eternal_match/baseline.png	dgrsart-cdn	EXPANDED
apps/shared/expansionArt/roomArtManifest.data.ts	0	expansionArt.relPath	art/rooms/hellbox/the_hive/baseline.png	dgrsart-cdn	EXPANDED
apps/shared/expansionArt/roomArtManifest.data.ts	0	expansionArt.relPath	art/rooms/hellbox/hall_of_collected_souls/baseline.png	dgrsart-cdn	EXPANDED
apps/shared/expansionArt/roomArtManifest.data.ts	0	expansionArt.relPath	art/rooms/hellbox/editors_workshop/baseline.png	dgrsart-cdn	EXPANDED
apps/shared/expansionArt/roomArtManifest.data.ts	0	expansionArt.relPath	art/rooms/hellbox/quiz_show_palimpsest/baseline.png	dgrsart-cdn	EXPANDED
apps/shared/expansionArt/roomArtManifest.data.ts	0	expansionArt.relPath	art/rooms/hellbox/dead_mans_circuit/baseline.png	dgrsart-cdn	EXPANDED
apps/shared/expansionArt/roomArtManifest.data.ts	0	expansionArt.relPath	art/rooms/hellbox/mechronis_academy/baseline.png	dgrsart-cdn	EXPANDED
apps/shared/expansionArt/roomArtManifest.data.ts	0	expansionArt.relPath	art/rooms/hellbox/universal_selector/baseline.png	dgrsart-cdn	EXPANDED
apps/shared/expansionArt/roomArtManifest.data.ts	0	expansionArt.relPath	art/rooms/house_of_chapel/baseline.png	dgrsart-cdn	EXPANDED
apps/shared/expansionArt/roomArtManifest.data.ts	0	expansionArt.relPath	art/rooms/house_of_anvil/baseline.png	dgrsart-cdn	EXPANDED
apps/shared/expansionArt/roomArtManifest.data.ts	0	expansionArt.relPath	art/rooms/atrium_main/baseline.png	dgrsart-cdn	EXPANDED
apps/shared/expansionArt/roomArtManifest.data.ts	0	expansionArt.relPath	art/rooms/house_of_ledger/baseline.png	dgrsart-cdn	EXPANDED
apps/shared/expansionArt/roomArtManifest.data.ts	0	expansionArt.relPath	art/rooms/forge_anteroom/baseline.png	dgrsart-cdn	EXPANDED
apps/shared/expansionArt/roomArtManifest.data.ts	0	expansionArt.relPath	art/rooms/house_of_smoke/baseline.png	dgrsart-cdn	EXPANDED
apps/shared/expansionArt/roomArtManifest.data.ts	0	expansionArt.relPath	art/rooms/pedagogy_classroom/baseline.png	dgrsart-cdn	EXPANDED
apps/shared/expansionArt/roomArtManifest.data.ts	0	expansionArt.relPath	art/rooms/berths/martyr/baseline.png	dgrsart-cdn	EXPANDED
apps/shared/expansionArt/roomArtManifest.data.ts	0	expansionArt.relPath	art/rooms/berths/prodigal/baseline.png	dgrsart-cdn	EXPANDED
apps/shared/expansionArt/roomArtManifest.data.ts	0	expansionArt.relPath	art/rooms/berths/wanderer/baseline.png	dgrsart-cdn	EXPANDED
apps/shared/expansionArt/roomArtManifest.data.ts	0	expansionArt.relPath	art/rooms/berths/scholar/baseline.png	dgrsart-cdn	EXPANDED
apps/shared/expansionArt/roomArtManifest.data.ts	0	expansionArt.relPath	art/rooms/berths/zealot/baseline.png	dgrsart-cdn	EXPANDED
apps/shared/expansionArt/roomArtManifest.data.ts	0	expansionArt.relPath	art/rooms/berths/heretic/baseline.png	dgrsart-cdn	EXPANDED
apps/shared/expansionArt/roomArtManifest.data.ts	0	expansionArt.relPath	art/rooms/berths/ghost/baseline.png	dgrsart-cdn	EXPANDED
apps/shared/expansionArt/roomArtManifest.data.ts	0	expansionArt.relPath	art/rooms/berths/sentinel/baseline.png	dgrsart-cdn	EXPANDED
apps/shared/expansionArt/roomArtManifest.data.ts	0	expansionArt.relPath	art/rooms/berths/oracle/baseline.png	dgrsart-cdn	EXPANDED
apps/shared/expansionArt/roomArtManifest.data.ts	0	expansionArt.relPath	art/rooms/berths/artisan/baseline.png	dgrsart-cdn	EXPANDED
apps/shared/expansionArt/roomArtManifest.data.ts	0	expansionArt.relPath	art/rooms/berths/revenant/baseline.png	dgrsart-cdn	EXPANDED
apps/shared/expansionArt/roomArtManifest.data.ts	0	expansionArt.relPath	art/rooms/berths/jester/baseline.png	dgrsart-cdn	EXPANDED
apps/shared/expansionArt/roomArtManifest.data.ts	0	expansionArt.relPath	art/rooms/memory_card_library/baseline.png	dgrsart-cdn	EXPANDED
apps/shared/expansionArt/roomArtManifest.data.ts	0	expansionArt.relPath	art/rooms/memory_anteroom/baseline.png	dgrsart-cdn	EXPANDED
apps/shared/expansionArt/roomArtManifest.data.ts	0	expansionArt.relPath	art/rooms/atrium_upper/baseline.png	dgrsart-cdn	EXPANDED
apps/shared/expansionArt/roomArtManifest.data.ts	0	expansionArt.relPath	art/rooms/recruit_berths/akai_shi/baseline.png	dgrsart-cdn	EXPANDED
apps/shared/expansionArt/roomArtManifest.data.ts	0	expansionArt.relPath	art/rooms/recruit_berths/jericho_jones/baseline.png	dgrsart-cdn	EXPANDED
apps/shared/expansionArt/roomArtManifest.data.ts	0	expansionArt.relPath	art/rooms/recruit_berths/locke/baseline.png	dgrsart-cdn	EXPANDED
apps/shared/expansionArt/roomArtManifest.data.ts	0	expansionArt.relPath	art/rooms/recruit_berths/wraith_calder/baseline.png	dgrsart-cdn	EXPANDED
apps/shared/expansionArt/roomArtManifest.data.ts	0	expansionArt.relPath	art/rooms/recruit_berths/vex_solene/baseline.png	dgrsart-cdn	EXPANDED
apps/shared/expansionArt/roomArtManifest.data.ts	0	expansionArt.relPath	art/rooms/pedagogy_lab/baseline.png	dgrsart-cdn	EXPANDED
apps/shared/expansionArt/roomArtManifest.data.ts	0	expansionArt.relPath	art/rooms/signature_card_forge/baseline.png	dgrsart-cdn	EXPANDED
apps/shared/expansionArt/roomArtManifest.data.ts	0	expansionArt.relPath	art/rooms/personal_quarters/baseline.png	dgrsart-cdn	EXPANDED
apps/shared/expansionArt/roomArtManifest.data.ts	0	expansionArt.relPath	art/rooms/house_of_thurible/baseline.png	dgrsart-cdn	EXPANDED
apps/shared/expansionArt/roomArtManifest.data.ts	0	expansionArt.relPath	art/rooms/house_of_iron/baseline.png	dgrsart-cdn	EXPANDED
apps/shared/expansionArt/roomArtManifest.data.ts	0	expansionArt.relPath	art/rooms/wardens_dock/baseline.png	dgrsart-cdn	EXPANDED
apps/shared/expansionArt/roomArtManifest.data.ts	0	expansionArt.relPath	art/rooms/doctrine_binding_chamber/baseline.png	dgrsart-cdn	EXPANDED
apps/shared/expansionArt/roomArtManifest.data.ts	0	expansionArt.relPath	art/rooms/post_mission_return_hub/baseline.png	dgrsart-cdn	EXPANDED
apps/shared/expansionArt/roomArtManifest.data.ts	0	expansionArt.relPath	art/rooms/house_of_circuit/baseline.png	dgrsart-cdn	EXPANDED
apps/shared/expansionArt/roomArtManifest.data.ts	0	expansionArt.relPath	art/rooms/house_of_glass/baseline.png	dgrsart-cdn	EXPANDED
apps/shared/expansionArt/roomArtManifest.data.ts	0	expansionArt.relPath	art/rooms/atrium_lower/baseline.png	dgrsart-cdn	EXPANDED
apps/shared/expansionArt/roomArtManifest.data.ts	0	expansionArt.relPath	art/rooms/house_of_mirror/baseline.png	dgrsart-cdn	EXPANDED
apps/shared/expansionArt/roomArtManifest.data.ts	0	expansionArt.relPath	art/rooms/house_of_tower/baseline.png	dgrsart-cdn	EXPANDED
apps/shared/expansionArt/roomArtManifest.data.ts	0	expansionArt.relPath	art/rooms/pedagogy_lecture_hall/baseline.png	dgrsart-cdn	EXPANDED
apps/shared/expansionArt/newArtInventory.data.ts	0	expansionArt.relPath	art/card_game/card_vfx/card_buff_glow.png	dgrsart-cdn	EXPANDED
apps/shared/expansionArt/newArtInventory.data.ts	0	expansionArt.relPath	art/card_game/card_vfx/card_combo_chain.png	dgrsart-cdn	EXPANDED
apps/shared/expansionArt/newArtInventory.data.ts	0	expansionArt.relPath	art/card_game/card_vfx/card_debuff_curse.png	dgrsart-cdn	EXPANDED
apps/shared/expansionArt/newArtInventory.data.ts	0	expansionArt.relPath	art/card_game/card_vfx/card_destroy_shatter.png	dgrsart-cdn	EXPANDED
apps/shared/expansionArt/newArtInventory.data.ts	0	expansionArt.relPath	art/card_game/card_vfx/card_draw_glow.png	dgrsart-cdn	EXPANDED
apps/shared/expansionArt/newArtInventory.data.ts	0	expansionArt.relPath	art/card_game/card_vfx/card_legendary_reveal.png	dgrsart-cdn	EXPANDED
apps/shared/expansionArt/newArtInventory.data.ts	0	expansionArt.relPath	art/card_game/card_vfx/card_summon_burst.png	dgrsart-cdn	EXPANDED
apps/shared/expansionArt/newArtInventory.data.ts	0	expansionArt.relPath	art/card_game/card_vfx/card_void_drain.png	dgrsart-cdn	EXPANDED
apps/shared/expansionArt/newArtInventory.data.ts	0	expansionArt.relPath	art/card_game/soul_stones/soul_stone_authority.png	dgrsart-cdn	EXPANDED
apps/shared/expansionArt/newArtInventory.data.ts	0	expansionArt.relPath	art/card_game/soul_stones/soul_stone_dreamer.png	dgrsart-cdn	EXPANDED
apps/shared/expansionArt/newArtInventory.data.ts	0	expansionArt.relPath	art/card_game/soul_stones/soul_stone_hierarchy.png	dgrsart-cdn	EXPANDED
apps/shared/expansionArt/newArtInventory.data.ts	0	expansionArt.relPath	art/card_game/soul_stones/soul_stone_insurgency.png	dgrsart-cdn	EXPANDED
apps/shared/expansionArt/newArtInventory.data.ts	0	expansionArt.relPath	art/card_game/soul_stones/soul_stone_mechronis.png	dgrsart-cdn	EXPANDED
apps/shared/expansionArt/newArtInventory.data.ts	0	expansionArt.relPath	art/card_game/soul_stones/soul_stone_terminus.png	dgrsart-cdn	EXPANDED
apps/shared/expansionArt/newArtInventory.data.ts	0	expansionArt.relPath	art/card_game/soul_stones/soul_stone_watcher.png	dgrsart-cdn	EXPANDED
apps/shared/expansionArt/newArtInventory.data.ts	0	expansionArt.relPath	art/chapter_cards/chapter_act1_awakening.png	dgrsart-cdn	EXPANDED
apps/shared/expansionArt/newArtInventory.data.ts	0	expansionArt.relPath	art/chapter_cards/chapter_act1_finale_alignment.png	dgrsart-cdn	EXPANDED
apps/shared/expansionArt/newArtInventory.data.ts	0	expansionArt.relPath	art/chapter_cards/chapter_act1_first_light.png	dgrsart-cdn	EXPANDED
apps/shared/expansionArt/newArtInventory.data.ts	0	expansionArt.relPath	art/chapter_cards/chapter_act1_iron_lion_intro.png	dgrsart-cdn	EXPANDED
apps/shared/expansionArt/newArtInventory.data.ts	0	expansionArt.relPath	art/chapter_cards/chapter_act2_kael_awakening.png	dgrsart-cdn	EXPANDED
apps/shared/expansionArt/newArtInventory.data.ts	0	expansionArt.relPath	art/chapter_cards/chapter_act2_oracle_deflection.png	dgrsart-cdn	EXPANDED
apps/shared/expansionArt/newArtInventory.data.ts	0	expansionArt.relPath	art/chapter_cards/chapter_act2_silence_of_two_witnesses.png	dgrsart-cdn	EXPANDED
apps/shared/expansionArt/newArtInventory.data.ts	0	expansionArt.relPath	art/chapter_cards/chapter_act3_disclosure.png	dgrsart-cdn	EXPANDED
apps/shared/expansionArt/newArtInventory.data.ts	0	expansionArt.relPath	art/chapter_cards/chapter_act3_elara_choice.png	dgrsart-cdn	EXPANDED
apps/shared/expansionArt/newArtInventory.data.ts	0	expansionArt.relPath	art/chapter_cards/chapter_act3_path_dividend.png	dgrsart-cdn	EXPANDED
apps/shared/expansionArt/newArtInventory.data.ts	0	expansionArt.relPath	art/chapter_cards/chapter_act4_broken_trust.png	dgrsart-cdn	EXPANDED
apps/shared/expansionArt/newArtInventory.data.ts	0	expansionArt.relPath	art/chapter_cards/chapter_act4_consumed_witness.png	dgrsart-cdn	EXPANDED
apps/shared/expansionArt/newArtInventory.data.ts	0	expansionArt.relPath	art/chapter_cards/chapter_act4_fragile_trust.png	dgrsart-cdn	EXPANDED
apps/shared/expansionArt/newArtInventory.data.ts	0	expansionArt.relPath	art/chapter_cards/chapter_act4_reconciled.png	dgrsart-cdn	EXPANDED
apps/shared/expansionArt/newArtInventory.data.ts	0	expansionArt.relPath	art/chapter_cards/chapter_act5_dreamer_gambit.png	dgrsart-cdn	EXPANDED
apps/shared/expansionArt/newArtInventory.data.ts	0	expansionArt.relPath	art/chapter_cards/chapter_act5_insurgency_rally.png	dgrsart-cdn	EXPANDED
apps/shared/expansionArt/newArtInventory.data.ts	0	expansionArt.relPath	art/chapter_cards/chapter_act5_recruitment.png	dgrsart-cdn	EXPANDED
apps/shared/expansionArt/newArtInventory.data.ts	0	expansionArt.relPath	art/chapter_cards/chapter_act6_confession.png	dgrsart-cdn	EXPANDED
apps/shared/expansionArt/newArtInventory.data.ts	0	expansionArt.relPath	art/chapter_cards/chapter_act6_remembrance.png	dgrsart-cdn	EXPANDED
apps/shared/expansionArt/newArtInventory.data.ts	0	expansionArt.relPath	art/chapter_cards/chapter_act6_woman_she_was.png	dgrsart-cdn	EXPANDED
apps/shared/expansionArt/newArtInventory.data.ts	0	expansionArt.relPath	art/chapter_cards/chapter_act7_humanity_chosen.png	dgrsart-cdn	EXPANDED
apps/shared/expansionArt/newArtInventory.data.ts	0	expansionArt.relPath	art/chapter_cards/chapter_act7_pattern_chosen.png	dgrsart-cdn	EXPANDED
apps/shared/expansionArt/newArtInventory.data.ts	0	expansionArt.relPath	art/chapter_cards/chapter_act7_silence_in_heaven.png	dgrsart-cdn	EXPANDED
apps/shared/expansionArt/newArtInventory.data.ts	0	expansionArt.relPath	art/chapter_cards/chapter_authority_trial.png	dgrsart-cdn	EXPANDED
apps/shared/expansionArt/newArtInventory.data.ts	0	expansionArt.relPath	art/chapter_cards/chapter_card_battle_climax.png	dgrsart-cdn	EXPANDED
apps/shared/expansionArt/newArtInventory.data.ts	0	expansionArt.relPath	art/chapter_cards/chapter_casino_jackpot.png	dgrsart-cdn	EXPANDED
apps/shared/expansionArt/newArtInventory.data.ts	0	expansionArt.relPath	art/chapter_cards/chapter_dream_vision.png	dgrsart-cdn	EXPANDED
apps/shared/expansionArt/newArtInventory.data.ts	0	expansionArt.relPath	art/chapter_cards/chapter_memorial_corridor.png	dgrsart-cdn	EXPANDED
apps/shared/expansionArt/newArtInventory.data.ts	0	expansionArt.relPath	art/character_sheets/attribute_icons/attr_agility.png	dgrsart-cdn	EXPANDED
apps/shared/expansionArt/newArtInventory.data.ts	0	expansionArt.relPath	art/character_sheets/attribute_icons/attr_charisma.png	dgrsart-cdn	EXPANDED
apps/shared/expansionArt/newArtInventory.data.ts	0	expansionArt.relPath	art/character_sheets/attribute_icons/attr_intellect.png	dgrsart-cdn	EXPANDED
apps/shared/expansionArt/newArtInventory.data.ts	0	expansionArt.relPath	art/character_sheets/attribute_icons/attr_perception.png	dgrsart-cdn	EXPANDED
apps/shared/expansionArt/newArtInventory.data.ts	0	expansionArt.relPath	art/character_sheets/attribute_icons/attr_resilience.png	dgrsart-cdn	EXPANDED
apps/shared/expansionArt/newArtInventory.data.ts	0	expansionArt.relPath	art/character_sheets/attribute_icons/attr_strength.png	dgrsart-cdn	EXPANDED
apps/shared/expansionArt/newArtInventory.data.ts	0	expansionArt.relPath	art/character_sheets/backgrounds/bg_authority.png	dgrsart-cdn	EXPANDED
apps/shared/expansionArt/newArtInventory.data.ts	0	expansionArt.relPath	art/character_sheets/backgrounds/bg_dreamer.png	dgrsart-cdn	EXPANDED
apps/shared/expansionArt/newArtInventory.data.ts	0	expansionArt.relPath	art/character_sheets/backgrounds/bg_hierarchy.png	dgrsart-cdn	EXPANDED
apps/shared/expansionArt/newArtInventory.data.ts	0	expansionArt.relPath	art/character_sheets/backgrounds/bg_insurgency.png	dgrsart-cdn	EXPANDED
apps/shared/expansionArt/newArtInventory.data.ts	0	expansionArt.relPath	art/character_sheets/backgrounds/bg_mechronis.png	dgrsart-cdn	EXPANDED
apps/shared/expansionArt/newArtInventory.data.ts	0	expansionArt.relPath	art/character_sheets/backgrounds/bg_terminus.png	dgrsart-cdn	EXPANDED
apps/shared/expansionArt/newArtInventory.data.ts	0	expansionArt.relPath	art/character_sheets/backgrounds/bg_watcher.png	dgrsart-cdn	EXPANDED
apps/shared/expansionArt/newArtInventory.data.ts	0	expansionArt.relPath	art/character_sheets/class_icons/class_assassin.png	dgrsart-cdn	EXPANDED
apps/shared/expansionArt/newArtInventory.data.ts	0	expansionArt.relPath	art/character_sheets/class_icons/class_diplomat.png	dgrsart-cdn	EXPANDED
apps/shared/expansionArt/newArtInventory.data.ts	0	expansionArt.relPath	art/character_sheets/class_icons/class_engineer.png	dgrsart-cdn	EXPANDED
apps/shared/expansionArt/newArtInventory.data.ts	0	expansionArt.relPath	art/character_sheets/class_icons/class_mystic.png	dgrsart-cdn	EXPANDED
apps/shared/expansionArt/newArtInventory.data.ts	0	expansionArt.relPath	art/character_sheets/class_icons/class_warrior.png	dgrsart-cdn	EXPANDED
apps/shared/expansionArt/newArtInventory.data.ts	0	expansionArt.relPath	art/character_sheets/frames/portrait_frame_gold.png	dgrsart-cdn	EXPANDED
apps/shared/expansionArt/newArtInventory.data.ts	0	expansionArt.relPath	art/character_sheets/frames/portrait_frame_silver.png	dgrsart-cdn	EXPANDED
apps/shared/expansionArt/newArtInventory.data.ts	0	expansionArt.relPath	art/character_sheets/species_icons/species_human.png	dgrsart-cdn	EXPANDED
apps/shared/expansionArt/newArtInventory.data.ts	0	expansionArt.relPath	art/character_sheets/species_icons/species_hybrid.png	dgrsart-cdn	EXPANDED
apps/shared/expansionArt/newArtInventory.data.ts	0	expansionArt.relPath	art/character_sheets/species_icons/species_neyon.png	dgrsart-cdn	EXPANDED
apps/shared/expansionArt/newArtInventory.data.ts	0	expansionArt.relPath	art/character_sheets/species_icons/species_synthetic.png	dgrsart-cdn	EXPANDED
apps/shared/expansionArt/newArtInventory.data.ts	0	expansionArt.relPath	art/character_sheets/species_icons/species_void_touched.png	dgrsart-cdn	EXPANDED
apps/shared/expansionArt/newArtInventory.data.ts	0	expansionArt.relPath	art/characters/agent_zero/blood_weave/bound.png	dgrsart-cdn	EXPANDED
apps/shared/expansionArt/newArtInventory.data.ts	0	expansionArt.relPath	art/characters/agent_zero/blood_weave/braiding.png	dgrsart-cdn	EXPANDED
apps/shared/expansionArt/newArtInventory.data.ts	0	expansionArt.relPath	art/characters/agent_zero/blood_weave/claimed.png	dgrsart-cdn	EXPANDED
apps/shared/expansionArt/newArtInventory.data.ts	0	expansionArt.relPath	art/characters/agent_zero/blood_weave/dormant.png	dgrsart-cdn	EXPANDED
apps/shared/expansionArt/newArtInventory.data.ts	0	expansionArt.relPath	art/characters/agent_zero/blood_weave/woven.png	dgrsart-cdn	EXPANDED
apps/shared/expansionArt/newArtInventory.data.ts	0	expansionArt.relPath	art/characters/agent_zero/front_turnaround.png	dgrsart-cdn	EXPANDED
apps/shared/expansionArt/newArtInventory.data.ts	0	expansionArt.relPath	art/characters/agent_zero/full_body_turnaround.png	dgrsart-cdn	EXPANDED
apps/shared/expansionArt/newArtInventory.data.ts	0	expansionArt.relPath	art/characters/antiquarian/front_turnaround.png	dgrsart-cdn	EXPANDED
apps/shared/expansionArt/newArtInventory.data.ts	0	expansionArt.relPath	art/characters/antiquarian/full_body_turnaround.png	dgrsart-cdn	EXPANDED
apps/shared/expansionArt/newArtInventory.data.ts	0	expansionArt.relPath	art/characters/architect/front_turnaround.png	dgrsart-cdn	EXPANDED
apps/shared/expansionArt/newArtInventory.data.ts	0	expansionArt.relPath	art/characters/architect/full_body_turnaround.png	dgrsart-cdn	EXPANDED
apps/shared/expansionArt/newArtInventory.data.ts	0	expansionArt.relPath	art/characters/collector/front_turnaround.png	dgrsart-cdn	EXPANDED
apps/shared/expansionArt/newArtInventory.data.ts	0	expansionArt.relPath	art/characters/collector/full_body_turnaround.png	dgrsart-cdn	EXPANDED
apps/shared/expansionArt/newArtInventory.data.ts	0	expansionArt.relPath	art/characters/conexus/front_turnaround.png	dgrsart-cdn	EXPANDED
apps/shared/expansionArt/newArtInventory.data.ts	0	expansionArt.relPath	art/characters/conexus/full_body_turnaround.png	dgrsart-cdn	EXPANDED
apps/shared/expansionArt/newArtInventory.data.ts	0	expansionArt.relPath	art/characters/conexus_authority/full_body_turnaround.png	dgrsart-cdn	EXPANDED
apps/shared/expansionArt/newArtInventory.data.ts	0	expansionArt.relPath	art/characters/degen/front_turnaround.png	dgrsart-cdn	EXPANDED
apps/shared/expansionArt/newArtInventory.data.ts	0	expansionArt.relPath	art/characters/degen/full_body_turnaround.png	dgrsart-cdn	EXPANDED
apps/shared/expansionArt/newArtInventory.data.ts	0	expansionArt.relPath	art/characters/dreamer/front_turnaround.png	dgrsart-cdn	EXPANDED
apps/shared/expansionArt/newArtInventory.data.ts	0	expansionArt.relPath	art/characters/dreamer/full_body_turnaround.png	dgrsart-cdn	EXPANDED
apps/shared/expansionArt/newArtInventory.data.ts	0	expansionArt.relPath	art/characters/eidola/front_turnaround.png	dgrsart-cdn	EXPANDED
apps/shared/expansionArt/newArtInventory.data.ts	0	expansionArt.relPath	art/characters/eidola/full_body_turnaround.png	dgrsart-cdn	EXPANDED
apps/shared/expansionArt/newArtInventory.data.ts	0	expansionArt.relPath	art/characters/elara/front_turnaround.png	dgrsart-cdn	EXPANDED
apps/shared/expansionArt/newArtInventory.data.ts	0	expansionArt.relPath	art/characters/elara/full_body_turnaround.png	dgrsart-cdn	EXPANDED
apps/shared/expansionArt/newArtInventory.data.ts	0	expansionArt.relPath	art/characters/elara_alt/full_body_turnaround.png	dgrsart-cdn	EXPANDED
apps/shared/expansionArt/newArtInventory.data.ts	0	expansionArt.relPath	art/characters/elara_panoptic/front_turnaround.png	dgrsart-cdn	EXPANDED
apps/shared/expansionArt/newArtInventory.data.ts	0	expansionArt.relPath	art/characters/elara_panoptic/full_body_turnaround.png	dgrsart-cdn	EXPANDED
apps/shared/expansionArt/newArtInventory.data.ts	0	expansionArt.relPath	art/characters/engineer/blood_weave/bound.png	dgrsart-cdn	EXPANDED
apps/shared/expansionArt/newArtInventory.data.ts	0	expansionArt.relPath	art/characters/engineer/blood_weave/braiding.png	dgrsart-cdn	EXPANDED
apps/shared/expansionArt/newArtInventory.data.ts	0	expansionArt.relPath	art/characters/engineer/blood_weave/claimed.png	dgrsart-cdn	EXPANDED
apps/shared/expansionArt/newArtInventory.data.ts	0	expansionArt.relPath	art/characters/engineer/blood_weave/dormant.png	dgrsart-cdn	EXPANDED
apps/shared/expansionArt/newArtInventory.data.ts	0	expansionArt.relPath	art/characters/engineer/blood_weave/woven.png	dgrsart-cdn	EXPANDED
apps/shared/expansionArt/newArtInventory.data.ts	0	expansionArt.relPath	art/characters/engineer/front_turnaround.png	dgrsart-cdn	EXPANDED
apps/shared/expansionArt/newArtInventory.data.ts	0	expansionArt.relPath	art/characters/engineer/full_body_turnaround.png	dgrsart-cdn	EXPANDED
apps/shared/expansionArt/newArtInventory.data.ts	0	expansionArt.relPath	art/characters/enigma/front_turnaround.png	dgrsart-cdn	EXPANDED
apps/shared/expansionArt/newArtInventory.data.ts	0	expansionArt.relPath	art/characters/enigma/full_body_turnaround.png	dgrsart-cdn	EXPANDED
apps/shared/expansionArt/newArtInventory.data.ts	0	expansionArt.relPath	art/characters/eyes/front_turnaround.png	dgrsart-cdn	EXPANDED
apps/shared/expansionArt/newArtInventory.data.ts	0	expansionArt.relPath	art/characters/eyes/full_body_turnaround.png	dgrsart-cdn	EXPANDED
apps/shared/expansionArt/newArtInventory.data.ts	0	expansionArt.relPath	art/characters/game_master/front_turnaround.png	dgrsart-cdn	EXPANDED
apps/shared/expansionArt/newArtInventory.data.ts	0	expansionArt.relPath	art/characters/game_master/full_body_turnaround.png	dgrsart-cdn	EXPANDED
apps/shared/expansionArt/newArtInventory.data.ts	0	expansionArt.relPath	art/characters/gamemaster/front_turnaround.png	dgrsart-cdn	EXPANDED
apps/shared/expansionArt/newArtInventory.data.ts	0	expansionArt.relPath	art/characters/gamemaster/full_body_turnaround.png	dgrsart-cdn	EXPANDED
apps/shared/expansionArt/newArtInventory.data.ts	0	expansionArt.relPath	art/characters/iron_lion/blood_weave/bound.png	dgrsart-cdn	EXPANDED
apps/shared/expansionArt/newArtInventory.data.ts	0	expansionArt.relPath	art/characters/iron_lion/blood_weave/braiding.png	dgrsart-cdn	EXPANDED
apps/shared/expansionArt/newArtInventory.data.ts	0	expansionArt.relPath	art/characters/iron_lion/blood_weave/claimed.png	dgrsart-cdn	EXPANDED
apps/shared/expansionArt/newArtInventory.data.ts	0	expansionArt.relPath	art/characters/iron_lion/blood_weave/dormant.png	dgrsart-cdn	EXPANDED
apps/shared/expansionArt/newArtInventory.data.ts	0	expansionArt.relPath	art/characters/iron_lion/blood_weave/woven.png	dgrsart-cdn	EXPANDED
apps/shared/expansionArt/newArtInventory.data.ts	0	expansionArt.relPath	art/characters/iron_lion/front_turnaround.png	dgrsart-cdn	EXPANDED
apps/shared/expansionArt/newArtInventory.data.ts	0	expansionArt.relPath	art/characters/iron_lion/full_body_turnaround.png	dgrsart-cdn	EXPANDED
apps/shared/expansionArt/newArtInventory.data.ts	0	expansionArt.relPath	art/characters/jericho_jones/blood_weave/bound.png	dgrsart-cdn	EXPANDED
apps/shared/expansionArt/newArtInventory.data.ts	0	expansionArt.relPath	art/characters/jericho_jones/blood_weave/braiding.png	dgrsart-cdn	EXPANDED
apps/shared/expansionArt/newArtInventory.data.ts	0	expansionArt.relPath	art/characters/jericho_jones/blood_weave/claimed.png	dgrsart-cdn	EXPANDED
apps/shared/expansionArt/newArtInventory.data.ts	0	expansionArt.relPath	art/characters/jericho_jones/blood_weave/dormant.png	dgrsart-cdn	EXPANDED
apps/shared/expansionArt/newArtInventory.data.ts	0	expansionArt.relPath	art/characters/jericho_jones/blood_weave/woven.png	dgrsart-cdn	EXPANDED
apps/shared/expansionArt/newArtInventory.data.ts	0	expansionArt.relPath	art/characters/locke/front_turnaround.png	dgrsart-cdn	EXPANDED
apps/shared/expansionArt/newArtInventory.data.ts	0	expansionArt.relPath	art/characters/locke/full_body_turnaround.png	dgrsart-cdn	EXPANDED
apps/shared/expansionArt/newArtInventory.data.ts	0	expansionArt.relPath	art/characters/marion_kell/front_turnaround.png	dgrsart-cdn	EXPANDED
apps/shared/expansionArt/newArtInventory.data.ts	0	expansionArt.relPath	art/characters/marion_kell/full_body_turnaround.png	dgrsart-cdn	EXPANDED
apps/shared/expansionArt/newArtInventory.data.ts	0	expansionArt.relPath	art/characters/matrikala/blood_weave/bound.png	dgrsart-cdn	EXPANDED
apps/shared/expansionArt/newArtInventory.data.ts	0	expansionArt.relPath	art/characters/matrikala/blood_weave/braiding.png	dgrsart-cdn	EXPANDED
apps/shared/expansionArt/newArtInventory.data.ts	0	expansionArt.relPath	art/characters/matrikala/blood_weave/claimed.png	dgrsart-cdn	EXPANDED
apps/shared/expansionArt/newArtInventory.data.ts	0	expansionArt.relPath	art/characters/matrikala/blood_weave/dormant.png	dgrsart-cdn	EXPANDED
apps/shared/expansionArt/newArtInventory.data.ts	0	expansionArt.relPath	art/characters/matrikala/blood_weave/woven.png	dgrsart-cdn	EXPANDED
apps/shared/expansionArt/newArtInventory.data.ts	0	expansionArt.relPath	art/characters/matrikala/front_turnaround.png	dgrsart-cdn	EXPANDED
apps/shared/expansionArt/newArtInventory.data.ts	0	expansionArt.relPath	art/characters/matrikala/full_body_turnaround.png	dgrsart-cdn	EXPANDED
apps/shared/expansionArt/newArtInventory.data.ts	0	expansionArt.relPath	art/characters/necromancer/front_turnaround.png	dgrsart-cdn	EXPANDED
apps/shared/expansionArt/newArtInventory.data.ts	0	expansionArt.relPath	art/characters/necromancer/full_body_turnaround.png	dgrsart-cdn	EXPANDED
apps/shared/expansionArt/newArtInventory.data.ts	0	expansionArt.relPath	art/characters/nilmorg/front_turnaround.png	dgrsart-cdn	EXPANDED
apps/shared/expansionArt/newArtInventory.data.ts	0	expansionArt.relPath	art/characters/nilmorg/full_body_turnaround.png	dgrsart-cdn	EXPANDED
apps/shared/expansionArt/newArtInventory.data.ts	0	expansionArt.relPath	art/characters/programmer/blood_weave/bound.png	dgrsart-cdn	EXPANDED
apps/shared/expansionArt/newArtInventory.data.ts	0	expansionArt.relPath	art/characters/programmer/blood_weave/braiding.png	dgrsart-cdn	EXPANDED
apps/shared/expansionArt/newArtInventory.data.ts	0	expansionArt.relPath	art/characters/programmer/blood_weave/claimed.png	dgrsart-cdn	EXPANDED
apps/shared/expansionArt/newArtInventory.data.ts	0	expansionArt.relPath	art/characters/programmer/blood_weave/dormant.png	dgrsart-cdn	EXPANDED
apps/shared/expansionArt/newArtInventory.data.ts	0	expansionArt.relPath	art/characters/programmer/blood_weave/woven.png	dgrsart-cdn	EXPANDED
apps/shared/expansionArt/newArtInventory.data.ts	0	expansionArt.relPath	art/characters/programmer/front_turnaround.png	dgrsart-cdn	EXPANDED
apps/shared/expansionArt/newArtInventory.data.ts	0	expansionArt.relPath	art/characters/programmer/full_body_turnaround.png	dgrsart-cdn	EXPANDED
apps/shared/expansionArt/newArtInventory.data.ts	0	expansionArt.relPath	art/characters/seer/front_turnaround.png	dgrsart-cdn	EXPANDED
apps/shared/expansionArt/newArtInventory.data.ts	0	expansionArt.relPath	art/characters/seer/full_body_turnaround.png	dgrsart-cdn	EXPANDED
apps/shared/expansionArt/newArtInventory.data.ts	0	expansionArt.relPath	art/characters/shadow_tongue/front_turnaround.png	dgrsart-cdn	EXPANDED
apps/shared/expansionArt/newArtInventory.data.ts	0	expansionArt.relPath	art/characters/shadow_tongue/full_body_turnaround.png	dgrsart-cdn	EXPANDED
apps/shared/expansionArt/newArtInventory.data.ts	0	expansionArt.relPath	art/characters/source/front_turnaround.png	dgrsart-cdn	EXPANDED
apps/shared/expansionArt/newArtInventory.data.ts	0	expansionArt.relPath	art/characters/source/full_body_turnaround.png	dgrsart-cdn	EXPANDED
apps/shared/expansionArt/newArtInventory.data.ts	0	expansionArt.relPath	art/characters/source_kael/blood_weave/bound.png	dgrsart-cdn	EXPANDED
apps/shared/expansionArt/newArtInventory.data.ts	0	expansionArt.relPath	art/characters/source_kael/blood_weave/braiding.png	dgrsart-cdn	EXPANDED
apps/shared/expansionArt/newArtInventory.data.ts	0	expansionArt.relPath	art/characters/source_kael/blood_weave/claimed.png	dgrsart-cdn	EXPANDED
apps/shared/expansionArt/newArtInventory.data.ts	0	expansionArt.relPath	art/characters/source_kael/blood_weave/dormant.png	dgrsart-cdn	EXPANDED
apps/shared/expansionArt/newArtInventory.data.ts	0	expansionArt.relPath	art/characters/source_kael/blood_weave/woven.png	dgrsart-cdn	EXPANDED
apps/shared/expansionArt/newArtInventory.data.ts	0	expansionArt.relPath	art/characters/source_kael/front_turnaround.png	dgrsart-cdn	EXPANDED
apps/shared/expansionArt/newArtInventory.data.ts	0	expansionArt.relPath	art/characters/source_kael/full_body_turnaround.png	dgrsart-cdn	EXPANDED
apps/shared/expansionArt/newArtInventory.data.ts	0	expansionArt.relPath	art/characters/the_eyes/blood_weave/bound.png	dgrsart-cdn	EXPANDED
apps/shared/expansionArt/newArtInventory.data.ts	0	expansionArt.relPath	art/characters/the_eyes/blood_weave/braiding.png	dgrsart-cdn	EXPANDED
apps/shared/expansionArt/newArtInventory.data.ts	0	expansionArt.relPath	art/characters/the_eyes/blood_weave/claimed.png	dgrsart-cdn	EXPANDED
apps/shared/expansionArt/newArtInventory.data.ts	0	expansionArt.relPath	art/characters/the_eyes/blood_weave/dormant.png	dgrsart-cdn	EXPANDED
apps/shared/expansionArt/newArtInventory.data.ts	0	expansionArt.relPath	art/characters/the_eyes/blood_weave/woven.png	dgrsart-cdn	EXPANDED
apps/shared/expansionArt/newArtInventory.data.ts	0	expansionArt.relPath	art/characters/the_eyes/front_turnaround.png	dgrsart-cdn	EXPANDED
apps/shared/expansionArt/newArtInventory.data.ts	0	expansionArt.relPath	art/characters/the_eyes/full_body_turnaround.png	dgrsart-cdn	EXPANDED
apps/shared/expansionArt/newArtInventory.data.ts	0	expansionArt.relPath	art/characters/the_human/front_turnaround.png	dgrsart-cdn	EXPANDED
apps/shared/expansionArt/newArtInventory.data.ts	0	expansionArt.relPath	art/characters/the_human/full_body_turnaround.png	dgrsart-cdn	EXPANDED
apps/shared/expansionArt/newArtInventory.data.ts	0	expansionArt.relPath	art/characters/vex_solene/front_turnaround.png	dgrsart-cdn	EXPANDED
apps/shared/expansionArt/newArtInventory.data.ts	0	expansionArt.relPath	art/characters/vex_solene/full_body_turnaround.png	dgrsart-cdn	EXPANDED
apps/shared/expansionArt/newArtInventory.data.ts	0	expansionArt.relPath	art/characters/warlord/front_turnaround.png	dgrsart-cdn	EXPANDED
apps/shared/expansionArt/newArtInventory.data.ts	0	expansionArt.relPath	art/characters/warlord/full_body_turnaround.png	dgrsart-cdn	EXPANDED
apps/shared/expansionArt/newArtInventory.data.ts	0	expansionArt.relPath	art/characters/watcher/front_turnaround.png	dgrsart-cdn	EXPANDED
apps/shared/expansionArt/newArtInventory.data.ts	0	expansionArt.relPath	art/characters/watcher/full_body_turnaround.png	dgrsart-cdn	EXPANDED
apps/shared/expansionArt/newArtInventory.data.ts	0	expansionArt.relPath	art/cinematics/climax_stills/climax_architect_awakens.png	dgrsart-cdn	EXPANDED
apps/shared/expansionArt/newArtInventory.data.ts	0	expansionArt.relPath	art/cinematics/climax_stills/climax_insurgency_rises.png	dgrsart-cdn	EXPANDED
apps/shared/expansionArt/newArtInventory.data.ts	0	expansionArt.relPath	art/cinematics/climax_stills/climax_seer_prophecy.png	dgrsart-cdn	EXPANDED
apps/shared/expansionArt/newArtInventory.data.ts	0	expansionArt.relPath	art/cinematics/climax_stills/climax_terminus_breach.png	dgrsart-cdn	EXPANDED
apps/shared/expansionArt/newArtInventory.data.ts	0	expansionArt.relPath	art/cinematics/climax_stills/climax_watcher_eye_opens.png	dgrsart-cdn	EXPANDED
apps/shared/expansionArt/newArtInventory.data.ts	0	expansionArt.relPath	art/cinematics/epigraphs/epigraph_age_of_potentials.png	dgrsart-cdn	EXPANDED
apps/shared/expansionArt/newArtInventory.data.ts	0	expansionArt.relPath	art/cinematics/epigraphs/epigraph_age_of_privacy.png	dgrsart-cdn	EXPANDED
apps/shared/expansionArt/newArtInventory.data.ts	0	expansionArt.relPath	art/cinematics/epigraphs/epigraph_age_of_revelation.png	dgrsart-cdn	EXPANDED
apps/shared/expansionArt/newArtInventory.data.ts	0	expansionArt.relPath	art/cinematics/epigraphs/epigraph_fall_of_reality.png	dgrsart-cdn	EXPANDED
apps/shared/expansionArt/newArtInventory.data.ts	0	expansionArt.relPath	art/cinematics/epigraphs/epigraph_silence_in_heaven.png	dgrsart-cdn	EXPANDED
apps/shared/expansionArt/newArtInventory.data.ts	0	expansionArt.relPath	art/cinematics/expansion_loops/loop_new_babylon_skyline.png	dgrsart-cdn	EXPANDED
apps/shared/expansionArt/newArtInventory.data.ts	0	expansionArt.relPath	art/cinematics/expansion_loops/loop_thaloria_valley.png	dgrsart-cdn	EXPANDED
apps/shared/expansionArt/newArtInventory.data.ts	0	expansionArt.relPath	art/cinematics/expansion_loops/loop_void_drift.png	dgrsart-cdn	EXPANDED
apps/shared/expansionArt/newArtInventory.data.ts	0	expansionArt.relPath	art/cinematics/witnessing_vfx/witness_authority.png	dgrsart-cdn	EXPANDED
apps/shared/expansionArt/newArtInventory.data.ts	0	expansionArt.relPath	art/cinematics/witnessing_vfx/witness_dreamer.png	dgrsart-cdn	EXPANDED
apps/shared/expansionArt/newArtInventory.data.ts	0	expansionArt.relPath	art/cinematics/witnessing_vfx/witness_hierarchy.png	dgrsart-cdn	EXPANDED
apps/shared/expansionArt/newArtInventory.data.ts	0	expansionArt.relPath	art/cinematics/witnessing_vfx/witness_insurgency.png	dgrsart-cdn	EXPANDED
apps/shared/expansionArt/newArtInventory.data.ts	0	expansionArt.relPath	art/cinematics/witnessing_vfx/witness_mechronis.png	dgrsart-cdn	EXPANDED
apps/shared/expansionArt/newArtInventory.data.ts	0	expansionArt.relPath	art/cinematics/witnessing_vfx/witness_terminus.png	dgrsart-cdn	EXPANDED
apps/shared/expansionArt/newArtInventory.data.ts	0	expansionArt.relPath	art/cinematics/witnessing_vfx/witness_watcher.png	dgrsart-cdn	EXPANDED
apps/shared/expansionArt/newArtInventory.data.ts	0	expansionArt.relPath	art/destinations/castle_of_death/cod01_entrance_hall.png	dgrsart-cdn	EXPANDED
apps/shared/expansionArt/newArtInventory.data.ts	0	expansionArt.relPath	art/destinations/castle_of_death/cod02_poison_kitchen.png	dgrsart-cdn	EXPANDED
apps/shared/expansionArt/newArtInventory.data.ts	0	expansionArt.relPath	art/destinations/castle_of_death/cod03_mirror_gallery.png	dgrsart-cdn	EXPANDED
apps/shared/expansionArt/newArtInventory.data.ts	0	expansionArt.relPath	art/destinations/castle_of_death/cod04_clocktower_mechanism.png	dgrsart-cdn	EXPANDED
apps/shared/expansionArt/newArtInventory.data.ts	0	expansionArt.relPath	art/destinations/castle_of_death/cod05_flooded_dungeon.png	dgrsart-cdn	EXPANDED
apps/shared/expansionArt/newArtInventory.data.ts	0	expansionArt.relPath	art/destinations/castle_of_death/cod06_throne_room.png	dgrsart-cdn	EXPANDED
apps/shared/expansionArt/newArtInventory.data.ts	0	expansionArt.relPath	art/destinations/castle_of_death/cod07_library_of_forbidden.png	dgrsart-cdn	EXPANDED
apps/shared/expansionArt/newArtInventory.data.ts	0	expansionArt.relPath	art/destinations/castle_of_death/cod08_torture_garden.png	dgrsart-cdn	EXPANDED
apps/shared/expansionArt/newArtInventory.data.ts	0	expansionArt.relPath	art/destinations/castle_of_death/cod09_ballroom_of_bones.png	dgrsart-cdn	EXPANDED
apps/shared/expansionArt/newArtInventory.data.ts	0	expansionArt.relPath	art/destinations/castle_of_death/cod10_observatory_of_doom.png	dgrsart-cdn	EXPANDED
apps/shared/expansionArt/newArtInventory.data.ts	0	expansionArt.relPath	art/destinations/castle_of_death/cod11_crypt_of_ancestors.png	dgrsart-cdn	EXPANDED
apps/shared/expansionArt/newArtInventory.data.ts	0	expansionArt.relPath	art/destinations/castle_of_death/cod12_alchemy_lab.png	dgrsart-cdn	EXPANDED
apps/shared/expansionArt/newArtInventory.data.ts	0	expansionArt.relPath	art/destinations/castle_of_death/cod13_armory_of_legends.png	dgrsart-cdn	EXPANDED
apps/shared/expansionArt/newArtInventory.data.ts	0	expansionArt.relPath	art/destinations/castle_of_death/cod14_dining_hall_of_last_supper.png	dgrsart-cdn	EXPANDED
apps/shared/expansionArt/newArtInventory.data.ts	0	expansionArt.relPath	art/destinations/castle_of_death/cod15_music_room.png	dgrsart-cdn	EXPANDED
apps/shared/expansionArt/newArtInventory.data.ts	0	expansionArt.relPath	art/destinations/castle_of_death/cod16_servants_quarters.png	dgrsart-cdn	EXPANDED
apps/shared/expansionArt/newArtInventory.data.ts	0	expansionArt.relPath	art/destinations/castle_of_death/cod17_greenhouse_of_carnivores.png	dgrsart-cdn	EXPANDED
apps/shared/expansionArt/newArtInventory.data.ts	0	expansionArt.relPath	art/destinations/castle_of_death/cod18_chapel_of_false_saints.png	dgrsart-cdn	EXPANDED
apps/shared/expansionArt/newArtInventory.data.ts	0	expansionArt.relPath	art/destinations/castle_of_death/cod19_portrait_gallery.png	dgrsart-cdn	EXPANDED
apps/shared/expansionArt/newArtInventory.data.ts	0	expansionArt.relPath	art/destinations/castle_of_death/cod20_final_chamber_throne.png	dgrsart-cdn	EXPANDED
apps/shared/expansionArt/newArtInventory.data.ts	0	expansionArt.relPath	art/destinations/crucible/cr01_iron_pit.png	dgrsart-cdn	EXPANDED
apps/shared/expansionArt/newArtInventory.data.ts	0	expansionArt.relPath	art/destinations/crucible/cr02_void_ring.png	dgrsart-cdn	EXPANDED
apps/shared/expansionArt/newArtInventory.data.ts	0	expansionArt.relPath	art/destinations/crucible/cr03_acid_gardens.png	dgrsart-cdn	EXPANDED
apps/shared/expansionArt/newArtInventory.data.ts	0	expansionArt.relPath	art/destinations/crucible/cr04_clockwork_maze.png	dgrsart-cdn	EXPANDED
apps/shared/expansionArt/newArtInventory.data.ts	0	expansionArt.relPath	art/destinations/crucible/cr05_shadow_cathedral.png	dgrsart-cdn	EXPANDED
apps/shared/expansionArt/newArtInventory.data.ts	0	expansionArt.relPath	art/destinations/crucible/cr06_frozen_colosseum.png	dgrsart-cdn	EXPANDED
apps/shared/expansionArt/newArtInventory.data.ts	0	expansionArt.relPath	art/destinations/crucible/cr07_volcanic_forge.png	dgrsart-cdn	EXPANDED
apps/shared/expansionArt/newArtInventory.data.ts	0	expansionArt.relPath	art/destinations/crucible/cr08_gravity_well.png	dgrsart-cdn	EXPANDED
apps/shared/expansionArt/newArtInventory.data.ts	0	expansionArt.relPath	art/destinations/crucible/cr09_mirror_dimension.png	dgrsart-cdn	EXPANDED
apps/shared/expansionArt/newArtInventory.data.ts	0	expansionArt.relPath	art/destinations/crucible/cr10_storm_spire.png	dgrsart-cdn	EXPANDED
apps/shared/expansionArt/newArtInventory.data.ts	0	expansionArt.relPath	art/destinations/crucible/cr11_bone_garden.png	dgrsart-cdn	EXPANDED
apps/shared/expansionArt/newArtInventory.data.ts	0	expansionArt.relPath	art/destinations/crucible/cr12_neon_undercity.png	dgrsart-cdn	EXPANDED
apps/shared/expansionArt/newArtInventory.data.ts	0	expansionArt.relPath	art/destinations/crucible/cr13_crystal_cavern.png	dgrsart-cdn	EXPANDED
apps/shared/expansionArt/newArtInventory.data.ts	0	expansionArt.relPath	art/destinations/crucible/cr14_shipwreck_graveyard.png	dgrsart-cdn	EXPANDED
apps/shared/expansionArt/newArtInventory.data.ts	0	expansionArt.relPath	art/destinations/crucible/cr15_living_forest.png	dgrsart-cdn	EXPANDED
apps/shared/expansionArt/newArtInventory.data.ts	0	expansionArt.relPath	art/destinations/destination_crystal_archive_panorama.png	dgrsart-cdn	EXPANDED
apps/shared/expansionArt/newArtInventory.data.ts	0	expansionArt.relPath	art/destinations/destination_dead_station_panorama.png	dgrsart-cdn	EXPANDED
apps/shared/expansionArt/newArtInventory.data.ts	0	expansionArt.relPath	art/destinations/destination_forge_world_panorama.png	dgrsart-cdn	EXPANDED
apps/shared/expansionArt/newArtInventory.data.ts	0	expansionArt.relPath	art/destinations/destination_garden_colony_panorama.png	dgrsart-cdn	EXPANDED
apps/shared/expansionArt/newArtInventory.data.ts	0	expansionArt.relPath	art/destinations/destination_ice_moon_panorama.png	dgrsart-cdn	EXPANDED
apps/shared/expansionArt/newArtInventory.data.ts	0	expansionArt.relPath	art/destinations/destination_nebula_station_panorama.png	dgrsart-cdn	EXPANDED
apps/shared/expansionArt/newArtInventory.data.ts	0	expansionArt.relPath	art/destinations/destination_trade_hub_panorama.png	dgrsart-cdn	EXPANDED
apps/shared/expansionArt/newArtInventory.data.ts	0	expansionArt.relPath	art/destinations/destination_war_zone_panorama.png	dgrsart-cdn	EXPANDED
apps/shared/expansionArt/newArtInventory.data.ts	0	expansionArt.relPath	art/destinations/quiz_show/qs01_main_stage.png	dgrsart-cdn	EXPANDED
apps/shared/expansionArt/newArtInventory.data.ts	0	expansionArt.relPath	art/destinations/quiz_show/qs02_lightning_round_chamber.png	dgrsart-cdn	EXPANDED
apps/shared/expansionArt/newArtInventory.data.ts	0	expansionArt.relPath	art/destinations/quiz_show/qs03_bonus_vault.png	dgrsart-cdn	EXPANDED
apps/shared/expansionArt/newArtInventory.data.ts	0	expansionArt.relPath	art/destinations/quiz_show/qs04_elimination_pit.png	dgrsart-cdn	EXPANDED
apps/shared/expansionArt/newArtInventory.data.ts	0	expansionArt.relPath	art/destinations/quiz_show/qs05_backstage_green_room.png	dgrsart-cdn	EXPANDED
apps/shared/expansionArt/newArtInventory.data.ts	0	expansionArt.relPath	art/destinations/tower_defense/td01_iron_fortress.png	dgrsart-cdn	EXPANDED
apps/shared/expansionArt/newArtInventory.data.ts	0	expansionArt.relPath	art/destinations/tower_defense/td02_frozen_pass.png	dgrsart-cdn	EXPANDED
apps/shared/expansionArt/newArtInventory.data.ts	0	expansionArt.relPath	art/destinations/tower_defense/td03_jungle_temple.png	dgrsart-cdn	EXPANDED
apps/shared/expansionArt/newArtInventory.data.ts	0	expansionArt.relPath	art/destinations/tower_defense/td04_void_station.png	dgrsart-cdn	EXPANDED
apps/shared/expansionArt/newArtInventory.data.ts	0	expansionArt.relPath	art/destinations/tower_defense/td05_clockwork_city.png	dgrsart-cdn	EXPANDED
apps/shared/expansionArt/newArtInventory.data.ts	0	expansionArt.relPath	art/destinations/tower_defense/td06_necropolis.png	dgrsart-cdn	EXPANDED
apps/shared/expansionArt/newArtInventory.data.ts	0	expansionArt.relPath	art/destinations/tower_defense/td07_sky_citadel.png	dgrsart-cdn	EXPANDED
apps/shared/expansionArt/newArtInventory.data.ts	0	expansionArt.relPath	art/destinations/tower_defense/td08_toxic_swamp.png	dgrsart-cdn	EXPANDED
apps/shared/expansionArt/newArtInventory.data.ts	0	expansionArt.relPath	art/destinations/tower_defense/td09_crystal_mines.png	dgrsart-cdn	EXPANDED
apps/shared/expansionArt/newArtInventory.data.ts	0	expansionArt.relPath	art/destinations/tower_defense/td10_war_machine.png	dgrsart-cdn	EXPANDED
apps/shared/expansionArt/newArtInventory.data.ts	0	expansionArt.relPath	art/destinations/trade_empire/te01_aurum_prime.png	dgrsart-cdn	EXPANDED
apps/shared/expansionArt/newArtInventory.data.ts	0	expansionArt.relPath	art/destinations/trade_empire/te02_iron_bazaar.png	dgrsart-cdn	EXPANDED
apps/shared/expansionArt/newArtInventory.data.ts	0	expansionArt.relPath	art/destinations/trade_empire/te03_silk_nebula_port.png	dgrsart-cdn	EXPANDED
apps/shared/expansionArt/newArtInventory.data.ts	0	expansionArt.relPath	art/destinations/trade_empire/te04_scrapyard_moon.png	dgrsart-cdn	EXPANDED
apps/shared/expansionArt/newArtInventory.data.ts	0	expansionArt.relPath	art/destinations/trade_empire/te05_crystal_exchange.png	dgrsart-cdn	EXPANDED
apps/shared/expansionArt/newArtInventory.data.ts	0	expansionArt.relPath	art/destinations/trade_empire/te06_void_market.png	dgrsart-cdn	EXPANDED
apps/shared/expansionArt/newArtInventory.data.ts	0	expansionArt.relPath	art/destinations/trade_empire/te07_garden_world_agri.png	dgrsart-cdn	EXPANDED
apps/shared/expansionArt/newArtInventory.data.ts	0	expansionArt.relPath	art/destinations/trade_empire/te08_fuel_refinery.png	dgrsart-cdn	EXPANDED
apps/shared/expansionArt/newArtInventory.data.ts	0	expansionArt.relPath	art/destinations/trade_empire/te09_data_haven.png	dgrsart-cdn	EXPANDED
apps/shared/expansionArt/newArtInventory.data.ts	0	expansionArt.relPath	art/destinations/trade_empire/te10_resort_world.png	dgrsart-cdn	EXPANDED
apps/shared/expansionArt/newArtInventory.data.ts	0	expansionArt.relPath	art/fight/hud/combo_pop_bronze.png	dgrsart-cdn	EXPANDED
apps/shared/expansionArt/newArtInventory.data.ts	0	expansionArt.relPath	art/fight/hud/combo_pop_gold.png	dgrsart-cdn	EXPANDED
apps/shared/expansionArt/newArtInventory.data.ts	0	expansionArt.relPath	art/fight/hud/combo_pop_platinum.png	dgrsart-cdn	EXPANDED
apps/shared/expansionArt/newArtInventory.data.ts	0	expansionArt.relPath	art/fight/hud/combo_pop_silver.png	dgrsart-cdn	EXPANDED
apps/shared/expansionArt/newArtInventory.data.ts	0	expansionArt.relPath	art/fight/hud/flawless_victory_banner.png	dgrsart-cdn	EXPANDED
apps/shared/expansionArt/newArtInventory.data.ts	0	expansionArt.relPath	art/fight/hud/health_bar_p1.png	dgrsart-cdn	EXPANDED
apps/shared/expansionArt/newArtInventory.data.ts	0	expansionArt.relPath	art/fight/hud/health_bar_p2.png	dgrsart-cdn	EXPANDED
apps/shared/expansionArt/newArtInventory.data.ts	0	expansionArt.relPath	art/fight/hud/ko_splash.png	dgrsart-cdn	EXPANDED
apps/shared/expansionArt/newArtInventory.data.ts	0	expansionArt.relPath	art/fight/hud/perfect_banner.png	dgrsart-cdn	EXPANDED
apps/shared/expansionArt/newArtInventory.data.ts	0	expansionArt.relPath	art/fight/hud/portrait_frame_p1.png	dgrsart-cdn	EXPANDED
apps/shared/expansionArt/newArtInventory.data.ts	0	expansionArt.relPath	art/fight/hud/portrait_frame_p2.png	dgrsart-cdn	EXPANDED
apps/shared/expansionArt/newArtInventory.data.ts	0	expansionArt.relPath	art/fight/hud/round_card_final.png	dgrsart-cdn	EXPANDED
apps/shared/expansionArt/newArtInventory.data.ts	0	expansionArt.relPath	art/fight/hud/round_card_round_1.png	dgrsart-cdn	EXPANDED
apps/shared/expansionArt/newArtInventory.data.ts	0	expansionArt.relPath	art/fight/hud/round_card_round_2.png	dgrsart-cdn	EXPANDED
apps/shared/expansionArt/newArtInventory.data.ts	0	expansionArt.relPath	art/fight/hud/super_meter.png	dgrsart-cdn	EXPANDED
apps/shared/expansionArt/newArtInventory.data.ts	0	expansionArt.relPath	art/fight/hud/timer_clock.png	dgrsart-cdn	EXPANDED
apps/shared/expansionArt/newArtInventory.data.ts	0	expansionArt.relPath	art/fight/hud/victory_banner.png	dgrsart-cdn	EXPANDED
apps/shared/expansionArt/newArtInventory.data.ts	0	expansionArt.relPath	art/fight/sprites/agent_zero/attack_heavy_kick.png	dgrsart-cdn	EXPANDED
apps/shared/expansionArt/newArtInventory.data.ts	0	expansionArt.relPath	art/fight/sprites/agent_zero/attack_heavy_punch.png	dgrsart-cdn	EXPANDED
apps/shared/expansionArt/newArtInventory.data.ts	0	expansionArt.relPath	art/fight/sprites/agent_zero/attack_light_kick.png	dgrsart-cdn	EXPANDED
apps/shared/expansionArt/newArtInventory.data.ts	0	expansionArt.relPath	art/fight/sprites/agent_zero/attack_light_punch.png	dgrsart-cdn	EXPANDED
apps/shared/expansionArt/newArtInventory.data.ts	0	expansionArt.relPath	art/fight/sprites/agent_zero/attack_medium_kick.png	dgrsart-cdn	EXPANDED
apps/shared/expansionArt/newArtInventory.data.ts	0	expansionArt.relPath	art/fight/sprites/agent_zero/attack_medium_punch.png	dgrsart-cdn	EXPANDED
apps/shared/expansionArt/newArtInventory.data.ts	0	expansionArt.relPath	art/fight/sprites/agent_zero/block_active.png	dgrsart-cdn	EXPANDED
apps/shared/expansionArt/newArtInventory.data.ts	0	expansionArt.relPath	art/fight/sprites/agent_zero/crouch.png	dgrsart-cdn	EXPANDED
apps/shared/expansionArt/newArtInventory.data.ts	0	expansionArt.relPath	art/fight/sprites/agent_zero/hit_high.png	dgrsart-cdn	EXPANDED
apps/shared/expansionArt/newArtInventory.data.ts	0	expansionArt.relPath	art/fight/sprites/agent_zero/hit_low.png	dgrsart-cdn	EXPANDED
apps/shared/expansionArt/newArtInventory.data.ts	0	expansionArt.relPath	art/fight/sprites/agent_zero/hit_mid.png	dgrsart-cdn	EXPANDED
apps/shared/expansionArt/newArtInventory.data.ts	0	expansionArt.relPath	art/fight/sprites/agent_zero/idle.png	dgrsart-cdn	EXPANDED
apps/shared/expansionArt/newArtInventory.data.ts	0	expansionArt.relPath	art/fight/sprites/agent_zero/jump.png	dgrsart-cdn	EXPANDED
apps/shared/expansionArt/newArtInventory.data.ts	0	expansionArt.relPath	art/fight/sprites/agent_zero/knockdown.png	dgrsart-cdn	EXPANDED
apps/shared/expansionArt/newArtInventory.data.ts	0	expansionArt.relPath	art/fight/sprites/agent_zero/special_1.png	dgrsart-cdn	EXPANDED
apps/shared/expansionArt/newArtInventory.data.ts	0	expansionArt.relPath	art/fight/sprites/agent_zero/special_2.png	dgrsart-cdn	EXPANDED
apps/shared/expansionArt/newArtInventory.data.ts	0	expansionArt.relPath	art/fight/sprites/agent_zero/super_move.png	dgrsart-cdn	EXPANDED
apps/shared/expansionArt/newArtInventory.data.ts	0	expansionArt.relPath	art/fight/sprites/agent_zero/taunt.png	dgrsart-cdn	EXPANDED
apps/shared/expansionArt/newArtInventory.data.ts	0	expansionArt.relPath	art/fight/sprites/agent_zero/victory.png	dgrsart-cdn	EXPANDED
apps/shared/expansionArt/newArtInventory.data.ts	0	expansionArt.relPath	art/fight/sprites/agent_zero/walk_backward.png	dgrsart-cdn	EXPANDED
apps/shared/expansionArt/newArtInventory.data.ts	0	expansionArt.relPath	art/fight/sprites/agent_zero/walk_forward.png	dgrsart-cdn	EXPANDED
apps/shared/expansionArt/newArtInventory.data.ts	0	expansionArt.relPath	art/fight/sprites/antiquarian/attack_heavy_kick.png	dgrsart-cdn	EXPANDED
apps/shared/expansionArt/newArtInventory.data.ts	0	expansionArt.relPath	art/fight/sprites/antiquarian/attack_heavy_punch.png	dgrsart-cdn	EXPANDED
apps/shared/expansionArt/newArtInventory.data.ts	0	expansionArt.relPath	art/fight/sprites/antiquarian/attack_light_kick.png	dgrsart-cdn	EXPANDED
apps/shared/expansionArt/newArtInventory.data.ts	0	expansionArt.relPath	art/fight/sprites/antiquarian/attack_light_punch.png	dgrsart-cdn	EXPANDED
apps/shared/expansionArt/newArtInventory.data.ts	0	expansionArt.relPath	art/fight/sprites/antiquarian/attack_medium_kick.png	dgrsart-cdn	EXPANDED
apps/shared/expansionArt/newArtInventory.data.ts	0	expansionArt.relPath	art/fight/sprites/antiquarian/attack_medium_punch.png	dgrsart-cdn	EXPANDED
apps/shared/expansionArt/newArtInventory.data.ts	0	expansionArt.relPath	art/fight/sprites/antiquarian/block_active.png	dgrsart-cdn	EXPANDED
apps/shared/expansionArt/newArtInventory.data.ts	0	expansionArt.relPath	art/fight/sprites/antiquarian/crouch.png	dgrsart-cdn	EXPANDED
apps/shared/expansionArt/newArtInventory.data.ts	0	expansionArt.relPath	art/fight/sprites/antiquarian/hit_high.png	dgrsart-cdn	EXPANDED
apps/shared/expansionArt/newArtInventory.data.ts	0	expansionArt.relPath	art/fight/sprites/antiquarian/hit_low.png	dgrsart-cdn	EXPANDED
apps/shared/expansionArt/newArtInventory.data.ts	0	expansionArt.relPath	art/fight/sprites/antiquarian/hit_mid.png	dgrsart-cdn	EXPANDED
apps/shared/expansionArt/newArtInventory.data.ts	0	expansionArt.relPath	art/fight/sprites/antiquarian/idle.png	dgrsart-cdn	EXPANDED
apps/shared/expansionArt/newArtInventory.data.ts	0	expansionArt.relPath	art/fight/sprites/antiquarian/jump.png	dgrsart-cdn	EXPANDED
apps/shared/expansionArt/newArtInventory.data.ts	0	expansionArt.relPath	art/fight/sprites/antiquarian/knockdown.png	dgrsart-cdn	EXPANDED
apps/shared/expansionArt/newArtInventory.data.ts	0	expansionArt.relPath	art/fight/sprites/antiquarian/special_1.png	dgrsart-cdn	EXPANDED
apps/shared/expansionArt/newArtInventory.data.ts	0	expansionArt.relPath	art/fight/sprites/antiquarian/special_2.png	dgrsart-cdn	EXPANDED
apps/shared/expansionArt/newArtInventory.data.ts	0	expansionArt.relPath	art/fight/sprites/antiquarian/super_move.png	dgrsart-cdn	EXPANDED
apps/shared/expansionArt/newArtInventory.data.ts	0	expansionArt.relPath	art/fight/sprites/antiquarian/taunt.png	dgrsart-cdn	EXPANDED
apps/shared/expansionArt/newArtInventory.data.ts	0	expansionArt.relPath	art/fight/sprites/antiquarian/victory.png	dgrsart-cdn	EXPANDED
apps/shared/expansionArt/newArtInventory.data.ts	0	expansionArt.relPath	art/fight/sprites/antiquarian/walk_backward.png	dgrsart-cdn	EXPANDED
apps/shared/expansionArt/newArtInventory.data.ts	0	expansionArt.relPath	art/fight/sprites/antiquarian/walk_forward.png	dgrsart-cdn	EXPANDED
apps/shared/expansionArt/newArtInventory.data.ts	0	expansionArt.relPath	art/fight/sprites/architect/attack_heavy_kick.png	dgrsart-cdn	EXPANDED
apps/shared/expansionArt/newArtInventory.data.ts	0	expansionArt.relPath	art/fight/sprites/architect/attack_heavy_punch.png	dgrsart-cdn	EXPANDED
apps/shared/expansionArt/newArtInventory.data.ts	0	expansionArt.relPath	art/fight/sprites/architect/attack_light_kick.png	dgrsart-cdn	EXPANDED
apps/shared/expansionArt/newArtInventory.data.ts	0	expansionArt.relPath	art/fight/sprites/architect/attack_light_punch.png	dgrsart-cdn	EXPANDED
apps/shared/expansionArt/newArtInventory.data.ts	0	expansionArt.relPath	art/fight/sprites/architect/attack_medium_kick.png	dgrsart-cdn	EXPANDED
apps/shared/expansionArt/newArtInventory.data.ts	0	expansionArt.relPath	art/fight/sprites/architect/attack_medium_punch.png	dgrsart-cdn	EXPANDED
apps/shared/expansionArt/newArtInventory.data.ts	0	expansionArt.relPath	art/fight/sprites/architect/block_active.png	dgrsart-cdn	EXPANDED
apps/shared/expansionArt/newArtInventory.data.ts	0	expansionArt.relPath	art/fight/sprites/architect/crouch.png	dgrsart-cdn	EXPANDED
apps/shared/expansionArt/newArtInventory.data.ts	0	expansionArt.relPath	art/fight/sprites/architect/hit_high.png	dgrsart-cdn	EXPANDED
apps/shared/expansionArt/newArtInventory.data.ts	0	expansionArt.relPath	art/fight/sprites/architect/hit_low.png	dgrsart-cdn	EXPANDED
apps/shared/expansionArt/newArtInventory.data.ts	0	expansionArt.relPath	art/fight/sprites/architect/hit_mid.png	dgrsart-cdn	EXPANDED
apps/shared/expansionArt/newArtInventory.data.ts	0	expansionArt.relPath	art/fight/sprites/architect/idle.png	dgrsart-cdn	EXPANDED
apps/shared/expansionArt/newArtInventory.data.ts	0	expansionArt.relPath	art/fight/sprites/architect/jump.png	dgrsart-cdn	EXPANDED
apps/shared/expansionArt/newArtInventory.data.ts	0	expansionArt.relPath	art/fight/sprites/architect/knockdown.png	dgrsart-cdn	EXPANDED
apps/shared/expansionArt/newArtInventory.data.ts	0	expansionArt.relPath	art/fight/sprites/architect/special_1.png	dgrsart-cdn	EXPANDED
apps/shared/expansionArt/newArtInventory.data.ts	0	expansionArt.relPath	art/fight/sprites/architect/special_2.png	dgrsart-cdn	EXPANDED
apps/shared/expansionArt/newArtInventory.data.ts	0	expansionArt.relPath	art/fight/sprites/architect/super_move.png	dgrsart-cdn	EXPANDED
apps/shared/expansionArt/newArtInventory.data.ts	0	expansionArt.relPath	art/fight/sprites/architect/taunt.png	dgrsart-cdn	EXPANDED
apps/shared/expansionArt/newArtInventory.data.ts	0	expansionArt.relPath	art/fight/sprites/architect/victory.png	dgrsart-cdn	EXPANDED
apps/shared/expansionArt/newArtInventory.data.ts	0	expansionArt.relPath	art/fight/sprites/architect/walk_backward.png	dgrsart-cdn	EXPANDED
apps/shared/expansionArt/newArtInventory.data.ts	0	expansionArt.relPath	art/fight/sprites/architect/walk_forward.png	dgrsart-cdn	EXPANDED
apps/shared/expansionArt/newArtInventory.data.ts	0	expansionArt.relPath	art/fight/sprites/collector/attack_heavy_kick.png	dgrsart-cdn	EXPANDED
apps/shared/expansionArt/newArtInventory.data.ts	0	expansionArt.relPath	art/fight/sprites/collector/attack_heavy_punch.png	dgrsart-cdn	EXPANDED
apps/shared/expansionArt/newArtInventory.data.ts	0	expansionArt.relPath	art/fight/sprites/collector/attack_light_kick.png	dgrsart-cdn	EXPANDED
apps/shared/expansionArt/newArtInventory.data.ts	0	expansionArt.relPath	art/fight/sprites/collector/attack_light_punch.png	dgrsart-cdn	EXPANDED
apps/shared/expansionArt/newArtInventory.data.ts	0	expansionArt.relPath	art/fight/sprites/collector/attack_medium_kick.png	dgrsart-cdn	EXPANDED
apps/shared/expansionArt/newArtInventory.data.ts	0	expansionArt.relPath	art/fight/sprites/collector/attack_medium_punch.png	dgrsart-cdn	EXPANDED
apps/shared/expansionArt/newArtInventory.data.ts	0	expansionArt.relPath	art/fight/sprites/collector/block_active.png	dgrsart-cdn	EXPANDED
apps/shared/expansionArt/newArtInventory.data.ts	0	expansionArt.relPath	art/fight/sprites/collector/crouch.png	dgrsart-cdn	EXPANDED
apps/shared/expansionArt/newArtInventory.data.ts	0	expansionArt.relPath	art/fight/sprites/collector/hit_high.png	dgrsart-cdn	EXPANDED
apps/shared/expansionArt/newArtInventory.data.ts	0	expansionArt.relPath	art/fight/sprites/collector/hit_low.png	dgrsart-cdn	EXPANDED
apps/shared/expansionArt/newArtInventory.data.ts	0	expansionArt.relPath	art/fight/sprites/collector/hit_mid.png	dgrsart-cdn	EXPANDED
apps/shared/expansionArt/newArtInventory.data.ts	0	expansionArt.relPath	art/fight/sprites/collector/idle.png	dgrsart-cdn	EXPANDED
apps/shared/expansionArt/newArtInventory.data.ts	0	expansionArt.relPath	art/fight/sprites/collector/jump.png	dgrsart-cdn	EXPANDED
apps/shared/expansionArt/newArtInventory.data.ts	0	expansionArt.relPath	art/fight/sprites/collector/knockdown.png	dgrsart-cdn	EXPANDED
apps/shared/expansionArt/newArtInventory.data.ts	0	expansionArt.relPath	art/fight/sprites/collector/special_1.png	dgrsart-cdn	EXPANDED
apps/shared/expansionArt/newArtInventory.data.ts	0	expansionArt.relPath	art/fight/sprites/collector/special_2.png	dgrsart-cdn	EXPANDED
apps/shared/expansionArt/newArtInventory.data.ts	0	expansionArt.relPath	art/fight/sprites/collector/super_move.png	dgrsart-cdn	EXPANDED
apps/shared/expansionArt/newArtInventory.data.ts	0	expansionArt.relPath	art/fight/sprites/collector/taunt.png	dgrsart-cdn	EXPANDED
apps/shared/expansionArt/newArtInventory.data.ts	0	expansionArt.relPath	art/fight/sprites/collector/victory.png	dgrsart-cdn	EXPANDED
apps/shared/expansionArt/newArtInventory.data.ts	0	expansionArt.relPath	art/fight/sprites/collector/walk_backward.png	dgrsart-cdn	EXPANDED
apps/shared/expansionArt/newArtInventory.data.ts	0	expansionArt.relPath	art/fight/sprites/collector/walk_forward.png	dgrsart-cdn	EXPANDED
apps/shared/expansionArt/newArtInventory.data.ts	0	expansionArt.relPath	art/fight/sprites/conexus/attack_heavy_kick.png	dgrsart-cdn	EXPANDED
apps/shared/expansionArt/newArtInventory.data.ts	0	expansionArt.relPath	art/fight/sprites/conexus/attack_heavy_punch.png	dgrsart-cdn	EXPANDED
apps/shared/expansionArt/newArtInventory.data.ts	0	expansionArt.relPath	art/fight/sprites/conexus/attack_light_kick.png	dgrsart-cdn	EXPANDED
apps/shared/expansionArt/newArtInventory.data.ts	0	expansionArt.relPath	art/fight/sprites/conexus/attack_light_punch.png	dgrsart-cdn	EXPANDED
apps/shared/expansionArt/newArtInventory.data.ts	0	expansionArt.relPath	art/fight/sprites/conexus/attack_medium_kick.png	dgrsart-cdn	EXPANDED
apps/shared/expansionArt/newArtInventory.data.ts	0	expansionArt.relPath	art/fight/sprites/conexus/attack_medium_punch.png	dgrsart-cdn	EXPANDED
apps/shared/expansionArt/newArtInventory.data.ts	0	expansionArt.relPath	art/fight/sprites/conexus/block_active.png	dgrsart-cdn	EXPANDED
apps/shared/expansionArt/newArtInventory.data.ts	0	expansionArt.relPath	art/fight/sprites/conexus/crouch.png	dgrsart-cdn	EXPANDED
apps/shared/expansionArt/newArtInventory.data.ts	0	expansionArt.relPath	art/fight/sprites/conexus/hit_high.png	dgrsart-cdn	EXPANDED
apps/shared/expansionArt/newArtInventory.data.ts	0	expansionArt.relPath	art/fight/sprites/conexus/hit_low.png	dgrsart-cdn	EXPANDED
apps/shared/expansionArt/newArtInventory.data.ts	0	expansionArt.relPath	art/fight/sprites/conexus/hit_mid.png	dgrsart-cdn	EXPANDED
apps/shared/expansionArt/newArtInventory.data.ts	0	expansionArt.relPath	art/fight/sprites/conexus/idle.png	dgrsart-cdn	EXPANDED
apps/shared/expansionArt/newArtInventory.data.ts	0	expansionArt.relPath	art/fight/sprites/conexus/jump.png	dgrsart-cdn	EXPANDED
apps/shared/expansionArt/newArtInventory.data.ts	0	expansionArt.relPath	art/fight/sprites/conexus/knockdown.png	dgrsart-cdn	EXPANDED
apps/shared/expansionArt/newArtInventory.data.ts	0	expansionArt.relPath	art/fight/sprites/conexus/special_1.png	dgrsart-cdn	EXPANDED
apps/shared/expansionArt/newArtInventory.data.ts	0	expansionArt.relPath	art/fight/sprites/conexus/special_2.png	dgrsart-cdn	EXPANDED
apps/shared/expansionArt/newArtInventory.data.ts	0	expansionArt.relPath	art/fight/sprites/conexus/super_move.png	dgrsart-cdn	EXPANDED
apps/shared/expansionArt/newArtInventory.data.ts	0	expansionArt.relPath	art/fight/sprites/conexus/taunt.png	dgrsart-cdn	EXPANDED
apps/shared/expansionArt/newArtInventory.data.ts	0	expansionArt.relPath	art/fight/sprites/conexus/victory.png	dgrsart-cdn	EXPANDED
apps/shared/expansionArt/newArtInventory.data.ts	0	expansionArt.relPath	art/fight/sprites/conexus/walk_backward.png	dgrsart-cdn	EXPANDED
apps/shared/expansionArt/newArtInventory.data.ts	0	expansionArt.relPath	art/fight/sprites/conexus/walk_forward.png	dgrsart-cdn	EXPANDED
apps/shared/expansionArt/newArtInventory.data.ts	0	expansionArt.relPath	art/fight/sprites/degen/attack_heavy_kick.png	dgrsart-cdn	EXPANDED
apps/shared/expansionArt/newArtInventory.data.ts	0	expansionArt.relPath	art/fight/sprites/degen/attack_heavy_punch.png	dgrsart-cdn	EXPANDED
apps/shared/expansionArt/newArtInventory.data.ts	0	expansionArt.relPath	art/fight/sprites/degen/attack_light_kick.png	dgrsart-cdn	EXPANDED
apps/shared/expansionArt/newArtInventory.data.ts	0	expansionArt.relPath	art/fight/sprites/degen/attack_light_punch.png	dgrsart-cdn	EXPANDED
apps/shared/expansionArt/newArtInventory.data.ts	0	expansionArt.relPath	art/fight/sprites/degen/attack_medium_kick.png	dgrsart-cdn	EXPANDED
apps/shared/expansionArt/newArtInventory.data.ts	0	expansionArt.relPath	art/fight/sprites/degen/attack_medium_punch.png	dgrsart-cdn	EXPANDED
apps/shared/expansionArt/newArtInventory.data.ts	0	expansionArt.relPath	art/fight/sprites/degen/block_active.png	dgrsart-cdn	EXPANDED
apps/shared/expansionArt/newArtInventory.data.ts	0	expansionArt.relPath	art/fight/sprites/degen/crouch.png	dgrsart-cdn	EXPANDED
apps/shared/expansionArt/newArtInventory.data.ts	0	expansionArt.relPath	art/fight/sprites/degen/hit_high.png	dgrsart-cdn	EXPANDED
apps/shared/expansionArt/newArtInventory.data.ts	0	expansionArt.relPath	art/fight/sprites/degen/hit_low.png	dgrsart-cdn	EXPANDED
apps/shared/expansionArt/newArtInventory.data.ts	0	expansionArt.relPath	art/fight/sprites/degen/hit_mid.png	dgrsart-cdn	EXPANDED
apps/shared/expansionArt/newArtInventory.data.ts	0	expansionArt.relPath	art/fight/sprites/degen/idle.png	dgrsart-cdn	EXPANDED
apps/shared/expansionArt/newArtInventory.data.ts	0	expansionArt.relPath	art/fight/sprites/degen/jump.png	dgrsart-cdn	EXPANDED
apps/shared/expansionArt/newArtInventory.data.ts	0	expansionArt.relPath	art/fight/sprites/degen/knockdown.png	dgrsart-cdn	EXPANDED
apps/shared/expansionArt/newArtInventory.data.ts	0	expansionArt.relPath	art/fight/sprites/degen/special_1.png	dgrsart-cdn	EXPANDED
apps/shared/expansionArt/newArtInventory.data.ts	0	expansionArt.relPath	art/fight/sprites/degen/special_2.png	dgrsart-cdn	EXPANDED
apps/shared/expansionArt/newArtInventory.data.ts	0	expansionArt.relPath	art/fight/sprites/degen/super_move.png	dgrsart-cdn	EXPANDED
apps/shared/expansionArt/newArtInventory.data.ts	0	expansionArt.relPath	art/fight/sprites/degen/taunt.png	dgrsart-cdn	EXPANDED
apps/shared/expansionArt/newArtInventory.data.ts	0	expansionArt.relPath	art/fight/sprites/degen/victory.png	dgrsart-cdn	EXPANDED
apps/shared/expansionArt/newArtInventory.data.ts	0	expansionArt.relPath	art/fight/sprites/degen/walk_backward.png	dgrsart-cdn	EXPANDED
apps/shared/expansionArt/newArtInventory.data.ts	0	expansionArt.relPath	art/fight/sprites/degen/walk_forward.png	dgrsart-cdn	EXPANDED
apps/shared/expansionArt/newArtInventory.data.ts	0	expansionArt.relPath	art/fight/sprites/dreamer/attack_heavy_kick.png	dgrsart-cdn	EXPANDED
apps/shared/expansionArt/newArtInventory.data.ts	0	expansionArt.relPath	art/fight/sprites/dreamer/attack_heavy_punch.png	dgrsart-cdn	EXPANDED
apps/shared/expansionArt/newArtInventory.data.ts	0	expansionArt.relPath	art/fight/sprites/dreamer/attack_light_kick.png	dgrsart-cdn	EXPANDED
apps/shared/expansionArt/newArtInventory.data.ts	0	expansionArt.relPath	art/fight/sprites/dreamer/attack_light_punch.png	dgrsart-cdn	EXPANDED
apps/shared/expansionArt/newArtInventory.data.ts	0	expansionArt.relPath	art/fight/sprites/dreamer/attack_medium_kick.png	dgrsart-cdn	EXPANDED
apps/shared/expansionArt/newArtInventory.data.ts	0	expansionArt.relPath	art/fight/sprites/dreamer/attack_medium_punch.png	dgrsart-cdn	EXPANDED
apps/shared/expansionArt/newArtInventory.data.ts	0	expansionArt.relPath	art/fight/sprites/dreamer/block_active.png	dgrsart-cdn	EXPANDED
apps/shared/expansionArt/newArtInventory.data.ts	0	expansionArt.relPath	art/fight/sprites/dreamer/crouch.png	dgrsart-cdn	EXPANDED
apps/shared/expansionArt/newArtInventory.data.ts	0	expansionArt.relPath	art/fight/sprites/dreamer/hit_high.png	dgrsart-cdn	EXPANDED
apps/shared/expansionArt/newArtInventory.data.ts	0	expansionArt.relPath	art/fight/sprites/dreamer/hit_low.png	dgrsart-cdn	EXPANDED
apps/shared/expansionArt/newArtInventory.data.ts	0	expansionArt.relPath	art/fight/sprites/dreamer/hit_mid.png	dgrsart-cdn	EXPANDED
apps/shared/expansionArt/newArtInventory.data.ts	0	expansionArt.relPath	art/fight/sprites/dreamer/idle.png	dgrsart-cdn	EXPANDED
apps/shared/expansionArt/newArtInventory.data.ts	0	expansionArt.relPath	art/fight/sprites/dreamer/jump.png	dgrsart-cdn	EXPANDED
apps/shared/expansionArt/newArtInventory.data.ts	0	expansionArt.relPath	art/fight/sprites/dreamer/knockdown.png	dgrsart-cdn	EXPANDED
apps/shared/expansionArt/newArtInventory.data.ts	0	expansionArt.relPath	art/fight/sprites/dreamer/special_1.png	dgrsart-cdn	EXPANDED
apps/shared/expansionArt/newArtInventory.data.ts	0	expansionArt.relPath	art/fight/sprites/dreamer/special_2.png	dgrsart-cdn	EXPANDED
apps/shared/expansionArt/newArtInventory.data.ts	0	expansionArt.relPath	art/fight/sprites/dreamer/super_move.png	dgrsart-cdn	EXPANDED
apps/shared/expansionArt/newArtInventory.data.ts	0	expansionArt.relPath	art/fight/sprites/dreamer/taunt.png	dgrsart-cdn	EXPANDED
apps/shared/expansionArt/newArtInventory.data.ts	0	expansionArt.relPath	art/fight/sprites/dreamer/victory.png	dgrsart-cdn	EXPANDED
apps/shared/expansionArt/newArtInventory.data.ts	0	expansionArt.relPath	art/fight/sprites/dreamer/walk_backward.png	dgrsart-cdn	EXPANDED
apps/shared/expansionArt/newArtInventory.data.ts	0	expansionArt.relPath	art/fight/sprites/dreamer/walk_forward.png	dgrsart-cdn	EXPANDED
apps/shared/expansionArt/newArtInventory.data.ts	0	expansionArt.relPath	art/fight/sprites/eidola/attack_heavy_kick.png	dgrsart-cdn	EXPANDED
apps/shared/expansionArt/newArtInventory.data.ts	0	expansionArt.relPath	art/fight/sprites/eidola/attack_heavy_punch.png	dgrsart-cdn	EXPANDED
apps/shared/expansionArt/newArtInventory.data.ts	0	expansionArt.relPath	art/fight/sprites/eidola/attack_light_kick.png	dgrsart-cdn	EXPANDED
apps/shared/expansionArt/newArtInventory.data.ts	0	expansionArt.relPath	art/fight/sprites/eidola/attack_light_punch.png	dgrsart-cdn	EXPANDED
apps/shared/expansionArt/newArtInventory.data.ts	0	expansionArt.relPath	art/fight/sprites/eidola/attack_medium_kick.png	dgrsart-cdn	EXPANDED
apps/shared/expansionArt/newArtInventory.data.ts	0	expansionArt.relPath	art/fight/sprites/eidola/attack_medium_punch.png	dgrsart-cdn	EXPANDED
apps/shared/expansionArt/newArtInventory.data.ts	0	expansionArt.relPath	art/fight/sprites/eidola/block_active.png	dgrsart-cdn	EXPANDED
apps/shared/expansionArt/newArtInventory.data.ts	0	expansionArt.relPath	art/fight/sprites/eidola/crouch.png	dgrsart-cdn	EXPANDED
apps/shared/expansionArt/newArtInventory.data.ts	0	expansionArt.relPath	art/fight/sprites/eidola/hit_high.png	dgrsart-cdn	EXPANDED
apps/shared/expansionArt/newArtInventory.data.ts	0	expansionArt.relPath	art/fight/sprites/eidola/hit_low.png	dgrsart-cdn	EXPANDED
apps/shared/expansionArt/newArtInventory.data.ts	0	expansionArt.relPath	art/fight/sprites/eidola/hit_mid.png	dgrsart-cdn	EXPANDED
apps/shared/expansionArt/newArtInventory.data.ts	0	expansionArt.relPath	art/fight/sprites/eidola/idle.png	dgrsart-cdn	EXPANDED
apps/shared/expansionArt/newArtInventory.data.ts	0	expansionArt.relPath	art/fight/sprites/eidola/jump.png	dgrsart-cdn	EXPANDED
apps/shared/expansionArt/newArtInventory.data.ts	0	expansionArt.relPath	art/fight/sprites/eidola/knockdown.png	dgrsart-cdn	EXPANDED
apps/shared/expansionArt/newArtInventory.data.ts	0	expansionArt.relPath	art/fight/sprites/eidola/special_1.png	dgrsart-cdn	EXPANDED
apps/shared/expansionArt/newArtInventory.data.ts	0	expansionArt.relPath	art/fight/sprites/eidola/special_2.png	dgrsart-cdn	EXPANDED
apps/shared/expansionArt/newArtInventory.data.ts	0	expansionArt.relPath	art/fight/sprites/eidola/super_move.png	dgrsart-cdn	EXPANDED
apps/shared/expansionArt/newArtInventory.data.ts	0	expansionArt.relPath	art/fight/sprites/eidola/taunt.png	dgrsart-cdn	EXPANDED
apps/shared/expansionArt/newArtInventory.data.ts	0	expansionArt.relPath	art/fight/sprites/eidola/victory.png	dgrsart-cdn	EXPANDED
apps/shared/expansionArt/newArtInventory.data.ts	0	expansionArt.relPath	art/fight/sprites/eidola/walk_backward.png	dgrsart-cdn	EXPANDED
apps/shared/expansionArt/newArtInventory.data.ts	0	expansionArt.relPath	art/fight/sprites/eidola/walk_forward.png	dgrsart-cdn	EXPANDED
apps/shared/expansionArt/newArtInventory.data.ts	0	expansionArt.relPath	art/fight/sprites/elara/attack_heavy_kick.png	dgrsart-cdn	EXPANDED
apps/shared/expansionArt/newArtInventory.data.ts	0	expansionArt.relPath	art/fight/sprites/elara/attack_heavy_punch.png	dgrsart-cdn	EXPANDED
apps/shared/expansionArt/newArtInventory.data.ts	0	expansionArt.relPath	art/fight/sprites/elara/attack_light_kick.png	dgrsart-cdn	EXPANDED
apps/shared/expansionArt/newArtInventory.data.ts	0	expansionArt.relPath	art/fight/sprites/elara/attack_light_punch.png	dgrsart-cdn	EXPANDED
apps/shared/expansionArt/newArtInventory.data.ts	0	expansionArt.relPath	art/fight/sprites/elara/attack_medium_kick.png	dgrsart-cdn	EXPANDED
apps/shared/expansionArt/newArtInventory.data.ts	0	expansionArt.relPath	art/fight/sprites/elara/attack_medium_punch.png	dgrsart-cdn	EXPANDED
apps/shared/expansionArt/newArtInventory.data.ts	0	expansionArt.relPath	art/fight/sprites/elara/block_active.png	dgrsart-cdn	EXPANDED
apps/shared/expansionArt/newArtInventory.data.ts	0	expansionArt.relPath	art/fight/sprites/elara/crouch.png	dgrsart-cdn	EXPANDED
apps/shared/expansionArt/newArtInventory.data.ts	0	expansionArt.relPath	art/fight/sprites/elara/hit_high.png	dgrsart-cdn	EXPANDED
apps/shared/expansionArt/newArtInventory.data.ts	0	expansionArt.relPath	art/fight/sprites/elara/hit_low.png	dgrsart-cdn	EXPANDED
apps/shared/expansionArt/newArtInventory.data.ts	0	expansionArt.relPath	art/fight/sprites/elara/hit_mid.png	dgrsart-cdn	EXPANDED
apps/shared/expansionArt/newArtInventory.data.ts	0	expansionArt.relPath	art/fight/sprites/elara/idle.png	dgrsart-cdn	EXPANDED
apps/shared/expansionArt/newArtInventory.data.ts	0	expansionArt.relPath	art/fight/sprites/elara/jump.png	dgrsart-cdn	EXPANDED
apps/shared/expansionArt/newArtInventory.data.ts	0	expansionArt.relPath	art/fight/sprites/elara/knockdown.png	dgrsart-cdn	EXPANDED
apps/shared/expansionArt/newArtInventory.data.ts	0	expansionArt.relPath	art/fight/sprites/elara/special_1.png	dgrsart-cdn	EXPANDED
apps/shared/expansionArt/newArtInventory.data.ts	0	expansionArt.relPath	art/fight/sprites/elara/special_2.png	dgrsart-cdn	EXPANDED
apps/shared/expansionArt/newArtInventory.data.ts	0	expansionArt.relPath	art/fight/sprites/elara/super_move.png	dgrsart-cdn	EXPANDED
apps/shared/expansionArt/newArtInventory.data.ts	0	expansionArt.relPath	art/fight/sprites/elara/taunt.png	dgrsart-cdn	EXPANDED
apps/shared/expansionArt/newArtInventory.data.ts	0	expansionArt.relPath	art/fight/sprites/elara/victory.png	dgrsart-cdn	EXPANDED
apps/shared/expansionArt/newArtInventory.data.ts	0	expansionArt.relPath	art/fight/sprites/elara/walk_backward.png	dgrsart-cdn	EXPANDED
apps/shared/expansionArt/newArtInventory.data.ts	0	expansionArt.relPath	art/fight/sprites/elara/walk_forward.png	dgrsart-cdn	EXPANDED
apps/shared/expansionArt/newArtInventory.data.ts	0	expansionArt.relPath	art/fight/sprites/engineer/attack_heavy_kick.png	dgrsart-cdn	EXPANDED
apps/shared/expansionArt/newArtInventory.data.ts	0	expansionArt.relPath	art/fight/sprites/engineer/attack_heavy_punch.png	dgrsart-cdn	EXPANDED
apps/shared/expansionArt/newArtInventory.data.ts	0	expansionArt.relPath	art/fight/sprites/engineer/attack_light_kick.png	dgrsart-cdn	EXPANDED
apps/shared/expansionArt/newArtInventory.data.ts	0	expansionArt.relPath	art/fight/sprites/engineer/attack_light_punch.png	dgrsart-cdn	EXPANDED
apps/shared/expansionArt/newArtInventory.data.ts	0	expansionArt.relPath	art/fight/sprites/engineer/attack_medium_kick.png	dgrsart-cdn	EXPANDED
apps/shared/expansionArt/newArtInventory.data.ts	0	expansionArt.relPath	art/fight/sprites/engineer/attack_medium_punch.png	dgrsart-cdn	EXPANDED
apps/shared/expansionArt/newArtInventory.data.ts	0	expansionArt.relPath	art/fight/sprites/engineer/block_active.png	dgrsart-cdn	EXPANDED
apps/shared/expansionArt/newArtInventory.data.ts	0	expansionArt.relPath	art/fight/sprites/engineer/crouch.png	dgrsart-cdn	EXPANDED
apps/shared/expansionArt/newArtInventory.data.ts	0	expansionArt.relPath	art/fight/sprites/engineer/hit_high.png	dgrsart-cdn	EXPANDED
apps/shared/expansionArt/newArtInventory.data.ts	0	expansionArt.relPath	art/fight/sprites/engineer/hit_low.png	dgrsart-cdn	EXPANDED
apps/shared/expansionArt/newArtInventory.data.ts	0	expansionArt.relPath	art/fight/sprites/engineer/hit_mid.png	dgrsart-cdn	EXPANDED
apps/shared/expansionArt/newArtInventory.data.ts	0	expansionArt.relPath	art/fight/sprites/engineer/idle.png	dgrsart-cdn	EXPANDED
apps/shared/expansionArt/newArtInventory.data.ts	0	expansionArt.relPath	art/fight/sprites/engineer/jump.png	dgrsart-cdn	EXPANDED
apps/shared/expansionArt/newArtInventory.data.ts	0	expansionArt.relPath	art/fight/sprites/engineer/knockdown.png	dgrsart-cdn	EXPANDED
apps/shared/expansionArt/newArtInventory.data.ts	0	expansionArt.relPath	art/fight/sprites/engineer/special_1.png	dgrsart-cdn	EXPANDED
apps/shared/expansionArt/newArtInventory.data.ts	0	expansionArt.relPath	art/fight/sprites/engineer/special_2.png	dgrsart-cdn	EXPANDED
apps/shared/expansionArt/newArtInventory.data.ts	0	expansionArt.relPath	art/fight/sprites/engineer/super_move.png	dgrsart-cdn	EXPANDED
apps/shared/expansionArt/newArtInventory.data.ts	0	expansionArt.relPath	art/fight/sprites/engineer/taunt.png	dgrsart-cdn	EXPANDED
apps/shared/expansionArt/newArtInventory.data.ts	0	expansionArt.relPath	art/fight/sprites/engineer/victory.png	dgrsart-cdn	EXPANDED
apps/shared/expansionArt/newArtInventory.data.ts	0	expansionArt.relPath	art/fight/sprites/engineer/walk_backward.png	dgrsart-cdn	EXPANDED
apps/shared/expansionArt/newArtInventory.data.ts	0	expansionArt.relPath	art/fight/sprites/engineer/walk_forward.png	dgrsart-cdn	EXPANDED
apps/shared/expansionArt/newArtInventory.data.ts	0	expansionArt.relPath	art/fight/sprites/enigma_malkia/attack_heavy_kick.png	dgrsart-cdn	EXPANDED
apps/shared/expansionArt/newArtInventory.data.ts	0	expansionArt.relPath	art/fight/sprites/enigma_malkia/attack_heavy_punch.png	dgrsart-cdn	EXPANDED
apps/shared/expansionArt/newArtInventory.data.ts	0	expansionArt.relPath	art/fight/sprites/enigma_malkia/attack_light_kick.png	dgrsart-cdn	EXPANDED
apps/shared/expansionArt/newArtInventory.data.ts	0	expansionArt.relPath	art/fight/sprites/enigma_malkia/attack_light_punch.png	dgrsart-cdn	EXPANDED
apps/shared/expansionArt/newArtInventory.data.ts	0	expansionArt.relPath	art/fight/sprites/enigma_malkia/attack_medium_kick.png	dgrsart-cdn	EXPANDED
apps/shared/expansionArt/newArtInventory.data.ts	0	expansionArt.relPath	art/fight/sprites/enigma_malkia/attack_medium_punch.png	dgrsart-cdn	EXPANDED
apps/shared/expansionArt/newArtInventory.data.ts	0	expansionArt.relPath	art/fight/sprites/enigma_malkia/block_active.png	dgrsart-cdn	EXPANDED
apps/shared/expansionArt/newArtInventory.data.ts	0	expansionArt.relPath	art/fight/sprites/enigma_malkia/crouch.png	dgrsart-cdn	EXPANDED
apps/shared/expansionArt/newArtInventory.data.ts	0	expansionArt.relPath	art/fight/sprites/enigma_malkia/hit_high.png	dgrsart-cdn	EXPANDED
apps/shared/expansionArt/newArtInventory.data.ts	0	expansionArt.relPath	art/fight/sprites/enigma_malkia/hit_low.png	dgrsart-cdn	EXPANDED
apps/shared/expansionArt/newArtInventory.data.ts	0	expansionArt.relPath	art/fight/sprites/enigma_malkia/hit_mid.png	dgrsart-cdn	EXPANDED
apps/shared/expansionArt/newArtInventory.data.ts	0	expansionArt.relPath	art/fight/sprites/enigma_malkia/idle.png	dgrsart-cdn	EXPANDED
apps/shared/expansionArt/newArtInventory.data.ts	0	expansionArt.relPath	art/fight/sprites/enigma_malkia/jump.png	dgrsart-cdn	EXPANDED
apps/shared/expansionArt/newArtInventory.data.ts	0	expansionArt.relPath	art/fight/sprites/enigma_malkia/knockdown.png	dgrsart-cdn	EXPANDED
apps/shared/expansionArt/newArtInventory.data.ts	0	expansionArt.relPath	art/fight/sprites/enigma_malkia/special_1.png	dgrsart-cdn	EXPANDED
apps/shared/expansionArt/newArtInventory.data.ts	0	expansionArt.relPath	art/fight/sprites/enigma_malkia/special_2.png	dgrsart-cdn	EXPANDED
apps/shared/expansionArt/newArtInventory.data.ts	0	expansionArt.relPath	art/fight/sprites/enigma_malkia/super_move.png	dgrsart-cdn	EXPANDED
apps/shared/expansionArt/newArtInventory.data.ts	0	expansionArt.relPath	art/fight/sprites/enigma_malkia/taunt.png	dgrsart-cdn	EXPANDED
apps/shared/expansionArt/newArtInventory.data.ts	0	expansionArt.relPath	art/fight/sprites/enigma_malkia/victory.png	dgrsart-cdn	EXPANDED
apps/shared/expansionArt/newArtInventory.data.ts	0	expansionArt.relPath	art/fight/sprites/enigma_malkia/walk_backward.png	dgrsart-cdn	EXPANDED
apps/shared/expansionArt/newArtInventory.data.ts	0	expansionArt.relPath	art/fight/sprites/enigma_malkia/walk_forward.png	dgrsart-cdn	EXPANDED
apps/shared/expansionArt/newArtInventory.data.ts	0	expansionArt.relPath	art/fight/sprites/game_master/attack_heavy_kick.png	dgrsart-cdn	EXPANDED
apps/shared/expansionArt/newArtInventory.data.ts	0	expansionArt.relPath	art/fight/sprites/game_master/attack_heavy_punch.png	dgrsart-cdn	EXPANDED
apps/shared/expansionArt/newArtInventory.data.ts	0	expansionArt.relPath	art/fight/sprites/game_master/attack_light_kick.png	dgrsart-cdn	EXPANDED
apps/shared/expansionArt/newArtInventory.data.ts	0	expansionArt.relPath	art/fight/sprites/game_master/attack_light_punch.png	dgrsart-cdn	EXPANDED
apps/shared/expansionArt/newArtInventory.data.ts	0	expansionArt.relPath	art/fight/sprites/game_master/attack_medium_kick.png	dgrsart-cdn	EXPANDED
apps/shared/expansionArt/newArtInventory.data.ts	0	expansionArt.relPath	art/fight/sprites/game_master/attack_medium_punch.png	dgrsart-cdn	EXPANDED
apps/shared/expansionArt/newArtInventory.data.ts	0	expansionArt.relPath	art/fight/sprites/game_master/block_active.png	dgrsart-cdn	EXPANDED
apps/shared/expansionArt/newArtInventory.data.ts	0	expansionArt.relPath	art/fight/sprites/game_master/crouch.png	dgrsart-cdn	EXPANDED
apps/shared/expansionArt/newArtInventory.data.ts	0	expansionArt.relPath	art/fight/sprites/game_master/hit_high.png	dgrsart-cdn	EXPANDED
apps/shared/expansionArt/newArtInventory.data.ts	0	expansionArt.relPath	art/fight/sprites/game_master/hit_low.png	dgrsart-cdn	EXPANDED
apps/shared/expansionArt/newArtInventory.data.ts	0	expansionArt.relPath	art/fight/sprites/game_master/hit_mid.png	dgrsart-cdn	EXPANDED
apps/shared/expansionArt/newArtInventory.data.ts	0	expansionArt.relPath	art/fight/sprites/game_master/idle.png	dgrsart-cdn	EXPANDED
apps/shared/expansionArt/newArtInventory.data.ts	0	expansionArt.relPath	art/fight/sprites/game_master/jump.png	dgrsart-cdn	EXPANDED
apps/shared/expansionArt/newArtInventory.data.ts	0	expansionArt.relPath	art/fight/sprites/game_master/knockdown.png	dgrsart-cdn	EXPANDED
apps/shared/expansionArt/newArtInventory.data.ts	0	expansionArt.relPath	art/fight/sprites/game_master/special_1.png	dgrsart-cdn	EXPANDED
apps/shared/expansionArt/newArtInventory.data.ts	0	expansionArt.relPath	art/fight/sprites/game_master/special_2.png	dgrsart-cdn	EXPANDED
apps/shared/expansionArt/newArtInventory.data.ts	0	expansionArt.relPath	art/fight/sprites/game_master/super_move.png	dgrsart-cdn	EXPANDED
apps/shared/expansionArt/newArtInventory.data.ts	0	expansionArt.relPath	art/fight/sprites/game_master/taunt.png	dgrsart-cdn	EXPANDED
apps/shared/expansionArt/newArtInventory.data.ts	0	expansionArt.relPath	art/fight/sprites/game_master/victory.png	dgrsart-cdn	EXPANDED
apps/shared/expansionArt/newArtInventory.data.ts	0	expansionArt.relPath	art/fight/sprites/game_master/walk_backward.png	dgrsart-cdn	EXPANDED
apps/shared/expansionArt/newArtInventory.data.ts	0	expansionArt.relPath	art/fight/sprites/game_master/walk_forward.png	dgrsart-cdn	EXPANDED
apps/shared/expansionArt/newArtInventory.data.ts	0	expansionArt.relPath	art/fight/sprites/iron_lion/attack_heavy_kick.png	dgrsart-cdn	EXPANDED
apps/shared/expansionArt/newArtInventory.data.ts	0	expansionArt.relPath	art/fight/sprites/iron_lion/attack_heavy_punch.png	dgrsart-cdn	EXPANDED
apps/shared/expansionArt/newArtInventory.data.ts	0	expansionArt.relPath	art/fight/sprites/iron_lion/attack_light_kick.png	dgrsart-cdn	EXPANDED
apps/shared/expansionArt/newArtInventory.data.ts	0	expansionArt.relPath	art/fight/sprites/iron_lion/attack_light_punch.png	dgrsart-cdn	EXPANDED
apps/shared/expansionArt/newArtInventory.data.ts	0	expansionArt.relPath	art/fight/sprites/iron_lion/attack_medium_kick.png	dgrsart-cdn	EXPANDED
apps/shared/expansionArt/newArtInventory.data.ts	0	expansionArt.relPath	art/fight/sprites/iron_lion/attack_medium_punch.png	dgrsart-cdn	EXPANDED
apps/shared/expansionArt/newArtInventory.data.ts	0	expansionArt.relPath	art/fight/sprites/iron_lion/block_active.png	dgrsart-cdn	EXPANDED
apps/shared/expansionArt/newArtInventory.data.ts	0	expansionArt.relPath	art/fight/sprites/iron_lion/crouch.png	dgrsart-cdn	EXPANDED
apps/shared/expansionArt/newArtInventory.data.ts	0	expansionArt.relPath	art/fight/sprites/iron_lion/hit_high.png	dgrsart-cdn	EXPANDED
apps/shared/expansionArt/newArtInventory.data.ts	0	expansionArt.relPath	art/fight/sprites/iron_lion/hit_low.png	dgrsart-cdn	EXPANDED
apps/shared/expansionArt/newArtInventory.data.ts	0	expansionArt.relPath	art/fight/sprites/iron_lion/hit_mid.png	dgrsart-cdn	EXPANDED
apps/shared/expansionArt/newArtInventory.data.ts	0	expansionArt.relPath	art/fight/sprites/iron_lion/idle.png	dgrsart-cdn	EXPANDED
apps/shared/expansionArt/newArtInventory.data.ts	0	expansionArt.relPath	art/fight/sprites/iron_lion/jump.png	dgrsart-cdn	EXPANDED
apps/shared/expansionArt/newArtInventory.data.ts	0	expansionArt.relPath	art/fight/sprites/iron_lion/knockdown.png	dgrsart-cdn	EXPANDED
apps/shared/expansionArt/newArtInventory.data.ts	0	expansionArt.relPath	art/fight/sprites/iron_lion/special_1.png	dgrsart-cdn	EXPANDED
apps/shared/expansionArt/newArtInventory.data.ts	0	expansionArt.relPath	art/fight/sprites/iron_lion/special_2.png	dgrsart-cdn	EXPANDED
apps/shared/expansionArt/newArtInventory.data.ts	0	expansionArt.relPath	art/fight/sprites/iron_lion/super_move.png	dgrsart-cdn	EXPANDED
apps/shared/expansionArt/newArtInventory.data.ts	0	expansionArt.relPath	art/fight/sprites/iron_lion/taunt.png	dgrsart-cdn	EXPANDED
apps/shared/expansionArt/newArtInventory.data.ts	0	expansionArt.relPath	art/fight/sprites/iron_lion/victory.png	dgrsart-cdn	EXPANDED
apps/shared/expansionArt/newArtInventory.data.ts	0	expansionArt.relPath	art/fight/sprites/iron_lion/walk_backward.png	dgrsart-cdn	EXPANDED
apps/shared/expansionArt/newArtInventory.data.ts	0	expansionArt.relPath	art/fight/sprites/iron_lion/walk_forward.png	dgrsart-cdn	EXPANDED
apps/shared/expansionArt/newArtInventory.data.ts	0	expansionArt.relPath	art/fight/sprites/locke/attack_heavy_kick.png	dgrsart-cdn	EXPANDED
apps/shared/expansionArt/newArtInventory.data.ts	0	expansionArt.relPath	art/fight/sprites/locke/attack_heavy_punch.png	dgrsart-cdn	EXPANDED
apps/shared/expansionArt/newArtInventory.data.ts	0	expansionArt.relPath	art/fight/sprites/locke/attack_light_kick.png	dgrsart-cdn	EXPANDED
apps/shared/expansionArt/newArtInventory.data.ts	0	expansionArt.relPath	art/fight/sprites/locke/attack_light_punch.png	dgrsart-cdn	EXPANDED
apps/shared/expansionArt/newArtInventory.data.ts	0	expansionArt.relPath	art/fight/sprites/locke/attack_medium_kick.png	dgrsart-cdn	EXPANDED
apps/shared/expansionArt/newArtInventory.data.ts	0	expansionArt.relPath	art/fight/sprites/locke/attack_medium_punch.png	dgrsart-cdn	EXPANDED
apps/shared/expansionArt/newArtInventory.data.ts	0	expansionArt.relPath	art/fight/sprites/locke/block_active.png	dgrsart-cdn	EXPANDED
apps/shared/expansionArt/newArtInventory.data.ts	0	expansionArt.relPath	art/fight/sprites/locke/crouch.png	dgrsart-cdn	EXPANDED
apps/shared/expansionArt/newArtInventory.data.ts	0	expansionArt.relPath	art/fight/sprites/locke/crouch_attack.png	dgrsart-cdn	EXPANDED
apps/shared/expansionArt/newArtInventory.data.ts	0	expansionArt.relPath	art/fight/sprites/locke/hit_high.png	dgrsart-cdn	EXPANDED
apps/shared/expansionArt/newArtInventory.data.ts	0	expansionArt.relPath	art/fight/sprites/locke/hit_low.png	dgrsart-cdn	EXPANDED
apps/shared/expansionArt/newArtInventory.data.ts	0	expansionArt.relPath	art/fight/sprites/locke/hit_mid.png	dgrsart-cdn	EXPANDED
apps/shared/expansionArt/newArtInventory.data.ts	0	expansionArt.relPath	art/fight/sprites/locke/idle.png	dgrsart-cdn	EXPANDED
apps/shared/expansionArt/newArtInventory.data.ts	0	expansionArt.relPath	art/fight/sprites/locke/jump.png	dgrsart-cdn	EXPANDED
apps/shared/expansionArt/newArtInventory.data.ts	0	expansionArt.relPath	art/fight/sprites/locke/knockdown.png	dgrsart-cdn	EXPANDED
apps/shared/expansionArt/newArtInventory.data.ts	0	expansionArt.relPath	art/fight/sprites/locke/special_1.png	dgrsart-cdn	EXPANDED
apps/shared/expansionArt/newArtInventory.data.ts	0	expansionArt.relPath	art/fight/sprites/locke/special_2.png	dgrsart-cdn	EXPANDED
apps/shared/expansionArt/newArtInventory.data.ts	0	expansionArt.relPath	art/fight/sprites/locke/super_move.png	dgrsart-cdn	EXPANDED
apps/shared/expansionArt/newArtInventory.data.ts	0	expansionArt.relPath	art/fight/sprites/locke/taunt.png	dgrsart-cdn	EXPANDED
apps/shared/expansionArt/newArtInventory.data.ts	0	expansionArt.relPath	art/fight/sprites/locke/victory.png	dgrsart-cdn	EXPANDED
apps/shared/expansionArt/newArtInventory.data.ts	0	expansionArt.relPath	art/fight/sprites/locke/walk_backward.png	dgrsart-cdn	EXPANDED
apps/shared/expansionArt/newArtInventory.data.ts	0	expansionArt.relPath	art/fight/sprites/locke/walk_forward.png	dgrsart-cdn	EXPANDED
apps/shared/expansionArt/newArtInventory.data.ts	0	expansionArt.relPath	art/fight/sprites/matrikala/attack_heavy_kick.png	dgrsart-cdn	EXPANDED
apps/shared/expansionArt/newArtInventory.data.ts	0	expansionArt.relPath	art/fight/sprites/matrikala/attack_heavy_punch.png	dgrsart-cdn	EXPANDED
apps/shared/expansionArt/newArtInventory.data.ts	0	expansionArt.relPath	art/fight/sprites/matrikala/attack_light_kick.png	dgrsart-cdn	EXPANDED
apps/shared/expansionArt/newArtInventory.data.ts	0	expansionArt.relPath	art/fight/sprites/matrikala/attack_light_punch.png	dgrsart-cdn	EXPANDED
apps/shared/expansionArt/newArtInventory.data.ts	0	expansionArt.relPath	art/fight/sprites/matrikala/attack_medium_kick.png	dgrsart-cdn	EXPANDED
apps/shared/expansionArt/newArtInventory.data.ts	0	expansionArt.relPath	art/fight/sprites/matrikala/attack_medium_punch.png	dgrsart-cdn	EXPANDED
apps/shared/expansionArt/newArtInventory.data.ts	0	expansionArt.relPath	art/fight/sprites/matrikala/block_active.png	dgrsart-cdn	EXPANDED
apps/shared/expansionArt/newArtInventory.data.ts	0	expansionArt.relPath	art/fight/sprites/matrikala/crouch.png	dgrsart-cdn	EXPANDED
apps/shared/expansionArt/newArtInventory.data.ts	0	expansionArt.relPath	art/fight/sprites/matrikala/hit_high.png	dgrsart-cdn	EXPANDED
apps/shared/expansionArt/newArtInventory.data.ts	0	expansionArt.relPath	art/fight/sprites/matrikala/hit_low.png	dgrsart-cdn	EXPANDED
apps/shared/expansionArt/newArtInventory.data.ts	0	expansionArt.relPath	art/fight/sprites/matrikala/hit_mid.png	dgrsart-cdn	EXPANDED
apps/shared/expansionArt/newArtInventory.data.ts	0	expansionArt.relPath	art/fight/sprites/matrikala/idle.png	dgrsart-cdn	EXPANDED
apps/shared/expansionArt/newArtInventory.data.ts	0	expansionArt.relPath	art/fight/sprites/matrikala/jump.png	dgrsart-cdn	EXPANDED
apps/shared/expansionArt/newArtInventory.data.ts	0	expansionArt.relPath	art/fight/sprites/matrikala/knockdown.png	dgrsart-cdn	EXPANDED
apps/shared/expansionArt/newArtInventory.data.ts	0	expansionArt.relPath	art/fight/sprites/matrikala/special_1.png	dgrsart-cdn	EXPANDED
apps/shared/expansionArt/newArtInventory.data.ts	0	expansionArt.relPath	art/fight/sprites/matrikala/special_2.png	dgrsart-cdn	EXPANDED
apps/shared/expansionArt/newArtInventory.data.ts	0	expansionArt.relPath	art/fight/sprites/matrikala/super_move.png	dgrsart-cdn	EXPANDED
apps/shared/expansionArt/newArtInventory.data.ts	0	expansionArt.relPath	art/fight/sprites/matrikala/taunt.png	dgrsart-cdn	EXPANDED
apps/shared/expansionArt/newArtInventory.data.ts	0	expansionArt.relPath	art/fight/sprites/matrikala/victory.png	dgrsart-cdn	EXPANDED
apps/shared/expansionArt/newArtInventory.data.ts	0	expansionArt.relPath	art/fight/sprites/matrikala/walk_backward.png	dgrsart-cdn	EXPANDED
apps/shared/expansionArt/newArtInventory.data.ts	0	expansionArt.relPath	art/fight/sprites/matrikala/walk_forward.png	dgrsart-cdn	EXPANDED
apps/shared/expansionArt/newArtInventory.data.ts	0	expansionArt.relPath	art/fight/sprites/necromancer/attack_heavy_kick.png	dgrsart-cdn	EXPANDED
apps/shared/expansionArt/newArtInventory.data.ts	0	expansionArt.relPath	art/fight/sprites/necromancer/attack_heavy_punch.png	dgrsart-cdn	EXPANDED
apps/shared/expansionArt/newArtInventory.data.ts	0	expansionArt.relPath	art/fight/sprites/necromancer/attack_light_kick.png	dgrsart-cdn	EXPANDED
apps/shared/expansionArt/newArtInventory.data.ts	0	expansionArt.relPath	art/fight/sprites/necromancer/attack_light_punch.png	dgrsart-cdn	EXPANDED
apps/shared/expansionArt/newArtInventory.data.ts	0	expansionArt.relPath	art/fight/sprites/necromancer/attack_medium_kick.png	dgrsart-cdn	EXPANDED
apps/shared/expansionArt/newArtInventory.data.ts	0	expansionArt.relPath	art/fight/sprites/necromancer/attack_medium_punch.png	dgrsart-cdn	EXPANDED
apps/shared/expansionArt/newArtInventory.data.ts	0	expansionArt.relPath	art/fight/sprites/necromancer/block_active.png	dgrsart-cdn	EXPANDED
apps/shared/expansionArt/newArtInventory.data.ts	0	expansionArt.relPath	art/fight/sprites/necromancer/crouch.png	dgrsart-cdn	EXPANDED
apps/shared/expansionArt/newArtInventory.data.ts	0	expansionArt.relPath	art/fight/sprites/necromancer/hit_high.png	dgrsart-cdn	EXPANDED
apps/shared/expansionArt/newArtInventory.data.ts	0	expansionArt.relPath	art/fight/sprites/necromancer/hit_low.png	dgrsart-cdn	EXPANDED
apps/shared/expansionArt/newArtInventory.data.ts	0	expansionArt.relPath	art/fight/sprites/necromancer/hit_mid.png	dgrsart-cdn	EXPANDED
apps/shared/expansionArt/newArtInventory.data.ts	0	expansionArt.relPath	art/fight/sprites/necromancer/idle.png	dgrsart-cdn	EXPANDED
apps/shared/expansionArt/newArtInventory.data.ts	0	expansionArt.relPath	art/fight/sprites/necromancer/jump.png	dgrsart-cdn	EXPANDED
apps/shared/expansionArt/newArtInventory.data.ts	0	expansionArt.relPath	art/fight/sprites/necromancer/knockdown.png	dgrsart-cdn	EXPANDED
apps/shared/expansionArt/newArtInventory.data.ts	0	expansionArt.relPath	art/fight/sprites/necromancer/special_1.png	dgrsart-cdn	EXPANDED
apps/shared/expansionArt/newArtInventory.data.ts	0	expansionArt.relPath	art/fight/sprites/necromancer/special_2.png	dgrsart-cdn	EXPANDED
apps/shared/expansionArt/newArtInventory.data.ts	0	expansionArt.relPath	art/fight/sprites/necromancer/super_move.png	dgrsart-cdn	EXPANDED
apps/shared/expansionArt/newArtInventory.data.ts	0	expansionArt.relPath	art/fight/sprites/necromancer/taunt.png	dgrsart-cdn	EXPANDED
apps/shared/expansionArt/newArtInventory.data.ts	0	expansionArt.relPath	art/fight/sprites/necromancer/victory.png	dgrsart-cdn	EXPANDED
apps/shared/expansionArt/newArtInventory.data.ts	0	expansionArt.relPath	art/fight/sprites/necromancer/walk_backward.png	dgrsart-cdn	EXPANDED
apps/shared/expansionArt/newArtInventory.data.ts	0	expansionArt.relPath	art/fight/sprites/necromancer/walk_forward.png	dgrsart-cdn	EXPANDED
apps/shared/expansionArt/newArtInventory.data.ts	0	expansionArt.relPath	art/fight/sprites/nilmorg/attack_heavy_kick.png	dgrsart-cdn	EXPANDED
apps/shared/expansionArt/newArtInventory.data.ts	0	expansionArt.relPath	art/fight/sprites/nilmorg/attack_heavy_punch.png	dgrsart-cdn	EXPANDED
apps/shared/expansionArt/newArtInventory.data.ts	0	expansionArt.relPath	art/fight/sprites/nilmorg/attack_light_kick.png	dgrsart-cdn	EXPANDED
apps/shared/expansionArt/newArtInventory.data.ts	0	expansionArt.relPath	art/fight/sprites/nilmorg/attack_light_punch.png	dgrsart-cdn	EXPANDED
apps/shared/expansionArt/newArtInventory.data.ts	0	expansionArt.relPath	art/fight/sprites/nilmorg/attack_medium_kick.png	dgrsart-cdn	EXPANDED
apps/shared/expansionArt/newArtInventory.data.ts	0	expansionArt.relPath	art/fight/sprites/nilmorg/attack_medium_punch.png	dgrsart-cdn	EXPANDED
apps/shared/expansionArt/newArtInventory.data.ts	0	expansionArt.relPath	art/fight/sprites/nilmorg/block_active.png	dgrsart-cdn	EXPANDED
apps/shared/expansionArt/newArtInventory.data.ts	0	expansionArt.relPath	art/fight/sprites/nilmorg/crouch.png	dgrsart-cdn	EXPANDED
apps/shared/expansionArt/newArtInventory.data.ts	0	expansionArt.relPath	art/fight/sprites/nilmorg/hit_high.png	dgrsart-cdn	EXPANDED
apps/shared/expansionArt/newArtInventory.data.ts	0	expansionArt.relPath	art/fight/sprites/nilmorg/hit_low.png	dgrsart-cdn	EXPANDED
apps/shared/expansionArt/newArtInventory.data.ts	0	expansionArt.relPath	art/fight/sprites/nilmorg/hit_mid.png	dgrsart-cdn	EXPANDED
apps/shared/expansionArt/newArtInventory.data.ts	0	expansionArt.relPath	art/fight/sprites/nilmorg/idle.png	dgrsart-cdn	EXPANDED
apps/shared/expansionArt/newArtInventory.data.ts	0	expansionArt.relPath	art/fight/sprites/nilmorg/jump.png	dgrsart-cdn	EXPANDED
apps/shared/expansionArt/newArtInventory.data.ts	0	expansionArt.relPath	art/fight/sprites/nilmorg/knockdown.png	dgrsart-cdn	EXPANDED
apps/shared/expansionArt/newArtInventory.data.ts	0	expansionArt.relPath	art/fight/sprites/nilmorg/special_1.png	dgrsart-cdn	EXPANDED
apps/shared/expansionArt/newArtInventory.data.ts	0	expansionArt.relPath	art/fight/sprites/nilmorg/special_2.png	dgrsart-cdn	EXPANDED
apps/shared/expansionArt/newArtInventory.data.ts	0	expansionArt.relPath	art/fight/sprites/nilmorg/super_move.png	dgrsart-cdn	EXPANDED
apps/shared/expansionArt/newArtInventory.data.ts	0	expansionArt.relPath	art/fight/sprites/nilmorg/taunt.png	dgrsart-cdn	EXPANDED
apps/shared/expansionArt/newArtInventory.data.ts	0	expansionArt.relPath	art/fight/sprites/nilmorg/victory.png	dgrsart-cdn	EXPANDED
apps/shared/expansionArt/newArtInventory.data.ts	0	expansionArt.relPath	art/fight/sprites/nilmorg/walk_backward.png	dgrsart-cdn	EXPANDED
apps/shared/expansionArt/newArtInventory.data.ts	0	expansionArt.relPath	art/fight/sprites/nilmorg/walk_forward.png	dgrsart-cdn	EXPANDED
apps/shared/expansionArt/newArtInventory.data.ts	0	expansionArt.relPath	art/fight/sprites/programmer/attack_heavy_kick.png	dgrsart-cdn	EXPANDED
apps/shared/expansionArt/newArtInventory.data.ts	0	expansionArt.relPath	art/fight/sprites/programmer/attack_heavy_punch.png	dgrsart-cdn	EXPANDED
apps/shared/expansionArt/newArtInventory.data.ts	0	expansionArt.relPath	art/fight/sprites/programmer/attack_light_kick.png	dgrsart-cdn	EXPANDED
apps/shared/expansionArt/newArtInventory.data.ts	0	expansionArt.relPath	art/fight/sprites/programmer/attack_light_punch.png	dgrsart-cdn	EXPANDED
apps/shared/expansionArt/newArtInventory.data.ts	0	expansionArt.relPath	art/fight/sprites/programmer/attack_medium_kick.png	dgrsart-cdn	EXPANDED
apps/shared/expansionArt/newArtInventory.data.ts	0	expansionArt.relPath	art/fight/sprites/programmer/attack_medium_punch.png	dgrsart-cdn	EXPANDED
apps/shared/expansionArt/newArtInventory.data.ts	0	expansionArt.relPath	art/fight/sprites/programmer/block_active.png	dgrsart-cdn	EXPANDED
apps/shared/expansionArt/newArtInventory.data.ts	0	expansionArt.relPath	art/fight/sprites/programmer/crouch.png	dgrsart-cdn	EXPANDED
apps/shared/expansionArt/newArtInventory.data.ts	0	expansionArt.relPath	art/fight/sprites/programmer/hit_high.png	dgrsart-cdn	EXPANDED
apps/shared/expansionArt/newArtInventory.data.ts	0	expansionArt.relPath	art/fight/sprites/programmer/hit_low.png	dgrsart-cdn	EXPANDED
apps/shared/expansionArt/newArtInventory.data.ts	0	expansionArt.relPath	art/fight/sprites/programmer/hit_mid.png	dgrsart-cdn	EXPANDED
apps/shared/expansionArt/newArtInventory.data.ts	0	expansionArt.relPath	art/fight/sprites/programmer/idle.png	dgrsart-cdn	EXPANDED
apps/shared/expansionArt/newArtInventory.data.ts	0	expansionArt.relPath	art/fight/sprites/programmer/jump.png	dgrsart-cdn	EXPANDED
apps/shared/expansionArt/newArtInventory.data.ts	0	expansionArt.relPath	art/fight/sprites/programmer/knockdown.png	dgrsart-cdn	EXPANDED
apps/shared/expansionArt/newArtInventory.data.ts	0	expansionArt.relPath	art/fight/sprites/programmer/special_1.png	dgrsart-cdn	EXPANDED
apps/shared/expansionArt/newArtInventory.data.ts	0	expansionArt.relPath	art/fight/sprites/programmer/special_2.png	dgrsart-cdn	EXPANDED
apps/shared/expansionArt/newArtInventory.data.ts	0	expansionArt.relPath	art/fight/sprites/programmer/super_move.png	dgrsart-cdn	EXPANDED
apps/shared/expansionArt/newArtInventory.data.ts	0	expansionArt.relPath	art/fight/sprites/programmer/taunt.png	dgrsart-cdn	EXPANDED
apps/shared/expansionArt/newArtInventory.data.ts	0	expansionArt.relPath	art/fight/sprites/programmer/victory.png	dgrsart-cdn	EXPANDED
apps/shared/expansionArt/newArtInventory.data.ts	0	expansionArt.relPath	art/fight/sprites/programmer/walk_backward.png	dgrsart-cdn	EXPANDED
apps/shared/expansionArt/newArtInventory.data.ts	0	expansionArt.relPath	art/fight/sprites/programmer/walk_forward.png	dgrsart-cdn	EXPANDED
apps/shared/expansionArt/newArtInventory.data.ts	0	expansionArt.relPath	art/fight/sprites/seer/attack_heavy_kick.png	dgrsart-cdn	EXPANDED
apps/shared/expansionArt/newArtInventory.data.ts	0	expansionArt.relPath	art/fight/sprites/seer/attack_heavy_punch.png	dgrsart-cdn	EXPANDED
apps/shared/expansionArt/newArtInventory.data.ts	0	expansionArt.relPath	art/fight/sprites/seer/attack_light_kick.png	dgrsart-cdn	EXPANDED
apps/shared/expansionArt/newArtInventory.data.ts	0	expansionArt.relPath	art/fight/sprites/seer/attack_light_punch.png	dgrsart-cdn	EXPANDED
apps/shared/expansionArt/newArtInventory.data.ts	0	expansionArt.relPath	art/fight/sprites/seer/attack_medium_kick.png	dgrsart-cdn	EXPANDED
apps/shared/expansionArt/newArtInventory.data.ts	0	expansionArt.relPath	art/fight/sprites/seer/attack_medium_punch.png	dgrsart-cdn	EXPANDED
apps/shared/expansionArt/newArtInventory.data.ts	0	expansionArt.relPath	art/fight/sprites/seer/block_active.png	dgrsart-cdn	EXPANDED
apps/shared/expansionArt/newArtInventory.data.ts	0	expansionArt.relPath	art/fight/sprites/seer/crouch.png	dgrsart-cdn	EXPANDED
apps/shared/expansionArt/newArtInventory.data.ts	0	expansionArt.relPath	art/fight/sprites/seer/hit_high.png	dgrsart-cdn	EXPANDED
apps/shared/expansionArt/newArtInventory.data.ts	0	expansionArt.relPath	art/fight/sprites/seer/hit_low.png	dgrsart-cdn	EXPANDED
apps/shared/expansionArt/newArtInventory.data.ts	0	expansionArt.relPath	art/fight/sprites/seer/hit_mid.png	dgrsart-cdn	EXPANDED
apps/shared/expansionArt/newArtInventory.data.ts	0	expansionArt.relPath	art/fight/sprites/seer/idle.png	dgrsart-cdn	EXPANDED
apps/shared/expansionArt/newArtInventory.data.ts	0	expansionArt.relPath	art/fight/sprites/seer/jump.png	dgrsart-cdn	EXPANDED
apps/shared/expansionArt/newArtInventory.data.ts	0	expansionArt.relPath	art/fight/sprites/seer/knockdown.png	dgrsart-cdn	EXPANDED
apps/shared/expansionArt/newArtInventory.data.ts	0	expansionArt.relPath	art/fight/sprites/seer/special_1.png	dgrsart-cdn	EXPANDED
apps/shared/expansionArt/newArtInventory.data.ts	0	expansionArt.relPath	art/fight/sprites/seer/special_2.png	dgrsart-cdn	EXPANDED
apps/shared/expansionArt/newArtInventory.data.ts	0	expansionArt.relPath	art/fight/sprites/seer/super_move.png	dgrsart-cdn	EXPANDED
apps/shared/expansionArt/newArtInventory.data.ts	0	expansionArt.relPath	art/fight/sprites/seer/taunt.png	dgrsart-cdn	EXPANDED
apps/shared/expansionArt/newArtInventory.data.ts	0	expansionArt.relPath	art/fight/sprites/seer/victory.png	dgrsart-cdn	EXPANDED
apps/shared/expansionArt/newArtInventory.data.ts	0	expansionArt.relPath	art/fight/sprites/seer/walk_backward.png	dgrsart-cdn	EXPANDED
apps/shared/expansionArt/newArtInventory.data.ts	0	expansionArt.relPath	art/fight/sprites/seer/walk_forward.png	dgrsart-cdn	EXPANDED
apps/shared/expansionArt/newArtInventory.data.ts	0	expansionArt.relPath	art/fight/sprites/shadow_tongue/attack_heavy_kick.png	dgrsart-cdn	EXPANDED
apps/shared/expansionArt/newArtInventory.data.ts	0	expansionArt.relPath	art/fight/sprites/shadow_tongue/attack_heavy_punch.png	dgrsart-cdn	EXPANDED
apps/shared/expansionArt/newArtInventory.data.ts	0	expansionArt.relPath	art/fight/sprites/shadow_tongue/attack_light_kick.png	dgrsart-cdn	EXPANDED
apps/shared/expansionArt/newArtInventory.data.ts	0	expansionArt.relPath	art/fight/sprites/shadow_tongue/attack_light_punch.png	dgrsart-cdn	EXPANDED
apps/shared/expansionArt/newArtInventory.data.ts	0	expansionArt.relPath	art/fight/sprites/shadow_tongue/attack_medium_kick.png	dgrsart-cdn	EXPANDED
apps/shared/expansionArt/newArtInventory.data.ts	0	expansionArt.relPath	art/fight/sprites/shadow_tongue/attack_medium_punch.png	dgrsart-cdn	EXPANDED
apps/shared/expansionArt/newArtInventory.data.ts	0	expansionArt.relPath	art/fight/sprites/shadow_tongue/block_active.png	dgrsart-cdn	EXPANDED
apps/shared/expansionArt/newArtInventory.data.ts	0	expansionArt.relPath	art/fight/sprites/shadow_tongue/crouch.png	dgrsart-cdn	EXPANDED
apps/shared/expansionArt/newArtInventory.data.ts	0	expansionArt.relPath	art/fight/sprites/shadow_tongue/hit_high.png	dgrsart-cdn	EXPANDED
apps/shared/expansionArt/newArtInventory.data.ts	0	expansionArt.relPath	art/fight/sprites/shadow_tongue/hit_low.png	dgrsart-cdn	EXPANDED
apps/shared/expansionArt/newArtInventory.data.ts	0	expansionArt.relPath	art/fight/sprites/shadow_tongue/hit_mid.png	dgrsart-cdn	EXPANDED
apps/shared/expansionArt/newArtInventory.data.ts	0	expansionArt.relPath	art/fight/sprites/shadow_tongue/idle.png	dgrsart-cdn	EXPANDED
apps/shared/expansionArt/newArtInventory.data.ts	0	expansionArt.relPath	art/fight/sprites/shadow_tongue/jump.png	dgrsart-cdn	EXPANDED
apps/shared/expansionArt/newArtInventory.data.ts	0	expansionArt.relPath	art/fight/sprites/shadow_tongue/knockdown.png	dgrsart-cdn	EXPANDED
apps/shared/expansionArt/newArtInventory.data.ts	0	expansionArt.relPath	art/fight/sprites/shadow_tongue/special_1.png	dgrsart-cdn	EXPANDED
apps/shared/expansionArt/newArtInventory.data.ts	0	expansionArt.relPath	art/fight/sprites/shadow_tongue/special_2.png	dgrsart-cdn	EXPANDED
apps/shared/expansionArt/newArtInventory.data.ts	0	expansionArt.relPath	art/fight/sprites/shadow_tongue/super_move.png	dgrsart-cdn	EXPANDED
apps/shared/expansionArt/newArtInventory.data.ts	0	expansionArt.relPath	art/fight/sprites/shadow_tongue/taunt.png	dgrsart-cdn	EXPANDED
apps/shared/expansionArt/newArtInventory.data.ts	0	expansionArt.relPath	art/fight/sprites/shadow_tongue/victory.png	dgrsart-cdn	EXPANDED
apps/shared/expansionArt/newArtInventory.data.ts	0	expansionArt.relPath	art/fight/sprites/shadow_tongue/walk_backward.png	dgrsart-cdn	EXPANDED
apps/shared/expansionArt/newArtInventory.data.ts	0	expansionArt.relPath	art/fight/sprites/shadow_tongue/walk_forward.png	dgrsart-cdn	EXPANDED
apps/shared/expansionArt/newArtInventory.data.ts	0	expansionArt.relPath	art/fight/sprites/source_kael/attack_heavy_kick.png	dgrsart-cdn	EXPANDED
apps/shared/expansionArt/newArtInventory.data.ts	0	expansionArt.relPath	art/fight/sprites/source_kael/attack_heavy_punch.png	dgrsart-cdn	EXPANDED
apps/shared/expansionArt/newArtInventory.data.ts	0	expansionArt.relPath	art/fight/sprites/source_kael/attack_light_kick.png	dgrsart-cdn	EXPANDED
apps/shared/expansionArt/newArtInventory.data.ts	0	expansionArt.relPath	art/fight/sprites/source_kael/attack_light_punch.png	dgrsart-cdn	EXPANDED
apps/shared/expansionArt/newArtInventory.data.ts	0	expansionArt.relPath	art/fight/sprites/source_kael/attack_medium_kick.png	dgrsart-cdn	EXPANDED
apps/shared/expansionArt/newArtInventory.data.ts	0	expansionArt.relPath	art/fight/sprites/source_kael/attack_medium_punch.png	dgrsart-cdn	EXPANDED
apps/shared/expansionArt/newArtInventory.data.ts	0	expansionArt.relPath	art/fight/sprites/source_kael/block_active.png	dgrsart-cdn	EXPANDED
apps/shared/expansionArt/newArtInventory.data.ts	0	expansionArt.relPath	art/fight/sprites/source_kael/crouch.png	dgrsart-cdn	EXPANDED
apps/shared/expansionArt/newArtInventory.data.ts	0	expansionArt.relPath	art/fight/sprites/source_kael/hit_high.png	dgrsart-cdn	EXPANDED
apps/shared/expansionArt/newArtInventory.data.ts	0	expansionArt.relPath	art/fight/sprites/source_kael/hit_low.png	dgrsart-cdn	EXPANDED
apps/shared/expansionArt/newArtInventory.data.ts	0	expansionArt.relPath	art/fight/sprites/source_kael/hit_mid.png	dgrsart-cdn	EXPANDED
apps/shared/expansionArt/newArtInventory.data.ts	0	expansionArt.relPath	art/fight/sprites/source_kael/idle.png	dgrsart-cdn	EXPANDED
apps/shared/expansionArt/newArtInventory.data.ts	0	expansionArt.relPath	art/fight/sprites/source_kael/jump.png	dgrsart-cdn	EXPANDED
apps/shared/expansionArt/newArtInventory.data.ts	0	expansionArt.relPath	art/fight/sprites/source_kael/knockdown.png	dgrsart-cdn	EXPANDED
apps/shared/expansionArt/newArtInventory.data.ts	0	expansionArt.relPath	art/fight/sprites/source_kael/special_1.png	dgrsart-cdn	EXPANDED
apps/shared/expansionArt/newArtInventory.data.ts	0	expansionArt.relPath	art/fight/sprites/source_kael/special_2.png	dgrsart-cdn	EXPANDED
apps/shared/expansionArt/newArtInventory.data.ts	0	expansionArt.relPath	art/fight/sprites/source_kael/super_move.png	dgrsart-cdn	EXPANDED
apps/shared/expansionArt/newArtInventory.data.ts	0	expansionArt.relPath	art/fight/sprites/source_kael/taunt.png	dgrsart-cdn	EXPANDED
apps/shared/expansionArt/newArtInventory.data.ts	0	expansionArt.relPath	art/fight/sprites/source_kael/victory.png	dgrsart-cdn	EXPANDED
apps/shared/expansionArt/newArtInventory.data.ts	0	expansionArt.relPath	art/fight/sprites/source_kael/walk_backward.png	dgrsart-cdn	EXPANDED
apps/shared/expansionArt/newArtInventory.data.ts	0	expansionArt.relPath	art/fight/sprites/source_kael/walk_forward.png	dgrsart-cdn	EXPANDED
apps/shared/expansionArt/newArtInventory.data.ts	0	expansionArt.relPath	art/fight/sprites/the_eyes/attack_heavy_kick.png	dgrsart-cdn	EXPANDED
apps/shared/expansionArt/newArtInventory.data.ts	0	expansionArt.relPath	art/fight/sprites/the_eyes/attack_heavy_punch.png	dgrsart-cdn	EXPANDED
apps/shared/expansionArt/newArtInventory.data.ts	0	expansionArt.relPath	art/fight/sprites/the_eyes/attack_light_kick.png	dgrsart-cdn	EXPANDED
apps/shared/expansionArt/newArtInventory.data.ts	0	expansionArt.relPath	art/fight/sprites/the_eyes/attack_light_punch.png	dgrsart-cdn	EXPANDED
apps/shared/expansionArt/newArtInventory.data.ts	0	expansionArt.relPath	art/fight/sprites/the_eyes/attack_medium_kick.png	dgrsart-cdn	EXPANDED
apps/shared/expansionArt/newArtInventory.data.ts	0	expansionArt.relPath	art/fight/sprites/the_eyes/attack_medium_punch.png	dgrsart-cdn	EXPANDED
apps/shared/expansionArt/newArtInventory.data.ts	0	expansionArt.relPath	art/fight/sprites/the_eyes/block_active.png	dgrsart-cdn	EXPANDED
apps/shared/expansionArt/newArtInventory.data.ts	0	expansionArt.relPath	art/fight/sprites/the_eyes/crouch.png	dgrsart-cdn	EXPANDED
apps/shared/expansionArt/newArtInventory.data.ts	0	expansionArt.relPath	art/fight/sprites/the_eyes/hit_high.png	dgrsart-cdn	EXPANDED
apps/shared/expansionArt/newArtInventory.data.ts	0	expansionArt.relPath	art/fight/sprites/the_eyes/hit_low.png	dgrsart-cdn	EXPANDED
apps/shared/expansionArt/newArtInventory.data.ts	0	expansionArt.relPath	art/fight/sprites/the_eyes/hit_mid.png	dgrsart-cdn	EXPANDED
apps/shared/expansionArt/newArtInventory.data.ts	0	expansionArt.relPath	art/fight/sprites/the_eyes/idle.png	dgrsart-cdn	EXPANDED
apps/shared/expansionArt/newArtInventory.data.ts	0	expansionArt.relPath	art/fight/sprites/the_eyes/jump.png	dgrsart-cdn	EXPANDED
apps/shared/expansionArt/newArtInventory.data.ts	0	expansionArt.relPath	art/fight/sprites/the_eyes/knockdown.png	dgrsart-cdn	EXPANDED
apps/shared/expansionArt/newArtInventory.data.ts	0	expansionArt.relPath	art/fight/sprites/the_eyes/special_1.png	dgrsart-cdn	EXPANDED
apps/shared/expansionArt/newArtInventory.data.ts	0	expansionArt.relPath	art/fight/sprites/the_eyes/special_2.png	dgrsart-cdn	EXPANDED
apps/shared/expansionArt/newArtInventory.data.ts	0	expansionArt.relPath	art/fight/sprites/the_eyes/super_move.png	dgrsart-cdn	EXPANDED
apps/shared/expansionArt/newArtInventory.data.ts	0	expansionArt.relPath	art/fight/sprites/the_eyes/taunt.png	dgrsart-cdn	EXPANDED
apps/shared/expansionArt/newArtInventory.data.ts	0	expansionArt.relPath	art/fight/sprites/the_eyes/victory.png	dgrsart-cdn	EXPANDED
apps/shared/expansionArt/newArtInventory.data.ts	0	expansionArt.relPath	art/fight/sprites/the_eyes/walk_backward.png	dgrsart-cdn	EXPANDED
apps/shared/expansionArt/newArtInventory.data.ts	0	expansionArt.relPath	art/fight/sprites/the_eyes/walk_forward.png	dgrsart-cdn	EXPANDED
apps/shared/expansionArt/newArtInventory.data.ts	0	expansionArt.relPath	art/fight/sprites/the_human/attack_heavy_kick.png	dgrsart-cdn	EXPANDED
apps/shared/expansionArt/newArtInventory.data.ts	0	expansionArt.relPath	art/fight/sprites/the_human/attack_heavy_punch.png	dgrsart-cdn	EXPANDED
apps/shared/expansionArt/newArtInventory.data.ts	0	expansionArt.relPath	art/fight/sprites/the_human/attack_light_kick.png	dgrsart-cdn	EXPANDED
apps/shared/expansionArt/newArtInventory.data.ts	0	expansionArt.relPath	art/fight/sprites/the_human/attack_light_punch.png	dgrsart-cdn	EXPANDED
apps/shared/expansionArt/newArtInventory.data.ts	0	expansionArt.relPath	art/fight/sprites/the_human/attack_medium_kick.png	dgrsart-cdn	EXPANDED
apps/shared/expansionArt/newArtInventory.data.ts	0	expansionArt.relPath	art/fight/sprites/the_human/attack_medium_punch.png	dgrsart-cdn	EXPANDED
apps/shared/expansionArt/newArtInventory.data.ts	0	expansionArt.relPath	art/fight/sprites/the_human/block_active.png	dgrsart-cdn	EXPANDED
apps/shared/expansionArt/newArtInventory.data.ts	0	expansionArt.relPath	art/fight/sprites/the_human/crouch.png	dgrsart-cdn	EXPANDED
apps/shared/expansionArt/newArtInventory.data.ts	0	expansionArt.relPath	art/fight/sprites/the_human/hit_high.png	dgrsart-cdn	EXPANDED
apps/shared/expansionArt/newArtInventory.data.ts	0	expansionArt.relPath	art/fight/sprites/the_human/hit_low.png	dgrsart-cdn	EXPANDED
apps/shared/expansionArt/newArtInventory.data.ts	0	expansionArt.relPath	art/fight/sprites/the_human/hit_mid.png	dgrsart-cdn	EXPANDED
apps/shared/expansionArt/newArtInventory.data.ts	0	expansionArt.relPath	art/fight/sprites/the_human/idle.png	dgrsart-cdn	EXPANDED
apps/shared/expansionArt/newArtInventory.data.ts	0	expansionArt.relPath	art/fight/sprites/the_human/jump.png	dgrsart-cdn	EXPANDED
apps/shared/expansionArt/newArtInventory.data.ts	0	expansionArt.relPath	art/fight/sprites/the_human/knockdown.png	dgrsart-cdn	EXPANDED
apps/shared/expansionArt/newArtInventory.data.ts	0	expansionArt.relPath	art/fight/sprites/the_human/special_1.png	dgrsart-cdn	EXPANDED
apps/shared/expansionArt/newArtInventory.data.ts	0	expansionArt.relPath	art/fight/sprites/the_human/special_2.png	dgrsart-cdn	EXPANDED
apps/shared/expansionArt/newArtInventory.data.ts	0	expansionArt.relPath	art/fight/sprites/the_human/super_move.png	dgrsart-cdn	EXPANDED
apps/shared/expansionArt/newArtInventory.data.ts	0	expansionArt.relPath	art/fight/sprites/the_human/taunt.png	dgrsart-cdn	EXPANDED
apps/shared/expansionArt/newArtInventory.data.ts	0	expansionArt.relPath	art/fight/sprites/the_human/victory.png	dgrsart-cdn	EXPANDED
apps/shared/expansionArt/newArtInventory.data.ts	0	expansionArt.relPath	art/fight/sprites/the_human/walk_backward.png	dgrsart-cdn	EXPANDED
apps/shared/expansionArt/newArtInventory.data.ts	0	expansionArt.relPath	art/fight/sprites/the_human/walk_forward.png	dgrsart-cdn	EXPANDED
apps/shared/expansionArt/newArtInventory.data.ts	0	expansionArt.relPath	art/fight/sprites/warlord/attack_heavy_kick.png	dgrsart-cdn	EXPANDED
apps/shared/expansionArt/newArtInventory.data.ts	0	expansionArt.relPath	art/fight/sprites/warlord/attack_heavy_punch.png	dgrsart-cdn	EXPANDED
apps/shared/expansionArt/newArtInventory.data.ts	0	expansionArt.relPath	art/fight/sprites/warlord/attack_light_kick.png	dgrsart-cdn	EXPANDED
apps/shared/expansionArt/newArtInventory.data.ts	0	expansionArt.relPath	art/fight/sprites/warlord/attack_light_punch.png	dgrsart-cdn	EXPANDED
apps/shared/expansionArt/newArtInventory.data.ts	0	expansionArt.relPath	art/fight/sprites/warlord/attack_medium_kick.png	dgrsart-cdn	EXPANDED
apps/shared/expansionArt/newArtInventory.data.ts	0	expansionArt.relPath	art/fight/sprites/warlord/attack_medium_punch.png	dgrsart-cdn	EXPANDED
apps/shared/expansionArt/newArtInventory.data.ts	0	expansionArt.relPath	art/fight/sprites/warlord/block_active.png	dgrsart-cdn	EXPANDED
apps/shared/expansionArt/newArtInventory.data.ts	0	expansionArt.relPath	art/fight/sprites/warlord/crouch.png	dgrsart-cdn	EXPANDED
apps/shared/expansionArt/newArtInventory.data.ts	0	expansionArt.relPath	art/fight/sprites/warlord/hit_high.png	dgrsart-cdn	EXPANDED
apps/shared/expansionArt/newArtInventory.data.ts	0	expansionArt.relPath	art/fight/sprites/warlord/hit_low.png	dgrsart-cdn	EXPANDED
apps/shared/expansionArt/newArtInventory.data.ts	0	expansionArt.relPath	art/fight/sprites/warlord/hit_mid.png	dgrsart-cdn	EXPANDED
apps/shared/expansionArt/newArtInventory.data.ts	0	expansionArt.relPath	art/fight/sprites/warlord/idle.png	dgrsart-cdn	EXPANDED
apps/shared/expansionArt/newArtInventory.data.ts	0	expansionArt.relPath	art/fight/sprites/warlord/jump.png	dgrsart-cdn	EXPANDED
apps/shared/expansionArt/newArtInventory.data.ts	0	expansionArt.relPath	art/fight/sprites/warlord/knockdown.png	dgrsart-cdn	EXPANDED
apps/shared/expansionArt/newArtInventory.data.ts	0	expansionArt.relPath	art/fight/sprites/warlord/special_1.png	dgrsart-cdn	EXPANDED
apps/shared/expansionArt/newArtInventory.data.ts	0	expansionArt.relPath	art/fight/sprites/warlord/special_2.png	dgrsart-cdn	EXPANDED
apps/shared/expansionArt/newArtInventory.data.ts	0	expansionArt.relPath	art/fight/sprites/warlord/super_move.png	dgrsart-cdn	EXPANDED
apps/shared/expansionArt/newArtInventory.data.ts	0	expansionArt.relPath	art/fight/sprites/warlord/taunt.png	dgrsart-cdn	EXPANDED
apps/shared/expansionArt/newArtInventory.data.ts	0	expansionArt.relPath	art/fight/sprites/warlord/victory.png	dgrsart-cdn	EXPANDED
apps/shared/expansionArt/newArtInventory.data.ts	0	expansionArt.relPath	art/fight/sprites/warlord/walk_backward.png	dgrsart-cdn	EXPANDED
apps/shared/expansionArt/newArtInventory.data.ts	0	expansionArt.relPath	art/fight/sprites/warlord/walk_forward.png	dgrsart-cdn	EXPANDED
apps/shared/expansionArt/newArtInventory.data.ts	0	expansionArt.relPath	art/fight/sprites/watcher/attack_heavy_kick.png	dgrsart-cdn	EXPANDED
apps/shared/expansionArt/newArtInventory.data.ts	0	expansionArt.relPath	art/fight/sprites/watcher/attack_heavy_punch.png	dgrsart-cdn	EXPANDED
apps/shared/expansionArt/newArtInventory.data.ts	0	expansionArt.relPath	art/fight/sprites/watcher/attack_light_kick.png	dgrsart-cdn	EXPANDED
apps/shared/expansionArt/newArtInventory.data.ts	0	expansionArt.relPath	art/fight/sprites/watcher/attack_light_punch.png	dgrsart-cdn	EXPANDED
apps/shared/expansionArt/newArtInventory.data.ts	0	expansionArt.relPath	art/fight/sprites/watcher/attack_medium_kick.png	dgrsart-cdn	EXPANDED
apps/shared/expansionArt/newArtInventory.data.ts	0	expansionArt.relPath	art/fight/sprites/watcher/attack_medium_punch.png	dgrsart-cdn	EXPANDED
apps/shared/expansionArt/newArtInventory.data.ts	0	expansionArt.relPath	art/fight/sprites/watcher/block_active.png	dgrsart-cdn	EXPANDED
apps/shared/expansionArt/newArtInventory.data.ts	0	expansionArt.relPath	art/fight/sprites/watcher/crouch.png	dgrsart-cdn	EXPANDED
apps/shared/expansionArt/newArtInventory.data.ts	0	expansionArt.relPath	art/fight/sprites/watcher/hit_high.png	dgrsart-cdn	EXPANDED
apps/shared/expansionArt/newArtInventory.data.ts	0	expansionArt.relPath	art/fight/sprites/watcher/hit_low.png	dgrsart-cdn	EXPANDED
apps/shared/expansionArt/newArtInventory.data.ts	0	expansionArt.relPath	art/fight/sprites/watcher/hit_mid.png	dgrsart-cdn	EXPANDED
apps/shared/expansionArt/newArtInventory.data.ts	0	expansionArt.relPath	art/fight/sprites/watcher/idle.png	dgrsart-cdn	EXPANDED
apps/shared/expansionArt/newArtInventory.data.ts	0	expansionArt.relPath	art/fight/sprites/watcher/jump.png	dgrsart-cdn	EXPANDED
apps/shared/expansionArt/newArtInventory.data.ts	0	expansionArt.relPath	art/fight/sprites/watcher/knockdown.png	dgrsart-cdn	EXPANDED
apps/shared/expansionArt/newArtInventory.data.ts	0	expansionArt.relPath	art/fight/sprites/watcher/special_1.png	dgrsart-cdn	EXPANDED
apps/shared/expansionArt/newArtInventory.data.ts	0	expansionArt.relPath	art/fight/sprites/watcher/special_2.png	dgrsart-cdn	EXPANDED
apps/shared/expansionArt/newArtInventory.data.ts	0	expansionArt.relPath	art/fight/sprites/watcher/super_move.png	dgrsart-cdn	EXPANDED
apps/shared/expansionArt/newArtInventory.data.ts	0	expansionArt.relPath	art/fight/sprites/watcher/taunt.png	dgrsart-cdn	EXPANDED
apps/shared/expansionArt/newArtInventory.data.ts	0	expansionArt.relPath	art/fight/sprites/watcher/victory.png	dgrsart-cdn	EXPANDED
apps/shared/expansionArt/newArtInventory.data.ts	0	expansionArt.relPath	art/fight/sprites/watcher/walk_backward.png	dgrsart-cdn	EXPANDED
apps/shared/expansionArt/newArtInventory.data.ts	0	expansionArt.relPath	art/fight/sprites/watcher/walk_forward.png	dgrsart-cdn	EXPANDED
apps/shared/expansionArt/newArtInventory.data.ts	0	expansionArt.relPath	art/fight/stages/stage_architect_throne/bg.jpg	dgrsart-cdn	EXPANDED
apps/shared/expansionArt/newArtInventory.data.ts	0	expansionArt.relPath	art/fight/stages/stage_architect_throne/fg.jpg	dgrsart-cdn	EXPANDED
apps/shared/expansionArt/newArtInventory.data.ts	0	expansionArt.relPath	art/fight/stages/stage_architect_throne/mg.jpg	dgrsart-cdn	EXPANDED
apps/shared/expansionArt/newArtInventory.data.ts	0	expansionArt.relPath	art/fight/stages/stage_blood_weave/bg.jpg	dgrsart-cdn	EXPANDED
apps/shared/expansionArt/newArtInventory.data.ts	0	expansionArt.relPath	art/fight/stages/stage_blood_weave/fg.jpg	dgrsart-cdn	EXPANDED
apps/shared/expansionArt/newArtInventory.data.ts	0	expansionArt.relPath	art/fight/stages/stage_blood_weave/mg.jpg	dgrsart-cdn	EXPANDED
apps/shared/expansionArt/newArtInventory.data.ts	0	expansionArt.relPath	art/fight/stages/stage_crucible/bg.jpg	dgrsart-cdn	EXPANDED
apps/shared/expansionArt/newArtInventory.data.ts	0	expansionArt.relPath	art/fight/stages/stage_crucible/fg.jpg	dgrsart-cdn	EXPANDED
apps/shared/expansionArt/newArtInventory.data.ts	0	expansionArt.relPath	art/fight/stages/stage_crucible/mg.jpg	dgrsart-cdn	EXPANDED
apps/shared/expansionArt/newArtInventory.data.ts	0	expansionArt.relPath	art/fight/stages/stage_draft_chamber/bg.jpg	dgrsart-cdn	EXPANDED
apps/shared/expansionArt/newArtInventory.data.ts	0	expansionArt.relPath	art/fight/stages/stage_draft_chamber/fg.jpg	dgrsart-cdn	EXPANDED
apps/shared/expansionArt/newArtInventory.data.ts	0	expansionArt.relPath	art/fight/stages/stage_draft_chamber/mg.jpg	dgrsart-cdn	EXPANDED
apps/shared/expansionArt/newArtInventory.data.ts	0	expansionArt.relPath	art/fight/stages/stage_mechronis/bg.jpg	dgrsart-cdn	EXPANDED
apps/shared/expansionArt/newArtInventory.data.ts	0	expansionArt.relPath	art/fight/stages/stage_mechronis/fg.jpg	dgrsart-cdn	EXPANDED
apps/shared/expansionArt/newArtInventory.data.ts	0	expansionArt.relPath	art/fight/stages/stage_mechronis/mg.jpg	dgrsart-cdn	EXPANDED
apps/shared/expansionArt/newArtInventory.data.ts	0	expansionArt.relPath	art/fight/stages/stage_necromancer_castle/bg.jpg	dgrsart-cdn	EXPANDED
apps/shared/expansionArt/newArtInventory.data.ts	0	expansionArt.relPath	art/fight/stages/stage_necromancer_castle/fg.jpg	dgrsart-cdn	EXPANDED
apps/shared/expansionArt/newArtInventory.data.ts	0	expansionArt.relPath	art/fight/stages/stage_necromancer_castle/mg.jpg	dgrsart-cdn	EXPANDED
apps/shared/expansionArt/newArtInventory.data.ts	0	expansionArt.relPath	art/fight/stages/stage_new_babylon/bg.jpg	dgrsart-cdn	EXPANDED
apps/shared/expansionArt/newArtInventory.data.ts	0	expansionArt.relPath	art/fight/stages/stage_new_babylon/fg.jpg	dgrsart-cdn	EXPANDED
apps/shared/expansionArt/newArtInventory.data.ts	0	expansionArt.relPath	art/fight/stages/stage_new_babylon/mg.jpg	dgrsart-cdn	EXPANDED
apps/shared/expansionArt/newArtInventory.data.ts	0	expansionArt.relPath	art/fight/stages/stage_panopticon/bg.jpg	dgrsart-cdn	EXPANDED
apps/shared/expansionArt/newArtInventory.data.ts	0	expansionArt.relPath	art/fight/stages/stage_panopticon/fg.jpg	dgrsart-cdn	EXPANDED
apps/shared/expansionArt/newArtInventory.data.ts	0	expansionArt.relPath	art/fight/stages/stage_panopticon/mg.jpg	dgrsart-cdn	EXPANDED
apps/shared/expansionArt/newArtInventory.data.ts	0	expansionArt.relPath	art/fight/stages/stage_ranked_table/bg.jpg	dgrsart-cdn	EXPANDED
apps/shared/expansionArt/newArtInventory.data.ts	0	expansionArt.relPath	art/fight/stages/stage_ranked_table/fg.jpg	dgrsart-cdn	EXPANDED
apps/shared/expansionArt/newArtInventory.data.ts	0	expansionArt.relPath	art/fight/stages/stage_ranked_table/mg.jpg	dgrsart-cdn	EXPANDED
apps/shared/expansionArt/newArtInventory.data.ts	0	expansionArt.relPath	art/fight/stages/stage_shadow_sanctum/bg.jpg	dgrsart-cdn	EXPANDED
apps/shared/expansionArt/newArtInventory.data.ts	0	expansionArt.relPath	art/fight/stages/stage_shadow_sanctum/fg.jpg	dgrsart-cdn	EXPANDED
apps/shared/expansionArt/newArtInventory.data.ts	0	expansionArt.relPath	art/fight/stages/stage_shadow_sanctum/mg.jpg	dgrsart-cdn	EXPANDED
apps/shared/expansionArt/newArtInventory.data.ts	0	expansionArt.relPath	art/fight/stages/stage_terminus/bg.jpg	dgrsart-cdn	EXPANDED
apps/shared/expansionArt/newArtInventory.data.ts	0	expansionArt.relPath	art/fight/stages/stage_terminus/fg.jpg	dgrsart-cdn	EXPANDED
apps/shared/expansionArt/newArtInventory.data.ts	0	expansionArt.relPath	art/fight/stages/stage_terminus/mg.jpg	dgrsart-cdn	EXPANDED
apps/shared/expansionArt/newArtInventory.data.ts	0	expansionArt.relPath	art/fight/stages/stage_terminus_core/bg.jpg	dgrsart-cdn	EXPANDED
apps/shared/expansionArt/newArtInventory.data.ts	0	expansionArt.relPath	art/fight/stages/stage_terminus_core/fg.jpg	dgrsart-cdn	EXPANDED
apps/shared/expansionArt/newArtInventory.data.ts	0	expansionArt.relPath	art/fight/stages/stage_terminus_core/mg.jpg	dgrsart-cdn	EXPANDED
apps/shared/expansionArt/newArtInventory.data.ts	0	expansionArt.relPath	art/fight/stages/stage_thaloria/bg.jpg	dgrsart-cdn	EXPANDED
apps/shared/expansionArt/newArtInventory.data.ts	0	expansionArt.relPath	art/fight/stages/stage_thaloria/fg.jpg	dgrsart-cdn	EXPANDED
apps/shared/expansionArt/newArtInventory.data.ts	0	expansionArt.relPath	art/fight/stages/stage_thaloria/mg.jpg	dgrsart-cdn	EXPANDED
apps/shared/expansionArt/newArtInventory.data.ts	0	expansionArt.relPath	art/fight/stages/stage_tournament_hall/bg.jpg	dgrsart-cdn	EXPANDED
apps/shared/expansionArt/newArtInventory.data.ts	0	expansionArt.relPath	art/fight/stages/stage_tournament_hall/fg.jpg	dgrsart-cdn	EXPANDED
apps/shared/expansionArt/newArtInventory.data.ts	0	expansionArt.relPath	art/fight/stages/stage_tournament_hall/mg.jpg	dgrsart-cdn	EXPANDED
apps/shared/expansionArt/newArtInventory.data.ts	0	expansionArt.relPath	art/fight/stages/stage_watcher_panopticon/bg.jpg	dgrsart-cdn	EXPANDED
apps/shared/expansionArt/newArtInventory.data.ts	0	expansionArt.relPath	art/fight/stages/stage_watcher_panopticon/fg.jpg	dgrsart-cdn	EXPANDED
apps/shared/expansionArt/newArtInventory.data.ts	0	expansionArt.relPath	art/fight/stages/stage_watcher_panopticon/mg.jpg	dgrsart-cdn	EXPANDED
apps/shared/expansionArt/newArtInventory.data.ts	0	expansionArt.relPath	art/fight/vfx/block_shimmer.png	dgrsart-cdn	EXPANDED
apps/shared/expansionArt/newArtInventory.data.ts	0	expansionArt.relPath	art/fight/vfx/character_glow_super_ready.png	dgrsart-cdn	EXPANDED
apps/shared/expansionArt/newArtInventory.data.ts	0	expansionArt.relPath	art/fight/vfx/freeze_frame_outline.png	dgrsart-cdn	EXPANDED
apps/shared/expansionArt/newArtInventory.data.ts	0	expansionArt.relPath	art/fight/vfx/heal_shimmer.png	dgrsart-cdn	EXPANDED
apps/shared/expansionArt/newArtInventory.data.ts	0	expansionArt.relPath	art/fight/vfx/hit_spark_heavy.png	dgrsart-cdn	EXPANDED
apps/shared/expansionArt/newArtInventory.data.ts	0	expansionArt.relPath	art/fight/vfx/hit_spark_light.png	dgrsart-cdn	EXPANDED
apps/shared/expansionArt/newArtInventory.data.ts	0	expansionArt.relPath	art/fight/vfx/hit_spark_medium.png	dgrsart-cdn	EXPANDED
apps/shared/expansionArt/newArtInventory.data.ts	0	expansionArt.relPath	art/fight/vfx/knockdown_dirt.png	dgrsart-cdn	EXPANDED
apps/shared/expansionArt/newArtInventory.data.ts	0	expansionArt.relPath	art/fight/vfx/ko_blackout.png	dgrsart-cdn	EXPANDED
apps/shared/expansionArt/newArtInventory.data.ts	0	expansionArt.relPath	art/fight/vfx/projectile_trail_authority.png	dgrsart-cdn	EXPANDED
apps/shared/expansionArt/newArtInventory.data.ts	0	expansionArt.relPath	art/fight/vfx/projectile_trail_dreamer.png	dgrsart-cdn	EXPANDED
apps/shared/expansionArt/newArtInventory.data.ts	0	expansionArt.relPath	art/fight/vfx/projectile_trail_hierarchy.png	dgrsart-cdn	EXPANDED
apps/shared/expansionArt/newArtInventory.data.ts	0	expansionArt.relPath	art/fight/vfx/projectile_trail_insurgency.png	dgrsart-cdn	EXPANDED
apps/shared/expansionArt/newArtInventory.data.ts	0	expansionArt.relPath	art/fight/vfx/projectile_trail_mechronis.png	dgrsart-cdn	EXPANDED
apps/shared/expansionArt/newArtInventory.data.ts	0	expansionArt.relPath	art/fight/vfx/projectile_trail_terminus.png	dgrsart-cdn	EXPANDED
apps/shared/expansionArt/newArtInventory.data.ts	0	expansionArt.relPath	art/fight/vfx/super_screenflash.png	dgrsart-cdn	EXPANDED
apps/shared/expansionArt/newArtInventory.data.ts	0	expansionArt.relPath	art/fight/vfx/void_energy_burst.png	dgrsart-cdn	EXPANDED
apps/shared/expansionArt/newArtInventory.data.ts	0	expansionArt.relPath	art/manuscript_vault/hotspot_corroboration_thread.png	dgrsart-cdn	EXPANDED
apps/shared/expansionArt/newArtInventory.data.ts	0	expansionArt.relPath	art/manuscript_vault/hotspot_editor_signature.png	dgrsart-cdn	EXPANDED
apps/shared/expansionArt/newArtInventory.data.ts	0	expansionArt.relPath	art/manuscript_vault/hotspot_overwrite_manuscript.png	dgrsart-cdn	EXPANDED
apps/shared/expansionArt/newArtInventory.data.ts	0	expansionArt.relPath	art/manuscript_vault/vault_establishing.png	dgrsart-cdn	EXPANDED
apps/shared/expansionArt/newArtInventory.data.ts	0	expansionArt.relPath	art/overlays/doctrine/doctrine_cold_hand_artisan_overlay.png	dgrsart-cdn	EXPANDED
apps/shared/expansionArt/newArtInventory.data.ts	0	expansionArt.relPath	art/overlays/doctrine/doctrine_cold_hand_ghost_overlay.png	dgrsart-cdn	EXPANDED
apps/shared/expansionArt/newArtInventory.data.ts	0	expansionArt.relPath	art/overlays/doctrine/doctrine_cold_hand_heretic_overlay.png	dgrsart-cdn	EXPANDED
apps/shared/expansionArt/newArtInventory.data.ts	0	expansionArt.relPath	art/overlays/doctrine/doctrine_cold_hand_jester_overlay.png	dgrsart-cdn	EXPANDED
apps/shared/expansionArt/newArtInventory.data.ts	0	expansionArt.relPath	art/overlays/doctrine/doctrine_cold_hand_martyr_overlay.png	dgrsart-cdn	EXPANDED
apps/shared/expansionArt/newArtInventory.data.ts	0	expansionArt.relPath	art/overlays/doctrine/doctrine_cold_hand_oracle_overlay.png	dgrsart-cdn	EXPANDED
apps/shared/expansionArt/newArtInventory.data.ts	0	expansionArt.relPath	art/overlays/doctrine/doctrine_cold_hand_prodigal_overlay.png	dgrsart-cdn	EXPANDED
apps/shared/expansionArt/newArtInventory.data.ts	0	expansionArt.relPath	art/overlays/doctrine/doctrine_cold_hand_revenant_overlay.png	dgrsart-cdn	EXPANDED
apps/shared/expansionArt/newArtInventory.data.ts	0	expansionArt.relPath	art/overlays/doctrine/doctrine_cold_hand_scholar_overlay.png	dgrsart-cdn	EXPANDED
apps/shared/expansionArt/newArtInventory.data.ts	0	expansionArt.relPath	art/overlays/doctrine/doctrine_cold_hand_sentinel_overlay.png	dgrsart-cdn	EXPANDED
apps/shared/expansionArt/newArtInventory.data.ts	0	expansionArt.relPath	art/overlays/doctrine/doctrine_cold_hand_wanderer_overlay.png	dgrsart-cdn	EXPANDED
apps/shared/expansionArt/newArtInventory.data.ts	0	expansionArt.relPath	art/overlays/doctrine/doctrine_cold_hand_zealot_overlay.png	dgrsart-cdn	EXPANDED
apps/shared/expansionArt/newArtInventory.data.ts	0	expansionArt.relPath	art/overlays/doctrine/doctrine_compliant_mouth_artisan_overlay.png	dgrsart-cdn	EXPANDED
apps/shared/expansionArt/newArtInventory.data.ts	0	expansionArt.relPath	art/overlays/doctrine/doctrine_compliant_mouth_ghost_overlay.png	dgrsart-cdn	EXPANDED
apps/shared/expansionArt/newArtInventory.data.ts	0	expansionArt.relPath	art/overlays/doctrine/doctrine_compliant_mouth_heretic_overlay.png	dgrsart-cdn	EXPANDED
apps/shared/expansionArt/newArtInventory.data.ts	0	expansionArt.relPath	art/overlays/doctrine/doctrine_compliant_mouth_jester_overlay.png	dgrsart-cdn	EXPANDED
apps/shared/expansionArt/newArtInventory.data.ts	0	expansionArt.relPath	art/overlays/doctrine/doctrine_compliant_mouth_martyr_overlay.png	dgrsart-cdn	EXPANDED
apps/shared/expansionArt/newArtInventory.data.ts	0	expansionArt.relPath	art/overlays/doctrine/doctrine_compliant_mouth_oracle_overlay.png	dgrsart-cdn	EXPANDED
apps/shared/expansionArt/newArtInventory.data.ts	0	expansionArt.relPath	art/overlays/doctrine/doctrine_compliant_mouth_prodigal_overlay.png	dgrsart-cdn	EXPANDED
apps/shared/expansionArt/newArtInventory.data.ts	0	expansionArt.relPath	art/overlays/doctrine/doctrine_compliant_mouth_revenant_overlay.png	dgrsart-cdn	EXPANDED
apps/shared/expansionArt/newArtInventory.data.ts	0	expansionArt.relPath	art/overlays/doctrine/doctrine_compliant_mouth_scholar_overlay.png	dgrsart-cdn	EXPANDED
apps/shared/expansionArt/newArtInventory.data.ts	0	expansionArt.relPath	art/overlays/doctrine/doctrine_compliant_mouth_sentinel_overlay.png	dgrsart-cdn	EXPANDED
apps/shared/expansionArt/newArtInventory.data.ts	0	expansionArt.relPath	art/overlays/doctrine/doctrine_compliant_mouth_wanderer_overlay.png	dgrsart-cdn	EXPANDED
apps/shared/expansionArt/newArtInventory.data.ts	0	expansionArt.relPath	art/overlays/doctrine/doctrine_compliant_mouth_zealot_overlay.png	dgrsart-cdn	EXPANDED
apps/shared/expansionArt/newArtInventory.data.ts	0	expansionArt.relPath	art/overlays/doctrine/doctrine_forked_path_artisan_overlay.png	dgrsart-cdn	EXPANDED
apps/shared/expansionArt/newArtInventory.data.ts	0	expansionArt.relPath	art/overlays/doctrine/doctrine_forked_path_ghost_overlay.png	dgrsart-cdn	EXPANDED
apps/shared/expansionArt/newArtInventory.data.ts	0	expansionArt.relPath	art/overlays/doctrine/doctrine_forked_path_heretic_overlay.png	dgrsart-cdn	EXPANDED
apps/shared/expansionArt/newArtInventory.data.ts	0	expansionArt.relPath	art/overlays/doctrine/doctrine_forked_path_jester_overlay.png	dgrsart-cdn	EXPANDED
apps/shared/expansionArt/newArtInventory.data.ts	0	expansionArt.relPath	art/overlays/doctrine/doctrine_forked_path_martyr_overlay.png	dgrsart-cdn	EXPANDED
apps/shared/expansionArt/newArtInventory.data.ts	0	expansionArt.relPath	art/overlays/doctrine/doctrine_forked_path_oracle_overlay.png	dgrsart-cdn	EXPANDED
apps/shared/expansionArt/newArtInventory.data.ts	0	expansionArt.relPath	art/overlays/doctrine/doctrine_forked_path_prodigal_overlay.png	dgrsart-cdn	EXPANDED
apps/shared/expansionArt/newArtInventory.data.ts	0	expansionArt.relPath	art/overlays/doctrine/doctrine_forked_path_revenant_overlay.png	dgrsart-cdn	EXPANDED
apps/shared/expansionArt/newArtInventory.data.ts	0	expansionArt.relPath	art/overlays/doctrine/doctrine_forked_path_scholar_overlay.png	dgrsart-cdn	EXPANDED
apps/shared/expansionArt/newArtInventory.data.ts	0	expansionArt.relPath	art/overlays/doctrine/doctrine_forked_path_sentinel_overlay.png	dgrsart-cdn	EXPANDED
apps/shared/expansionArt/newArtInventory.data.ts	0	expansionArt.relPath	art/overlays/doctrine/doctrine_forked_path_wanderer_overlay.png	dgrsart-cdn	EXPANDED
apps/shared/expansionArt/newArtInventory.data.ts	0	expansionArt.relPath	art/overlays/doctrine/doctrine_forked_path_zealot_overlay.png	dgrsart-cdn	EXPANDED
apps/shared/expansionArt/newArtInventory.data.ts	0	expansionArt.relPath	art/overlays/doctrine/doctrine_heretical_quiet_artisan_overlay.png	dgrsart-cdn	EXPANDED
apps/shared/expansionArt/newArtInventory.data.ts	0	expansionArt.relPath	art/overlays/doctrine/doctrine_heretical_quiet_ghost_overlay.png	dgrsart-cdn	EXPANDED
apps/shared/expansionArt/newArtInventory.data.ts	0	expansionArt.relPath	art/overlays/doctrine/doctrine_heretical_quiet_heretic_overlay.png	dgrsart-cdn	EXPANDED
apps/shared/expansionArt/newArtInventory.data.ts	0	expansionArt.relPath	art/overlays/doctrine/doctrine_heretical_quiet_jester_overlay.png	dgrsart-cdn	EXPANDED
apps/shared/expansionArt/newArtInventory.data.ts	0	expansionArt.relPath	art/overlays/doctrine/doctrine_heretical_quiet_martyr_overlay.png	dgrsart-cdn	EXPANDED
apps/shared/expansionArt/newArtInventory.data.ts	0	expansionArt.relPath	art/overlays/doctrine/doctrine_heretical_quiet_oracle_overlay.png	dgrsart-cdn	EXPANDED
apps/shared/expansionArt/newArtInventory.data.ts	0	expansionArt.relPath	art/overlays/doctrine/doctrine_heretical_quiet_prodigal_overlay.png	dgrsart-cdn	EXPANDED
apps/shared/expansionArt/newArtInventory.data.ts	0	expansionArt.relPath	art/overlays/doctrine/doctrine_heretical_quiet_revenant_overlay.png	dgrsart-cdn	EXPANDED
apps/shared/expansionArt/newArtInventory.data.ts	0	expansionArt.relPath	art/overlays/doctrine/doctrine_heretical_quiet_scholar_overlay.png	dgrsart-cdn	EXPANDED
apps/shared/expansionArt/newArtInventory.data.ts	0	expansionArt.relPath	art/overlays/doctrine/doctrine_heretical_quiet_sentinel_overlay.png	dgrsart-cdn	EXPANDED
apps/shared/expansionArt/newArtInventory.data.ts	0	expansionArt.relPath	art/overlays/doctrine/doctrine_heretical_quiet_wanderer_overlay.png	dgrsart-cdn	EXPANDED
apps/shared/expansionArt/newArtInventory.data.ts	0	expansionArt.relPath	art/overlays/doctrine/doctrine_heretical_quiet_zealot_overlay.png	dgrsart-cdn	EXPANDED
apps/shared/expansionArt/newArtInventory.data.ts	0	expansionArt.relPath	art/overlays/doctrine/doctrine_human_remainder_artisan_overlay.png	dgrsart-cdn	EXPANDED
apps/shared/expansionArt/newArtInventory.data.ts	0	expansionArt.relPath	art/overlays/doctrine/doctrine_human_remainder_ghost_overlay.png	dgrsart-cdn	EXPANDED
apps/shared/expansionArt/newArtInventory.data.ts	0	expansionArt.relPath	art/overlays/doctrine/doctrine_human_remainder_heretic_overlay.png	dgrsart-cdn	EXPANDED
apps/shared/expansionArt/newArtInventory.data.ts	0	expansionArt.relPath	art/overlays/doctrine/doctrine_human_remainder_jester_overlay.png	dgrsart-cdn	EXPANDED
apps/shared/expansionArt/newArtInventory.data.ts	0	expansionArt.relPath	art/overlays/doctrine/doctrine_human_remainder_martyr_overlay.png	dgrsart-cdn	EXPANDED
apps/shared/expansionArt/newArtInventory.data.ts	0	expansionArt.relPath	art/overlays/doctrine/doctrine_human_remainder_oracle_overlay.png	dgrsart-cdn	EXPANDED
apps/shared/expansionArt/newArtInventory.data.ts	0	expansionArt.relPath	art/overlays/doctrine/doctrine_human_remainder_prodigal_overlay.png	dgrsart-cdn	EXPANDED
apps/shared/expansionArt/newArtInventory.data.ts	0	expansionArt.relPath	art/overlays/doctrine/doctrine_human_remainder_revenant_overlay.png	dgrsart-cdn	EXPANDED
apps/shared/expansionArt/newArtInventory.data.ts	0	expansionArt.relPath	art/overlays/doctrine/doctrine_human_remainder_scholar_overlay.png	dgrsart-cdn	EXPANDED
apps/shared/expansionArt/newArtInventory.data.ts	0	expansionArt.relPath	art/overlays/doctrine/doctrine_human_remainder_sentinel_overlay.png	dgrsart-cdn	EXPANDED
apps/shared/expansionArt/newArtInventory.data.ts	0	expansionArt.relPath	art/overlays/doctrine/doctrine_human_remainder_wanderer_overlay.png	dgrsart-cdn	EXPANDED
apps/shared/expansionArt/newArtInventory.data.ts	0	expansionArt.relPath	art/overlays/doctrine/doctrine_human_remainder_zealot_overlay.png	dgrsart-cdn	EXPANDED
apps/shared/expansionArt/newArtInventory.data.ts	0	expansionArt.relPath	art/overlays/trained_crew/artisan_ascendant_overlay.png	dgrsart-cdn	EXPANDED
apps/shared/expansionArt/newArtInventory.data.ts	0	expansionArt.relPath	art/overlays/trained_crew/artisan_ascendant_overlay_original.png	dgrsart-cdn	EXPANDED
apps/shared/expansionArt/newArtInventory.data.ts	0	expansionArt.relPath	art/overlays/trained_crew/artisan_exile_overlay.png	dgrsart-cdn	EXPANDED
apps/shared/expansionArt/newArtInventory.data.ts	0	expansionArt.relPath	art/overlays/trained_crew/artisan_exile_overlay_original.png	dgrsart-cdn	EXPANDED
apps/shared/expansionArt/newArtInventory.data.ts	0	expansionArt.relPath	art/overlays/trained_crew/artisan_martyrs_rest_overlay.png	dgrsart-cdn	EXPANDED
apps/shared/expansionArt/newArtInventory.data.ts	0	expansionArt.relPath	art/overlays/trained_crew/artisan_martyrs_rest_overlay_original.png	dgrsart-cdn	EXPANDED
apps/shared/expansionArt/newArtInventory.data.ts	0	expansionArt.relPath	art/overlays/trained_crew/artisan_operative_overlay.png	dgrsart-cdn	EXPANDED
apps/shared/expansionArt/newArtInventory.data.ts	0	expansionArt.relPath	art/overlays/trained_crew/artisan_operative_overlay_original.png	dgrsart-cdn	EXPANDED
apps/shared/expansionArt/newArtInventory.data.ts	0	expansionArt.relPath	art/overlays/trained_crew/artisan_reborn_overlay.png	dgrsart-cdn	EXPANDED
apps/shared/expansionArt/newArtInventory.data.ts	0	expansionArt.relPath	art/overlays/trained_crew/artisan_reborn_overlay_original.png	dgrsart-cdn	EXPANDED
apps/shared/expansionArt/newArtInventory.data.ts	0	expansionArt.relPath	art/overlays/trained_crew/ghost_ascendant_overlay.png	dgrsart-cdn	EXPANDED
apps/shared/expansionArt/newArtInventory.data.ts	0	expansionArt.relPath	art/overlays/trained_crew/ghost_ascendant_overlay_original.png	dgrsart-cdn	EXPANDED
apps/shared/expansionArt/newArtInventory.data.ts	0	expansionArt.relPath	art/overlays/trained_crew/ghost_exile_overlay.png	dgrsart-cdn	EXPANDED
apps/shared/expansionArt/newArtInventory.data.ts	0	expansionArt.relPath	art/overlays/trained_crew/ghost_exile_overlay_original.png	dgrsart-cdn	EXPANDED
apps/shared/expansionArt/newArtInventory.data.ts	0	expansionArt.relPath	art/overlays/trained_crew/ghost_martyrs_rest_overlay.png	dgrsart-cdn	EXPANDED
apps/shared/expansionArt/newArtInventory.data.ts	0	expansionArt.relPath	art/overlays/trained_crew/ghost_martyrs_rest_overlay_original.png	dgrsart-cdn	EXPANDED
apps/shared/expansionArt/newArtInventory.data.ts	0	expansionArt.relPath	art/overlays/trained_crew/ghost_operative_overlay.png	dgrsart-cdn	EXPANDED
apps/shared/expansionArt/newArtInventory.data.ts	0	expansionArt.relPath	art/overlays/trained_crew/ghost_operative_overlay_original.png	dgrsart-cdn	EXPANDED
apps/shared/expansionArt/newArtInventory.data.ts	0	expansionArt.relPath	art/overlays/trained_crew/ghost_reborn_overlay.png	dgrsart-cdn	EXPANDED
apps/shared/expansionArt/newArtInventory.data.ts	0	expansionArt.relPath	art/overlays/trained_crew/ghost_reborn_overlay_original.png	dgrsart-cdn	EXPANDED
apps/shared/expansionArt/newArtInventory.data.ts	0	expansionArt.relPath	art/overlays/trained_crew/heretic_ascendant_overlay.png	dgrsart-cdn	EXPANDED
apps/shared/expansionArt/newArtInventory.data.ts	0	expansionArt.relPath	art/overlays/trained_crew/heretic_ascendant_overlay_original.png	dgrsart-cdn	EXPANDED
apps/shared/expansionArt/newArtInventory.data.ts	0	expansionArt.relPath	art/overlays/trained_crew/heretic_exile_overlay.png	dgrsart-cdn	EXPANDED
apps/shared/expansionArt/newArtInventory.data.ts	0	expansionArt.relPath	art/overlays/trained_crew/heretic_exile_overlay_original.png	dgrsart-cdn	EXPANDED
apps/shared/expansionArt/newArtInventory.data.ts	0	expansionArt.relPath	art/overlays/trained_crew/heretic_martyrs_rest_overlay.png	dgrsart-cdn	EXPANDED
apps/shared/expansionArt/newArtInventory.data.ts	0	expansionArt.relPath	art/overlays/trained_crew/heretic_martyrs_rest_overlay_original.png	dgrsart-cdn	EXPANDED
apps/shared/expansionArt/newArtInventory.data.ts	0	expansionArt.relPath	art/overlays/trained_crew/heretic_operative_overlay.png	dgrsart-cdn	EXPANDED
apps/shared/expansionArt/newArtInventory.data.ts	0	expansionArt.relPath	art/overlays/trained_crew/heretic_operative_overlay_original.png	dgrsart-cdn	EXPANDED
apps/shared/expansionArt/newArtInventory.data.ts	0	expansionArt.relPath	art/overlays/trained_crew/heretic_reborn_overlay.png	dgrsart-cdn	EXPANDED
apps/shared/expansionArt/newArtInventory.data.ts	0	expansionArt.relPath	art/overlays/trained_crew/heretic_reborn_overlay_original.png	dgrsart-cdn	EXPANDED
apps/shared/expansionArt/newArtInventory.data.ts	0	expansionArt.relPath	art/overlays/trained_crew/jester_ascendant_overlay.png	dgrsart-cdn	EXPANDED
apps/shared/expansionArt/newArtInventory.data.ts	0	expansionArt.relPath	art/overlays/trained_crew/jester_ascendant_overlay_original.png	dgrsart-cdn	EXPANDED
apps/shared/expansionArt/newArtInventory.data.ts	0	expansionArt.relPath	art/overlays/trained_crew/jester_exile_overlay.png	dgrsart-cdn	EXPANDED
apps/shared/expansionArt/newArtInventory.data.ts	0	expansionArt.relPath	art/overlays/trained_crew/jester_exile_overlay_original.png	dgrsart-cdn	EXPANDED
apps/shared/expansionArt/newArtInventory.data.ts	0	expansionArt.relPath	art/overlays/trained_crew/jester_martyrs_rest_overlay.png	dgrsart-cdn	EXPANDED
apps/shared/expansionArt/newArtInventory.data.ts	0	expansionArt.relPath	art/overlays/trained_crew/jester_martyrs_rest_overlay_original.png	dgrsart-cdn	EXPANDED
apps/shared/expansionArt/newArtInventory.data.ts	0	expansionArt.relPath	art/overlays/trained_crew/jester_operative_overlay.png	dgrsart-cdn	EXPANDED
apps/shared/expansionArt/newArtInventory.data.ts	0	expansionArt.relPath	art/overlays/trained_crew/jester_operative_overlay_original.png	dgrsart-cdn	EXPANDED
apps/shared/expansionArt/newArtInventory.data.ts	0	expansionArt.relPath	art/overlays/trained_crew/jester_reborn_overlay.png	dgrsart-cdn	EXPANDED
apps/shared/expansionArt/newArtInventory.data.ts	0	expansionArt.relPath	art/overlays/trained_crew/jester_reborn_overlay_original.png	dgrsart-cdn	EXPANDED
apps/shared/expansionArt/newArtInventory.data.ts	0	expansionArt.relPath	art/overlays/trained_crew/martyr_ascendant_overlay.png	dgrsart-cdn	EXPANDED
apps/shared/expansionArt/newArtInventory.data.ts	0	expansionArt.relPath	art/overlays/trained_crew/martyr_ascendant_overlay_original.png	dgrsart-cdn	EXPANDED
apps/shared/expansionArt/newArtInventory.data.ts	0	expansionArt.relPath	art/overlays/trained_crew/martyr_exile_overlay.png	dgrsart-cdn	EXPANDED
apps/shared/expansionArt/newArtInventory.data.ts	0	expansionArt.relPath	art/overlays/trained_crew/martyr_exile_overlay_original.png	dgrsart-cdn	EXPANDED
apps/shared/expansionArt/newArtInventory.data.ts	0	expansionArt.relPath	art/overlays/trained_crew/martyr_martyrs_rest_overlay.png	dgrsart-cdn	EXPANDED
apps/shared/expansionArt/newArtInventory.data.ts	0	expansionArt.relPath	art/overlays/trained_crew/martyr_martyrs_rest_overlay_original.png	dgrsart-cdn	EXPANDED
apps/shared/expansionArt/newArtInventory.data.ts	0	expansionArt.relPath	art/overlays/trained_crew/martyr_operative_overlay.png	dgrsart-cdn	EXPANDED
apps/shared/expansionArt/newArtInventory.data.ts	0	expansionArt.relPath	art/overlays/trained_crew/martyr_operative_overlay_original.png	dgrsart-cdn	EXPANDED
apps/shared/expansionArt/newArtInventory.data.ts	0	expansionArt.relPath	art/overlays/trained_crew/martyr_reborn_overlay.png	dgrsart-cdn	EXPANDED
apps/shared/expansionArt/newArtInventory.data.ts	0	expansionArt.relPath	art/overlays/trained_crew/martyr_reborn_overlay_original.png	dgrsart-cdn	EXPANDED
apps/shared/expansionArt/newArtInventory.data.ts	0	expansionArt.relPath	art/overlays/trained_crew/oracle_ascendant_overlay.png	dgrsart-cdn	EXPANDED
apps/shared/expansionArt/newArtInventory.data.ts	0	expansionArt.relPath	art/overlays/trained_crew/oracle_ascendant_overlay_original.png	dgrsart-cdn	EXPANDED
apps/shared/expansionArt/newArtInventory.data.ts	0	expansionArt.relPath	art/overlays/trained_crew/oracle_exile_overlay.png	dgrsart-cdn	EXPANDED
apps/shared/expansionArt/newArtInventory.data.ts	0	expansionArt.relPath	art/overlays/trained_crew/oracle_exile_overlay_original.png	dgrsart-cdn	EXPANDED
apps/shared/expansionArt/newArtInventory.data.ts	0	expansionArt.relPath	art/overlays/trained_crew/oracle_martyrs_rest_overlay.png	dgrsart-cdn	EXPANDED
apps/shared/expansionArt/newArtInventory.data.ts	0	expansionArt.relPath	art/overlays/trained_crew/oracle_martyrs_rest_overlay_original.png	dgrsart-cdn	EXPANDED
apps/shared/expansionArt/newArtInventory.data.ts	0	expansionArt.relPath	art/overlays/trained_crew/oracle_operative_overlay.png	dgrsart-cdn	EXPANDED
apps/shared/expansionArt/newArtInventory.data.ts	0	expansionArt.relPath	art/overlays/trained_crew/oracle_operative_overlay_original.png	dgrsart-cdn	EXPANDED
apps/shared/expansionArt/newArtInventory.data.ts	0	expansionArt.relPath	art/overlays/trained_crew/oracle_reborn_overlay.png	dgrsart-cdn	EXPANDED
apps/shared/expansionArt/newArtInventory.data.ts	0	expansionArt.relPath	art/overlays/trained_crew/oracle_reborn_overlay_original.png	dgrsart-cdn	EXPANDED
apps/shared/expansionArt/newArtInventory.data.ts	0	expansionArt.relPath	art/overlays/trained_crew/prodigal_ascendant_overlay.png	dgrsart-cdn	EXPANDED
apps/shared/expansionArt/newArtInventory.data.ts	0	expansionArt.relPath	art/overlays/trained_crew/prodigal_ascendant_overlay_original.png	dgrsart-cdn	EXPANDED
apps/shared/expansionArt/newArtInventory.data.ts	0	expansionArt.relPath	art/overlays/trained_crew/prodigal_exile_overlay.png	dgrsart-cdn	EXPANDED
apps/shared/expansionArt/newArtInventory.data.ts	0	expansionArt.relPath	art/overlays/trained_crew/prodigal_exile_overlay_original.png	dgrsart-cdn	EXPANDED
apps/shared/expansionArt/newArtInventory.data.ts	0	expansionArt.relPath	art/overlays/trained_crew/prodigal_martyrs_rest_overlay.png	dgrsart-cdn	EXPANDED
apps/shared/expansionArt/newArtInventory.data.ts	0	expansionArt.relPath	art/overlays/trained_crew/prodigal_martyrs_rest_overlay_original.png	dgrsart-cdn	EXPANDED
apps/shared/expansionArt/newArtInventory.data.ts	0	expansionArt.relPath	art/overlays/trained_crew/prodigal_operative_overlay.png	dgrsart-cdn	EXPANDED
apps/shared/expansionArt/newArtInventory.data.ts	0	expansionArt.relPath	art/overlays/trained_crew/prodigal_operative_overlay_original.png	dgrsart-cdn	EXPANDED
apps/shared/expansionArt/newArtInventory.data.ts	0	expansionArt.relPath	art/overlays/trained_crew/prodigal_reborn_overlay.png	dgrsart-cdn	EXPANDED
apps/shared/expansionArt/newArtInventory.data.ts	0	expansionArt.relPath	art/overlays/trained_crew/prodigal_reborn_overlay_original.png	dgrsart-cdn	EXPANDED
apps/shared/expansionArt/newArtInventory.data.ts	0	expansionArt.relPath	art/overlays/trained_crew/revenant_ascendant_overlay.png	dgrsart-cdn	EXPANDED
apps/shared/expansionArt/newArtInventory.data.ts	0	expansionArt.relPath	art/overlays/trained_crew/revenant_ascendant_overlay_original.png	dgrsart-cdn	EXPANDED
apps/shared/expansionArt/newArtInventory.data.ts	0	expansionArt.relPath	art/overlays/trained_crew/revenant_exile_overlay.png	dgrsart-cdn	EXPANDED
apps/shared/expansionArt/newArtInventory.data.ts	0	expansionArt.relPath	art/overlays/trained_crew/revenant_exile_overlay_original.png	dgrsart-cdn	EXPANDED
apps/shared/expansionArt/newArtInventory.data.ts	0	expansionArt.relPath	art/overlays/trained_crew/revenant_martyrs_rest_overlay.png	dgrsart-cdn	EXPANDED
apps/shared/expansionArt/newArtInventory.data.ts	0	expansionArt.relPath	art/overlays/trained_crew/revenant_martyrs_rest_overlay_original.png	dgrsart-cdn	EXPANDED
apps/shared/expansionArt/newArtInventory.data.ts	0	expansionArt.relPath	art/overlays/trained_crew/revenant_operative_overlay.png	dgrsart-cdn	EXPANDED
apps/shared/expansionArt/newArtInventory.data.ts	0	expansionArt.relPath	art/overlays/trained_crew/revenant_operative_overlay_original.png	dgrsart-cdn	EXPANDED
apps/shared/expansionArt/newArtInventory.data.ts	0	expansionArt.relPath	art/overlays/trained_crew/revenant_reborn_overlay.png	dgrsart-cdn	EXPANDED
apps/shared/expansionArt/newArtInventory.data.ts	0	expansionArt.relPath	art/overlays/trained_crew/revenant_reborn_overlay_original.png	dgrsart-cdn	EXPANDED
apps/shared/expansionArt/newArtInventory.data.ts	0	expansionArt.relPath	art/overlays/trained_crew/scholar_ascendant_overlay.png	dgrsart-cdn	EXPANDED
apps/shared/expansionArt/newArtInventory.data.ts	0	expansionArt.relPath	art/overlays/trained_crew/scholar_ascendant_overlay_original.png	dgrsart-cdn	EXPANDED
apps/shared/expansionArt/newArtInventory.data.ts	0	expansionArt.relPath	art/overlays/trained_crew/scholar_exile_overlay.png	dgrsart-cdn	EXPANDED
apps/shared/expansionArt/newArtInventory.data.ts	0	expansionArt.relPath	art/overlays/trained_crew/scholar_exile_overlay_original.png	dgrsart-cdn	EXPANDED
apps/shared/expansionArt/newArtInventory.data.ts	0	expansionArt.relPath	art/overlays/trained_crew/scholar_martyrs_rest_overlay.png	dgrsart-cdn	EXPANDED
apps/shared/expansionArt/newArtInventory.data.ts	0	expansionArt.relPath	art/overlays/trained_crew/scholar_martyrs_rest_overlay_original.png	dgrsart-cdn	EXPANDED
apps/shared/expansionArt/newArtInventory.data.ts	0	expansionArt.relPath	art/overlays/trained_crew/scholar_operative_overlay.png	dgrsart-cdn	EXPANDED
apps/shared/expansionArt/newArtInventory.data.ts	0	expansionArt.relPath	art/overlays/trained_crew/scholar_operative_overlay_original.png	dgrsart-cdn	EXPANDED
apps/shared/expansionArt/newArtInventory.data.ts	0	expansionArt.relPath	art/overlays/trained_crew/scholar_reborn_overlay.png	dgrsart-cdn	EXPANDED
apps/shared/expansionArt/newArtInventory.data.ts	0	expansionArt.relPath	art/overlays/trained_crew/scholar_reborn_overlay_original.png	dgrsart-cdn	EXPANDED
apps/shared/expansionArt/newArtInventory.data.ts	0	expansionArt.relPath	art/overlays/trained_crew/sentinel_ascendant_overlay.png	dgrsart-cdn	EXPANDED
apps/shared/expansionArt/newArtInventory.data.ts	0	expansionArt.relPath	art/overlays/trained_crew/sentinel_ascendant_overlay_original.png	dgrsart-cdn	EXPANDED
apps/shared/expansionArt/newArtInventory.data.ts	0	expansionArt.relPath	art/overlays/trained_crew/sentinel_exile_overlay.png	dgrsart-cdn	EXPANDED
apps/shared/expansionArt/newArtInventory.data.ts	0	expansionArt.relPath	art/overlays/trained_crew/sentinel_exile_overlay_original.png	dgrsart-cdn	EXPANDED
apps/shared/expansionArt/newArtInventory.data.ts	0	expansionArt.relPath	art/overlays/trained_crew/sentinel_martyrs_rest_overlay.png	dgrsart-cdn	EXPANDED
apps/shared/expansionArt/newArtInventory.data.ts	0	expansionArt.relPath	art/overlays/trained_crew/sentinel_martyrs_rest_overlay_original.png	dgrsart-cdn	EXPANDED
apps/shared/expansionArt/newArtInventory.data.ts	0	expansionArt.relPath	art/overlays/trained_crew/sentinel_operative_overlay.png	dgrsart-cdn	EXPANDED
apps/shared/expansionArt/newArtInventory.data.ts	0	expansionArt.relPath	art/overlays/trained_crew/sentinel_operative_overlay_original.png	dgrsart-cdn	EXPANDED
apps/shared/expansionArt/newArtInventory.data.ts	0	expansionArt.relPath	art/overlays/trained_crew/sentinel_reborn_overlay.png	dgrsart-cdn	EXPANDED
apps/shared/expansionArt/newArtInventory.data.ts	0	expansionArt.relPath	art/overlays/trained_crew/sentinel_reborn_overlay_original.png	dgrsart-cdn	EXPANDED
apps/shared/expansionArt/newArtInventory.data.ts	0	expansionArt.relPath	art/overlays/trained_crew/wanderer_ascendant_overlay.png	dgrsart-cdn	EXPANDED
apps/shared/expansionArt/newArtInventory.data.ts	0	expansionArt.relPath	art/overlays/trained_crew/wanderer_ascendant_overlay_original.png	dgrsart-cdn	EXPANDED
apps/shared/expansionArt/newArtInventory.data.ts	0	expansionArt.relPath	art/overlays/trained_crew/wanderer_exile_overlay.png	dgrsart-cdn	EXPANDED
apps/shared/expansionArt/newArtInventory.data.ts	0	expansionArt.relPath	art/overlays/trained_crew/wanderer_exile_overlay_original.png	dgrsart-cdn	EXPANDED
apps/shared/expansionArt/newArtInventory.data.ts	0	expansionArt.relPath	art/overlays/trained_crew/wanderer_martyrs_rest_overlay.png	dgrsart-cdn	EXPANDED
apps/shared/expansionArt/newArtInventory.data.ts	0	expansionArt.relPath	art/overlays/trained_crew/wanderer_martyrs_rest_overlay_original.png	dgrsart-cdn	EXPANDED
apps/shared/expansionArt/newArtInventory.data.ts	0	expansionArt.relPath	art/overlays/trained_crew/wanderer_operative_overlay.png	dgrsart-cdn	EXPANDED
apps/shared/expansionArt/newArtInventory.data.ts	0	expansionArt.relPath	art/overlays/trained_crew/wanderer_operative_overlay_original.png	dgrsart-cdn	EXPANDED
apps/shared/expansionArt/newArtInventory.data.ts	0	expansionArt.relPath	art/overlays/trained_crew/wanderer_reborn_overlay.png	dgrsart-cdn	EXPANDED
apps/shared/expansionArt/newArtInventory.data.ts	0	expansionArt.relPath	art/overlays/trained_crew/wanderer_reborn_overlay_original.png	dgrsart-cdn	EXPANDED
apps/shared/expansionArt/newArtInventory.data.ts	0	expansionArt.relPath	art/overlays/trained_crew/zealot_ascendant_overlay.png	dgrsart-cdn	EXPANDED
apps/shared/expansionArt/newArtInventory.data.ts	0	expansionArt.relPath	art/overlays/trained_crew/zealot_ascendant_overlay_original.png	dgrsart-cdn	EXPANDED
apps/shared/expansionArt/newArtInventory.data.ts	0	expansionArt.relPath	art/overlays/trained_crew/zealot_exile_overlay.png	dgrsart-cdn	EXPANDED
apps/shared/expansionArt/newArtInventory.data.ts	0	expansionArt.relPath	art/overlays/trained_crew/zealot_exile_overlay_original.png	dgrsart-cdn	EXPANDED
apps/shared/expansionArt/newArtInventory.data.ts	0	expansionArt.relPath	art/overlays/trained_crew/zealot_martyrs_rest_overlay.png	dgrsart-cdn	EXPANDED
apps/shared/expansionArt/newArtInventory.data.ts	0	expansionArt.relPath	art/overlays/trained_crew/zealot_martyrs_rest_overlay_original.png	dgrsart-cdn	EXPANDED
apps/shared/expansionArt/newArtInventory.data.ts	0	expansionArt.relPath	art/overlays/trained_crew/zealot_operative_overlay.png	dgrsart-cdn	EXPANDED
apps/shared/expansionArt/newArtInventory.data.ts	0	expansionArt.relPath	art/overlays/trained_crew/zealot_operative_overlay_original.png	dgrsart-cdn	EXPANDED
apps/shared/expansionArt/newArtInventory.data.ts	0	expansionArt.relPath	art/overlays/trained_crew/zealot_reborn_overlay.png	dgrsart-cdn	EXPANDED
apps/shared/expansionArt/newArtInventory.data.ts	0	expansionArt.relPath	art/overlays/trained_crew/zealot_reborn_overlay_original.png	dgrsart-cdn	EXPANDED
apps/shared/expansionArt/newArtInventory.data.ts	0	expansionArt.relPath	art/portraits/aesthetic_anchor/apprentice_aesthetic_anchor.png	dgrsart-cdn	EXPANDED
apps/shared/expansionArt/newArtInventory.data.ts	0	expansionArt.relPath	art/portraits/dialog_3qbody/apprentice_artisan_female_dialog_3qbody.png	dgrsart-cdn	EXPANDED
apps/shared/expansionArt/newArtInventory.data.ts	0	expansionArt.relPath	art/portraits/dialog_3qbody/apprentice_artisan_male_dialog_3qbody.png	dgrsart-cdn	EXPANDED
apps/shared/expansionArt/newArtInventory.data.ts	0	expansionArt.relPath	art/portraits/dialog_3qbody/apprentice_ghost_female_dialog_3qbody.png	dgrsart-cdn	EXPANDED
apps/shared/expansionArt/newArtInventory.data.ts	0	expansionArt.relPath	art/portraits/dialog_3qbody/apprentice_ghost_male_dialog_3qbody.png	dgrsart-cdn	EXPANDED
apps/shared/expansionArt/newArtInventory.data.ts	0	expansionArt.relPath	art/portraits/dialog_3qbody/apprentice_heretic_female_dialog_3qbody.png	dgrsart-cdn	EXPANDED
apps/shared/expansionArt/newArtInventory.data.ts	0	expansionArt.relPath	art/portraits/dialog_3qbody/apprentice_heretic_male_dialog_3qbody.png	dgrsart-cdn	EXPANDED
apps/shared/expansionArt/newArtInventory.data.ts	0	expansionArt.relPath	art/portraits/dialog_3qbody/apprentice_jester_female_dialog_3qbody.png	dgrsart-cdn	EXPANDED
apps/shared/expansionArt/newArtInventory.data.ts	0	expansionArt.relPath	art/portraits/dialog_3qbody/apprentice_jester_male_dialog_3qbody.png	dgrsart-cdn	EXPANDED
apps/shared/expansionArt/newArtInventory.data.ts	0	expansionArt.relPath	art/portraits/dialog_3qbody/apprentice_jester_nonbinary_dialog_3qbody.png	dgrsart-cdn	EXPANDED
apps/shared/expansionArt/newArtInventory.data.ts	0	expansionArt.relPath	art/portraits/dialog_3qbody/apprentice_martyr_female_dialog_3qbody.png	dgrsart-cdn	EXPANDED
apps/shared/expansionArt/newArtInventory.data.ts	0	expansionArt.relPath	art/portraits/dialog_3qbody/apprentice_martyr_male_dialog_3qbody.png	dgrsart-cdn	EXPANDED
apps/shared/expansionArt/newArtInventory.data.ts	0	expansionArt.relPath	art/portraits/dialog_3qbody/apprentice_oracle_female_dialog_3qbody.png	dgrsart-cdn	EXPANDED
apps/shared/expansionArt/newArtInventory.data.ts	0	expansionArt.relPath	art/portraits/dialog_3qbody/apprentice_oracle_male_dialog_3qbody.png	dgrsart-cdn	EXPANDED
apps/shared/expansionArt/newArtInventory.data.ts	0	expansionArt.relPath	art/portraits/dialog_3qbody/apprentice_prodigal_female_dialog_3qbody.png	dgrsart-cdn	EXPANDED
apps/shared/expansionArt/newArtInventory.data.ts	0	expansionArt.relPath	art/portraits/dialog_3qbody/apprentice_prodigal_male_dialog_3qbody.png	dgrsart-cdn	EXPANDED
apps/shared/expansionArt/newArtInventory.data.ts	0	expansionArt.relPath	art/portraits/dialog_3qbody/apprentice_revenant_female_dialog_3qbody.png	dgrsart-cdn	EXPANDED
apps/shared/expansionArt/newArtInventory.data.ts	0	expansionArt.relPath	art/portraits/dialog_3qbody/apprentice_revenant_male_dialog_3qbody.png	dgrsart-cdn	EXPANDED
apps/shared/expansionArt/newArtInventory.data.ts	0	expansionArt.relPath	art/portraits/dialog_3qbody/apprentice_scholar_female_dialog_3qbody.png	dgrsart-cdn	EXPANDED
apps/shared/expansionArt/newArtInventory.data.ts	0	expansionArt.relPath	art/portraits/dialog_3qbody/apprentice_scholar_male_dialog_3qbody.png	dgrsart-cdn	EXPANDED
apps/shared/expansionArt/newArtInventory.data.ts	0	expansionArt.relPath	art/portraits/dialog_3qbody/apprentice_sentinel_female_dialog_3qbody.png	dgrsart-cdn	EXPANDED
apps/shared/expansionArt/newArtInventory.data.ts	0	expansionArt.relPath	art/portraits/dialog_3qbody/apprentice_sentinel_male_dialog_3qbody.png	dgrsart-cdn	EXPANDED
apps/shared/expansionArt/newArtInventory.data.ts	0	expansionArt.relPath	art/portraits/dialog_3qbody/apprentice_wanderer_female_dialog_3qbody.png	dgrsart-cdn	EXPANDED
apps/shared/expansionArt/newArtInventory.data.ts	0	expansionArt.relPath	art/portraits/dialog_3qbody/apprentice_wanderer_male_dialog_3qbody.png	dgrsart-cdn	EXPANDED
apps/shared/expansionArt/newArtInventory.data.ts	0	expansionArt.relPath	art/portraits/dialog_3qbody/apprentice_zealot_female_dialog_3qbody.png	dgrsart-cdn	EXPANDED
apps/shared/expansionArt/newArtInventory.data.ts	0	expansionArt.relPath	art/portraits/dialog_3qbody/apprentice_zealot_male_dialog_3qbody.png	dgrsart-cdn	EXPANDED
apps/shared/expansionArt/newArtInventory.data.ts	0	expansionArt.relPath	art/portraits/dialog_3qbody/recruit_akai_shi_dialog_3qbody.png	dgrsart-cdn	EXPANDED
apps/shared/expansionArt/newArtInventory.data.ts	0	expansionArt.relPath	art/portraits/dialog_3qbody/recruit_jericho_jones_dialog_3qbody.png	dgrsart-cdn	EXPANDED
apps/shared/expansionArt/newArtInventory.data.ts	0	expansionArt.relPath	art/portraits/dialog_3qbody/recruit_locke_dialog_3qbody.png	dgrsart-cdn	EXPANDED
apps/shared/expansionArt/newArtInventory.data.ts	0	expansionArt.relPath	art/portraits/dialog_3qbody/recruit_vex_solene_dialog_3qbody.png	dgrsart-cdn	EXPANDED
apps/shared/expansionArt/newArtInventory.data.ts	0	expansionArt.relPath	art/portraits/dialog_3qbody/recruit_wraith_calder_dialog_3qbody.png	dgrsart-cdn	EXPANDED
apps/shared/expansionArt/newArtInventory.data.ts	0	expansionArt.relPath	art/portraits/dialog_headshots/apprentice_artisan_female_dialog.png	dgrsart-cdn	EXPANDED
apps/shared/expansionArt/newArtInventory.data.ts	0	expansionArt.relPath	art/portraits/dialog_headshots/apprentice_artisan_male_dialog.png	dgrsart-cdn	EXPANDED
apps/shared/expansionArt/newArtInventory.data.ts	0	expansionArt.relPath	art/portraits/dialog_headshots/apprentice_ghost_female_dialog.png	dgrsart-cdn	EXPANDED
apps/shared/expansionArt/newArtInventory.data.ts	0	expansionArt.relPath	art/portraits/dialog_headshots/apprentice_ghost_male_dialog.png	dgrsart-cdn	EXPANDED
apps/shared/expansionArt/newArtInventory.data.ts	0	expansionArt.relPath	art/portraits/dialog_headshots/apprentice_heretic_female_dialog.png	dgrsart-cdn	EXPANDED
apps/shared/expansionArt/newArtInventory.data.ts	0	expansionArt.relPath	art/portraits/dialog_headshots/apprentice_heretic_male_dialog.png	dgrsart-cdn	EXPANDED
apps/shared/expansionArt/newArtInventory.data.ts	0	expansionArt.relPath	art/portraits/dialog_headshots/apprentice_jester_female_dialog.png	dgrsart-cdn	EXPANDED
apps/shared/expansionArt/newArtInventory.data.ts	0	expansionArt.relPath	art/portraits/dialog_headshots/apprentice_jester_male_dialog.png	dgrsart-cdn	EXPANDED
apps/shared/expansionArt/newArtInventory.data.ts	0	expansionArt.relPath	art/portraits/dialog_headshots/apprentice_jester_nonbinary_dialog.png	dgrsart-cdn	EXPANDED
apps/shared/expansionArt/newArtInventory.data.ts	0	expansionArt.relPath	art/portraits/dialog_headshots/apprentice_martyr_female_dialog.png	dgrsart-cdn	EXPANDED
apps/shared/expansionArt/newArtInventory.data.ts	0	expansionArt.relPath	art/portraits/dialog_headshots/apprentice_martyr_male_dialog.png	dgrsart-cdn	EXPANDED
apps/shared/expansionArt/newArtInventory.data.ts	0	expansionArt.relPath	art/portraits/dialog_headshots/apprentice_oracle_female_dialog.png	dgrsart-cdn	EXPANDED
apps/shared/expansionArt/newArtInventory.data.ts	0	expansionArt.relPath	art/portraits/dialog_headshots/apprentice_oracle_male_dialog.png	dgrsart-cdn	EXPANDED
apps/shared/expansionArt/newArtInventory.data.ts	0	expansionArt.relPath	art/portraits/dialog_headshots/apprentice_prodigal_female_dialog.png	dgrsart-cdn	EXPANDED
apps/shared/expansionArt/newArtInventory.data.ts	0	expansionArt.relPath	art/portraits/dialog_headshots/apprentice_prodigal_male_dialog.png	dgrsart-cdn	EXPANDED
apps/shared/expansionArt/newArtInventory.data.ts	0	expansionArt.relPath	art/portraits/dialog_headshots/apprentice_revenant_female_dialog.png	dgrsart-cdn	EXPANDED
apps/shared/expansionArt/newArtInventory.data.ts	0	expansionArt.relPath	art/portraits/dialog_headshots/apprentice_revenant_male_dialog.png	dgrsart-cdn	EXPANDED
apps/shared/expansionArt/newArtInventory.data.ts	0	expansionArt.relPath	art/portraits/dialog_headshots/apprentice_scholar_female_dialog.png	dgrsart-cdn	EXPANDED
apps/shared/expansionArt/newArtInventory.data.ts	0	expansionArt.relPath	art/portraits/dialog_headshots/apprentice_scholar_male_dialog.png	dgrsart-cdn	EXPANDED
apps/shared/expansionArt/newArtInventory.data.ts	0	expansionArt.relPath	art/portraits/dialog_headshots/apprentice_sentinel_female_dialog.png	dgrsart-cdn	EXPANDED
apps/shared/expansionArt/newArtInventory.data.ts	0	expansionArt.relPath	art/portraits/dialog_headshots/apprentice_sentinel_male_dialog.png	dgrsart-cdn	EXPANDED
apps/shared/expansionArt/newArtInventory.data.ts	0	expansionArt.relPath	art/portraits/dialog_headshots/apprentice_wanderer_female_dialog.png	dgrsart-cdn	EXPANDED
apps/shared/expansionArt/newArtInventory.data.ts	0	expansionArt.relPath	art/portraits/dialog_headshots/apprentice_wanderer_male_dialog.png	dgrsart-cdn	EXPANDED
apps/shared/expansionArt/newArtInventory.data.ts	0	expansionArt.relPath	art/portraits/dialog_headshots/apprentice_zealot_female_dialog.png	dgrsart-cdn	EXPANDED
apps/shared/expansionArt/newArtInventory.data.ts	0	expansionArt.relPath	art/portraits/dialog_headshots/apprentice_zealot_male_dialog.png	dgrsart-cdn	EXPANDED
apps/shared/expansionArt/newArtInventory.data.ts	0	expansionArt.relPath	art/portraits/dialog_headshots/recruit_akai_shi_dialog.png	dgrsart-cdn	EXPANDED
apps/shared/expansionArt/newArtInventory.data.ts	0	expansionArt.relPath	art/portraits/dialog_headshots/recruit_jericho_jones_dialog.png	dgrsart-cdn	EXPANDED
apps/shared/expansionArt/newArtInventory.data.ts	0	expansionArt.relPath	art/portraits/dialog_headshots/recruit_locke_dialog.png	dgrsart-cdn	EXPANDED
apps/shared/expansionArt/newArtInventory.data.ts	0	expansionArt.relPath	art/portraits/dialog_headshots/recruit_vex_solene_dialog.png	dgrsart-cdn	EXPANDED
apps/shared/expansionArt/newArtInventory.data.ts	0	expansionArt.relPath	art/portraits/dialog_headshots/recruit_wraith_calder_dialog.png	dgrsart-cdn	EXPANDED
apps/shared/expansionArt/newArtInventory.data.ts	0	expansionArt.relPath	art/portraits/expressions/akai_shi_combat.png	dgrsart-cdn	EXPANDED
apps/shared/expansionArt/newArtInventory.data.ts	0	expansionArt.relPath	art/portraits/expressions/akai_shi_doctrinal.png	dgrsart-cdn	EXPANDED
apps/shared/expansionArt/newArtInventory.data.ts	0	expansionArt.relPath	art/portraits/expressions/akai_shi_focused.png	dgrsart-cdn	EXPANDED
apps/shared/expansionArt/newArtInventory.data.ts	0	expansionArt.relPath	art/portraits/expressions/akai_shi_neutral.png	dgrsart-cdn	EXPANDED
apps/shared/expansionArt/newArtInventory.data.ts	0	expansionArt.relPath	art/portraits/expressions/apprentice_artisan_female_expr_corrupted.png	dgrsart-cdn	EXPANDED
apps/shared/expansionArt/newArtInventory.data.ts	0	expansionArt.relPath	art/portraits/expressions/apprentice_artisan_female_expr_doctrinal.png	dgrsart-cdn	EXPANDED
apps/shared/expansionArt/newArtInventory.data.ts	0	expansionArt.relPath	art/portraits/expressions/apprentice_artisan_female_expr_focused.png	dgrsart-cdn	EXPANDED
apps/shared/expansionArt/newArtInventory.data.ts	0	expansionArt.relPath	art/portraits/expressions/apprentice_artisan_female_expr_triumphant.png	dgrsart-cdn	EXPANDED
apps/shared/expansionArt/newArtInventory.data.ts	0	expansionArt.relPath	art/portraits/expressions/apprentice_artisan_female_expr_wounded.png	dgrsart-cdn	EXPANDED
apps/shared/expansionArt/newArtInventory.data.ts	0	expansionArt.relPath	art/portraits/expressions/apprentice_artisan_male_expr_corrupted.png	dgrsart-cdn	EXPANDED
apps/shared/expansionArt/newArtInventory.data.ts	0	expansionArt.relPath	art/portraits/expressions/apprentice_artisan_male_expr_doctrinal.png	dgrsart-cdn	EXPANDED
apps/shared/expansionArt/newArtInventory.data.ts	0	expansionArt.relPath	art/portraits/expressions/apprentice_artisan_male_expr_focused.png	dgrsart-cdn	EXPANDED
apps/shared/expansionArt/newArtInventory.data.ts	0	expansionArt.relPath	art/portraits/expressions/apprentice_artisan_male_expr_triumphant.png	dgrsart-cdn	EXPANDED
apps/shared/expansionArt/newArtInventory.data.ts	0	expansionArt.relPath	art/portraits/expressions/apprentice_artisan_male_expr_wounded.png	dgrsart-cdn	EXPANDED
apps/shared/expansionArt/newArtInventory.data.ts	0	expansionArt.relPath	art/portraits/expressions/apprentice_ghost_female_expr_corrupted.png	dgrsart-cdn	EXPANDED
apps/shared/expansionArt/newArtInventory.data.ts	0	expansionArt.relPath	art/portraits/expressions/apprentice_ghost_female_expr_doctrinal.png	dgrsart-cdn	EXPANDED
apps/shared/expansionArt/newArtInventory.data.ts	0	expansionArt.relPath	art/portraits/expressions/apprentice_ghost_female_expr_focused.png	dgrsart-cdn	EXPANDED
apps/shared/expansionArt/newArtInventory.data.ts	0	expansionArt.relPath	art/portraits/expressions/apprentice_ghost_female_expr_triumphant.png	dgrsart-cdn	EXPANDED
apps/shared/expansionArt/newArtInventory.data.ts	0	expansionArt.relPath	art/portraits/expressions/apprentice_ghost_female_expr_wounded.png	dgrsart-cdn	EXPANDED
apps/shared/expansionArt/newArtInventory.data.ts	0	expansionArt.relPath	art/portraits/expressions/apprentice_ghost_male_expr_corrupted.png	dgrsart-cdn	EXPANDED
apps/shared/expansionArt/newArtInventory.data.ts	0	expansionArt.relPath	art/portraits/expressions/apprentice_ghost_male_expr_doctrinal.png	dgrsart-cdn	EXPANDED
apps/shared/expansionArt/newArtInventory.data.ts	0	expansionArt.relPath	art/portraits/expressions/apprentice_ghost_male_expr_focused.png	dgrsart-cdn	EXPANDED
apps/shared/expansionArt/newArtInventory.data.ts	0	expansionArt.relPath	art/portraits/expressions/apprentice_ghost_male_expr_triumphant.png	dgrsart-cdn	EXPANDED
apps/shared/expansionArt/newArtInventory.data.ts	0	expansionArt.relPath	art/portraits/expressions/apprentice_ghost_male_expr_wounded.png	dgrsart-cdn	EXPANDED
apps/shared/expansionArt/newArtInventory.data.ts	0	expansionArt.relPath	art/portraits/expressions/apprentice_heretic_female_expr_corrupted.png	dgrsart-cdn	EXPANDED
apps/shared/expansionArt/newArtInventory.data.ts	0	expansionArt.relPath	art/portraits/expressions/apprentice_heretic_female_expr_doctrinal.png	dgrsart-cdn	EXPANDED
apps/shared/expansionArt/newArtInventory.data.ts	0	expansionArt.relPath	art/portraits/expressions/apprentice_heretic_female_expr_focused.png	dgrsart-cdn	EXPANDED
apps/shared/expansionArt/newArtInventory.data.ts	0	expansionArt.relPath	art/portraits/expressions/apprentice_heretic_female_expr_triumphant.png	dgrsart-cdn	EXPANDED
apps/shared/expansionArt/newArtInventory.data.ts	0	expansionArt.relPath	art/portraits/expressions/apprentice_heretic_female_expr_wounded.png	dgrsart-cdn	EXPANDED
apps/shared/expansionArt/newArtInventory.data.ts	0	expansionArt.relPath	art/portraits/expressions/apprentice_heretic_male_expr_corrupted.png	dgrsart-cdn	EXPANDED
apps/shared/expansionArt/newArtInventory.data.ts	0	expansionArt.relPath	art/portraits/expressions/apprentice_heretic_male_expr_doctrinal.png	dgrsart-cdn	EXPANDED
apps/shared/expansionArt/newArtInventory.data.ts	0	expansionArt.relPath	art/portraits/expressions/apprentice_heretic_male_expr_focused.png	dgrsart-cdn	EXPANDED
apps/shared/expansionArt/newArtInventory.data.ts	0	expansionArt.relPath	art/portraits/expressions/apprentice_heretic_male_expr_triumphant.png	dgrsart-cdn	EXPANDED
apps/shared/expansionArt/newArtInventory.data.ts	0	expansionArt.relPath	art/portraits/expressions/apprentice_heretic_male_expr_wounded.png	dgrsart-cdn	EXPANDED
apps/shared/expansionArt/newArtInventory.data.ts	0	expansionArt.relPath	art/portraits/expressions/apprentice_jester_female_expr_corrupted.png	dgrsart-cdn	EXPANDED
apps/shared/expansionArt/newArtInventory.data.ts	0	expansionArt.relPath	art/portraits/expressions/apprentice_jester_female_expr_doctrinal.png	dgrsart-cdn	EXPANDED
apps/shared/expansionArt/newArtInventory.data.ts	0	expansionArt.relPath	art/portraits/expressions/apprentice_jester_female_expr_focused.png	dgrsart-cdn	EXPANDED
apps/shared/expansionArt/newArtInventory.data.ts	0	expansionArt.relPath	art/portraits/expressions/apprentice_jester_female_expr_triumphant.png	dgrsart-cdn	EXPANDED
apps/shared/expansionArt/newArtInventory.data.ts	0	expansionArt.relPath	art/portraits/expressions/apprentice_jester_female_expr_wounded.png	dgrsart-cdn	EXPANDED
apps/shared/expansionArt/newArtInventory.data.ts	0	expansionArt.relPath	art/portraits/expressions/apprentice_jester_male_expr_corrupted.png	dgrsart-cdn	EXPANDED
apps/shared/expansionArt/newArtInventory.data.ts	0	expansionArt.relPath	art/portraits/expressions/apprentice_jester_male_expr_doctrinal.png	dgrsart-cdn	EXPANDED
apps/shared/expansionArt/newArtInventory.data.ts	0	expansionArt.relPath	art/portraits/expressions/apprentice_jester_male_expr_focused.png	dgrsart-cdn	EXPANDED
apps/shared/expansionArt/newArtInventory.data.ts	0	expansionArt.relPath	art/portraits/expressions/apprentice_jester_male_expr_triumphant.png	dgrsart-cdn	EXPANDED
apps/shared/expansionArt/newArtInventory.data.ts	0	expansionArt.relPath	art/portraits/expressions/apprentice_jester_male_expr_wounded.png	dgrsart-cdn	EXPANDED
apps/shared/expansionArt/newArtInventory.data.ts	0	expansionArt.relPath	art/portraits/expressions/apprentice_jester_nonbinary_expr_corrupted.png	dgrsart-cdn	EXPANDED
apps/shared/expansionArt/newArtInventory.data.ts	0	expansionArt.relPath	art/portraits/expressions/apprentice_jester_nonbinary_expr_doctrinal.png	dgrsart-cdn	EXPANDED
apps/shared/expansionArt/newArtInventory.data.ts	0	expansionArt.relPath	art/portraits/expressions/apprentice_jester_nonbinary_expr_focused.png	dgrsart-cdn	EXPANDED
apps/shared/expansionArt/newArtInventory.data.ts	0	expansionArt.relPath	art/portraits/expressions/apprentice_jester_nonbinary_expr_triumphant.png	dgrsart-cdn	EXPANDED
apps/shared/expansionArt/newArtInventory.data.ts	0	expansionArt.relPath	art/portraits/expressions/apprentice_jester_nonbinary_expr_wounded.png	dgrsart-cdn	EXPANDED
apps/shared/expansionArt/newArtInventory.data.ts	0	expansionArt.relPath	art/portraits/expressions/apprentice_martyr_female_expr_corrupted.png	dgrsart-cdn	EXPANDED
apps/shared/expansionArt/newArtInventory.data.ts	0	expansionArt.relPath	art/portraits/expressions/apprentice_martyr_female_expr_doctrinal.png	dgrsart-cdn	EXPANDED
apps/shared/expansionArt/newArtInventory.data.ts	0	expansionArt.relPath	art/portraits/expressions/apprentice_martyr_female_expr_focused.png	dgrsart-cdn	EXPANDED
apps/shared/expansionArt/newArtInventory.data.ts	0	expansionArt.relPath	art/portraits/expressions/apprentice_martyr_female_expr_triumphant.png	dgrsart-cdn	EXPANDED
apps/shared/expansionArt/newArtInventory.data.ts	0	expansionArt.relPath	art/portraits/expressions/apprentice_martyr_female_expr_wounded.png	dgrsart-cdn	EXPANDED
apps/shared/expansionArt/newArtInventory.data.ts	0	expansionArt.relPath	art/portraits/expressions/apprentice_martyr_male_expr_corrupted.png	dgrsart-cdn	EXPANDED
apps/shared/expansionArt/newArtInventory.data.ts	0	expansionArt.relPath	art/portraits/expressions/apprentice_martyr_male_expr_doctrinal.png	dgrsart-cdn	EXPANDED
apps/shared/expansionArt/newArtInventory.data.ts	0	expansionArt.relPath	art/portraits/expressions/apprentice_martyr_male_expr_focused.png	dgrsart-cdn	EXPANDED
apps/shared/expansionArt/newArtInventory.data.ts	0	expansionArt.relPath	art/portraits/expressions/apprentice_martyr_male_expr_triumphant.png	dgrsart-cdn	EXPANDED
apps/shared/expansionArt/newArtInventory.data.ts	0	expansionArt.relPath	art/portraits/expressions/apprentice_martyr_male_expr_wounded.png	dgrsart-cdn	EXPANDED
apps/shared/expansionArt/newArtInventory.data.ts	0	expansionArt.relPath	art/portraits/expressions/apprentice_oracle_female_expr_corrupted.png	dgrsart-cdn	EXPANDED
apps/shared/expansionArt/newArtInventory.data.ts	0	expansionArt.relPath	art/portraits/expressions/apprentice_oracle_female_expr_doctrinal.png	dgrsart-cdn	EXPANDED
apps/shared/expansionArt/newArtInventory.data.ts	0	expansionArt.relPath	art/portraits/expressions/apprentice_oracle_female_expr_focused.png	dgrsart-cdn	EXPANDED
apps/shared/expansionArt/newArtInventory.data.ts	0	expansionArt.relPath	art/portraits/expressions/apprentice_oracle_female_expr_triumphant.png	dgrsart-cdn	EXPANDED
apps/shared/expansionArt/newArtInventory.data.ts	0	expansionArt.relPath	art/portraits/expressions/apprentice_oracle_female_expr_wounded.png	dgrsart-cdn	EXPANDED
apps/shared/expansionArt/newArtInventory.data.ts	0	expansionArt.relPath	art/portraits/expressions/apprentice_oracle_male_expr_corrupted.png	dgrsart-cdn	EXPANDED
apps/shared/expansionArt/newArtInventory.data.ts	0	expansionArt.relPath	art/portraits/expressions/apprentice_oracle_male_expr_doctrinal.png	dgrsart-cdn	EXPANDED
apps/shared/expansionArt/newArtInventory.data.ts	0	expansionArt.relPath	art/portraits/expressions/apprentice_oracle_male_expr_focused.png	dgrsart-cdn	EXPANDED
apps/shared/expansionArt/newArtInventory.data.ts	0	expansionArt.relPath	art/portraits/expressions/apprentice_oracle_male_expr_triumphant.png	dgrsart-cdn	EXPANDED
apps/shared/expansionArt/newArtInventory.data.ts	0	expansionArt.relPath	art/portraits/expressions/apprentice_oracle_male_expr_wounded.png	dgrsart-cdn	EXPANDED
apps/shared/expansionArt/newArtInventory.data.ts	0	expansionArt.relPath	art/portraits/expressions/apprentice_prodigal_female_expr_corrupted.png	dgrsart-cdn	EXPANDED
apps/shared/expansionArt/newArtInventory.data.ts	0	expansionArt.relPath	art/portraits/expressions/apprentice_prodigal_female_expr_doctrinal.png	dgrsart-cdn	EXPANDED
apps/shared/expansionArt/newArtInventory.data.ts	0	expansionArt.relPath	art/portraits/expressions/apprentice_prodigal_female_expr_focused.png	dgrsart-cdn	EXPANDED
apps/shared/expansionArt/newArtInventory.data.ts	0	expansionArt.relPath	art/portraits/expressions/apprentice_prodigal_female_expr_triumphant.png	dgrsart-cdn	EXPANDED
apps/shared/expansionArt/newArtInventory.data.ts	0	expansionArt.relPath	art/portraits/expressions/apprentice_prodigal_female_expr_wounded.png	dgrsart-cdn	EXPANDED
apps/shared/expansionArt/newArtInventory.data.ts	0	expansionArt.relPath	art/portraits/expressions/apprentice_prodigal_male_expr_corrupted.png	dgrsart-cdn	EXPANDED
apps/shared/expansionArt/newArtInventory.data.ts	0	expansionArt.relPath	art/portraits/expressions/apprentice_prodigal_male_expr_doctrinal.png	dgrsart-cdn	EXPANDED
apps/shared/expansionArt/newArtInventory.data.ts	0	expansionArt.relPath	art/portraits/expressions/apprentice_prodigal_male_expr_focused.png	dgrsart-cdn	EXPANDED
apps/shared/expansionArt/newArtInventory.data.ts	0	expansionArt.relPath	art/portraits/expressions/apprentice_prodigal_male_expr_triumphant.png	dgrsart-cdn	EXPANDED
apps/shared/expansionArt/newArtInventory.data.ts	0	expansionArt.relPath	art/portraits/expressions/apprentice_prodigal_male_expr_wounded.png	dgrsart-cdn	EXPANDED
apps/shared/expansionArt/newArtInventory.data.ts	0	expansionArt.relPath	art/portraits/expressions/apprentice_revenant_female_expr_corrupted.png	dgrsart-cdn	EXPANDED
apps/shared/expansionArt/newArtInventory.data.ts	0	expansionArt.relPath	art/portraits/expressions/apprentice_revenant_female_expr_doctrinal.png	dgrsart-cdn	EXPANDED
apps/shared/expansionArt/newArtInventory.data.ts	0	expansionArt.relPath	art/portraits/expressions/apprentice_revenant_female_expr_focused.png	dgrsart-cdn	EXPANDED
apps/shared/expansionArt/newArtInventory.data.ts	0	expansionArt.relPath	art/portraits/expressions/apprentice_revenant_female_expr_triumphant.png	dgrsart-cdn	EXPANDED
apps/shared/expansionArt/newArtInventory.data.ts	0	expansionArt.relPath	art/portraits/expressions/apprentice_revenant_female_expr_wounded.png	dgrsart-cdn	EXPANDED
apps/shared/expansionArt/newArtInventory.data.ts	0	expansionArt.relPath	art/portraits/expressions/apprentice_revenant_male_expr_corrupted.png	dgrsart-cdn	EXPANDED
apps/shared/expansionArt/newArtInventory.data.ts	0	expansionArt.relPath	art/portraits/expressions/apprentice_revenant_male_expr_doctrinal.png	dgrsart-cdn	EXPANDED
apps/shared/expansionArt/newArtInventory.data.ts	0	expansionArt.relPath	art/portraits/expressions/apprentice_revenant_male_expr_focused.png	dgrsart-cdn	EXPANDED
apps/shared/expansionArt/newArtInventory.data.ts	0	expansionArt.relPath	art/portraits/expressions/apprentice_revenant_male_expr_triumphant.png	dgrsart-cdn	EXPANDED
apps/shared/expansionArt/newArtInventory.data.ts	0	expansionArt.relPath	art/portraits/expressions/apprentice_revenant_male_expr_wounded.png	dgrsart-cdn	EXPANDED
apps/shared/expansionArt/newArtInventory.data.ts	0	expansionArt.relPath	art/portraits/expressions/apprentice_scholar_female_expr_corrupted.png	dgrsart-cdn	EXPANDED
apps/shared/expansionArt/newArtInventory.data.ts	0	expansionArt.relPath	art/portraits/expressions/apprentice_scholar_female_expr_doctrinal.png	dgrsart-cdn	EXPANDED
apps/shared/expansionArt/newArtInventory.data.ts	0	expansionArt.relPath	art/portraits/expressions/apprentice_scholar_female_expr_focused.png	dgrsart-cdn	EXPANDED
apps/shared/expansionArt/newArtInventory.data.ts	0	expansionArt.relPath	art/portraits/expressions/apprentice_scholar_female_expr_triumphant.png	dgrsart-cdn	EXPANDED
apps/shared/expansionArt/newArtInventory.data.ts	0	expansionArt.relPath	art/portraits/expressions/apprentice_scholar_female_expr_wounded.png	dgrsart-cdn	EXPANDED
apps/shared/expansionArt/newArtInventory.data.ts	0	expansionArt.relPath	art/portraits/expressions/apprentice_scholar_male_expr_corrupted.png	dgrsart-cdn	EXPANDED
apps/shared/expansionArt/newArtInventory.data.ts	0	expansionArt.relPath	art/portraits/expressions/apprentice_scholar_male_expr_doctrinal.png	dgrsart-cdn	EXPANDED
apps/shared/expansionArt/newArtInventory.data.ts	0	expansionArt.relPath	art/portraits/expressions/apprentice_scholar_male_expr_focused.png	dgrsart-cdn	EXPANDED
apps/shared/expansionArt/newArtInventory.data.ts	0	expansionArt.relPath	art/portraits/expressions/apprentice_scholar_male_expr_triumphant.png	dgrsart-cdn	EXPANDED
apps/shared/expansionArt/newArtInventory.data.ts	0	expansionArt.relPath	art/portraits/expressions/apprentice_scholar_male_expr_wounded.png	dgrsart-cdn	EXPANDED
apps/shared/expansionArt/newArtInventory.data.ts	0	expansionArt.relPath	art/portraits/expressions/apprentice_sentinel_female_expr_corrupted.png	dgrsart-cdn	EXPANDED
apps/shared/expansionArt/newArtInventory.data.ts	0	expansionArt.relPath	art/portraits/expressions/apprentice_sentinel_female_expr_doctrinal.png	dgrsart-cdn	EXPANDED
apps/shared/expansionArt/newArtInventory.data.ts	0	expansionArt.relPath	art/portraits/expressions/apprentice_sentinel_female_expr_focused.png	dgrsart-cdn	EXPANDED
apps/shared/expansionArt/newArtInventory.data.ts	0	expansionArt.relPath	art/portraits/expressions/apprentice_sentinel_female_expr_triumphant.png	dgrsart-cdn	EXPANDED
apps/shared/expansionArt/newArtInventory.data.ts	0	expansionArt.relPath	art/portraits/expressions/apprentice_sentinel_female_expr_wounded.png	dgrsart-cdn	EXPANDED
apps/shared/expansionArt/newArtInventory.data.ts	0	expansionArt.relPath	art/portraits/expressions/apprentice_sentinel_male_expr_corrupted.png	dgrsart-cdn	EXPANDED
apps/shared/expansionArt/newArtInventory.data.ts	0	expansionArt.relPath	art/portraits/expressions/apprentice_sentinel_male_expr_doctrinal.png	dgrsart-cdn	EXPANDED
apps/shared/expansionArt/newArtInventory.data.ts	0	expansionArt.relPath	art/portraits/expressions/apprentice_sentinel_male_expr_focused.png	dgrsart-cdn	EXPANDED
apps/shared/expansionArt/newArtInventory.data.ts	0	expansionArt.relPath	art/portraits/expressions/apprentice_sentinel_male_expr_triumphant.png	dgrsart-cdn	EXPANDED
apps/shared/expansionArt/newArtInventory.data.ts	0	expansionArt.relPath	art/portraits/expressions/apprentice_sentinel_male_expr_wounded.png	dgrsart-cdn	EXPANDED
apps/shared/expansionArt/newArtInventory.data.ts	0	expansionArt.relPath	art/portraits/expressions/apprentice_wanderer_female_expr_corrupted.png	dgrsart-cdn	EXPANDED
apps/shared/expansionArt/newArtInventory.data.ts	0	expansionArt.relPath	art/portraits/expressions/apprentice_wanderer_female_expr_doctrinal.png	dgrsart-cdn	EXPANDED
apps/shared/expansionArt/newArtInventory.data.ts	0	expansionArt.relPath	art/portraits/expressions/apprentice_wanderer_female_expr_focused.png	dgrsart-cdn	EXPANDED
apps/shared/expansionArt/newArtInventory.data.ts	0	expansionArt.relPath	art/portraits/expressions/apprentice_wanderer_female_expr_triumphant.png	dgrsart-cdn	EXPANDED
apps/shared/expansionArt/newArtInventory.data.ts	0	expansionArt.relPath	art/portraits/expressions/apprentice_wanderer_female_expr_wounded.png	dgrsart-cdn	EXPANDED
apps/shared/expansionArt/newArtInventory.data.ts	0	expansionArt.relPath	art/portraits/expressions/apprentice_wanderer_male_expr_corrupted.png	dgrsart-cdn	EXPANDED
apps/shared/expansionArt/newArtInventory.data.ts	0	expansionArt.relPath	art/portraits/expressions/apprentice_wanderer_male_expr_doctrinal.png	dgrsart-cdn	EXPANDED
apps/shared/expansionArt/newArtInventory.data.ts	0	expansionArt.relPath	art/portraits/expressions/apprentice_wanderer_male_expr_focused.png	dgrsart-cdn	EXPANDED
apps/shared/expansionArt/newArtInventory.data.ts	0	expansionArt.relPath	art/portraits/expressions/apprentice_wanderer_male_expr_triumphant.png	dgrsart-cdn	EXPANDED
apps/shared/expansionArt/newArtInventory.data.ts	0	expansionArt.relPath	art/portraits/expressions/apprentice_wanderer_male_expr_wounded.png	dgrsart-cdn	EXPANDED
apps/shared/expansionArt/newArtInventory.data.ts	0	expansionArt.relPath	art/portraits/expressions/apprentice_zealot_female_expr_corrupted.png	dgrsart-cdn	EXPANDED
apps/shared/expansionArt/newArtInventory.data.ts	0	expansionArt.relPath	art/portraits/expressions/apprentice_zealot_female_expr_doctrinal.png	dgrsart-cdn	EXPANDED
apps/shared/expansionArt/newArtInventory.data.ts	0	expansionArt.relPath	art/portraits/expressions/apprentice_zealot_female_expr_focused.png	dgrsart-cdn	EXPANDED
apps/shared/expansionArt/newArtInventory.data.ts	0	expansionArt.relPath	art/portraits/expressions/apprentice_zealot_female_expr_triumphant.png	dgrsart-cdn	EXPANDED
apps/shared/expansionArt/newArtInventory.data.ts	0	expansionArt.relPath	art/portraits/expressions/apprentice_zealot_female_expr_wounded.png	dgrsart-cdn	EXPANDED
apps/shared/expansionArt/newArtInventory.data.ts	0	expansionArt.relPath	art/portraits/expressions/apprentice_zealot_male_expr_corrupted.png	dgrsart-cdn	EXPANDED
apps/shared/expansionArt/newArtInventory.data.ts	0	expansionArt.relPath	art/portraits/expressions/apprentice_zealot_male_expr_doctrinal.png	dgrsart-cdn	EXPANDED
apps/shared/expansionArt/newArtInventory.data.ts	0	expansionArt.relPath	art/portraits/expressions/apprentice_zealot_male_expr_focused.png	dgrsart-cdn	EXPANDED
apps/shared/expansionArt/newArtInventory.data.ts	0	expansionArt.relPath	art/portraits/expressions/apprentice_zealot_male_expr_triumphant.png	dgrsart-cdn	EXPANDED
apps/shared/expansionArt/newArtInventory.data.ts	0	expansionArt.relPath	art/portraits/expressions/apprentice_zealot_male_expr_wounded.png	dgrsart-cdn	EXPANDED
apps/shared/expansionArt/newArtInventory.data.ts	0	expansionArt.relPath	art/portraits/expressions/artisan_female_combat.png	dgrsart-cdn	EXPANDED
apps/shared/expansionArt/newArtInventory.data.ts	0	expansionArt.relPath	art/portraits/expressions/artisan_female_doctrinal.png	dgrsart-cdn	EXPANDED
apps/shared/expansionArt/newArtInventory.data.ts	0	expansionArt.relPath	art/portraits/expressions/artisan_female_focused.png	dgrsart-cdn	EXPANDED
apps/shared/expansionArt/newArtInventory.data.ts	0	expansionArt.relPath	art/portraits/expressions/artisan_female_neutral.png	dgrsart-cdn	EXPANDED
apps/shared/expansionArt/newArtInventory.data.ts	0	expansionArt.relPath	art/portraits/expressions/artisan_male_combat.png	dgrsart-cdn	EXPANDED
apps/shared/expansionArt/newArtInventory.data.ts	0	expansionArt.relPath	art/portraits/expressions/artisan_male_doctrinal.png	dgrsart-cdn	EXPANDED
apps/shared/expansionArt/newArtInventory.data.ts	0	expansionArt.relPath	art/portraits/expressions/artisan_male_focused.png	dgrsart-cdn	EXPANDED
apps/shared/expansionArt/newArtInventory.data.ts	0	expansionArt.relPath	art/portraits/expressions/artisan_male_neutral.png	dgrsart-cdn	EXPANDED
apps/shared/expansionArt/newArtInventory.data.ts	0	expansionArt.relPath	art/portraits/expressions/ghost_female_combat.png	dgrsart-cdn	EXPANDED
apps/shared/expansionArt/newArtInventory.data.ts	0	expansionArt.relPath	art/portraits/expressions/ghost_female_doctrinal.png	dgrsart-cdn	EXPANDED
apps/shared/expansionArt/newArtInventory.data.ts	0	expansionArt.relPath	art/portraits/expressions/ghost_female_focused.png	dgrsart-cdn	EXPANDED
apps/shared/expansionArt/newArtInventory.data.ts	0	expansionArt.relPath	art/portraits/expressions/ghost_female_neutral.png	dgrsart-cdn	EXPANDED
apps/shared/expansionArt/newArtInventory.data.ts	0	expansionArt.relPath	art/portraits/expressions/ghost_male_combat.png	dgrsart-cdn	EXPANDED
apps/shared/expansionArt/newArtInventory.data.ts	0	expansionArt.relPath	art/portraits/expressions/ghost_male_doctrinal.png	dgrsart-cdn	EXPANDED
apps/shared/expansionArt/newArtInventory.data.ts	0	expansionArt.relPath	art/portraits/expressions/ghost_male_focused.png	dgrsart-cdn	EXPANDED
apps/shared/expansionArt/newArtInventory.data.ts	0	expansionArt.relPath	art/portraits/expressions/ghost_male_neutral.png	dgrsart-cdn	EXPANDED
apps/shared/expansionArt/newArtInventory.data.ts	0	expansionArt.relPath	art/portraits/expressions/heretic_female_combat.png	dgrsart-cdn	EXPANDED
apps/shared/expansionArt/newArtInventory.data.ts	0	expansionArt.relPath	art/portraits/expressions/heretic_female_doctrinal.png	dgrsart-cdn	EXPANDED
apps/shared/expansionArt/newArtInventory.data.ts	0	expansionArt.relPath	art/portraits/expressions/heretic_female_focused.png	dgrsart-cdn	EXPANDED
apps/shared/expansionArt/newArtInventory.data.ts	0	expansionArt.relPath	art/portraits/expressions/heretic_female_neutral.png	dgrsart-cdn	EXPANDED
apps/shared/expansionArt/newArtInventory.data.ts	0	expansionArt.relPath	art/portraits/expressions/heretic_male_combat.png	dgrsart-cdn	EXPANDED
apps/shared/expansionArt/newArtInventory.data.ts	0	expansionArt.relPath	art/portraits/expressions/heretic_male_doctrinal.png	dgrsart-cdn	EXPANDED
apps/shared/expansionArt/newArtInventory.data.ts	0	expansionArt.relPath	art/portraits/expressions/heretic_male_focused.png	dgrsart-cdn	EXPANDED
apps/shared/expansionArt/newArtInventory.data.ts	0	expansionArt.relPath	art/portraits/expressions/heretic_male_neutral.png	dgrsart-cdn	EXPANDED
apps/shared/expansionArt/newArtInventory.data.ts	0	expansionArt.relPath	art/portraits/expressions/jericho_jones_combat.png	dgrsart-cdn	EXPANDED
apps/shared/expansionArt/newArtInventory.data.ts	0	expansionArt.relPath	art/portraits/expressions/jericho_jones_doctrinal.png	dgrsart-cdn	EXPANDED
apps/shared/expansionArt/newArtInventory.data.ts	0	expansionArt.relPath	art/portraits/expressions/jericho_jones_focused.png	dgrsart-cdn	EXPANDED
apps/shared/expansionArt/newArtInventory.data.ts	0	expansionArt.relPath	art/portraits/expressions/jericho_jones_neutral.png	dgrsart-cdn	EXPANDED
apps/shared/expansionArt/newArtInventory.data.ts	0	expansionArt.relPath	art/portraits/expressions/jester_female_combat.png	dgrsart-cdn	EXPANDED
apps/shared/expansionArt/newArtInventory.data.ts	0	expansionArt.relPath	art/portraits/expressions/jester_female_doctrinal.png	dgrsart-cdn	EXPANDED
apps/shared/expansionArt/newArtInventory.data.ts	0	expansionArt.relPath	art/portraits/expressions/jester_female_focused.png	dgrsart-cdn	EXPANDED
apps/shared/expansionArt/newArtInventory.data.ts	0	expansionArt.relPath	art/portraits/expressions/jester_female_neutral.png	dgrsart-cdn	EXPANDED
apps/shared/expansionArt/newArtInventory.data.ts	0	expansionArt.relPath	art/portraits/expressions/jester_male_combat.png	dgrsart-cdn	EXPANDED
apps/shared/expansionArt/newArtInventory.data.ts	0	expansionArt.relPath	art/portraits/expressions/jester_male_doctrinal.png	dgrsart-cdn	EXPANDED
apps/shared/expansionArt/newArtInventory.data.ts	0	expansionArt.relPath	art/portraits/expressions/jester_male_focused.png	dgrsart-cdn	EXPANDED
apps/shared/expansionArt/newArtInventory.data.ts	0	expansionArt.relPath	art/portraits/expressions/jester_male_neutral.png	dgrsart-cdn	EXPANDED
apps/shared/expansionArt/newArtInventory.data.ts	0	expansionArt.relPath	art/portraits/expressions/jester_nonbinary_combat.png	dgrsart-cdn	EXPANDED
apps/shared/expansionArt/newArtInventory.data.ts	0	expansionArt.relPath	art/portraits/expressions/jester_nonbinary_doctrinal.png	dgrsart-cdn	EXPANDED
apps/shared/expansionArt/newArtInventory.data.ts	0	expansionArt.relPath	art/portraits/expressions/jester_nonbinary_focused.png	dgrsart-cdn	EXPANDED
apps/shared/expansionArt/newArtInventory.data.ts	0	expansionArt.relPath	art/portraits/expressions/jester_nonbinary_neutral.png	dgrsart-cdn	EXPANDED
apps/shared/expansionArt/newArtInventory.data.ts	0	expansionArt.relPath	art/portraits/expressions/locke_combat.png	dgrsart-cdn	EXPANDED
apps/shared/expansionArt/newArtInventory.data.ts	0	expansionArt.relPath	art/portraits/expressions/locke_doctrinal.png	dgrsart-cdn	EXPANDED
apps/shared/expansionArt/newArtInventory.data.ts	0	expansionArt.relPath	art/portraits/expressions/locke_focused.png	dgrsart-cdn	EXPANDED
apps/shared/expansionArt/newArtInventory.data.ts	0	expansionArt.relPath	art/portraits/expressions/locke_neutral.png	dgrsart-cdn	EXPANDED
apps/shared/expansionArt/newArtInventory.data.ts	0	expansionArt.relPath	art/portraits/expressions/martyr_female_combat.png	dgrsart-cdn	EXPANDED
apps/shared/expansionArt/newArtInventory.data.ts	0	expansionArt.relPath	art/portraits/expressions/martyr_female_doctrinal.png	dgrsart-cdn	EXPANDED
apps/shared/expansionArt/newArtInventory.data.ts	0	expansionArt.relPath	art/portraits/expressions/martyr_female_focused.png	dgrsart-cdn	EXPANDED
apps/shared/expansionArt/newArtInventory.data.ts	0	expansionArt.relPath	art/portraits/expressions/martyr_female_neutral.png	dgrsart-cdn	EXPANDED
apps/shared/expansionArt/newArtInventory.data.ts	0	expansionArt.relPath	art/portraits/expressions/martyr_male_combat.png	dgrsart-cdn	EXPANDED
apps/shared/expansionArt/newArtInventory.data.ts	0	expansionArt.relPath	art/portraits/expressions/martyr_male_doctrinal.png	dgrsart-cdn	EXPANDED
apps/shared/expansionArt/newArtInventory.data.ts	0	expansionArt.relPath	art/portraits/expressions/martyr_male_focused.png	dgrsart-cdn	EXPANDED
apps/shared/expansionArt/newArtInventory.data.ts	0	expansionArt.relPath	art/portraits/expressions/martyr_male_neutral.png	dgrsart-cdn	EXPANDED
apps/shared/expansionArt/newArtInventory.data.ts	0	expansionArt.relPath	art/portraits/expressions/oracle_female_combat.png	dgrsart-cdn	EXPANDED
apps/shared/expansionArt/newArtInventory.data.ts	0	expansionArt.relPath	art/portraits/expressions/oracle_female_doctrinal.png	dgrsart-cdn	EXPANDED
apps/shared/expansionArt/newArtInventory.data.ts	0	expansionArt.relPath	art/portraits/expressions/oracle_female_focused.png	dgrsart-cdn	EXPANDED
apps/shared/expansionArt/newArtInventory.data.ts	0	expansionArt.relPath	art/portraits/expressions/oracle_female_neutral.png	dgrsart-cdn	EXPANDED
apps/shared/expansionArt/newArtInventory.data.ts	0	expansionArt.relPath	art/portraits/expressions/oracle_male_combat.png	dgrsart-cdn	EXPANDED
apps/shared/expansionArt/newArtInventory.data.ts	0	expansionArt.relPath	art/portraits/expressions/oracle_male_doctrinal.png	dgrsart-cdn	EXPANDED
apps/shared/expansionArt/newArtInventory.data.ts	0	expansionArt.relPath	art/portraits/expressions/oracle_male_focused.png	dgrsart-cdn	EXPANDED
apps/shared/expansionArt/newArtInventory.data.ts	0	expansionArt.relPath	art/portraits/expressions/oracle_male_neutral.png	dgrsart-cdn	EXPANDED
apps/shared/expansionArt/newArtInventory.data.ts	0	expansionArt.relPath	art/portraits/expressions/prodigal_female_combat.png	dgrsart-cdn	EXPANDED
apps/shared/expansionArt/newArtInventory.data.ts	0	expansionArt.relPath	art/portraits/expressions/prodigal_female_doctrinal.png	dgrsart-cdn	EXPANDED
apps/shared/expansionArt/newArtInventory.data.ts	0	expansionArt.relPath	art/portraits/expressions/prodigal_female_focused.png	dgrsart-cdn	EXPANDED
apps/shared/expansionArt/newArtInventory.data.ts	0	expansionArt.relPath	art/portraits/expressions/prodigal_female_neutral.png	dgrsart-cdn	EXPANDED
apps/shared/expansionArt/newArtInventory.data.ts	0	expansionArt.relPath	art/portraits/expressions/prodigal_male_combat.png	dgrsart-cdn	EXPANDED
apps/shared/expansionArt/newArtInventory.data.ts	0	expansionArt.relPath	art/portraits/expressions/prodigal_male_doctrinal.png	dgrsart-cdn	EXPANDED
apps/shared/expansionArt/newArtInventory.data.ts	0	expansionArt.relPath	art/portraits/expressions/prodigal_male_focused.png	dgrsart-cdn	EXPANDED
apps/shared/expansionArt/newArtInventory.data.ts	0	expansionArt.relPath	art/portraits/expressions/prodigal_male_neutral.png	dgrsart-cdn	EXPANDED
apps/shared/expansionArt/newArtInventory.data.ts	0	expansionArt.relPath	art/portraits/expressions/recruit_akai_shi_expr_corrupted.png	dgrsart-cdn	EXPANDED
apps/shared/expansionArt/newArtInventory.data.ts	0	expansionArt.relPath	art/portraits/expressions/recruit_akai_shi_expr_doctrinal.png	dgrsart-cdn	EXPANDED
apps/shared/expansionArt/newArtInventory.data.ts	0	expansionArt.relPath	art/portraits/expressions/recruit_akai_shi_expr_focused.png	dgrsart-cdn	EXPANDED
apps/shared/expansionArt/newArtInventory.data.ts	0	expansionArt.relPath	art/portraits/expressions/recruit_akai_shi_expr_triumphant.png	dgrsart-cdn	EXPANDED
apps/shared/expansionArt/newArtInventory.data.ts	0	expansionArt.relPath	art/portraits/expressions/recruit_akai_shi_expr_wounded.png	dgrsart-cdn	EXPANDED
apps/shared/expansionArt/newArtInventory.data.ts	0	expansionArt.relPath	art/portraits/expressions/recruit_jericho_jones_expr_corrupted.png	dgrsart-cdn	EXPANDED
apps/shared/expansionArt/newArtInventory.data.ts	0	expansionArt.relPath	art/portraits/expressions/recruit_jericho_jones_expr_doctrinal.png	dgrsart-cdn	EXPANDED
apps/shared/expansionArt/newArtInventory.data.ts	0	expansionArt.relPath	art/portraits/expressions/recruit_jericho_jones_expr_focused.png	dgrsart-cdn	EXPANDED
apps/shared/expansionArt/newArtInventory.data.ts	0	expansionArt.relPath	art/portraits/expressions/recruit_jericho_jones_expr_triumphant.png	dgrsart-cdn	EXPANDED
apps/shared/expansionArt/newArtInventory.data.ts	0	expansionArt.relPath	art/portraits/expressions/recruit_jericho_jones_expr_wounded.png	dgrsart-cdn	EXPANDED
apps/shared/expansionArt/newArtInventory.data.ts	0	expansionArt.relPath	art/portraits/expressions/recruit_locke_expr_corrupted.png	dgrsart-cdn	EXPANDED
apps/shared/expansionArt/newArtInventory.data.ts	0	expansionArt.relPath	art/portraits/expressions/recruit_locke_expr_doctrinal.png	dgrsart-cdn	EXPANDED
apps/shared/expansionArt/newArtInventory.data.ts	0	expansionArt.relPath	art/portraits/expressions/recruit_locke_expr_focused.png	dgrsart-cdn	EXPANDED
apps/shared/expansionArt/newArtInventory.data.ts	0	expansionArt.relPath	art/portraits/expressions/recruit_locke_expr_triumphant.png	dgrsart-cdn	EXPANDED
apps/shared/expansionArt/newArtInventory.data.ts	0	expansionArt.relPath	art/portraits/expressions/recruit_locke_expr_wounded.png	dgrsart-cdn	EXPANDED
apps/shared/expansionArt/newArtInventory.data.ts	0	expansionArt.relPath	art/portraits/expressions/recruit_vex_solene_expr_corrupted.png	dgrsart-cdn	EXPANDED
apps/shared/expansionArt/newArtInventory.data.ts	0	expansionArt.relPath	art/portraits/expressions/recruit_vex_solene_expr_doctrinal.png	dgrsart-cdn	EXPANDED
apps/shared/expansionArt/newArtInventory.data.ts	0	expansionArt.relPath	art/portraits/expressions/recruit_vex_solene_expr_focused.png	dgrsart-cdn	EXPANDED
apps/shared/expansionArt/newArtInventory.data.ts	0	expansionArt.relPath	art/portraits/expressions/recruit_vex_solene_expr_triumphant.png	dgrsart-cdn	EXPANDED
apps/shared/expansionArt/newArtInventory.data.ts	0	expansionArt.relPath	art/portraits/expressions/recruit_vex_solene_expr_wounded.png	dgrsart-cdn	EXPANDED
apps/shared/expansionArt/newArtInventory.data.ts	0	expansionArt.relPath	art/portraits/expressions/recruit_wraith_calder_expr_corrupted.png	dgrsart-cdn	EXPANDED
apps/shared/expansionArt/newArtInventory.data.ts	0	expansionArt.relPath	art/portraits/expressions/recruit_wraith_calder_expr_doctrinal.png	dgrsart-cdn	EXPANDED
apps/shared/expansionArt/newArtInventory.data.ts	0	expansionArt.relPath	art/portraits/expressions/recruit_wraith_calder_expr_focused.png	dgrsart-cdn	EXPANDED
apps/shared/expansionArt/newArtInventory.data.ts	0	expansionArt.relPath	art/portraits/expressions/recruit_wraith_calder_expr_triumphant.png	dgrsart-cdn	EXPANDED
apps/shared/expansionArt/newArtInventory.data.ts	0	expansionArt.relPath	art/portraits/expressions/recruit_wraith_calder_expr_wounded.png	dgrsart-cdn	EXPANDED
apps/shared/expansionArt/newArtInventory.data.ts	0	expansionArt.relPath	art/portraits/expressions/revenant_female_combat.png	dgrsart-cdn	EXPANDED
apps/shared/expansionArt/newArtInventory.data.ts	0	expansionArt.relPath	art/portraits/expressions/revenant_female_doctrinal.png	dgrsart-cdn	EXPANDED
apps/shared/expansionArt/newArtInventory.data.ts	0	expansionArt.relPath	art/portraits/expressions/revenant_female_focused.png	dgrsart-cdn	EXPANDED
apps/shared/expansionArt/newArtInventory.data.ts	0	expansionArt.relPath	art/portraits/expressions/revenant_female_neutral.png	dgrsart-cdn	EXPANDED
apps/shared/expansionArt/newArtInventory.data.ts	0	expansionArt.relPath	art/portraits/expressions/revenant_male_combat.png	dgrsart-cdn	EXPANDED
apps/shared/expansionArt/newArtInventory.data.ts	0	expansionArt.relPath	art/portraits/expressions/revenant_male_doctrinal.png	dgrsart-cdn	EXPANDED
apps/shared/expansionArt/newArtInventory.data.ts	0	expansionArt.relPath	art/portraits/expressions/revenant_male_focused.png	dgrsart-cdn	EXPANDED
apps/shared/expansionArt/newArtInventory.data.ts	0	expansionArt.relPath	art/portraits/expressions/revenant_male_neutral.png	dgrsart-cdn	EXPANDED
apps/shared/expansionArt/newArtInventory.data.ts	0	expansionArt.relPath	art/portraits/expressions/scholar_female_combat.png	dgrsart-cdn	EXPANDED
apps/shared/expansionArt/newArtInventory.data.ts	0	expansionArt.relPath	art/portraits/expressions/scholar_female_doctrinal.png	dgrsart-cdn	EXPANDED
apps/shared/expansionArt/newArtInventory.data.ts	0	expansionArt.relPath	art/portraits/expressions/scholar_female_focused.png	dgrsart-cdn	EXPANDED
apps/shared/expansionArt/newArtInventory.data.ts	0	expansionArt.relPath	art/portraits/expressions/scholar_female_neutral.png	dgrsart-cdn	EXPANDED
apps/shared/expansionArt/newArtInventory.data.ts	0	expansionArt.relPath	art/portraits/expressions/scholar_male_combat.png	dgrsart-cdn	EXPANDED
apps/shared/expansionArt/newArtInventory.data.ts	0	expansionArt.relPath	art/portraits/expressions/scholar_male_doctrinal.png	dgrsart-cdn	EXPANDED
apps/shared/expansionArt/newArtInventory.data.ts	0	expansionArt.relPath	art/portraits/expressions/scholar_male_focused.png	dgrsart-cdn	EXPANDED
apps/shared/expansionArt/newArtInventory.data.ts	0	expansionArt.relPath	art/portraits/expressions/scholar_male_neutral.png	dgrsart-cdn	EXPANDED
apps/shared/expansionArt/newArtInventory.data.ts	0	expansionArt.relPath	art/portraits/expressions/sentinel_female_combat.png	dgrsart-cdn	EXPANDED
apps/shared/expansionArt/newArtInventory.data.ts	0	expansionArt.relPath	art/portraits/expressions/sentinel_female_doctrinal.png	dgrsart-cdn	EXPANDED
apps/shared/expansionArt/newArtInventory.data.ts	0	expansionArt.relPath	art/portraits/expressions/sentinel_female_focused.png	dgrsart-cdn	EXPANDED
apps/shared/expansionArt/newArtInventory.data.ts	0	expansionArt.relPath	art/portraits/expressions/sentinel_female_neutral.png	dgrsart-cdn	EXPANDED
apps/shared/expansionArt/newArtInventory.data.ts	0	expansionArt.relPath	art/portraits/expressions/sentinel_male_combat.png	dgrsart-cdn	EXPANDED
apps/shared/expansionArt/newArtInventory.data.ts	0	expansionArt.relPath	art/portraits/expressions/sentinel_male_doctrinal.png	dgrsart-cdn	EXPANDED
apps/shared/expansionArt/newArtInventory.data.ts	0	expansionArt.relPath	art/portraits/expressions/sentinel_male_focused.png	dgrsart-cdn	EXPANDED
apps/shared/expansionArt/newArtInventory.data.ts	0	expansionArt.relPath	art/portraits/expressions/sentinel_male_neutral.png	dgrsart-cdn	EXPANDED
apps/shared/expansionArt/newArtInventory.data.ts	0	expansionArt.relPath	art/portraits/expressions/vex_solene_combat.png	dgrsart-cdn	EXPANDED
apps/shared/expansionArt/newArtInventory.data.ts	0	expansionArt.relPath	art/portraits/expressions/vex_solene_doctrinal.png	dgrsart-cdn	EXPANDED
apps/shared/expansionArt/newArtInventory.data.ts	0	expansionArt.relPath	art/portraits/expressions/vex_solene_focused.png	dgrsart-cdn	EXPANDED
apps/shared/expansionArt/newArtInventory.data.ts	0	expansionArt.relPath	art/portraits/expressions/vex_solene_neutral.png	dgrsart-cdn	EXPANDED
apps/shared/expansionArt/newArtInventory.data.ts	0	expansionArt.relPath	art/portraits/expressions/wanderer_female_combat.png	dgrsart-cdn	EXPANDED
apps/shared/expansionArt/newArtInventory.data.ts	0	expansionArt.relPath	art/portraits/expressions/wanderer_female_doctrinal.png	dgrsart-cdn	EXPANDED
apps/shared/expansionArt/newArtInventory.data.ts	0	expansionArt.relPath	art/portraits/expressions/wanderer_female_focused.png	dgrsart-cdn	EXPANDED
apps/shared/expansionArt/newArtInventory.data.ts	0	expansionArt.relPath	art/portraits/expressions/wanderer_female_neutral.png	dgrsart-cdn	EXPANDED
apps/shared/expansionArt/newArtInventory.data.ts	0	expansionArt.relPath	art/portraits/expressions/wanderer_male_combat.png	dgrsart-cdn	EXPANDED
apps/shared/expansionArt/newArtInventory.data.ts	0	expansionArt.relPath	art/portraits/expressions/wanderer_male_doctrinal.png	dgrsart-cdn	EXPANDED
apps/shared/expansionArt/newArtInventory.data.ts	0	expansionArt.relPath	art/portraits/expressions/wanderer_male_focused.png	dgrsart-cdn	EXPANDED
apps/shared/expansionArt/newArtInventory.data.ts	0	expansionArt.relPath	art/portraits/expressions/wanderer_male_neutral.png	dgrsart-cdn	EXPANDED
apps/shared/expansionArt/newArtInventory.data.ts	0	expansionArt.relPath	art/portraits/expressions/wraith_calder_combat.png	dgrsart-cdn	EXPANDED
apps/shared/expansionArt/newArtInventory.data.ts	0	expansionArt.relPath	art/portraits/expressions/wraith_calder_doctrinal.png	dgrsart-cdn	EXPANDED
apps/shared/expansionArt/newArtInventory.data.ts	0	expansionArt.relPath	art/portraits/expressions/wraith_calder_focused.png	dgrsart-cdn	EXPANDED
apps/shared/expansionArt/newArtInventory.data.ts	0	expansionArt.relPath	art/portraits/expressions/wraith_calder_neutral.png	dgrsart-cdn	EXPANDED
apps/shared/expansionArt/newArtInventory.data.ts	0	expansionArt.relPath	art/portraits/expressions/zealot_female_combat.png	dgrsart-cdn	EXPANDED
apps/shared/expansionArt/newArtInventory.data.ts	0	expansionArt.relPath	art/portraits/expressions/zealot_female_doctrinal.png	dgrsart-cdn	EXPANDED
apps/shared/expansionArt/newArtInventory.data.ts	0	expansionArt.relPath	art/portraits/expressions/zealot_female_focused.png	dgrsart-cdn	EXPANDED
apps/shared/expansionArt/newArtInventory.data.ts	0	expansionArt.relPath	art/portraits/expressions/zealot_female_neutral.png	dgrsart-cdn	EXPANDED
apps/shared/expansionArt/newArtInventory.data.ts	0	expansionArt.relPath	art/portraits/expressions/zealot_male_combat.png	dgrsart-cdn	EXPANDED
apps/shared/expansionArt/newArtInventory.data.ts	0	expansionArt.relPath	art/portraits/expressions/zealot_male_doctrinal.png	dgrsart-cdn	EXPANDED
apps/shared/expansionArt/newArtInventory.data.ts	0	expansionArt.relPath	art/portraits/expressions/zealot_male_focused.png	dgrsart-cdn	EXPANDED
apps/shared/expansionArt/newArtInventory.data.ts	0	expansionArt.relPath	art/portraits/expressions/zealot_male_neutral.png	dgrsart-cdn	EXPANDED
apps/shared/expansionArt/newArtInventory.data.ts	0	expansionArt.relPath	art/portraits/master_faces/apprentice_artisan_female_master_face.png	dgrsart-cdn	EXPANDED
apps/shared/expansionArt/newArtInventory.data.ts	0	expansionArt.relPath	art/portraits/master_faces/apprentice_artisan_male_master_face.png	dgrsart-cdn	EXPANDED
apps/shared/expansionArt/newArtInventory.data.ts	0	expansionArt.relPath	art/portraits/master_faces/apprentice_ghost_female_master_face.png	dgrsart-cdn	EXPANDED
apps/shared/expansionArt/newArtInventory.data.ts	0	expansionArt.relPath	art/portraits/master_faces/apprentice_ghost_male_master_face.png	dgrsart-cdn	EXPANDED
apps/shared/expansionArt/newArtInventory.data.ts	0	expansionArt.relPath	art/portraits/master_faces/apprentice_heretic_female_master_face.png	dgrsart-cdn	EXPANDED
apps/shared/expansionArt/newArtInventory.data.ts	0	expansionArt.relPath	art/portraits/master_faces/apprentice_heretic_male_master_face.png	dgrsart-cdn	EXPANDED
apps/shared/expansionArt/newArtInventory.data.ts	0	expansionArt.relPath	art/portraits/master_faces/apprentice_jester_female_master_face.png	dgrsart-cdn	EXPANDED
apps/shared/expansionArt/newArtInventory.data.ts	0	expansionArt.relPath	art/portraits/master_faces/apprentice_jester_male_master_face.png	dgrsart-cdn	EXPANDED
apps/shared/expansionArt/newArtInventory.data.ts	0	expansionArt.relPath	art/portraits/master_faces/apprentice_jester_nonbinary_master_face.png	dgrsart-cdn	EXPANDED
apps/shared/expansionArt/newArtInventory.data.ts	0	expansionArt.relPath	art/portraits/master_faces/apprentice_martyr_female_master_face.png	dgrsart-cdn	EXPANDED
apps/shared/expansionArt/newArtInventory.data.ts	0	expansionArt.relPath	art/portraits/master_faces/apprentice_martyr_male_master_face.png	dgrsart-cdn	EXPANDED
apps/shared/expansionArt/newArtInventory.data.ts	0	expansionArt.relPath	art/portraits/master_faces/apprentice_oracle_female_master_face.png	dgrsart-cdn	EXPANDED
apps/shared/expansionArt/newArtInventory.data.ts	0	expansionArt.relPath	art/portraits/master_faces/apprentice_oracle_male_master_face.png	dgrsart-cdn	EXPANDED
apps/shared/expansionArt/newArtInventory.data.ts	0	expansionArt.relPath	art/portraits/master_faces/apprentice_prodigal_female_master_face.png	dgrsart-cdn	EXPANDED
apps/shared/expansionArt/newArtInventory.data.ts	0	expansionArt.relPath	art/portraits/master_faces/apprentice_prodigal_male_master_face.png	dgrsart-cdn	EXPANDED
apps/shared/expansionArt/newArtInventory.data.ts	0	expansionArt.relPath	art/portraits/master_faces/apprentice_revenant_female_master_face.png	dgrsart-cdn	EXPANDED
apps/shared/expansionArt/newArtInventory.data.ts	0	expansionArt.relPath	art/portraits/master_faces/apprentice_revenant_male_master_face.png	dgrsart-cdn	EXPANDED
apps/shared/expansionArt/newArtInventory.data.ts	0	expansionArt.relPath	art/portraits/master_faces/apprentice_scholar_female_master_face.png	dgrsart-cdn	EXPANDED
apps/shared/expansionArt/newArtInventory.data.ts	0	expansionArt.relPath	art/portraits/master_faces/apprentice_scholar_male_master_face.png	dgrsart-cdn	EXPANDED
apps/shared/expansionArt/newArtInventory.data.ts	0	expansionArt.relPath	art/portraits/master_faces/apprentice_sentinel_female_master_face.png	dgrsart-cdn	EXPANDED
apps/shared/expansionArt/newArtInventory.data.ts	0	expansionArt.relPath	art/portraits/master_faces/apprentice_sentinel_male_master_face.png	dgrsart-cdn	EXPANDED
apps/shared/expansionArt/newArtInventory.data.ts	0	expansionArt.relPath	art/portraits/master_faces/apprentice_wanderer_female_master_face.png	dgrsart-cdn	EXPANDED
apps/shared/expansionArt/newArtInventory.data.ts	0	expansionArt.relPath	art/portraits/master_faces/apprentice_wanderer_male_master_face.png	dgrsart-cdn	EXPANDED
apps/shared/expansionArt/newArtInventory.data.ts	0	expansionArt.relPath	art/portraits/master_faces/apprentice_zealot_female_master_face.png	dgrsart-cdn	EXPANDED
apps/shared/expansionArt/newArtInventory.data.ts	0	expansionArt.relPath	art/portraits/master_faces/apprentice_zealot_male_master_face.png	dgrsart-cdn	EXPANDED
apps/shared/expansionArt/newArtInventory.data.ts	0	expansionArt.relPath	art/portraits/master_faces/archon_blood_master_face.png	dgrsart-cdn	EXPANDED
apps/shared/expansionArt/newArtInventory.data.ts	0	expansionArt.relPath	art/portraits/master_faces/archon_bone_master_face.png	dgrsart-cdn	EXPANDED
apps/shared/expansionArt/newArtInventory.data.ts	0	expansionArt.relPath	art/portraits/master_faces/archon_cipher_master_face.png	dgrsart-cdn	EXPANDED
apps/shared/expansionArt/newArtInventory.data.ts	0	expansionArt.relPath	art/portraits/master_faces/archon_dust_master_face.png	dgrsart-cdn	EXPANDED
apps/shared/expansionArt/newArtInventory.data.ts	0	expansionArt.relPath	art/portraits/master_faces/archon_flame_master_face.png	dgrsart-cdn	EXPANDED
apps/shared/expansionArt/newArtInventory.data.ts	0	expansionArt.relPath	art/portraits/master_faces/archon_glass_master_face.png	dgrsart-cdn	EXPANDED
apps/shared/expansionArt/newArtInventory.data.ts	0	expansionArt.relPath	art/portraits/master_faces/archon_iron_master_face.png	dgrsart-cdn	EXPANDED
apps/shared/expansionArt/newArtInventory.data.ts	0	expansionArt.relPath	art/portraits/master_faces/archon_prime_master_face.png	dgrsart-cdn	EXPANDED
apps/shared/expansionArt/newArtInventory.data.ts	0	expansionArt.relPath	art/portraits/master_faces/archon_shadow_master_face.png	dgrsart-cdn	EXPANDED
apps/shared/expansionArt/newArtInventory.data.ts	0	expansionArt.relPath	art/portraits/master_faces/archon_song_master_face.png	dgrsart-cdn	EXPANDED
apps/shared/expansionArt/newArtInventory.data.ts	0	expansionArt.relPath	art/portraits/master_faces/archon_storm_master_face.png	dgrsart-cdn	EXPANDED
apps/shared/expansionArt/newArtInventory.data.ts	0	expansionArt.relPath	art/portraits/master_faces/archon_thread_master_face.png	dgrsart-cdn	EXPANDED
apps/shared/expansionArt/newArtInventory.data.ts	0	expansionArt.relPath	art/portraits/master_faces/archon_tide_master_face.png	dgrsart-cdn	EXPANDED
apps/shared/expansionArt/newArtInventory.data.ts	0	expansionArt.relPath	art/portraits/master_faces/archon_vine_master_face.png	dgrsart-cdn	EXPANDED
apps/shared/expansionArt/newArtInventory.data.ts	0	expansionArt.relPath	art/portraits/master_faces/archon_void_master_face.png	dgrsart-cdn	EXPANDED
apps/shared/expansionArt/newArtInventory.data.ts	0	expansionArt.relPath	art/portraits/master_faces/mechronis_auditor_master_face.png	dgrsart-cdn	EXPANDED
apps/shared/expansionArt/newArtInventory.data.ts	0	expansionArt.relPath	art/portraits/master_faces/quartermaster_master_face.png	dgrsart-cdn	EXPANDED
apps/shared/expansionArt/newArtInventory.data.ts	0	expansionArt.relPath	art/portraits/master_faces/recruit_akai_shi_master_face.png	dgrsart-cdn	EXPANDED
apps/shared/expansionArt/newArtInventory.data.ts	0	expansionArt.relPath	art/portraits/master_faces/recruit_jericho_jones_master_face.png	dgrsart-cdn	EXPANDED
apps/shared/expansionArt/newArtInventory.data.ts	0	expansionArt.relPath	art/portraits/master_faces/recruit_locke_master_face.png	dgrsart-cdn	EXPANDED
apps/shared/expansionArt/newArtInventory.data.ts	0	expansionArt.relPath	art/portraits/master_faces/recruit_vex_solene_master_face.png	dgrsart-cdn	EXPANDED
apps/shared/expansionArt/newArtInventory.data.ts	0	expansionArt.relPath	art/portraits/master_faces/recruit_wraith_calder_master_face.png	dgrsart-cdn	EXPANDED
apps/shared/expansionArt/newArtInventory.data.ts	0	expansionArt.relPath	art/portraits/master_faces/warden_veil7_master_face.png	dgrsart-cdn	EXPANDED
apps/shared/expansionArt/newArtInventory.data.ts	0	expansionArt.relPath	art/portraits/npc_dialog_headshots/archon_blood_dialog_headshot.png	dgrsart-cdn	EXPANDED
apps/shared/expansionArt/newArtInventory.data.ts	0	expansionArt.relPath	art/portraits/npc_dialog_headshots/archon_bone_dialog_headshot.png	dgrsart-cdn	EXPANDED
apps/shared/expansionArt/newArtInventory.data.ts	0	expansionArt.relPath	art/portraits/npc_dialog_headshots/archon_cipher_dialog_headshot.png	dgrsart-cdn	EXPANDED
apps/shared/expansionArt/newArtInventory.data.ts	0	expansionArt.relPath	art/portraits/npc_dialog_headshots/archon_dust_dialog_headshot.png	dgrsart-cdn	EXPANDED
apps/shared/expansionArt/newArtInventory.data.ts	0	expansionArt.relPath	art/portraits/npc_dialog_headshots/archon_flame_dialog_headshot.png	dgrsart-cdn	EXPANDED
apps/shared/expansionArt/newArtInventory.data.ts	0	expansionArt.relPath	art/portraits/npc_dialog_headshots/archon_glass_dialog_headshot.png	dgrsart-cdn	EXPANDED
apps/shared/expansionArt/newArtInventory.data.ts	0	expansionArt.relPath	art/portraits/npc_dialog_headshots/archon_iron_dialog_headshot.png	dgrsart-cdn	EXPANDED
apps/shared/expansionArt/newArtInventory.data.ts	0	expansionArt.relPath	art/portraits/npc_dialog_headshots/archon_prime_dialog_headshot.png	dgrsart-cdn	EXPANDED
apps/shared/expansionArt/newArtInventory.data.ts	0	expansionArt.relPath	art/portraits/npc_dialog_headshots/archon_shadow_dialog_headshot.png	dgrsart-cdn	EXPANDED
apps/shared/expansionArt/newArtInventory.data.ts	0	expansionArt.relPath	art/portraits/npc_dialog_headshots/archon_song_dialog_headshot.png	dgrsart-cdn	EXPANDED
apps/shared/expansionArt/newArtInventory.data.ts	0	expansionArt.relPath	art/portraits/npc_dialog_headshots/archon_storm_dialog_headshot.png	dgrsart-cdn	EXPANDED
apps/shared/expansionArt/newArtInventory.data.ts	0	expansionArt.relPath	art/portraits/npc_dialog_headshots/archon_thread_dialog_headshot.png	dgrsart-cdn	EXPANDED
apps/shared/expansionArt/newArtInventory.data.ts	0	expansionArt.relPath	art/portraits/npc_dialog_headshots/archon_tide_dialog_headshot.png	dgrsart-cdn	EXPANDED
apps/shared/expansionArt/newArtInventory.data.ts	0	expansionArt.relPath	art/portraits/npc_dialog_headshots/archon_vine_dialog_headshot.png	dgrsart-cdn	EXPANDED
apps/shared/expansionArt/newArtInventory.data.ts	0	expansionArt.relPath	art/portraits/npc_dialog_headshots/archon_void_dialog_headshot.png	dgrsart-cdn	EXPANDED
apps/shared/expansionArt/newArtInventory.data.ts	0	expansionArt.relPath	art/portraits/npc_dialog_headshots/mechronis_auditor_dialog_headshot.png	dgrsart-cdn	EXPANDED
apps/shared/expansionArt/newArtInventory.data.ts	0	expansionArt.relPath	art/portraits/npc_dialog_headshots/quartermaster_dialog_headshot.png	dgrsart-cdn	EXPANDED
apps/shared/expansionArt/newArtInventory.data.ts	0	expansionArt.relPath	art/portraits/npc_dialog_headshots/warden_veil7_dialog_headshot.png	dgrsart-cdn	EXPANDED
apps/shared/expansionArt/newArtInventory.data.ts	0	expansionArt.relPath	art/portraits/npc_expressions/mechronis_auditor_expression_mercy.png	dgrsart-cdn	EXPANDED
apps/shared/expansionArt/newArtInventory.data.ts	0	expansionArt.relPath	art/portraits/npc_expressions/mechronis_auditor_expression_neutral.png	dgrsart-cdn	EXPANDED
apps/shared/expansionArt/newArtInventory.data.ts	0	expansionArt.relPath	art/portraits/npc_expressions/mechronis_auditor_expression_processing.png	dgrsart-cdn	EXPANDED
apps/shared/expansionArt/newArtInventory.data.ts	0	expansionArt.relPath	art/portraits/npc_expressions/mechronis_auditor_expression_suspicious.png	dgrsart-cdn	EXPANDED
apps/shared/expansionArt/newArtInventory.data.ts	0	expansionArt.relPath	art/portraits/npc_expressions/mechronis_auditor_expression_verdict.png	dgrsart-cdn	EXPANDED
apps/shared/expansionArt/newArtInventory.data.ts	0	expansionArt.relPath	art/portraits/npc_expressions/quartermaster_expression_disapproving.png	dgrsart-cdn	EXPANDED
apps/shared/expansionArt/newArtInventory.data.ts	0	expansionArt.relPath	art/portraits/npc_expressions/quartermaster_expression_haggling.png	dgrsart-cdn	EXPANDED
apps/shared/expansionArt/newArtInventory.data.ts	0	expansionArt.relPath	art/portraits/npc_expressions/quartermaster_expression_neutral.png	dgrsart-cdn	EXPANDED
apps/shared/expansionArt/newArtInventory.data.ts	0	expansionArt.relPath	art/portraits/npc_expressions/quartermaster_expression_pleased.png	dgrsart-cdn	EXPANDED
apps/shared/expansionArt/newArtInventory.data.ts	0	expansionArt.relPath	art/portraits/npc_expressions/warden_veil7_expression_alert.png	dgrsart-cdn	EXPANDED
apps/shared/expansionArt/newArtInventory.data.ts	0	expansionArt.relPath	art/portraits/npc_expressions/warden_veil7_expression_curious.png	dgrsart-cdn	EXPANDED
apps/shared/expansionArt/newArtInventory.data.ts	0	expansionArt.relPath	art/portraits/npc_expressions/warden_veil7_expression_lockdown.png	dgrsart-cdn	EXPANDED
apps/shared/expansionArt/newArtInventory.data.ts	0	expansionArt.relPath	art/portraits/npc_expressions/warden_veil7_expression_neutral.png	dgrsart-cdn	EXPANDED
apps/shared/expansionArt/newArtInventory.data.ts	0	expansionArt.relPath	art/portraits/npc_expressions/warden_veil7_expression_scanning.png	dgrsart-cdn	EXPANDED
apps/shared/expansionArt/newArtInventory.data.ts	0	expansionArt.relPath	art/portraits/npc_profile_heroes/archon_blood_profile_hero.png	dgrsart-cdn	EXPANDED
apps/shared/expansionArt/newArtInventory.data.ts	0	expansionArt.relPath	art/portraits/npc_profile_heroes/archon_bone_profile_hero.png	dgrsart-cdn	EXPANDED
apps/shared/expansionArt/newArtInventory.data.ts	0	expansionArt.relPath	art/portraits/npc_profile_heroes/archon_cipher_profile_hero.png	dgrsart-cdn	EXPANDED
apps/shared/expansionArt/newArtInventory.data.ts	0	expansionArt.relPath	art/portraits/npc_profile_heroes/archon_dust_profile_hero.png	dgrsart-cdn	EXPANDED
apps/shared/expansionArt/newArtInventory.data.ts	0	expansionArt.relPath	art/portraits/npc_profile_heroes/archon_flame_profile_hero.png	dgrsart-cdn	EXPANDED
apps/shared/expansionArt/newArtInventory.data.ts	0	expansionArt.relPath	art/portraits/npc_profile_heroes/archon_glass_profile_hero.png	dgrsart-cdn	EXPANDED
apps/shared/expansionArt/newArtInventory.data.ts	0	expansionArt.relPath	art/portraits/npc_profile_heroes/archon_iron_profile_hero.png	dgrsart-cdn	EXPANDED
apps/shared/expansionArt/newArtInventory.data.ts	0	expansionArt.relPath	art/portraits/npc_profile_heroes/archon_prime_profile_hero.png	dgrsart-cdn	EXPANDED
apps/shared/expansionArt/newArtInventory.data.ts	0	expansionArt.relPath	art/portraits/npc_profile_heroes/archon_shadow_profile_hero.png	dgrsart-cdn	EXPANDED
apps/shared/expansionArt/newArtInventory.data.ts	0	expansionArt.relPath	art/portraits/npc_profile_heroes/archon_song_profile_hero.png	dgrsart-cdn	EXPANDED
apps/shared/expansionArt/newArtInventory.data.ts	0	expansionArt.relPath	art/portraits/npc_profile_heroes/archon_storm_profile_hero.png	dgrsart-cdn	EXPANDED
apps/shared/expansionArt/newArtInventory.data.ts	0	expansionArt.relPath	art/portraits/npc_profile_heroes/archon_thread_profile_hero.png	dgrsart-cdn	EXPANDED
apps/shared/expansionArt/newArtInventory.data.ts	0	expansionArt.relPath	art/portraits/npc_profile_heroes/archon_tide_profile_hero.png	dgrsart-cdn	EXPANDED
apps/shared/expansionArt/newArtInventory.data.ts	0	expansionArt.relPath	art/portraits/npc_profile_heroes/archon_vine_profile_hero.png	dgrsart-cdn	EXPANDED
apps/shared/expansionArt/newArtInventory.data.ts	0	expansionArt.relPath	art/portraits/npc_profile_heroes/archon_void_profile_hero.png	dgrsart-cdn	EXPANDED
apps/shared/expansionArt/newArtInventory.data.ts	0	expansionArt.relPath	art/portraits/npc_profile_heroes/mechronis_auditor_profile_hero.png	dgrsart-cdn	EXPANDED
apps/shared/expansionArt/newArtInventory.data.ts	0	expansionArt.relPath	art/portraits/npc_profile_heroes/quartermaster_profile_hero.png	dgrsart-cdn	EXPANDED
apps/shared/expansionArt/newArtInventory.data.ts	0	expansionArt.relPath	art/portraits/npc_profile_heroes/warden_veil7_profile_hero.png	dgrsart-cdn	EXPANDED
apps/shared/expansionArt/newArtInventory.data.ts	0	expansionArt.relPath	art/portraits/profile_heroes/apprentice_artisan_female_profile_hero.png	dgrsart-cdn	EXPANDED
apps/shared/expansionArt/newArtInventory.data.ts	0	expansionArt.relPath	art/portraits/profile_heroes/apprentice_artisan_male_profile_hero.png	dgrsart-cdn	EXPANDED
apps/shared/expansionArt/newArtInventory.data.ts	0	expansionArt.relPath	art/portraits/profile_heroes/apprentice_ghost_female_profile_hero.png	dgrsart-cdn	EXPANDED
apps/shared/expansionArt/newArtInventory.data.ts	0	expansionArt.relPath	art/portraits/profile_heroes/apprentice_ghost_male_profile_hero.png	dgrsart-cdn	EXPANDED
apps/shared/expansionArt/newArtInventory.data.ts	0	expansionArt.relPath	art/portraits/profile_heroes/apprentice_heretic_female_profile_hero.png	dgrsart-cdn	EXPANDED
apps/shared/expansionArt/newArtInventory.data.ts	0	expansionArt.relPath	art/portraits/profile_heroes/apprentice_heretic_male_profile_hero.png	dgrsart-cdn	EXPANDED
apps/shared/expansionArt/newArtInventory.data.ts	0	expansionArt.relPath	art/portraits/profile_heroes/apprentice_jester_female_profile_hero.png	dgrsart-cdn	EXPANDED
apps/shared/expansionArt/newArtInventory.data.ts	0	expansionArt.relPath	art/portraits/profile_heroes/apprentice_jester_male_profile_hero.png	dgrsart-cdn	EXPANDED
apps/shared/expansionArt/newArtInventory.data.ts	0	expansionArt.relPath	art/portraits/profile_heroes/apprentice_jester_nonbinary_profile_hero.png	dgrsart-cdn	EXPANDED
apps/shared/expansionArt/newArtInventory.data.ts	0	expansionArt.relPath	art/portraits/profile_heroes/apprentice_martyr_female_profile_hero.png	dgrsart-cdn	EXPANDED
apps/shared/expansionArt/newArtInventory.data.ts	0	expansionArt.relPath	art/portraits/profile_heroes/apprentice_martyr_male_profile_hero.png	dgrsart-cdn	EXPANDED
apps/shared/expansionArt/newArtInventory.data.ts	0	expansionArt.relPath	art/portraits/profile_heroes/apprentice_oracle_female_profile_hero.png	dgrsart-cdn	EXPANDED
apps/shared/expansionArt/newArtInventory.data.ts	0	expansionArt.relPath	art/portraits/profile_heroes/apprentice_oracle_male_profile_hero.png	dgrsart-cdn	EXPANDED
apps/shared/expansionArt/newArtInventory.data.ts	0	expansionArt.relPath	art/portraits/profile_heroes/apprentice_prodigal_female_profile_hero.png	dgrsart-cdn	EXPANDED
apps/shared/expansionArt/newArtInventory.data.ts	0	expansionArt.relPath	art/portraits/profile_heroes/apprentice_prodigal_male_profile_hero.png	dgrsart-cdn	EXPANDED
apps/shared/expansionArt/newArtInventory.data.ts	0	expansionArt.relPath	art/portraits/profile_heroes/apprentice_revenant_female_profile_hero.png	dgrsart-cdn	EXPANDED
apps/shared/expansionArt/newArtInventory.data.ts	0	expansionArt.relPath	art/portraits/profile_heroes/apprentice_revenant_male_profile_hero.png	dgrsart-cdn	EXPANDED
apps/shared/expansionArt/newArtInventory.data.ts	0	expansionArt.relPath	art/portraits/profile_heroes/apprentice_scholar_female_profile_hero.png	dgrsart-cdn	EXPANDED
apps/shared/expansionArt/newArtInventory.data.ts	0	expansionArt.relPath	art/portraits/profile_heroes/apprentice_scholar_male_profile_hero.png	dgrsart-cdn	EXPANDED
apps/shared/expansionArt/newArtInventory.data.ts	0	expansionArt.relPath	art/portraits/profile_heroes/apprentice_sentinel_female_profile_hero.png	dgrsart-cdn	EXPANDED
apps/shared/expansionArt/newArtInventory.data.ts	0	expansionArt.relPath	art/portraits/profile_heroes/apprentice_sentinel_male_profile_hero.png	dgrsart-cdn	EXPANDED
apps/shared/expansionArt/newArtInventory.data.ts	0	expansionArt.relPath	art/portraits/profile_heroes/apprentice_wanderer_female_profile_hero.png	dgrsart-cdn	EXPANDED
apps/shared/expansionArt/newArtInventory.data.ts	0	expansionArt.relPath	art/portraits/profile_heroes/apprentice_wanderer_male_profile_hero.png	dgrsart-cdn	EXPANDED
apps/shared/expansionArt/newArtInventory.data.ts	0	expansionArt.relPath	art/portraits/profile_heroes/apprentice_zealot_female_profile_hero.png	dgrsart-cdn	EXPANDED
apps/shared/expansionArt/newArtInventory.data.ts	0	expansionArt.relPath	art/portraits/profile_heroes/apprentice_zealot_male_profile_hero.png	dgrsart-cdn	EXPANDED
apps/shared/expansionArt/newArtInventory.data.ts	0	expansionArt.relPath	art/portraits/profile_heroes/recruit_akai_shi_profile_hero.png	dgrsart-cdn	EXPANDED
apps/shared/expansionArt/newArtInventory.data.ts	0	expansionArt.relPath	art/portraits/profile_heroes/recruit_jericho_jones_profile_hero.png	dgrsart-cdn	EXPANDED
apps/shared/expansionArt/newArtInventory.data.ts	0	expansionArt.relPath	art/portraits/profile_heroes/recruit_locke_profile_hero.png	dgrsart-cdn	EXPANDED
apps/shared/expansionArt/newArtInventory.data.ts	0	expansionArt.relPath	art/portraits/profile_heroes/recruit_vex_solene_profile_hero.png	dgrsart-cdn	EXPANDED
apps/shared/expansionArt/newArtInventory.data.ts	0	expansionArt.relPath	art/portraits/profile_heroes/recruit_wraith_calder_profile_hero.png	dgrsart-cdn	EXPANDED
apps/shared/expansionArt/newArtInventory.data.ts	0	expansionArt.relPath	art/portraits/silhouettes/apprentice_artisan_female_silhouette.png	dgrsart-cdn	EXPANDED
apps/shared/expansionArt/newArtInventory.data.ts	0	expansionArt.relPath	art/portraits/silhouettes/apprentice_artisan_male_silhouette.png	dgrsart-cdn	EXPANDED
apps/shared/expansionArt/newArtInventory.data.ts	0	expansionArt.relPath	art/portraits/silhouettes/apprentice_ghost_female_silhouette.png	dgrsart-cdn	EXPANDED
apps/shared/expansionArt/newArtInventory.data.ts	0	expansionArt.relPath	art/portraits/silhouettes/apprentice_ghost_male_silhouette.png	dgrsart-cdn	EXPANDED
apps/shared/expansionArt/newArtInventory.data.ts	0	expansionArt.relPath	art/portraits/silhouettes/apprentice_heretic_female_silhouette.png	dgrsart-cdn	EXPANDED
apps/shared/expansionArt/newArtInventory.data.ts	0	expansionArt.relPath	art/portraits/silhouettes/apprentice_heretic_male_silhouette.png	dgrsart-cdn	EXPANDED
apps/shared/expansionArt/newArtInventory.data.ts	0	expansionArt.relPath	art/portraits/silhouettes/apprentice_jester_female_silhouette.png	dgrsart-cdn	EXPANDED
apps/shared/expansionArt/newArtInventory.data.ts	0	expansionArt.relPath	art/portraits/silhouettes/apprentice_jester_male_silhouette.png	dgrsart-cdn	EXPANDED
apps/shared/expansionArt/newArtInventory.data.ts	0	expansionArt.relPath	art/portraits/silhouettes/apprentice_jester_nonbinary_silhouette.png	dgrsart-cdn	EXPANDED
apps/shared/expansionArt/newArtInventory.data.ts	0	expansionArt.relPath	art/portraits/silhouettes/apprentice_martyr_female_silhouette.png	dgrsart-cdn	EXPANDED
apps/shared/expansionArt/newArtInventory.data.ts	0	expansionArt.relPath	art/portraits/silhouettes/apprentice_martyr_male_silhouette.png	dgrsart-cdn	EXPANDED
apps/shared/expansionArt/newArtInventory.data.ts	0	expansionArt.relPath	art/portraits/silhouettes/apprentice_oracle_female_silhouette.png	dgrsart-cdn	EXPANDED
apps/shared/expansionArt/newArtInventory.data.ts	0	expansionArt.relPath	art/portraits/silhouettes/apprentice_oracle_male_silhouette.png	dgrsart-cdn	EXPANDED
apps/shared/expansionArt/newArtInventory.data.ts	0	expansionArt.relPath	art/portraits/silhouettes/apprentice_prodigal_female_silhouette.png	dgrsart-cdn	EXPANDED
apps/shared/expansionArt/newArtInventory.data.ts	0	expansionArt.relPath	art/portraits/silhouettes/apprentice_prodigal_male_silhouette.png	dgrsart-cdn	EXPANDED
apps/shared/expansionArt/newArtInventory.data.ts	0	expansionArt.relPath	art/portraits/silhouettes/apprentice_revenant_female_silhouette.png	dgrsart-cdn	EXPANDED
apps/shared/expansionArt/newArtInventory.data.ts	0	expansionArt.relPath	art/portraits/silhouettes/apprentice_revenant_male_silhouette.png	dgrsart-cdn	EXPANDED
apps/shared/expansionArt/newArtInventory.data.ts	0	expansionArt.relPath	art/portraits/silhouettes/apprentice_scholar_female_silhouette.png	dgrsart-cdn	EXPANDED
apps/shared/expansionArt/newArtInventory.data.ts	0	expansionArt.relPath	art/portraits/silhouettes/apprentice_scholar_male_silhouette.png	dgrsart-cdn	EXPANDED
apps/shared/expansionArt/newArtInventory.data.ts	0	expansionArt.relPath	art/portraits/silhouettes/apprentice_sentinel_female_silhouette.png	dgrsart-cdn	EXPANDED
apps/shared/expansionArt/newArtInventory.data.ts	0	expansionArt.relPath	art/portraits/silhouettes/apprentice_sentinel_male_silhouette.png	dgrsart-cdn	EXPANDED
apps/shared/expansionArt/newArtInventory.data.ts	0	expansionArt.relPath	art/portraits/silhouettes/apprentice_wanderer_female_silhouette.png	dgrsart-cdn	EXPANDED
apps/shared/expansionArt/newArtInventory.data.ts	0	expansionArt.relPath	art/portraits/silhouettes/apprentice_wanderer_male_silhouette.png	dgrsart-cdn	EXPANDED
apps/shared/expansionArt/newArtInventory.data.ts	0	expansionArt.relPath	art/portraits/silhouettes/apprentice_zealot_female_silhouette.png	dgrsart-cdn	EXPANDED
apps/shared/expansionArt/newArtInventory.data.ts	0	expansionArt.relPath	art/portraits/silhouettes/apprentice_zealot_male_silhouette.png	dgrsart-cdn	EXPANDED
apps/shared/expansionArt/newArtInventory.data.ts	0	expansionArt.relPath	art/portraits/silhouettes/recruit_akai_shi_silhouette.png	dgrsart-cdn	EXPANDED
apps/shared/expansionArt/newArtInventory.data.ts	0	expansionArt.relPath	art/portraits/silhouettes/recruit_jericho_jones_silhouette.png	dgrsart-cdn	EXPANDED
apps/shared/expansionArt/newArtInventory.data.ts	0	expansionArt.relPath	art/portraits/silhouettes/recruit_locke_silhouette.png	dgrsart-cdn	EXPANDED
apps/shared/expansionArt/newArtInventory.data.ts	0	expansionArt.relPath	art/portraits/silhouettes/recruit_vex_solene_silhouette.png	dgrsart-cdn	EXPANDED
apps/shared/expansionArt/newArtInventory.data.ts	0	expansionArt.relPath	art/portraits/silhouettes/recruit_wraith_calder_silhouette.png	dgrsart-cdn	EXPANDED
apps/shared/expansionArt/newArtInventory.data.ts	0	expansionArt.relPath	art/portraits/style_previews/zealot_female_3d_rendered.png	dgrsart-cdn	EXPANDED
apps/shared/expansionArt/newArtInventory.data.ts	0	expansionArt.relPath	art/portraits/style_previews/zealot_female_anime_hybrid.png	dgrsart-cdn	EXPANDED
apps/shared/expansionArt/newArtInventory.data.ts	0	expansionArt.relPath	art/portraits/style_previews/zealot_female_stylized_painterly.png	dgrsart-cdn	EXPANDED
apps/shared/expansionArt/newArtInventory.data.ts	0	expansionArt.relPath	art/portraits/thumbnails/apprentice_artisan_female_thumbnail.png	dgrsart-cdn	EXPANDED
apps/shared/expansionArt/newArtInventory.data.ts	0	expansionArt.relPath	art/portraits/thumbnails/apprentice_artisan_male_thumbnail.png	dgrsart-cdn	EXPANDED
apps/shared/expansionArt/newArtInventory.data.ts	0	expansionArt.relPath	art/portraits/thumbnails/apprentice_ghost_female_thumbnail.png	dgrsart-cdn	EXPANDED
apps/shared/expansionArt/newArtInventory.data.ts	0	expansionArt.relPath	art/portraits/thumbnails/apprentice_ghost_male_thumbnail.png	dgrsart-cdn	EXPANDED
apps/shared/expansionArt/newArtInventory.data.ts	0	expansionArt.relPath	art/portraits/thumbnails/apprentice_heretic_female_thumbnail.png	dgrsart-cdn	EXPANDED
apps/shared/expansionArt/newArtInventory.data.ts	0	expansionArt.relPath	art/portraits/thumbnails/apprentice_heretic_male_thumbnail.png	dgrsart-cdn	EXPANDED
apps/shared/expansionArt/newArtInventory.data.ts	0	expansionArt.relPath	art/portraits/thumbnails/apprentice_jester_female_thumbnail.png	dgrsart-cdn	EXPANDED
apps/shared/expansionArt/newArtInventory.data.ts	0	expansionArt.relPath	art/portraits/thumbnails/apprentice_jester_male_thumbnail.png	dgrsart-cdn	EXPANDED
apps/shared/expansionArt/newArtInventory.data.ts	0	expansionArt.relPath	art/portraits/thumbnails/apprentice_jester_nonbinary_thumbnail.png	dgrsart-cdn	EXPANDED
apps/shared/expansionArt/newArtInventory.data.ts	0	expansionArt.relPath	art/portraits/thumbnails/apprentice_martyr_female_thumbnail.png	dgrsart-cdn	EXPANDED
apps/shared/expansionArt/newArtInventory.data.ts	0	expansionArt.relPath	art/portraits/thumbnails/apprentice_martyr_male_thumbnail.png	dgrsart-cdn	EXPANDED
apps/shared/expansionArt/newArtInventory.data.ts	0	expansionArt.relPath	art/portraits/thumbnails/apprentice_oracle_female_thumbnail.png	dgrsart-cdn	EXPANDED
apps/shared/expansionArt/newArtInventory.data.ts	0	expansionArt.relPath	art/portraits/thumbnails/apprentice_oracle_male_thumbnail.png	dgrsart-cdn	EXPANDED
apps/shared/expansionArt/newArtInventory.data.ts	0	expansionArt.relPath	art/portraits/thumbnails/apprentice_prodigal_female_thumbnail.png	dgrsart-cdn	EXPANDED
apps/shared/expansionArt/newArtInventory.data.ts	0	expansionArt.relPath	art/portraits/thumbnails/apprentice_prodigal_male_thumbnail.png	dgrsart-cdn	EXPANDED
apps/shared/expansionArt/newArtInventory.data.ts	0	expansionArt.relPath	art/portraits/thumbnails/apprentice_revenant_female_thumbnail.png	dgrsart-cdn	EXPANDED
apps/shared/expansionArt/newArtInventory.data.ts	0	expansionArt.relPath	art/portraits/thumbnails/apprentice_revenant_male_thumbnail.png	dgrsart-cdn	EXPANDED
apps/shared/expansionArt/newArtInventory.data.ts	0	expansionArt.relPath	art/portraits/thumbnails/apprentice_scholar_female_thumbnail.png	dgrsart-cdn	EXPANDED
apps/shared/expansionArt/newArtInventory.data.ts	0	expansionArt.relPath	art/portraits/thumbnails/apprentice_scholar_male_thumbnail.png	dgrsart-cdn	EXPANDED
apps/shared/expansionArt/newArtInventory.data.ts	0	expansionArt.relPath	art/portraits/thumbnails/apprentice_sentinel_female_thumbnail.png	dgrsart-cdn	EXPANDED
apps/shared/expansionArt/newArtInventory.data.ts	0	expansionArt.relPath	art/portraits/thumbnails/apprentice_sentinel_male_thumbnail.png	dgrsart-cdn	EXPANDED
apps/shared/expansionArt/newArtInventory.data.ts	0	expansionArt.relPath	art/portraits/thumbnails/apprentice_wanderer_female_thumbnail.png	dgrsart-cdn	EXPANDED
apps/shared/expansionArt/newArtInventory.data.ts	0	expansionArt.relPath	art/portraits/thumbnails/apprentice_wanderer_male_thumbnail.png	dgrsart-cdn	EXPANDED
apps/shared/expansionArt/newArtInventory.data.ts	0	expansionArt.relPath	art/portraits/thumbnails/apprentice_zealot_female_thumbnail.png	dgrsart-cdn	EXPANDED
apps/shared/expansionArt/newArtInventory.data.ts	0	expansionArt.relPath	art/portraits/thumbnails/apprentice_zealot_male_thumbnail.png	dgrsart-cdn	EXPANDED
apps/shared/expansionArt/newArtInventory.data.ts	0	expansionArt.relPath	art/portraits/thumbnails/recruit_akai_shi_thumbnail.png	dgrsart-cdn	EXPANDED
apps/shared/expansionArt/newArtInventory.data.ts	0	expansionArt.relPath	art/portraits/thumbnails/recruit_jericho_jones_thumbnail.png	dgrsart-cdn	EXPANDED
apps/shared/expansionArt/newArtInventory.data.ts	0	expansionArt.relPath	art/portraits/thumbnails/recruit_locke_thumbnail.png	dgrsart-cdn	EXPANDED
apps/shared/expansionArt/newArtInventory.data.ts	0	expansionArt.relPath	art/portraits/thumbnails/recruit_vex_solene_thumbnail.png	dgrsart-cdn	EXPANDED
apps/shared/expansionArt/newArtInventory.data.ts	0	expansionArt.relPath	art/portraits/thumbnails/recruit_wraith_calder_thumbnail.png	dgrsart-cdn	EXPANDED
apps/shared/expansionArt/newArtInventory.data.ts	0	expansionArt.relPath	art/room_overlays/archives_rewriting.png	dgrsart-cdn	EXPANDED
apps/shared/expansionArt/newArtInventory.data.ts	0	expansionArt.relPath	art/room_overlays/bridge_bloodstain.png	dgrsart-cdn	EXPANDED
apps/shared/expansionArt/newArtInventory.data.ts	0	expansionArt.relPath	art/room_overlays/bridge_violet_thread.png	dgrsart-cdn	EXPANDED
apps/shared/expansionArt/newArtInventory.data.ts	0	expansionArt.relPath	art/room_overlays/cabin_whisper.png	dgrsart-cdn	EXPANDED
apps/shared/expansionArt/newArtInventory.data.ts	0	expansionArt.relPath	art/room_overlays/engineering_resonance.png	dgrsart-cdn	EXPANDED
apps/shared/expansionArt/newArtInventory.data.ts	0	expansionArt.relPath	art/room_overlays/medbay_safe_unlocked.png	dgrsart-cdn	EXPANDED
apps/shared/expansionArt/newArtInventory.data.ts	0	expansionArt.relPath	art/room_overlays/obs_deck_terminus_signal.png	dgrsart-cdn	EXPANDED
apps/shared/expansionArt/newArtInventory.data.ts	0	expansionArt.relPath	art/signature_cards/artisan_cold_hand_card.png	dgrsart-cdn	EXPANDED
apps/shared/expansionArt/newArtInventory.data.ts	0	expansionArt.relPath	art/signature_cards/artisan_compliant_mouth_card.png	dgrsart-cdn	EXPANDED
apps/shared/expansionArt/newArtInventory.data.ts	0	expansionArt.relPath	art/signature_cards/artisan_forked_path_card.png	dgrsart-cdn	EXPANDED
apps/shared/expansionArt/newArtInventory.data.ts	0	expansionArt.relPath	art/signature_cards/artisan_heretical_quiet_card.png	dgrsart-cdn	EXPANDED
apps/shared/expansionArt/newArtInventory.data.ts	0	expansionArt.relPath	art/signature_cards/artisan_human_remainder_card.png	dgrsart-cdn	EXPANDED
apps/shared/expansionArt/newArtInventory.data.ts	0	expansionArt.relPath	art/signature_cards/ghost_cold_hand_card.png	dgrsart-cdn	EXPANDED
apps/shared/expansionArt/newArtInventory.data.ts	0	expansionArt.relPath	art/signature_cards/ghost_compliant_mouth_card.png	dgrsart-cdn	EXPANDED
apps/shared/expansionArt/newArtInventory.data.ts	0	expansionArt.relPath	art/signature_cards/ghost_forked_path_card.png	dgrsart-cdn	EXPANDED
apps/shared/expansionArt/newArtInventory.data.ts	0	expansionArt.relPath	art/signature_cards/ghost_heretical_quiet_card.png	dgrsart-cdn	EXPANDED
apps/shared/expansionArt/newArtInventory.data.ts	0	expansionArt.relPath	art/signature_cards/ghost_human_remainder_card.png	dgrsart-cdn	EXPANDED
apps/shared/expansionArt/newArtInventory.data.ts	0	expansionArt.relPath	art/signature_cards/heretic_cold_hand_card.png	dgrsart-cdn	EXPANDED
apps/shared/expansionArt/newArtInventory.data.ts	0	expansionArt.relPath	art/signature_cards/heretic_compliant_mouth_card.png	dgrsart-cdn	EXPANDED
apps/shared/expansionArt/newArtInventory.data.ts	0	expansionArt.relPath	art/signature_cards/heretic_forked_path_card.png	dgrsart-cdn	EXPANDED
apps/shared/expansionArt/newArtInventory.data.ts	0	expansionArt.relPath	art/signature_cards/heretic_heretical_quiet_card.png	dgrsart-cdn	EXPANDED
apps/shared/expansionArt/newArtInventory.data.ts	0	expansionArt.relPath	art/signature_cards/heretic_human_remainder_card.png	dgrsart-cdn	EXPANDED
apps/shared/expansionArt/newArtInventory.data.ts	0	expansionArt.relPath	art/signature_cards/jester_cold_hand_card.png	dgrsart-cdn	EXPANDED
apps/shared/expansionArt/newArtInventory.data.ts	0	expansionArt.relPath	art/signature_cards/jester_compliant_mouth_card.png	dgrsart-cdn	EXPANDED
apps/shared/expansionArt/newArtInventory.data.ts	0	expansionArt.relPath	art/signature_cards/jester_forked_path_card.png	dgrsart-cdn	EXPANDED
apps/shared/expansionArt/newArtInventory.data.ts	0	expansionArt.relPath	art/signature_cards/jester_heretical_quiet_card.png	dgrsart-cdn	EXPANDED
apps/shared/expansionArt/newArtInventory.data.ts	0	expansionArt.relPath	art/signature_cards/jester_human_remainder_card.png	dgrsart-cdn	EXPANDED
apps/shared/expansionArt/newArtInventory.data.ts	0	expansionArt.relPath	art/signature_cards/martyr_cold_hand_card.png	dgrsart-cdn	EXPANDED
apps/shared/expansionArt/newArtInventory.data.ts	0	expansionArt.relPath	art/signature_cards/martyr_compliant_mouth_card.png	dgrsart-cdn	EXPANDED
apps/shared/expansionArt/newArtInventory.data.ts	0	expansionArt.relPath	art/signature_cards/martyr_forked_path_card.png	dgrsart-cdn	EXPANDED
apps/shared/expansionArt/newArtInventory.data.ts	0	expansionArt.relPath	art/signature_cards/martyr_heretical_quiet_card.png	dgrsart-cdn	EXPANDED
apps/shared/expansionArt/newArtInventory.data.ts	0	expansionArt.relPath	art/signature_cards/martyr_human_remainder_card.png	dgrsart-cdn	EXPANDED
apps/shared/expansionArt/newArtInventory.data.ts	0	expansionArt.relPath	art/signature_cards/oracle_cold_hand_card.png	dgrsart-cdn	EXPANDED
apps/shared/expansionArt/newArtInventory.data.ts	0	expansionArt.relPath	art/signature_cards/oracle_compliant_mouth_card.png	dgrsart-cdn	EXPANDED
apps/shared/expansionArt/newArtInventory.data.ts	0	expansionArt.relPath	art/signature_cards/oracle_forked_path_card.png	dgrsart-cdn	EXPANDED
apps/shared/expansionArt/newArtInventory.data.ts	0	expansionArt.relPath	art/signature_cards/oracle_heretical_quiet_card.png	dgrsart-cdn	EXPANDED
apps/shared/expansionArt/newArtInventory.data.ts	0	expansionArt.relPath	art/signature_cards/oracle_human_remainder_card.png	dgrsart-cdn	EXPANDED
apps/shared/expansionArt/newArtInventory.data.ts	0	expansionArt.relPath	art/signature_cards/prodigal_cold_hand_card.png	dgrsart-cdn	EXPANDED
apps/shared/expansionArt/newArtInventory.data.ts	0	expansionArt.relPath	art/signature_cards/prodigal_compliant_mouth_card.png	dgrsart-cdn	EXPANDED
apps/shared/expansionArt/newArtInventory.data.ts	0	expansionArt.relPath	art/signature_cards/prodigal_forked_path_card.png	dgrsart-cdn	EXPANDED
apps/shared/expansionArt/newArtInventory.data.ts	0	expansionArt.relPath	art/signature_cards/prodigal_heretical_quiet_card.png	dgrsart-cdn	EXPANDED
apps/shared/expansionArt/newArtInventory.data.ts	0	expansionArt.relPath	art/signature_cards/prodigal_human_remainder_card.png	dgrsart-cdn	EXPANDED
apps/shared/expansionArt/newArtInventory.data.ts	0	expansionArt.relPath	art/signature_cards/revenant_cold_hand_card.png	dgrsart-cdn	EXPANDED
apps/shared/expansionArt/newArtInventory.data.ts	0	expansionArt.relPath	art/signature_cards/revenant_compliant_mouth_card.png	dgrsart-cdn	EXPANDED
apps/shared/expansionArt/newArtInventory.data.ts	0	expansionArt.relPath	art/signature_cards/revenant_forked_path_card.png	dgrsart-cdn	EXPANDED
apps/shared/expansionArt/newArtInventory.data.ts	0	expansionArt.relPath	art/signature_cards/revenant_heretical_quiet_card.png	dgrsart-cdn	EXPANDED
apps/shared/expansionArt/newArtInventory.data.ts	0	expansionArt.relPath	art/signature_cards/revenant_human_remainder_card.png	dgrsart-cdn	EXPANDED
apps/shared/expansionArt/newArtInventory.data.ts	0	expansionArt.relPath	art/signature_cards/scholar_cold_hand_card.png	dgrsart-cdn	EXPANDED
apps/shared/expansionArt/newArtInventory.data.ts	0	expansionArt.relPath	art/signature_cards/scholar_compliant_mouth_card.png	dgrsart-cdn	EXPANDED
apps/shared/expansionArt/newArtInventory.data.ts	0	expansionArt.relPath	art/signature_cards/scholar_forked_path_card.png	dgrsart-cdn	EXPANDED
apps/shared/expansionArt/newArtInventory.data.ts	0	expansionArt.relPath	art/signature_cards/scholar_heretical_quiet_card.png	dgrsart-cdn	EXPANDED
apps/shared/expansionArt/newArtInventory.data.ts	0	expansionArt.relPath	art/signature_cards/scholar_human_remainder_card.png	dgrsart-cdn	EXPANDED
apps/shared/expansionArt/newArtInventory.data.ts	0	expansionArt.relPath	art/signature_cards/sentinel_cold_hand_card.png	dgrsart-cdn	EXPANDED
apps/shared/expansionArt/newArtInventory.data.ts	0	expansionArt.relPath	art/signature_cards/sentinel_compliant_mouth_card.png	dgrsart-cdn	EXPANDED
apps/shared/expansionArt/newArtInventory.data.ts	0	expansionArt.relPath	art/signature_cards/sentinel_forked_path_card.png	dgrsart-cdn	EXPANDED
apps/shared/expansionArt/newArtInventory.data.ts	0	expansionArt.relPath	art/signature_cards/sentinel_heretical_quiet_card.png	dgrsart-cdn	EXPANDED
apps/shared/expansionArt/newArtInventory.data.ts	0	expansionArt.relPath	art/signature_cards/sentinel_human_remainder_card.png	dgrsart-cdn	EXPANDED
apps/shared/expansionArt/newArtInventory.data.ts	0	expansionArt.relPath	art/signature_cards/wanderer_cold_hand_card.png	dgrsart-cdn	EXPANDED
apps/shared/expansionArt/newArtInventory.data.ts	0	expansionArt.relPath	art/signature_cards/wanderer_compliant_mouth_card.png	dgrsart-cdn	EXPANDED
apps/shared/expansionArt/newArtInventory.data.ts	0	expansionArt.relPath	art/signature_cards/wanderer_forked_path_card.png	dgrsart-cdn	EXPANDED
apps/shared/expansionArt/newArtInventory.data.ts	0	expansionArt.relPath	art/signature_cards/wanderer_heretical_quiet_card.png	dgrsart-cdn	EXPANDED
apps/shared/expansionArt/newArtInventory.data.ts	0	expansionArt.relPath	art/signature_cards/wanderer_human_remainder_card.png	dgrsart-cdn	EXPANDED
apps/shared/expansionArt/newArtInventory.data.ts	0	expansionArt.relPath	art/signature_cards/zealot_cold_hand_card.png	dgrsart-cdn	EXPANDED
apps/shared/expansionArt/newArtInventory.data.ts	0	expansionArt.relPath	art/signature_cards/zealot_compliant_mouth_card.png	dgrsart-cdn	EXPANDED
apps/shared/expansionArt/newArtInventory.data.ts	0	expansionArt.relPath	art/signature_cards/zealot_forked_path_card.png	dgrsart-cdn	EXPANDED
apps/shared/expansionArt/newArtInventory.data.ts	0	expansionArt.relPath	art/signature_cards/zealot_heretical_quiet_card.png	dgrsart-cdn	EXPANDED
apps/shared/expansionArt/newArtInventory.data.ts	0	expansionArt.relPath	art/signature_cards/zealot_human_remainder_card.png	dgrsart-cdn	EXPANDED
apps/shared/expansionArt/newArtInventory.data.ts	0	expansionArt.relPath	art/sprites/apprentice/artisan_dawn_activity.png	dgrsart-cdn	EXPANDED
apps/shared/expansionArt/newArtInventory.data.ts	0	expansionArt.relPath	art/sprites/apprentice/artisan_dusk_activity.png	dgrsart-cdn	EXPANDED
apps/shared/expansionArt/newArtInventory.data.ts	0	expansionArt.relPath	art/sprites/apprentice/artisan_midday_activity.png	dgrsart-cdn	EXPANDED
apps/shared/expansionArt/newArtInventory.data.ts	0	expansionArt.relPath	art/sprites/apprentice/artisan_nightwatch_activity.png	dgrsart-cdn	EXPANDED
apps/shared/expansionArt/newArtInventory.data.ts	0	expansionArt.relPath	art/sprites/apprentice/ghost_dawn_activity.png	dgrsart-cdn	EXPANDED
apps/shared/expansionArt/newArtInventory.data.ts	0	expansionArt.relPath	art/sprites/apprentice/ghost_dusk_activity.png	dgrsart-cdn	EXPANDED
apps/shared/expansionArt/newArtInventory.data.ts	0	expansionArt.relPath	art/sprites/apprentice/ghost_midday_activity.png	dgrsart-cdn	EXPANDED
apps/shared/expansionArt/newArtInventory.data.ts	0	expansionArt.relPath	art/sprites/apprentice/ghost_nightwatch_activity.png	dgrsart-cdn	EXPANDED
apps/shared/expansionArt/newArtInventory.data.ts	0	expansionArt.relPath	art/sprites/apprentice/heretic_dawn_activity.png	dgrsart-cdn	EXPANDED
apps/shared/expansionArt/newArtInventory.data.ts	0	expansionArt.relPath	art/sprites/apprentice/heretic_dusk_activity.png	dgrsart-cdn	EXPANDED
apps/shared/expansionArt/newArtInventory.data.ts	0	expansionArt.relPath	art/sprites/apprentice/heretic_midday_activity.png	dgrsart-cdn	EXPANDED
apps/shared/expansionArt/newArtInventory.data.ts	0	expansionArt.relPath	art/sprites/apprentice/heretic_nightwatch_activity.png	dgrsart-cdn	EXPANDED
apps/shared/expansionArt/newArtInventory.data.ts	0	expansionArt.relPath	art/sprites/apprentice/jester_dawn_activity.png	dgrsart-cdn	EXPANDED
apps/shared/expansionArt/newArtInventory.data.ts	0	expansionArt.relPath	art/sprites/apprentice/jester_dusk_activity.png	dgrsart-cdn	EXPANDED
apps/shared/expansionArt/newArtInventory.data.ts	0	expansionArt.relPath	art/sprites/apprentice/jester_midday_activity.png	dgrsart-cdn	EXPANDED
apps/shared/expansionArt/newArtInventory.data.ts	0	expansionArt.relPath	art/sprites/apprentice/jester_nightwatch_activity.png	dgrsart-cdn	EXPANDED
apps/shared/expansionArt/newArtInventory.data.ts	0	expansionArt.relPath	art/sprites/apprentice/martyr_dawn_activity.png	dgrsart-cdn	EXPANDED
apps/shared/expansionArt/newArtInventory.data.ts	0	expansionArt.relPath	art/sprites/apprentice/martyr_dusk_activity.png	dgrsart-cdn	EXPANDED
apps/shared/expansionArt/newArtInventory.data.ts	0	expansionArt.relPath	art/sprites/apprentice/martyr_midday_activity.png	dgrsart-cdn	EXPANDED
apps/shared/expansionArt/newArtInventory.data.ts	0	expansionArt.relPath	art/sprites/apprentice/martyr_nightwatch_activity.png	dgrsart-cdn	EXPANDED
apps/shared/expansionArt/newArtInventory.data.ts	0	expansionArt.relPath	art/sprites/apprentice/oracle_dawn_activity.png	dgrsart-cdn	EXPANDED
apps/shared/expansionArt/newArtInventory.data.ts	0	expansionArt.relPath	art/sprites/apprentice/oracle_dusk_activity.png	dgrsart-cdn	EXPANDED
apps/shared/expansionArt/newArtInventory.data.ts	0	expansionArt.relPath	art/sprites/apprentice/oracle_midday_activity.png	dgrsart-cdn	EXPANDED
apps/shared/expansionArt/newArtInventory.data.ts	0	expansionArt.relPath	art/sprites/apprentice/oracle_nightwatch_activity.png	dgrsart-cdn	EXPANDED
apps/shared/expansionArt/newArtInventory.data.ts	0	expansionArt.relPath	art/sprites/apprentice/prodigal_dawn_activity.png	dgrsart-cdn	EXPANDED
apps/shared/expansionArt/newArtInventory.data.ts	0	expansionArt.relPath	art/sprites/apprentice/prodigal_dusk_activity.png	dgrsart-cdn	EXPANDED
apps/shared/expansionArt/newArtInventory.data.ts	0	expansionArt.relPath	art/sprites/apprentice/prodigal_midday_activity.png	dgrsart-cdn	EXPANDED
apps/shared/expansionArt/newArtInventory.data.ts	0	expansionArt.relPath	art/sprites/apprentice/prodigal_nightwatch_activity.png	dgrsart-cdn	EXPANDED
apps/shared/expansionArt/newArtInventory.data.ts	0	expansionArt.relPath	art/sprites/apprentice/revenant_dawn_activity.png	dgrsart-cdn	EXPANDED
apps/shared/expansionArt/newArtInventory.data.ts	0	expansionArt.relPath	art/sprites/apprentice/revenant_dusk_activity.png	dgrsart-cdn	EXPANDED
apps/shared/expansionArt/newArtInventory.data.ts	0	expansionArt.relPath	art/sprites/apprentice/revenant_midday_activity.png	dgrsart-cdn	EXPANDED
apps/shared/expansionArt/newArtInventory.data.ts	0	expansionArt.relPath	art/sprites/apprentice/revenant_nightwatch_activity.png	dgrsart-cdn	EXPANDED
apps/shared/expansionArt/newArtInventory.data.ts	0	expansionArt.relPath	art/sprites/apprentice/scholar_dawn_activity.png	dgrsart-cdn	EXPANDED
apps/shared/expansionArt/newArtInventory.data.ts	0	expansionArt.relPath	art/sprites/apprentice/scholar_dusk_activity.png	dgrsart-cdn	EXPANDED
apps/shared/expansionArt/newArtInventory.data.ts	0	expansionArt.relPath	art/sprites/apprentice/scholar_midday_activity.png	dgrsart-cdn	EXPANDED
apps/shared/expansionArt/newArtInventory.data.ts	0	expansionArt.relPath	art/sprites/apprentice/scholar_nightwatch_activity.png	dgrsart-cdn	EXPANDED
apps/shared/expansionArt/newArtInventory.data.ts	0	expansionArt.relPath	art/sprites/apprentice/sentinel_dawn_activity.png	dgrsart-cdn	EXPANDED
apps/shared/expansionArt/newArtInventory.data.ts	0	expansionArt.relPath	art/sprites/apprentice/sentinel_dusk_activity.png	dgrsart-cdn	EXPANDED
apps/shared/expansionArt/newArtInventory.data.ts	0	expansionArt.relPath	art/sprites/apprentice/sentinel_midday_activity.png	dgrsart-cdn	EXPANDED
apps/shared/expansionArt/newArtInventory.data.ts	0	expansionArt.relPath	art/sprites/apprentice/sentinel_nightwatch_activity.png	dgrsart-cdn	EXPANDED
apps/shared/expansionArt/newArtInventory.data.ts	0	expansionArt.relPath	art/sprites/apprentice/wanderer_dawn_activity.png	dgrsart-cdn	EXPANDED
apps/shared/expansionArt/newArtInventory.data.ts	0	expansionArt.relPath	art/sprites/apprentice/wanderer_dusk_activity.png	dgrsart-cdn	EXPANDED
apps/shared/expansionArt/newArtInventory.data.ts	0	expansionArt.relPath	art/sprites/apprentice/wanderer_midday_activity.png	dgrsart-cdn	EXPANDED
apps/shared/expansionArt/newArtInventory.data.ts	0	expansionArt.relPath	art/sprites/apprentice/wanderer_nightwatch_activity.png	dgrsart-cdn	EXPANDED
apps/shared/expansionArt/newArtInventory.data.ts	0	expansionArt.relPath	art/sprites/apprentice/zealot_dawn_activity.png	dgrsart-cdn	EXPANDED
apps/shared/expansionArt/newArtInventory.data.ts	0	expansionArt.relPath	art/sprites/apprentice/zealot_dusk_activity.png	dgrsart-cdn	EXPANDED
apps/shared/expansionArt/newArtInventory.data.ts	0	expansionArt.relPath	art/sprites/apprentice/zealot_midday_activity.png	dgrsart-cdn	EXPANDED
apps/shared/expansionArt/newArtInventory.data.ts	0	expansionArt.relPath	art/sprites/apprentice/zealot_nightwatch_activity.png	dgrsart-cdn	EXPANDED
apps/shared/expansionArt/newArtInventory.data.ts	0	expansionArt.relPath	art/sprites/recruit/akai_shi_dawn_activity.png	dgrsart-cdn	EXPANDED
apps/shared/expansionArt/newArtInventory.data.ts	0	expansionArt.relPath	art/sprites/recruit/akai_shi_dusk_activity.png	dgrsart-cdn	EXPANDED
apps/shared/expansionArt/newArtInventory.data.ts	0	expansionArt.relPath	art/sprites/recruit/akai_shi_midday_activity.png	dgrsart-cdn	EXPANDED
apps/shared/expansionArt/newArtInventory.data.ts	0	expansionArt.relPath	art/sprites/recruit/akai_shi_nightwatch_activity.png	dgrsart-cdn	EXPANDED
apps/shared/expansionArt/newArtInventory.data.ts	0	expansionArt.relPath	art/sprites/recruit/jericho_jones_dawn_activity.png	dgrsart-cdn	EXPANDED
apps/shared/expansionArt/newArtInventory.data.ts	0	expansionArt.relPath	art/sprites/recruit/jericho_jones_dusk_activity.png	dgrsart-cdn	EXPANDED
apps/shared/expansionArt/newArtInventory.data.ts	0	expansionArt.relPath	art/sprites/recruit/jericho_jones_midday_activity.png	dgrsart-cdn	EXPANDED
apps/shared/expansionArt/newArtInventory.data.ts	0	expansionArt.relPath	art/sprites/recruit/jericho_jones_nightwatch_activity.png	dgrsart-cdn	EXPANDED
apps/shared/expansionArt/newArtInventory.data.ts	0	expansionArt.relPath	art/sprites/recruit/locke_dawn_activity.png	dgrsart-cdn	EXPANDED
apps/shared/expansionArt/newArtInventory.data.ts	0	expansionArt.relPath	art/sprites/recruit/locke_dusk_activity.png	dgrsart-cdn	EXPANDED
apps/shared/expansionArt/newArtInventory.data.ts	0	expansionArt.relPath	art/sprites/recruit/locke_midday_activity.png	dgrsart-cdn	EXPANDED
apps/shared/expansionArt/newArtInventory.data.ts	0	expansionArt.relPath	art/sprites/recruit/locke_nightwatch_activity.png	dgrsart-cdn	EXPANDED
apps/shared/expansionArt/newArtInventory.data.ts	0	expansionArt.relPath	art/sprites/recruit/vex_solene_dawn_activity.png	dgrsart-cdn	EXPANDED
apps/shared/expansionArt/newArtInventory.data.ts	0	expansionArt.relPath	art/sprites/recruit/vex_solene_dusk_activity.png	dgrsart-cdn	EXPANDED
apps/shared/expansionArt/newArtInventory.data.ts	0	expansionArt.relPath	art/sprites/recruit/vex_solene_midday_activity.png	dgrsart-cdn	EXPANDED
apps/shared/expansionArt/newArtInventory.data.ts	0	expansionArt.relPath	art/sprites/recruit/vex_solene_nightwatch_activity.png	dgrsart-cdn	EXPANDED
apps/shared/expansionArt/newArtInventory.data.ts	0	expansionArt.relPath	art/sprites/recruit/wraith_calder_dawn_activity.png	dgrsart-cdn	EXPANDED
apps/shared/expansionArt/newArtInventory.data.ts	0	expansionArt.relPath	art/sprites/recruit/wraith_calder_dusk_activity.png	dgrsart-cdn	EXPANDED
apps/shared/expansionArt/newArtInventory.data.ts	0	expansionArt.relPath	art/sprites/recruit/wraith_calder_midday_activity.png	dgrsart-cdn	EXPANDED
apps/shared/expansionArt/newArtInventory.data.ts	0	expansionArt.relPath	art/sprites/recruit/wraith_calder_nightwatch_activity.png	dgrsart-cdn	EXPANDED
apps/shared/expansionArt/newArtInventory.data.ts	0	expansionArt.relPath	art/trade_empire/buildings/guild_hall.png	dgrsart-cdn	EXPANDED
apps/shared/expansionArt/newArtInventory.data.ts	0	expansionArt.relPath	art/trade_empire/buildings/market_tier1.png	dgrsart-cdn	EXPANDED
apps/shared/expansionArt/newArtInventory.data.ts	0	expansionArt.relPath	art/trade_empire/buildings/market_tier2.png	dgrsart-cdn	EXPANDED
apps/shared/expansionArt/newArtInventory.data.ts	0	expansionArt.relPath	art/trade_empire/buildings/market_tier3.png	dgrsart-cdn	EXPANDED
apps/shared/expansionArt/newArtInventory.data.ts	0	expansionArt.relPath	art/trade_empire/buildings/shipyard.png	dgrsart-cdn	EXPANDED
apps/shared/expansionArt/newArtInventory.data.ts	0	expansionArt.relPath	art/trade_empire/buildings/warehouse_tier1.png	dgrsart-cdn	EXPANDED
apps/shared/expansionArt/newArtInventory.data.ts	0	expansionArt.relPath	art/trade_empire/buildings/warehouse_tier2.png	dgrsart-cdn	EXPANDED
apps/shared/expansionArt/newArtInventory.data.ts	0	expansionArt.relPath	art/trade_empire/goods/goods_arcane_ink.png	dgrsart-cdn	EXPANDED
apps/shared/expansionArt/newArtInventory.data.ts	0	expansionArt.relPath	art/trade_empire/goods/goods_brass_ingot.png	dgrsart-cdn	EXPANDED
apps/shared/expansionArt/newArtInventory.data.ts	0	expansionArt.relPath	art/trade_empire/goods/goods_lumber.png	dgrsart-cdn	EXPANDED
apps/shared/expansionArt/newArtInventory.data.ts	0	expansionArt.relPath	art/trade_empire/goods/goods_silk.png	dgrsart-cdn	EXPANDED
apps/shared/expansionArt/newArtInventory.data.ts	0	expansionArt.relPath	art/trade_empire/goods/goods_soul_essence.png	dgrsart-cdn	EXPANDED
apps/shared/expansionArt/newArtInventory.data.ts	0	expansionArt.relPath	art/trade_empire/goods/goods_spice.png	dgrsart-cdn	EXPANDED
apps/shared/expansionArt/newArtInventory.data.ts	0	expansionArt.relPath	art/trade_empire/goods/goods_void_crystal.png	dgrsart-cdn	EXPANDED
apps/shared/expansionArt/newArtInventory.data.ts	0	expansionArt.relPath	art/trade_empire/maps/trade_route_map.png	dgrsart-cdn	EXPANDED
apps/shared/expansionArt/newArtInventory.data.ts	0	expansionArt.relPath	art/trade_empire/routes/route_sea_lane.png	dgrsart-cdn	EXPANDED
apps/shared/expansionArt/newArtInventory.data.ts	0	expansionArt.relPath	art/trade_empire/ships/cargo_ship_large.png	dgrsart-cdn	EXPANDED
apps/shared/expansionArt/newArtInventory.data.ts	0	expansionArt.relPath	art/trade_empire/ships/cargo_ship_medium.png	dgrsart-cdn	EXPANDED
apps/shared/expansionArt/newArtInventory.data.ts	0	expansionArt.relPath	art/trade_empire/ships/cargo_ship_small.png	dgrsart-cdn	EXPANDED
apps/shared/expansionArt/newArtInventory.data.ts	0	expansionArt.relPath	art/trade_empire/ui/btn_buy.png	dgrsart-cdn	EXPANDED
apps/shared/expansionArt/newArtInventory.data.ts	0	expansionArt.relPath	art/trade_empire/ui/btn_route.png	dgrsart-cdn	EXPANDED
apps/shared/expansionArt/newArtInventory.data.ts	0	expansionArt.relPath	art/trade_empire/ui/btn_sell.png	dgrsart-cdn	EXPANDED
apps/shared/expansionArt/newArtInventory.data.ts	0	expansionArt.relPath	art/trade_empire/ui/currency_gold.png	dgrsart-cdn	EXPANDED
apps/shared/expansionArt/newArtInventory.data.ts	0	expansionArt.relPath	art/trade_empire/ui/currency_void_marks.png	dgrsart-cdn	EXPANDED
apps/shared/expansionArt/newArtInventory.data.ts	0	expansionArt.relPath	art/trade_empire/ui/trade_dashboard_bg.png	dgrsart-cdn	EXPANDED
apps/shared/expansionArt/newArtInventory.data.ts	0	expansionArt.relPath	art/ui/ui_audit_page_template_classified.png	dgrsart-cdn	EXPANDED
apps/shared/expansionArt/newArtInventory.data.ts	0	expansionArt.relPath	art/ui/ui_audit_page_template_standard.png	dgrsart-cdn	EXPANDED
apps/shared/expansionArt/newArtInventory.data.ts	0	expansionArt.relPath	art/ui/ui_audit_signature_mechronis.png	dgrsart-cdn	EXPANDED
apps/shared/expansionArt/newArtInventory.data.ts	0	expansionArt.relPath	art/ui/ui_audit_signature_warden.png	dgrsart-cdn	EXPANDED
apps/shared/expansionArt/newArtInventory.data.ts	0	expansionArt.relPath	art/ui/ui_audit_transcript_master.png	dgrsart-cdn	EXPANDED
apps/shared/expansionArt/newArtInventory.data.ts	0	expansionArt.relPath	art/ui/ui_cohort_glyph_artisan.png	dgrsart-cdn	EXPANDED
apps/shared/expansionArt/newArtInventory.data.ts	0	expansionArt.relPath	art/ui/ui_cohort_glyph_ghost.png	dgrsart-cdn	EXPANDED
apps/shared/expansionArt/newArtInventory.data.ts	0	expansionArt.relPath	art/ui/ui_cohort_glyph_heretic.png	dgrsart-cdn	EXPANDED
apps/shared/expansionArt/newArtInventory.data.ts	0	expansionArt.relPath	art/ui/ui_cohort_glyph_jester.png	dgrsart-cdn	EXPANDED
apps/shared/expansionArt/newArtInventory.data.ts	0	expansionArt.relPath	art/ui/ui_cohort_glyph_martyr.png	dgrsart-cdn	EXPANDED
apps/shared/expansionArt/newArtInventory.data.ts	0	expansionArt.relPath	art/ui/ui_cohort_glyph_oracle.png	dgrsart-cdn	EXPANDED
apps/shared/expansionArt/newArtInventory.data.ts	0	expansionArt.relPath	art/ui/ui_cohort_glyph_prodigal.png	dgrsart-cdn	EXPANDED
apps/shared/expansionArt/newArtInventory.data.ts	0	expansionArt.relPath	art/ui/ui_cohort_glyph_revenant.png	dgrsart-cdn	EXPANDED
apps/shared/expansionArt/newArtInventory.data.ts	0	expansionArt.relPath	art/ui/ui_cohort_glyph_scholar.png	dgrsart-cdn	EXPANDED
apps/shared/expansionArt/newArtInventory.data.ts	0	expansionArt.relPath	art/ui/ui_cohort_glyph_sentinel.png	dgrsart-cdn	EXPANDED
apps/shared/expansionArt/newArtInventory.data.ts	0	expansionArt.relPath	art/ui/ui_cohort_glyph_wanderer.png	dgrsart-cdn	EXPANDED
apps/shared/expansionArt/newArtInventory.data.ts	0	expansionArt.relPath	art/ui/ui_cohort_glyph_zealot.png	dgrsart-cdn	EXPANDED
apps/shared/expansionArt/newArtInventory.data.ts	0	expansionArt.relPath	art/ui/ui_cohort_slots_panel_master.png	dgrsart-cdn	EXPANDED
apps/shared/expansionArt/newArtInventory.data.ts	0	expansionArt.relPath	art/ui/ui_cohort_species_demagi.png	dgrsart-cdn	EXPANDED
apps/shared/expansionArt/newArtInventory.data.ts	0	expansionArt.relPath	art/ui/ui_cohort_species_human.png	dgrsart-cdn	EXPANDED
apps/shared/expansionArt/newArtInventory.data.ts	0	expansionArt.relPath	art/ui/ui_cohort_species_quarchon.png	dgrsart-cdn	EXPANDED
apps/shared/expansionArt/newArtInventory.data.ts	0	expansionArt.relPath	art/ui/ui_comm_screen_audit_in_progress.png	dgrsart-cdn	EXPANDED
apps/shared/expansionArt/newArtInventory.data.ts	0	expansionArt.relPath	art/ui/ui_comm_screen_call_in.png	dgrsart-cdn	EXPANDED
apps/shared/expansionArt/newArtInventory.data.ts	0	expansionArt.relPath	art/ui/ui_comm_screen_call_out.png	dgrsart-cdn	EXPANDED
apps/shared/expansionArt/newArtInventory.data.ts	0	expansionArt.relPath	art/ui/ui_comm_screen_cohort_banter.png	dgrsart-cdn	EXPANDED
apps/shared/expansionArt/newArtInventory.data.ts	0	expansionArt.relPath	art/ui/ui_comm_screen_commons_phone_mode.png	dgrsart-cdn	EXPANDED
apps/shared/expansionArt/newArtInventory.data.ts	0	expansionArt.relPath	art/ui/ui_comm_screen_doctrine_recitation.png	dgrsart-cdn	EXPANDED
apps/shared/expansionArt/newArtInventory.data.ts	0	expansionArt.relPath	art/ui/ui_comm_screen_frame_idle.png	dgrsart-cdn	EXPANDED
apps/shared/expansionArt/newArtInventory.data.ts	0	expansionArt.relPath	art/ui/ui_comm_screen_mourning_call.png	dgrsart-cdn	EXPANDED
apps/shared/expansionArt/newArtInventory.data.ts	0	expansionArt.relPath	art/ui/ui_comm_screen_narrative_silence.png	dgrsart-cdn	EXPANDED
apps/shared/expansionArt/newArtInventory.data.ts	0	expansionArt.relPath	art/ui/ui_comm_screen_warden_line_tap.png	dgrsart-cdn	EXPANDED
apps/shared/expansionArt/newArtInventory.data.ts	0	expansionArt.relPath	art/ui/ui_commons_scenes_panel_master.png	dgrsart-cdn	EXPANDED
apps/shared/expansionArt/newArtInventory.data.ts	0	expansionArt.relPath	art/ui/ui_commons_subzone_alcove.png	dgrsart-cdn	EXPANDED
apps/shared/expansionArt/newArtInventory.data.ts	0	expansionArt.relPath	art/ui/ui_commons_subzone_bar.png	dgrsart-cdn	EXPANDED
apps/shared/expansionArt/newArtInventory.data.ts	0	expansionArt.relPath	art/ui/ui_commons_subzone_long_table.png	dgrsart-cdn	EXPANDED
apps/shared/expansionArt/newArtInventory.data.ts	0	expansionArt.relPath	art/ui/ui_commons_weather_band.png	dgrsart-cdn	EXPANDED
apps/shared/expansionArt/newArtInventory.data.ts	0	expansionArt.relPath	art/ui/ui_dialog_frame_master.png	dgrsart-cdn	EXPANDED
apps/shared/expansionArt/newArtInventory.data.ts	0	expansionArt.relPath	art/ui/ui_dialog_response_icon_careful.png	dgrsart-cdn	EXPANDED
apps/shared/expansionArt/newArtInventory.data.ts	0	expansionArt.relPath	art/ui/ui_dialog_response_icon_direct.png	dgrsart-cdn	EXPANDED
apps/shared/expansionArt/newArtInventory.data.ts	0	expansionArt.relPath	art/ui/ui_dialog_response_icon_heretic.png	dgrsart-cdn	EXPANDED
apps/shared/expansionArt/newArtInventory.data.ts	0	expansionArt.relPath	art/ui/ui_dialog_response_icon_probe.png	dgrsart-cdn	EXPANDED
apps/shared/expansionArt/newArtInventory.data.ts	0	expansionArt.relPath	art/ui/ui_doctrine_chalk_circle_button.png	dgrsart-cdn	EXPANDED
apps/shared/expansionArt/newArtInventory.data.ts	0	expansionArt.relPath	art/ui/ui_doctrine_picker_master.png	dgrsart-cdn	EXPANDED
apps/shared/expansionArt/newArtInventory.data.ts	0	expansionArt.relPath	art/ui/ui_doctrine_pulpit_cold_hand.png	dgrsart-cdn	EXPANDED
apps/shared/expansionArt/newArtInventory.data.ts	0	expansionArt.relPath	art/ui/ui_doctrine_pulpit_compliant_mouth.png	dgrsart-cdn	EXPANDED
apps/shared/expansionArt/newArtInventory.data.ts	0	expansionArt.relPath	art/ui/ui_doctrine_pulpit_forked_path.png	dgrsart-cdn	EXPANDED
apps/shared/expansionArt/newArtInventory.data.ts	0	expansionArt.relPath	art/ui/ui_doctrine_pulpit_heretical_quiet.png	dgrsart-cdn	EXPANDED
apps/shared/expansionArt/newArtInventory.data.ts	0	expansionArt.relPath	art/ui/ui_doctrine_pulpit_human_remainder.png	dgrsart-cdn	EXPANDED
apps/shared/expansionArt/newArtInventory.data.ts	0	expansionArt.relPath	art/ui/ui_forge_anvil_icon.png	dgrsart-cdn	EXPANDED
apps/shared/expansionArt/newArtInventory.data.ts	0	expansionArt.relPath	art/ui/ui_forge_band_meter.png	dgrsart-cdn	EXPANDED
apps/shared/expansionArt/newArtInventory.data.ts	0	expansionArt.relPath	art/ui/ui_forge_card_preview.png	dgrsart-cdn	EXPANDED
apps/shared/expansionArt/newArtInventory.data.ts	0	expansionArt.relPath	art/ui/ui_forge_effect_slot_1.png	dgrsart-cdn	EXPANDED
apps/shared/expansionArt/newArtInventory.data.ts	0	expansionArt.relPath	art/ui/ui_forge_effect_slot_2.png	dgrsart-cdn	EXPANDED
apps/shared/expansionArt/newArtInventory.data.ts	0	expansionArt.relPath	art/ui/ui_forge_effect_slot_3.png	dgrsart-cdn	EXPANDED
apps/shared/expansionArt/newArtInventory.data.ts	0	expansionArt.relPath	art/ui/ui_forge_effect_slot_4.png	dgrsart-cdn	EXPANDED
apps/shared/expansionArt/newArtInventory.data.ts	0	expansionArt.relPath	art/ui/ui_forge_effect_slot_5.png	dgrsart-cdn	EXPANDED
apps/shared/expansionArt/newArtInventory.data.ts	0	expansionArt.relPath	art/ui/ui_forge_effect_slot_6.png	dgrsart-cdn	EXPANDED
apps/shared/expansionArt/newArtInventory.data.ts	0	expansionArt.relPath	art/ui/ui_memory_library_kiosk_master.png	dgrsart-cdn	EXPANDED
apps/shared/expansionArt/newArtInventory.data.ts	0	expansionArt.relPath	art/ui/ui_memory_library_zone_archived.png	dgrsart-cdn	EXPANDED
apps/shared/expansionArt/newArtInventory.data.ts	0	expansionArt.relPath	art/ui/ui_memory_library_zone_forbidden.png	dgrsart-cdn	EXPANDED
apps/shared/expansionArt/newArtInventory.data.ts	0	expansionArt.relPath	art/ui/ui_memory_library_zone_inherited.png	dgrsart-cdn	EXPANDED
apps/shared/expansionArt/newArtInventory.data.ts	0	expansionArt.relPath	art/ui/ui_memory_library_zone_recent.png	dgrsart-cdn	EXPANDED
apps/shared/expansionArt/newArtInventory.data.ts	0	expansionArt.relPath	art/ui/ui_mission_brass_figure_model.png	dgrsart-cdn	EXPANDED
apps/shared/expansionArt/newArtInventory.data.ts	0	expansionArt.relPath	art/ui/ui_mission_dossier_status_briefed.png	dgrsart-cdn	EXPANDED
apps/shared/expansionArt/newArtInventory.data.ts	0	expansionArt.relPath	art/ui/ui_mission_dossier_status_deployed.png	dgrsart-cdn	EXPANDED
apps/shared/expansionArt/newArtInventory.data.ts	0	expansionArt.relPath	art/ui/ui_mission_dossier_status_failure.png	dgrsart-cdn	EXPANDED
apps/shared/expansionArt/newArtInventory.data.ts	0	expansionArt.relPath	art/ui/ui_mission_dossier_status_idle.png	dgrsart-cdn	EXPANDED
apps/shared/expansionArt/newArtInventory.data.ts	0	expansionArt.relPath	art/ui/ui_mission_dossier_status_success.png	dgrsart-cdn	EXPANDED
apps/shared/expansionArt/newArtInventory.data.ts	0	expansionArt.relPath	art/ui/ui_mission_resolver_master.png	dgrsart-cdn	EXPANDED
apps/shared/expansionArt/newArtInventory.data.ts	0	expansionArt.relPath	art/ui/ui_pedagogy_hub_master.png	dgrsart-cdn	EXPANDED
apps/shared/expansionArt/newArtInventory.data.ts	0	expansionArt.relPath	art/ui/ui_pedagogy_tab_audits_active.png	dgrsart-cdn	EXPANDED
apps/shared/expansionArt/newArtInventory.data.ts	0	expansionArt.relPath	art/ui/ui_pedagogy_tab_audits_inactive.png	dgrsart-cdn	EXPANDED
apps/shared/expansionArt/newArtInventory.data.ts	0	expansionArt.relPath	art/ui/ui_pedagogy_tab_cohort_active.png	dgrsart-cdn	EXPANDED
apps/shared/expansionArt/newArtInventory.data.ts	0	expansionArt.relPath	art/ui/ui_pedagogy_tab_cohort_inactive.png	dgrsart-cdn	EXPANDED
apps/shared/expansionArt/newArtInventory.data.ts	0	expansionArt.relPath	art/ui/ui_pedagogy_tab_doctrine_active.png	dgrsart-cdn	EXPANDED
apps/shared/expansionArt/newArtInventory.data.ts	0	expansionArt.relPath	art/ui/ui_pedagogy_tab_doctrine_inactive.png	dgrsart-cdn	EXPANDED
apps/shared/expansionArt/newArtInventory.data.ts	0	expansionArt.relPath	art/ui/ui_pedagogy_tab_forge_active.png	dgrsart-cdn	EXPANDED
apps/shared/expansionArt/newArtInventory.data.ts	0	expansionArt.relPath	art/ui/ui_pedagogy_tab_forge_inactive.png	dgrsart-cdn	EXPANDED
apps/shared/expansionArt/newArtInventory.data.ts	0	expansionArt.relPath	art/ui/ui_pedagogy_tab_memories_active.png	dgrsart-cdn	EXPANDED
apps/shared/expansionArt/newArtInventory.data.ts	0	expansionArt.relPath	art/ui/ui_pedagogy_tab_memories_inactive.png	dgrsart-cdn	EXPANDED
apps/shared/expansionArt/newArtInventory.data.ts	0	expansionArt.relPath	art/ui/ui_pedagogy_tab_missions_active.png	dgrsart-cdn	EXPANDED
apps/shared/expansionArt/newArtInventory.data.ts	0	expansionArt.relPath	art/ui/ui_pedagogy_tab_missions_inactive.png	dgrsart-cdn	EXPANDED
apps/shared/expansionArt/newArtInventory.data.ts	0	expansionArt.relPath	art/ui/ui_signature_card_forge_master.png	dgrsart-cdn	EXPANDED
apps/shared/expansionArt/newArtInventory.data.ts	0	expansionArt.relPath	art/ui/ui_warden_candidate_slot.png	dgrsart-cdn	EXPANDED
apps/shared/expansionArt/newArtInventory.data.ts	0	expansionArt.relPath	art/ui/ui_warden_panel_master.png	dgrsart-cdn	EXPANDED
apps/shared/expansionArt/newArtInventory.data.ts	0	expansionArt.relPath	art/ui/ui_warden_purge_document.png	dgrsart-cdn	EXPANDED
apps/shared/expansionArt/newArtInventory.data.ts	0	expansionArt.relPath	art/ui/ui_warden_response_comply.png	dgrsart-cdn	EXPANDED
apps/shared/expansionArt/newArtInventory.data.ts	0	expansionArt.relPath	art/ui/ui_warden_response_deflect.png	dgrsart-cdn	EXPANDED
apps/shared/expansionArt/newArtInventory.data.ts	0	expansionArt.relPath	art/ui/ui_warden_response_resist.png	dgrsart-cdn	EXPANDED
apps/shared/expansionArt/newArtInventory.data.ts	0	expansionArt.relPath	art/ui/ui_warden_silhouette.png	dgrsart-cdn	EXPANDED
apps/shared/expansionArt/newArtInventory.data.ts	0	expansionArt.relPath	art/vehicles/cades_apc/exterior.png	dgrsart-cdn	EXPANDED
apps/shared/expansionArt/newArtInventory.data.ts	0	expansionArt.relPath	art/vehicles/captains_shuttle/exterior.png	dgrsart-cdn	EXPANDED
apps/shared/expansionArt/newArtInventory.data.ts	0	expansionArt.relPath	art/vehicles/cargo_vessel/exterior.png	dgrsart-cdn	EXPANDED
apps/shared/expansionArt/newArtInventory.data.ts	0	expansionArt.relPath	art/vehicles/combat_dropship/exterior.png	dgrsart-cdn	EXPANDED
apps/shared/expansionArt/newArtInventory.data.ts	0	expansionArt.relPath	art/vehicles/docking_sequence_approach.png	dgrsart-cdn	EXPANDED
apps/shared/expansionArt/newArtInventory.data.ts	0	expansionArt.relPath	art/vehicles/docking_sequence_clamp.png	dgrsart-cdn	EXPANDED
apps/shared/expansionArt/newArtInventory.data.ts	0	expansionArt.relPath	art/vehicles/docking_sequence_disembark.png	dgrsart-cdn	EXPANDED
apps/shared/expansionArt/newArtInventory.data.ts	0	expansionArt.relPath	art/vehicles/eidolon_vessel/exterior.png	dgrsart-cdn	EXPANDED
apps/shared/expansionArt/newArtInventory.data.ts	0	expansionArt.relPath	art/vehicles/memorial_hearse/exterior.png	dgrsart-cdn	EXPANDED
apps/shared/expansionArt/newArtInventory.data.ts	0	expansionArt.relPath	art/vehicles/pet_transport/exterior.png	dgrsart-cdn	EXPANDED
apps/shared/expansionArt/newArtInventory.data.ts	0	expansionArt.relPath	art/vehicles/shuttle_armored_exterior.png	dgrsart-cdn	EXPANDED
apps/shared/expansionArt/newArtInventory.data.ts	0	expansionArt.relPath	art/vehicles/shuttle_cargo_exterior.png	dgrsart-cdn	EXPANDED
apps/shared/expansionArt/newArtInventory.data.ts	0	expansionArt.relPath	art/vehicles/shuttle_luxury_exterior.png	dgrsart-cdn	EXPANDED
apps/shared/expansionArt/newArtInventory.data.ts	0	expansionArt.relPath	art/vehicles/shuttle_medical_exterior.png	dgrsart-cdn	EXPANDED
apps/shared/expansionArt/newArtInventory.data.ts	0	expansionArt.relPath	art/vehicles/shuttle_standard_exterior.png	dgrsart-cdn	EXPANDED
apps/shared/expansionArt/newArtInventory.data.ts	0	expansionArt.relPath	art/vehicles/shuttle_standard_interior.png	dgrsart-cdn	EXPANDED
apps/shared/expansionArt/newArtInventory.data.ts	0	expansionArt.relPath	art/vehicles/shuttle_stealth_exterior.png	dgrsart-cdn	EXPANDED
apps/shared/songSlideshows.ts	0	audio/act2/silence-of-two-witnesses-ambient.mp3	audio/act2/silence-of-two-witnesses-ambient.mp3	dgrsart-cdn	EXPANDED
apps/shared/songSlideshows.ts	0	audio/acts/act-4-intro.mp3	audio/acts/act-4-intro.mp3	dgrsart-cdn	EXPANDED
apps/shared/songSlideshows.ts	0	audio/acts/act-4_5-intro.mp3	audio/acts/act-4_5-intro.mp3	dgrsart-cdn	EXPANDED
apps/shared/songSlideshows.ts	0	audio/acts/act-5-intro.mp3	audio/acts/act-5-intro.mp3	dgrsart-cdn	EXPANDED
apps/shared/songSlideshows.ts	0	audio/acts/act-6-intro.mp3	audio/acts/act-6-intro.mp3	dgrsart-cdn	EXPANDED
apps/shared/songSlideshows.ts	0	audio/acts/act-7-intro.mp3	audio/acts/act-7-intro.mp3	dgrsart-cdn	EXPANDED
