defPath	resolver	raw	cdnKey	status
apps/shared/tcg-core/cards/definitions/allegiance/antiquarian.ts	assetUrl	art/cards/allegiance/antiquarian_apprentice_t1.webp	art/cards/allegiance/antiquarian_apprentice_t1.webp	OK_inventory
apps/shared/tcg-core/cards/definitions/allegiance/antiquarian.ts	assetUrl	art/cards/allegiance/antiquarian_scholar_t2.webp	art/cards/allegiance/antiquarian_scholar_t2.webp	OK_inventory
apps/shared/tcg-core/cards/definitions/allegiance/antiquarian.ts	assetUrl	art/cards/allegiance/antiquarian_curator_t3.webp	art/cards/allegiance/antiquarian_curator_t3.webp	OK_inventory
apps/shared/tcg-core/cards/definitions/allegiance/antiquarian.ts	assetUrl	art/cards/allegiance/antiquarian_lorekeeper_t4.webp	art/cards/allegiance/antiquarian_lorekeeper_t4.webp	OK_inventory
apps/shared/tcg-core/cards/definitions/allegiance/antiquarian.ts	assetUrl	art/cards/allegiance/antiquarian_archivekeeper_t5.webp	art/cards/allegiance/antiquarian_archivekeeper_t5.webp	OK_inventory
apps/shared/tcg-core/cards/definitions/allegiance/antiquarian.ts	assetUrl	art/cards/allegiance/antiquarian_champion_t6.webp	art/cards/allegiance/antiquarian_champion_t6.webp	OK_inventory
apps/shared/tcg-core/cards/definitions/allegiance/architect.ts	assetUrl	art/cards/allegiance/architect_initiate_t1.webp	art/cards/allegiance/architect_initiate_t1.webp	OK_inventory
apps/shared/tcg-core/cards/definitions/allegiance/architect.ts	assetUrl	art/cards/allegiance/architect_servant_t2.webp	art/cards/allegiance/architect_servant_t2.webp	OK_inventory
apps/shared/tcg-core/cards/definitions/allegiance/architect.ts	assetUrl	art/cards/allegiance/architect_veteran_t3.webp	art/cards/allegiance/architect_veteran_t3.webp	OK_inventory
apps/shared/tcg-core/cards/definitions/allegiance/architect.ts	assetUrl	art/cards/allegiance/architect_victorious_t4.webp	art/cards/allegiance/architect_victorious_t4.webp	OK_inventory
apps/shared/tcg-core/cards/definitions/allegiance/architect.ts	assetUrl	art/cards/allegiance/architect_elite_t5.webp	art/cards/allegiance/architect_elite_t5.webp	OK_inventory
apps/shared/tcg-core/cards/definitions/allegiance/architect.ts	assetUrl	art/cards/allegiance/architect_champion_t6.webp	art/cards/allegiance/architect_champion_t6.webp	OK_inventory
apps/shared/tcg-core/cards/definitions/allegiance/dreamer.ts	assetUrl	art/cards/allegiance/dreamer_acolyte_t1.webp	art/cards/allegiance/dreamer_acolyte_t1.webp	OK_inventory
apps/shared/tcg-core/cards/definitions/allegiance/dreamer.ts	assetUrl	art/cards/allegiance/dreamer_seer_t2.webp	art/cards/allegiance/dreamer_seer_t2.webp	OK_inventory
apps/shared/tcg-core/cards/definitions/allegiance/dreamer.ts	assetUrl	art/cards/allegiance/dreamer_visionary_t3.webp	art/cards/allegiance/dreamer_visionary_t3.webp	OK_inventory
apps/shared/tcg-core/cards/definitions/allegiance/dreamer.ts	assetUrl	art/cards/allegiance/dreamer_prophet_t4.webp	art/cards/allegiance/dreamer_prophet_t4.webp	OK_inventory
apps/shared/tcg-core/cards/definitions/allegiance/dreamer.ts	assetUrl	art/cards/allegiance/dreamer_dreamwalker_t5.webp	art/cards/allegiance/dreamer_dreamwalker_t5.webp	OK_inventory
apps/shared/tcg-core/cards/definitions/allegiance/dreamer.ts	assetUrl	art/cards/allegiance/dreamer_champion_t6.webp	art/cards/allegiance/dreamer_champion_t6.webp	OK_inventory
apps/shared/tcg-core/cards/definitions/allegiance/insurgency.ts	assetUrl	art/cards/allegiance/insurgency_recruit_t1.webp	art/cards/allegiance/insurgency_recruit_t1.webp	OK_inventory
apps/shared/tcg-core/cards/definitions/allegiance/insurgency.ts	assetUrl	art/cards/allegiance/insurgency_operative_t2.webp	art/cards/allegiance/insurgency_operative_t2.webp	OK_inventory
apps/shared/tcg-core/cards/definitions/allegiance/insurgency.ts	assetUrl	art/cards/allegiance/insurgency_cell_leader_t3.webp	art/cards/allegiance/insurgency_cell_leader_t3.webp	OK_inventory
apps/shared/tcg-core/cards/definitions/allegiance/insurgency.ts	assetUrl	art/cards/allegiance/insurgency_commander_t4.webp	art/cards/allegiance/insurgency_commander_t4.webp	OK_inventory
apps/shared/tcg-core/cards/definitions/allegiance/insurgency.ts	assetUrl	art/cards/allegiance/insurgency_warlord_t5.webp	art/cards/allegiance/insurgency_warlord_t5.webp	OK_inventory
apps/shared/tcg-core/cards/definitions/allegiance/insurgency.ts	assetUrl	art/cards/allegiance/insurgency_champion_t6.webp	art/cards/allegiance/insurgency_champion_t6.webp	OK_inventory
apps/shared/tcg-core/cards/definitions/allegiance/new_babylon.ts	assetUrl	art/cards/allegiance/babylon_clerk_t1.webp	art/cards/allegiance/babylon_clerk_t1.webp	OK_inventory
apps/shared/tcg-core/cards/definitions/allegiance/new_babylon.ts	assetUrl	art/cards/allegiance/babylon_magistrate_t2.webp	art/cards/allegiance/babylon_magistrate_t2.webp	OK_inventory
apps/shared/tcg-core/cards/definitions/allegiance/new_babylon.ts	assetUrl	art/cards/allegiance/babylon_tax_collector_t3.webp	art/cards/allegiance/babylon_tax_collector_t3.webp	OK_inventory
apps/shared/tcg-core/cards/definitions/allegiance/new_babylon.ts	assetUrl	art/cards/allegiance/babylon_senator_t4.webp	art/cards/allegiance/babylon_senator_t4.webp	OK_inventory
apps/shared/tcg-core/cards/definitions/allegiance/new_babylon.ts	assetUrl	art/cards/allegiance/babylon_governor_t5.webp	art/cards/allegiance/babylon_governor_t5.webp	OK_inventory
apps/shared/tcg-core/cards/definitions/allegiance/new_babylon.ts	assetUrl	art/cards/allegiance/babylon_champion_t6.webp	art/cards/allegiance/babylon_champion_t6.webp	OK_inventory
apps/shared/tcg-core/cards/definitions/allegiance/thought_virus.ts	assetUrl	art/cards/allegiance/thought_virus_carrier_t1.webp	art/cards/allegiance/thought_virus_carrier_t1.webp	OK_inventory
apps/shared/tcg-core/cards/definitions/allegiance/thought_virus.ts	assetUrl	art/cards/allegiance/thought_virus_evangelist_t2.webp	art/cards/allegiance/thought_virus_evangelist_t2.webp	OK_inventory
apps/shared/tcg-core/cards/definitions/allegiance/thought_virus.ts	assetUrl	art/cards/allegiance/thought_virus_strain_keeper_t3.webp	art/cards/allegiance/thought_virus_strain_keeper_t3.webp	OK_inventory
apps/shared/tcg-core/cards/definitions/allegiance/thought_virus.ts	assetUrl	art/cards/allegiance/thought_virus_vector_t4.webp	art/cards/allegiance/thought_virus_vector_t4.webp	OK_inventory
apps/shared/tcg-core/cards/definitions/allegiance/thought_virus.ts	assetUrl	art/cards/allegiance/thought_virus_prime_vessel_t5.webp	art/cards/allegiance/thought_virus_prime_vessel_t5.webp	OK_inventory
apps/shared/tcg-core/cards/definitions/allegiance/thought_virus.ts	assetUrl	art/cards/allegiance/thought_virus_champion_t6.webp	art/cards/allegiance/thought_virus_champion_t6.webp	OK_inventory
apps/shared/tcg-core/cards/definitions/antiquarian/gen_antiquarian.ts	assetUrl	art/cards/gen_antiquarian.webp	art/cards/gen_antiquarian.webp	OK_inventory
apps/shared/tcg-core/cards/definitions/antiquarian/s1_char_018_the_antiquarian.ts	assetUrl	art/cards/antiquarian/the_antiquarian.webp	art/cards/antiquarian/the_antiquarian.webp	OK_inventory
apps/shared/tcg-core/cards/definitions/antiquarian/s1_char_043_the_programmer.ts	assetUrl	art/cards/s1_char_043.webp	art/cards/s1_char_043.webp	OK_inventory
apps/shared/tcg-core/cards/definitions/antiquarian/s1_char_058_epoch_walker.ts	assetUrl	art/cards/s1_char_058.webp	art/cards/s1_char_058.webp	OK_inventory
apps/shared/tcg-core/cards/definitions/antiquarian/s1_char_059_chronosplicer.ts	assetUrl	art/cards/s1_char_059.webp	art/cards/s1_char_059.webp	OK_inventory
apps/shared/tcg-core/cards/definitions/antiquarian/s1_char_060_relic_keeper.ts	assetUrl	art/cards/s1_char_060.webp	art/cards/s1_char_060.webp	OK_inventory
apps/shared/tcg-core/cards/definitions/antiquarian/s1_char_061_temporal_archivist.ts	assetUrl	art/cards/s1_char_097.webp	art/cards/s1_char_097.webp	OK_inventory
apps/shared/tcg-core/cards/definitions/antiquarian/s1_char_062_hourglass_golem.ts	assetUrl	art/cards/s1_char_062.webp	art/cards/s1_char_062.webp	OK_inventory
apps/shared/tcg-core/cards/definitions/antiquarian/s1_char_063_paradox_acolyte.ts	assetUrl	art/cards/s1_char_063.webp	art/cards/s1_char_063.webp	OK_inventory
apps/shared/tcg-core/cards/definitions/antiquarian/s1_char_064_memory_thief.ts	assetUrl	art/cards/s1_char_064.webp	art/cards/s1_char_064.webp	OK_inventory
apps/shared/tcg-core/cards/definitions/antiquarian/s1_char_065_age_ender.ts	assetUrl	art/cards/s1_char_065.webp	art/cards/s1_char_065.webp	OK_inventory
apps/shared/tcg-core/cards/definitions/antiquarian/s1_char_121_epoch_watcher.ts	assetUrl	art/cards/s1_char_121.webp	art/cards/s1_char_121.webp	OK_inventory
apps/shared/tcg-core/cards/definitions/antiquarian/s1_char_122_timeline_splitter.ts	assetUrl	art/cards/s1_char_122.webp	art/cards/s1_char_122.webp	OK_inventory
apps/shared/tcg-core/cards/definitions/antiquarian/s1_char_123_relic_scholar.ts	assetUrl	art/cards/s1_char_123.webp	art/cards/s1_char_123.webp	OK_inventory
apps/shared/tcg-core/cards/definitions/antiquarian/s1_char_124_age_walker.ts	assetUrl	art/cards/s1_char_124.webp	art/cards/s1_char_124.webp	OK_inventory
apps/shared/tcg-core/cards/definitions/antiquarian/s1_char_201_chronoguard_sentinel.ts	assetUrl	art/cards/s1_char_201.webp	art/cards/s1_char_201.webp	OK_inventory
apps/shared/tcg-core/cards/definitions/antiquarian/s1_curve_001_era_mote.ts	assetUrl	art/cards/antiquarian/era_mote.webp	art/cards/antiquarian/era_mote.webp	OK_inventory
apps/shared/tcg-core/cards/definitions/antiquarian/s1_curve_006_hourglass_sentinel.ts	assetUrl	art/cards/antiquarian/hourglass_sentinel.webp	art/cards/antiquarian/hourglass_sentinel.webp	OK_inventory
apps/shared/tcg-core/cards/definitions/antiquarian/s1_pack_007_archive_swarm.ts	assetUrl	art/cards/s1_pack_007.webp	art/cards/s1_pack_007.webp	OK_inventory
apps/shared/tcg-core/cards/definitions/antiquarian/s1_pack_036_temporal_collapse.ts	assetUrl	art/cards/s1_pack_036.webp	art/cards/s1_pack_036.webp	OK_inventory
apps/shared/tcg-core/cards/definitions/antiquarian/s1_pack_037_era_guardian.ts	assetUrl	art/cards/s1_pack_037.webp	art/cards/s1_pack_037.webp	OK_inventory
apps/shared/tcg-core/cards/definitions/antiquarian/s1_pack_038_chrono_blade.ts	assetUrl	art/cards/s1_pack_038.webp	art/cards/s1_pack_038.webp	OK_inventory
apps/shared/tcg-core/cards/definitions/antiquarian/s1_pack_039_age_of_reckoning.ts	assetUrl	art/cards/s1_pack_039.webp	art/cards/s1_pack_039.webp	OK_inventory
apps/shared/tcg-core/cards/definitions/antiquarian/s1_pack_040_fossil_sentinel.ts	assetUrl	art/cards/s1_pack_040.webp	art/cards/s1_pack_040.webp	OK_inventory
apps/shared/tcg-core/cards/definitions/antiquarian/s1_pack_041_the_archivist_supreme.ts	assetUrl	art/cards/s1_pack_041.webp	art/cards/s1_pack_041.webp	OK_inventory
apps/shared/tcg-core/cards/definitions/antiquarian/s1_pack_042_memory_splice.ts	assetUrl	art/cards/s1_pack_042.webp	art/cards/s1_pack_042.webp	OK_inventory
apps/shared/tcg-core/cards/definitions/antiquarian/s1_pack_seed_governance.ts	assetUrl	art/cards/s1_pack_seed_governance.webp	art/cards/s1_pack_seed_governance.webp	OK_inventory
apps/shared/tcg-core/cards/definitions/antiquarian/s1_reward_campaign_acceptance.ts	assetUrl	art/cards/s1_reward_campaign_acceptance.webp	art/cards/s1_reward_campaign_acceptance.webp	OK_inventory
apps/shared/tcg-core/cards/definitions/antiquarian/s1_reward_discovery_all.ts	assetUrl	art/cards/s1_reward_discovery_all.webp	art/cards/s1_reward_discovery_all.webp	OK_inventory
apps/shared/tcg-core/cards/definitions/antiquarian/s1_reward_lore_archivist.ts	assetUrl	art/cards/s1_reward_lore_archivist.webp	art/cards/s1_reward_lore_archivist.webp	OK_inventory
apps/shared/tcg-core/cards/definitions/antiquarian/s1_reward_outbreak_cure.ts	assetUrl	art/cards/s1_reward_outbreak_cure.webp	art/cards/s1_reward_outbreak_cure.webp	OK_inventory
apps/shared/tcg-core/cards/definitions/antiquarian/s1_reward_rpg_quest.ts	assetUrl	art/cards/s1_reward_rpg_quest.webp	art/cards/s1_reward_rpg_quest.webp	OK_inventory
apps/shared/tcg-core/cards/definitions/antiquarian/s1_reward_vote_t1_acceptance.ts	assetUrl	art/cards/s1_reward_vote_t1_acceptance.webp	art/cards/s1_reward_vote_t1_acceptance.webp	OK_inventory
apps/shared/tcg-core/cards/definitions/antiquarian/s1_spell_120_timeline_collapse.ts	assetUrl	art/cards/s1_spell_120.webp	art/cards/s1_spell_120.webp	OK_inventory
apps/shared/tcg-core/cards/definitions/antiquarian/s1_spell_121_epoch_rewind.ts	assetUrl	art/cards/s1_spell_121.webp	art/cards/s1_spell_121.webp	OK_inventory
apps/shared/tcg-core/cards/definitions/antiquarian/s1_spell_122_archaeological_dig.ts	assetUrl	art/cards/s1_spell_122.webp	art/cards/s1_spell_122.webp	OK_inventory
apps/shared/tcg-core/cards/definitions/antiquarian/s1_spell_230_chrono_anchor.ts	assetUrl	art/cards/s1_spell_230.webp	art/cards/s1_spell_230.webp	OK_inventory
apps/shared/tcg-core/cards/definitions/antiquarian/s1_spell_231_temporal_fracture.ts	assetUrl	art/cards/s1_spell_231.webp	art/cards/s1_spell_231.webp	OK_inventory
apps/shared/tcg-core/cards/definitions/antiquarian/s1_spell_232_fossil_record.ts	assetUrl	art/cards/s1_spell_232.webp	art/cards/s1_spell_232.webp	OK_inventory
apps/shared/tcg-core/cards/definitions/antiquarian/s1_spell_233_era_shift.ts	assetUrl	art/cards/s1_spell_233.webp	art/cards/s1_spell_233.webp	OK_inventory
apps/shared/tcg-core/cards/definitions/antiquarian/s1_spell_234_preservation_field.ts	assetUrl	art/cards/s1_spell_234.webp	art/cards/s1_spell_234.webp	OK_inventory
apps/shared/tcg-core/cards/definitions/antiquarian/s1_spell_235_age_of_silence.ts	assetUrl	art/cards/s1_spell_235.webp	art/cards/s1_spell_235.webp	OK_inventory
apps/shared/tcg-core/cards/definitions/antiquarian/s1_struct_005_relic_archive.ts	assetUrl	art/cards/antiquarian/relic_archive.webp	art/cards/antiquarian/relic_archive.webp	OK_inventory
apps/shared/tcg-core/cards/definitions/antiquarian/s1_zeal_004_relic_acolyte.ts	assetUrl	art/cards/antiquarian/relic_acolyte.webp	art/cards/antiquarian/relic_acolyte.webp	OK_inventory
apps/shared/tcg-core/cards/definitions/architect/gen_architect.ts	assetUrl	art/cards/gen_architect.webp	art/cards/gen_architect.webp	OK_inventory
apps/shared/tcg-core/cards/definitions/architect/gen_authority.ts	assetUrl	art/cards/architect/the_authority.webp	art/cards/architect/the_authority.webp	OK_inventory
apps/shared/tcg-core/cards/definitions/architect/s1_blast_002_arc_lance.ts	assetUrl	art/cards/architect/arc_lance.webp	art/cards/architect/arc_lance.webp	OK_inventory
apps/shared/tcg-core/cards/definitions/architect/s1_char_006_dr_lyra_vox.ts	assetUrl	art/cards/s1_char_006.webp	art/cards/s1_char_006.webp	OK_inventory
apps/shared/tcg-core/cards/definitions/architect/s1_char_007_general_alarik.ts	assetUrl	art/cards/s1_char_007.webp	art/cards/s1_char_007.webp	OK_inventory
apps/shared/tcg-core/cards/definitions/architect/s1_char_008_general_binath.ts	assetUrl	art/cards/s1_char_008.webp	art/cards/s1_char_008.webp	OK_inventory
apps/shared/tcg-core/cards/definitions/architect/s1_char_009_general_prometheus.ts	assetUrl	art/cards/s1_char_009.webp	art/cards/s1_char_009.webp	OK_inventory
apps/shared/tcg-core/cards/definitions/architect/s1_char_013_master_of_rlyeh.ts	assetUrl	art/cards/s1_char_013.webp	art/cards/s1_char_013.webp	OK_inventory
apps/shared/tcg-core/cards/definitions/architect/s1_char_015_panoptic_elara.ts	assetUrl	art/cards/s1_char_015.webp	art/cards/s1_char_015.webp	OK_inventory
apps/shared/tcg-core/cards/definitions/architect/s1_char_016_senator_elara_voss.ts	assetUrl	art/cards/s1_char_016.webp	art/cards/s1_char_016.webp	OK_inventory
apps/shared/tcg-core/cards/definitions/architect/s1_char_019_the_architect.ts	assetUrl	art/cards/s1_char_019.webp	art/cards/s1_char_019.webp	OK_inventory
apps/shared/tcg-core/cards/definitions/architect/s1_char_021_the_conexus.ts	assetUrl	art/cards/s1_char_021.webp	art/cards/s1_char_021.webp	OK_inventory
apps/shared/tcg-core/cards/definitions/architect/s1_char_022_the_collector.ts	assetUrl	art/cards/s1_char_022.webp	art/cards/s1_char_022.webp	OK_inventory
apps/shared/tcg-core/cards/definitions/architect/s1_char_024_the_detective.ts	assetUrl	art/cards/s1_char_024.webp	art/cards/s1_char_024.webp	OK_inventory
apps/shared/tcg-core/cards/definitions/architect/s1_char_030_the_game_master.ts	assetUrl	art/cards/s1_char_030.webp	art/cards/s1_char_030.webp	OK_inventory
apps/shared/tcg-core/cards/definitions/architect/s1_char_035_the_jailer.ts	assetUrl	art/cards/s1_char_035.webp	art/cards/s1_char_035.webp	OK_inventory
apps/shared/tcg-core/cards/definitions/architect/s1_char_038_the_meme.ts	assetUrl	art/cards/s1_char_038.webp	art/cards/s1_char_038.webp	OK_inventory
apps/shared/tcg-core/cards/definitions/architect/s1_char_039_the_necromancer.ts	assetUrl	art/cards/s1_char_039.webp	art/cards/s1_char_039.webp	OK_inventory
apps/shared/tcg-core/cards/definitions/architect/s1_char_042_the_politician.ts	assetUrl	art/cards/s1_char_042.webp	art/cards/s1_char_042.webp	OK_inventory
apps/shared/tcg-core/cards/definitions/architect/s1_char_100_the_collector.ts	assetUrl	art/cards/s1_char_100.webp	art/cards/s1_char_100.webp	OK_inventory
apps/shared/tcg-core/cards/definitions/architect/s1_char_101_panoptic_warden_foucault.ts	assetUrl	art/cards/s1_char_101.webp	art/cards/s1_char_101.webp	OK_inventory
apps/shared/tcg-core/cards/definitions/architect/s1_char_102_arena_enforcer.ts	assetUrl	art/cards/s1_char_102.webp	art/cards/s1_char_102.webp	OK_inventory
apps/shared/tcg-core/cards/definitions/architect/s1_char_103_inception_ark_sentry.ts	assetUrl	art/cards/s1_char_103.webp	art/cards/s1_char_103.webp	OK_inventory
apps/shared/tcg-core/cards/definitions/architect/s1_char_104_white_oracle.ts	assetUrl	art/cards/s1_char_104.webp	art/cards/s1_char_104.webp	OK_inventory
apps/shared/tcg-core/cards/definitions/architect/s1_curve_002_schematic_spark.ts	assetUrl	art/cards/architect/schematic_spark.webp	art/cards/architect/schematic_spark.webp	OK_inventory
apps/shared/tcg-core/cards/definitions/architect/s1_curve_007_schematic_bastion.ts	assetUrl	art/cards/architect/schematic_bastion.webp	art/cards/architect/schematic_bastion.webp	OK_inventory
apps/shared/tcg-core/cards/definitions/architect/s1_pack_001_panopticon_override.ts	assetUrl	art/cards/s1_pack_001.webp	art/cards/s1_pack_001.webp	OK_inventory
apps/shared/tcg-core/cards/definitions/architect/s1_pack_002_schematic_sentinel.ts	assetUrl	art/cards/s1_pack_002.webp	art/cards/s1_pack_002.webp	OK_inventory
apps/shared/tcg-core/cards/definitions/architect/s1_pack_003_arena_architect.ts	assetUrl	art/cards/s1_pack_003.webp	art/cards/s1_pack_003.webp	OK_inventory
apps/shared/tcg-core/cards/definitions/architect/s1_pack_004_protocol_enforcer.ts	assetUrl	art/cards/s1_pack_004.webp	art/cards/s1_pack_004.webp	OK_inventory
apps/shared/tcg-core/cards/definitions/architect/s1_pack_005_grand_design.ts	assetUrl	art/cards/s1_pack_005.webp	art/cards/s1_pack_005.webp	OK_inventory
apps/shared/tcg-core/cards/definitions/architect/s1_pack_006_chrome_archon.ts	assetUrl	art/cards/s1_pack_006.webp	art/cards/s1_pack_006.webp	OK_inventory
apps/shared/tcg-core/cards/definitions/architect/s1_pack_007_surveillance_probe.ts	assetUrl	art/cards/s1_pack_007.webp	art/cards/s1_pack_007.webp	OK_inventory
apps/shared/tcg-core/cards/definitions/architect/s1_pack_cosm_emote_taunt.ts	assetUrl	art/cards/s1_pack_cosm_emote_taunt.webp	art/cards/s1_pack_cosm_emote_taunt.webp	OK_inventory
apps/shared/tcg-core/cards/definitions/architect/s1_pack_cosm_ship_theme.ts	assetUrl	art/cards/s1_pack_cosm_ship_theme.webp	art/cards/s1_pack_cosm_ship_theme.webp	OK_inventory
apps/shared/tcg-core/cards/definitions/architect/s1_pack_id_human_archon.ts	assetUrl	art/cards/s1_pack_id_human_archon.webp	art/cards/s1_pack_id_human_archon.webp	OK_inventory
apps/shared/tcg-core/cards/definitions/architect/s1_pack_pet_data_serpent_1.ts	assetUrl	art/cards/s1_pack_pet_data_serpent_1.webp	art/cards/s1_pack_pet_data_serpent_1.webp	OK_inventory
apps/shared/tcg-core/cards/definitions/architect/s1_pack_pet_data_serpent_2.ts	assetUrl	art/cards/s1_pack_pet_data_serpent_2.webp	art/cards/s1_pack_pet_data_serpent_2.webp	OK_inventory
apps/shared/tcg-core/cards/definitions/architect/s1_pack_pet_data_serpent_3.ts	assetUrl	art/cards/s1_pack_pet_data_serpent_3.webp	art/cards/s1_pack_pet_data_serpent_3.webp	OK_inventory
apps/shared/tcg-core/cards/definitions/architect/s1_pack_pet_gilt_beetle_1.ts	assetUrl	art/cards/s1_pack_pet_gilt_beetle_1.webp	art/cards/s1_pack_pet_gilt_beetle_1.webp	OK_inventory
apps/shared/tcg-core/cards/definitions/architect/s1_pack_pet_gilt_beetle_2.ts	assetUrl	art/cards/s1_pack_pet_gilt_beetle_2.webp	art/cards/s1_pack_pet_gilt_beetle_2.webp	OK_inventory
apps/shared/tcg-core/cards/definitions/architect/s1_pack_pet_gilt_beetle_3.ts	assetUrl	art/cards/s1_pack_pet_gilt_beetle_3.webp	art/cards/s1_pack_pet_gilt_beetle_3.webp	OK_inventory
apps/shared/tcg-core/cards/definitions/architect/s1_pack_seed_chess.ts	assetUrl	art/cards/s1_pack_seed_chess.webp	art/cards/s1_pack_seed_chess.webp	OK_inventory
apps/shared/tcg-core/cards/definitions/architect/s1_reward_boss_architect.ts	assetUrl	art/cards/s1_reward_boss_architect.webp	art/cards/s1_reward_boss_architect.webp	OK_inventory
apps/shared/tcg-core/cards/definitions/architect/s1_reward_boss_collector.ts	assetUrl	art/cards/s1_reward_boss_collector.webp	art/cards/s1_reward_boss_collector.webp	OK_inventory
apps/shared/tcg-core/cards/definitions/architect/s1_reward_casino_pazaak.ts	assetUrl	art/cards/s1_reward_casino_pazaak.webp	art/cards/s1_reward_casino_pazaak.webp	OK_inventory
apps/shared/tcg-core/cards/definitions/architect/s1_reward_chess_tourney.ts	assetUrl	art/cards/s1_reward_chess_tourney.webp	art/cards/s1_reward_chess_tourney.webp	OK_inventory
apps/shared/tcg-core/cards/definitions/architect/s1_reward_chess_win.ts	assetUrl	art/cards/s1_reward_chess_win.webp	art/cards/s1_reward_chess_win.webp	OK_inventory
apps/shared/tcg-core/cards/definitions/architect/s1_reward_class_engineer.ts	assetUrl	art/cards/s1_reward_class_engineer.webp	art/cards/s1_reward_class_engineer.webp	OK_inventory
apps/shared/tcg-core/cards/definitions/architect/s1_reward_companion_human.ts	assetUrl	art/cards/s1_reward_companion_human.webp	art/cards/s1_reward_companion_human.webp	OK_inventory
apps/shared/tcg-core/cards/definitions/architect/s1_reward_crew_clone.ts	assetUrl	art/cards/s1_reward_crew_clone.webp	art/cards/s1_reward_crew_clone.webp	OK_inventory
apps/shared/tcg-core/cards/definitions/architect/s1_reward_eidolon_cipher.ts	assetUrl	art/cards/s1_reward_eidolon_cipher.webp	art/cards/s1_reward_eidolon_cipher.webp	OK_inventory
apps/shared/tcg-core/cards/definitions/architect/s1_reward_station_complete.ts	assetUrl	art/cards/s1_reward_station_complete.webp	art/cards/s1_reward_station_complete.webp	OK_inventory
apps/shared/tcg-core/cards/definitions/architect/s1_reward_station_module.ts	assetUrl	art/cards/s1_reward_station_module.webp	art/cards/s1_reward_station_module.webp	OK_inventory
apps/shared/tcg-core/cards/definitions/architect/s1_reward_tower_wave50.ts	assetUrl	art/cards/s1_reward_tower_wave50.webp	art/cards/s1_reward_tower_wave50.webp	OK_inventory
apps/shared/tcg-core/cards/definitions/architect/s1_spell_100_schematic_override.ts	assetUrl	art/cards/s1_spell_100.webp	art/cards/s1_spell_100.webp	OK_inventory
apps/shared/tcg-core/cards/definitions/architect/s1_spell_101_predetermined_outcome.ts	assetUrl	art/cards/s1_spell_101.webp	art/cards/s1_spell_101.webp	OK_inventory
apps/shared/tcg-core/cards/definitions/architect/s1_spell_102_arena_protocol.ts	assetUrl	art/cards/s1_spell_102.webp	art/cards/s1_spell_102.webp	OK_inventory
apps/shared/tcg-core/cards/definitions/architect/s1_spell_103_recursive_calibration.ts	assetUrl	art/cards/s1_spell_103.webp	art/cards/s1_spell_103.webp	OK_inventory
apps/shared/tcg-core/cards/definitions/architect/s1_spell_200_surveillance_grid.ts	assetUrl	art/cards/s1_spell_200.webp	art/cards/s1_spell_200.webp	OK_inventory
apps/shared/tcg-core/cards/definitions/architect/s1_spell_201_protocol_override.ts	assetUrl	art/cards/s1_spell_201.webp	art/cards/s1_spell_201.webp	OK_inventory
apps/shared/tcg-core/cards/definitions/architect/s1_spell_202_system_purge.ts	assetUrl	art/cards/s1_spell_202.webp	art/cards/s1_spell_202.webp	OK_inventory
apps/shared/tcg-core/cards/definitions/architect/s1_spell_203_calculated_retreat.ts	assetUrl	art/cards/s1_spell_203.webp	art/cards/s1_spell_203.webp	OK_inventory
apps/shared/tcg-core/cards/definitions/architect/s1_spell_204_architects_mandate.ts	assetUrl	art/cards/s1_spell_204.webp	art/cards/s1_spell_204.webp	OK_inventory
apps/shared/tcg-core/cards/definitions/architect/s1_spell_205_panoptic_lockdown.ts	assetUrl	art/cards/s1_spell_205.webp	art/cards/s1_spell_205.webp	OK_inventory
apps/shared/tcg-core/cards/definitions/architect/s1_struct_002_observation_pylon.ts	assetUrl	art/cards/architect/observation_pylon.webp	art/cards/architect/observation_pylon.webp	OK_inventory
apps/shared/tcg-core/cards/definitions/architect/s1_warlord_three_moves.ts	assetUrl	art/cards/architect/three_moves.webp	art/cards/architect/three_moves.webp	OK_inventory
apps/shared/tcg-core/cards/definitions/architect/s1_zeal_002_engine_warden.ts	assetUrl	art/cards/architect/engine_warden.webp	art/cards/architect/engine_warden.webp	OK_inventory
apps/shared/tcg-core/cards/definitions/class/assassin.ts	assetUrl	art/cards/class/glass_blade_initiate.webp	art/cards/class/glass_blade_initiate.webp	OK_inventory
apps/shared/tcg-core/cards/definitions/class/assassin.ts	assetUrl	art/cards/class/silent_step.webp	art/cards/class/silent_step.webp	OK_inventory
apps/shared/tcg-core/cards/definitions/class/assassin.ts	assetUrl	art/cards/class/witness_remover.webp	art/cards/class/witness_remover.webp	OK_inventory
apps/shared/tcg-core/cards/definitions/class/assassin.ts	assetUrl	art/cards/class/execute_protocol.webp	art/cards/class/execute_protocol.webp	OK_inventory
apps/shared/tcg-core/cards/definitions/class/assassin.ts	assetUrl	art/cards/class/akai_shi_first_apprentice.webp	art/cards/class/akai_shi_first_apprentice.webp	OK_inventory
apps/shared/tcg-core/cards/definitions/class/engineer.ts	assetUrl	art/cards/class/workshop_drone.webp	art/cards/class/workshop_drone.webp	OK_inventory
apps/shared/tcg-core/cards/definitions/class/engineer.ts	assetUrl	art/cards/class/field_modification.webp	art/cards/class/field_modification.webp	OK_inventory
apps/shared/tcg-core/cards/definitions/class/engineer.ts	assetUrl	art/cards/class/kinetic_containment_sink.webp	art/cards/class/kinetic_containment_sink.webp	OK_inventory
apps/shared/tcg-core/cards/definitions/class/engineer.ts	assetUrl	art/cards/class/prototype_blueprint.webp	art/cards/class/prototype_blueprint.webp	OK_inventory
apps/shared/tcg-core/cards/definitions/class/engineer.ts	assetUrl	art/cards/class/engineers_apprentice.webp	art/cards/class/engineers_apprentice.webp	OK_inventory
apps/shared/tcg-core/cards/definitions/class/neyon.ts	assetUrl	art/cards/class/hybrid_initiate.webp	art/cards/class/hybrid_initiate.webp	OK_inventory
apps/shared/tcg-core/cards/definitions/class/neyon.ts	assetUrl	art/cards/class/dual_discipline.webp	art/cards/class/dual_discipline.webp	OK_inventory
apps/shared/tcg-core/cards/definitions/class/neyon.ts	assetUrl	art/cards/class/three_schools_master.webp	art/cards/class/three_schools_master.webp	OK_inventory
apps/shared/tcg-core/cards/definitions/class/neyon.ts	assetUrl	art/cards/class/syncretic_adept.webp	art/cards/class/syncretic_adept.webp	OK_inventory
apps/shared/tcg-core/cards/definitions/class/neyon.ts	assetUrl	art/cards/class/five_schools_avatar.webp	art/cards/class/five_schools_avatar.webp	OK_inventory
apps/shared/tcg-core/cards/definitions/class/oracle.ts	assetUrl	art/cards/class/auspex.webp	art/cards/class/auspex.webp	OK_inventory
apps/shared/tcg-core/cards/definitions/class/oracle.ts	assetUrl	art/cards/class/prescient_glyph.webp	art/cards/class/prescient_glyph.webp	OK_inventory
apps/shared/tcg-core/cards/definitions/class/oracle.ts	assetUrl	art/cards/class/reader_of_tomorrows.webp	art/cards/class/reader_of_tomorrows.webp	OK_inventory
apps/shared/tcg-core/cards/definitions/class/oracle.ts	assetUrl	art/cards/class/second_sight.webp	art/cards/class/second_sight.webp	OK_inventory
apps/shared/tcg-core/cards/definitions/class/oracle.ts	assetUrl	art/cards/class/oracles_unbroken_signal.webp	art/cards/class/oracles_unbroken_signal.webp	OK_inventory
apps/shared/tcg-core/cards/definitions/class/soldier.ts	assetUrl	art/cards/class/line_recruit.webp	art/cards/class/line_recruit.webp	OK_inventory
apps/shared/tcg-core/cards/definitions/class/soldier.ts	assetUrl	art/cards/class/shieldwall.webp	art/cards/class/shieldwall.webp	OK_inventory
apps/shared/tcg-core/cards/definitions/class/soldier.ts	assetUrl	art/cards/class/rally_the_line.webp	art/cards/class/rally_the_line.webp	OK_inventory
apps/shared/tcg-core/cards/definitions/class/soldier.ts	assetUrl	art/cards/class/iron_vanguard.webp	art/cards/class/iron_vanguard.webp	OK_inventory
apps/shared/tcg-core/cards/definitions/class/soldier.ts	assetUrl	art/cards/class/last_regiment_standing.webp	art/cards/class/last_regiment_standing.webp	OK_inventory
apps/shared/tcg-core/cards/definitions/class/spy.ts	assetUrl	art/cards/class/signal_ghost.webp	art/cards/class/signal_ghost.webp	OK_inventory
apps/shared/tcg-core/cards/definitions/class/spy.ts	assetUrl	art/cards/class/dead_drop.webp	art/cards/class/dead_drop.webp	OK_inventory
apps/shared/tcg-core/cards/definitions/class/spy.ts	assetUrl	art/cards/class/cover_name.webp	art/cards/class/cover_name.webp	OK_inventory
apps/shared/tcg-core/cards/definitions/class/spy.ts	assetUrl	art/cards/class/burn_the_handler.webp	art/cards/class/burn_the_handler.webp	OK_inventory
apps/shared/tcg-core/cards/definitions/class/spy.ts	assetUrl	art/cards/class/twelfth_archon_apprentice.webp	art/cards/class/twelfth_archon_apprentice.webp	OK_inventory
apps/shared/tcg-core/cards/definitions/dimensional/probability.ts	assetUrl	art/cards/dimension/outcome_gambler.webp	art/cards/dimension/outcome_gambler.webp	OK_inventory
apps/shared/tcg-core/cards/definitions/dimensional/probability.ts	assetUrl	art/cards/dimension/bayes_adept.webp	art/cards/dimension/bayes_adept.webp	OK_inventory
apps/shared/tcg-core/cards/definitions/dimensional/probability.ts	assetUrl	art/cards/dimension/sum_over_histories.webp	art/cards/dimension/sum_over_histories.webp	OK_inventory
apps/shared/tcg-core/cards/definitions/dimensional/reality.ts	assetUrl	art/cards/dimension/ground_truth_witness.webp	art/cards/dimension/ground_truth_witness.webp	OK_inventory
apps/shared/tcg-core/cards/definitions/dimensional/reality.ts	assetUrl	art/cards/dimension/consensus_weaver.webp	art/cards/dimension/consensus_weaver.webp	OK_inventory
apps/shared/tcg-core/cards/definitions/dimensional/reality.ts	assetUrl	art/cards/dimension/thing_actually_happening.webp	art/cards/dimension/thing_actually_happening.webp	OK_inventory
apps/shared/tcg-core/cards/definitions/dimensional/space.ts	assetUrl	art/cards/dimension/parallax_walker.webp	art/cards/dimension/parallax_walker.webp	OK_inventory
apps/shared/tcg-core/cards/definitions/dimensional/space.ts	assetUrl	art/cards/dimension/folded_distance.webp	art/cards/dimension/folded_distance.webp	OK_inventory
apps/shared/tcg-core/cards/definitions/dimensional/space.ts	assetUrl	art/cards/dimension/cartographer_of_elsewhere.webp	art/cards/dimension/cartographer_of_elsewhere.webp	OK_inventory
apps/shared/tcg-core/cards/definitions/dimensional/time.ts	assetUrl	art/cards/dimension/moment_keeper.webp	art/cards/dimension/moment_keeper.webp	OK_inventory
apps/shared/tcg-core/cards/definitions/dimensional/time.ts	assetUrl	art/cards/dimension/loop_walker.webp	art/cards/dimension/loop_walker.webp	OK_inventory
apps/shared/tcg-core/cards/definitions/dimensional/time.ts	assetUrl	art/cards/dimension/hour_unmaker.webp	art/cards/dimension/hour_unmaker.webp	OK_inventory
apps/shared/tcg-core/cards/definitions/dreamer/gen_dreamer.ts	assetUrl	art/cards/gen_dreamer.webp	art/cards/gen_dreamer.webp	OK_inventory
apps/shared/tcg-core/cards/definitions/dreamer/s1_char_005_destiny.ts	assetUrl	art/cards/s1_char_005.webp	art/cards/s1_char_005.webp	OK_inventory
apps/shared/tcg-core/cards/definitions/dreamer/s1_char_014_nythera.ts	assetUrl	art/cards/s1_char_014.webp	art/cards/s1_char_014.webp	OK_inventory
apps/shared/tcg-core/cards/definitions/dreamer/s1_char_017_the_advocate.ts	assetUrl	art/cards/s1_char_017.webp	art/cards/s1_char_017.webp	OK_inventory
apps/shared/tcg-core/cards/definitions/dreamer/s1_char_023_the_degen.ts	assetUrl	art/cards/s1_char_023.webp	art/cards/s1_char_023.webp	OK_inventory
apps/shared/tcg-core/cards/definitions/dreamer/s1_char_025_the_dreamer.ts	assetUrl	art/cards/s1_char_025.webp	art/cards/s1_char_025.webp	OK_inventory
apps/shared/tcg-core/cards/definitions/dreamer/s1_char_027_the_enigma.ts	assetUrl	art/cards/s1_char_027.webp	art/cards/s1_char_027.webp	OK_inventory
apps/shared/tcg-core/cards/definitions/dreamer/s1_char_029_the_forgotten.ts	assetUrl	art/cards/s1_char_029.webp	art/cards/s1_char_029.webp	OK_inventory
apps/shared/tcg-core/cards/definitions/dreamer/s1_char_034_the_inventor.ts	assetUrl	art/cards/s1_char_034.webp	art/cards/s1_char_034.webp	OK_inventory
apps/shared/tcg-core/cards/definitions/dreamer/s1_char_036_the_judge.ts	assetUrl	art/cards/s1_char_036.webp	art/cards/s1_char_036.webp	OK_inventory
apps/shared/tcg-core/cards/definitions/dreamer/s1_char_037_the_knowledge.ts	assetUrl	art/cards/s1_char_037.webp	art/cards/s1_char_037.webp	OK_inventory
apps/shared/tcg-core/cards/definitions/dreamer/s1_char_045_the_resurrectionist.ts	assetUrl	art/cards/s1_char_045.webp	art/cards/s1_char_045.webp	OK_inventory
apps/shared/tcg-core/cards/definitions/dreamer/s1_char_046_the_seer.ts	assetUrl	art/cards/s1_char_046.webp	art/cards/s1_char_046.webp	OK_inventory
apps/shared/tcg-core/cards/definitions/dreamer/s1_char_109_the_enigma.ts	assetUrl	art/cards/s1_char_109.webp	art/cards/s1_char_109.webp	OK_inventory
apps/shared/tcg-core/cards/definitions/dreamer/s1_char_110_prophecy_keeper.ts	assetUrl	art/cards/s1_char_110.webp	art/cards/s1_char_110.webp	OK_inventory
apps/shared/tcg-core/cards/definitions/dreamer/s1_char_111_vision_walker.ts	assetUrl	art/cards/s1_char_111.webp	art/cards/s1_char_111.webp	OK_inventory
apps/shared/tcg-core/cards/definitions/dreamer/s1_char_112_reality_anchor.ts	assetUrl	art/cards/s1_char_112.webp	art/cards/s1_char_112.webp	OK_inventory
apps/shared/tcg-core/cards/definitions/dreamer/s1_char_203_astral_warden.ts	assetUrl	art/cards/s1_char_203.webp	art/cards/s1_char_203.webp	OK_inventory
apps/shared/tcg-core/cards/definitions/dreamer/s1_curve_003_glimmer_wisp.ts	assetUrl	art/cards/dreamer/glimmer_wisp.webp	art/cards/dreamer/glimmer_wisp.webp	OK_inventory
apps/shared/tcg-core/cards/definitions/dreamer/s1_curve_008_vision_anchor.ts	assetUrl	art/cards/dreamer/vision_anchor.webp	art/cards/dreamer/vision_anchor.webp	OK_inventory
apps/shared/tcg-core/cards/definitions/dreamer/s1_pack_006_dream_choir.ts	assetUrl	art/cards/s1_pack_006.webp	art/cards/s1_pack_006.webp	OK_inventory
apps/shared/tcg-core/cards/definitions/dreamer/s1_pack_015_probability_surge.ts	assetUrl	art/cards/s1_pack_015.webp	art/cards/s1_pack_015.webp	OK_inventory
apps/shared/tcg-core/cards/definitions/dreamer/s1_pack_016_vision_weaver.ts	assetUrl	art/cards/s1_pack_016.webp	art/cards/s1_pack_016.webp	OK_inventory
apps/shared/tcg-core/cards/definitions/dreamer/s1_pack_017_fates_edge.ts	assetUrl	art/cards/s1_pack_017.webp	art/cards/s1_pack_017.webp	OK_inventory
apps/shared/tcg-core/cards/definitions/dreamer/s1_pack_018_dream_sentinel.ts	assetUrl	art/cards/s1_pack_018.webp	art/cards/s1_pack_018.webp	OK_inventory
apps/shared/tcg-core/cards/definitions/dreamer/s1_pack_019_oracles_wrath.ts	assetUrl	art/cards/s1_pack_019.webp	art/cards/s1_pack_019.webp	OK_inventory
apps/shared/tcg-core/cards/definitions/dreamer/s1_pack_020_prophecy_incarnate.ts	assetUrl	art/cards/s1_pack_020.webp	art/cards/s1_pack_020.webp	OK_inventory
apps/shared/tcg-core/cards/definitions/dreamer/s1_pack_021_starlight_familiar.ts	assetUrl	art/cards/s1_pack_021.webp	art/cards/s1_pack_021.webp	OK_inventory
apps/shared/tcg-core/cards/definitions/dreamer/s1_pack_cosm_card_back.ts	assetUrl	art/cards/s1_pack_cosm_card_back.webp	art/cards/s1_pack_cosm_card_back.webp	OK_inventory
apps/shared/tcg-core/cards/definitions/dreamer/s1_pack_cosm_frame_gold.ts	assetUrl	art/cards/s1_pack_cosm_frame_gold.webp	art/cards/s1_pack_cosm_frame_gold.webp	OK_inventory
apps/shared/tcg-core/cards/definitions/dreamer/s1_pack_id_oracle_ascended.ts	assetUrl	art/cards/s1_pack_id_oracle_ascended.webp	art/cards/s1_pack_id_oracle_ascended.webp	OK_inventory
apps/shared/tcg-core/cards/definitions/dreamer/s1_pack_id_oracle_prisoner.ts	assetUrl	art/cards/s1_pack_id_oracle_prisoner.webp	art/cards/s1_pack_id_oracle_prisoner.webp	OK_inventory
apps/shared/tcg-core/cards/definitions/dreamer/s1_pack_id_oracle_prophet.ts	assetUrl	art/cards/s1_pack_id_oracle_prophet.webp	art/cards/s1_pack_id_oracle_prophet.webp	OK_inventory
apps/shared/tcg-core/cards/definitions/dreamer/s1_pack_pet_glyph_moth_1.ts	assetUrl	art/cards/s1_pack_pet_glyph_moth_1.webp	art/cards/s1_pack_pet_glyph_moth_1.webp	OK_inventory
apps/shared/tcg-core/cards/definitions/dreamer/s1_pack_pet_glyph_moth_2.ts	assetUrl	art/cards/s1_pack_pet_glyph_moth_2.webp	art/cards/s1_pack_pet_glyph_moth_2.webp	OK_inventory
apps/shared/tcg-core/cards/definitions/dreamer/s1_pack_pet_glyph_moth_3.ts	assetUrl	art/cards/s1_pack_pet_glyph_moth_3.webp	art/cards/s1_pack_pet_glyph_moth_3.webp	OK_inventory
apps/shared/tcg-core/cards/definitions/dreamer/s1_pack_pet_holo_fox_1.ts	assetUrl	art/cards/s1_pack_pet_holo_fox_1.webp	art/cards/s1_pack_pet_holo_fox_1.webp	OK_inventory
apps/shared/tcg-core/cards/definitions/dreamer/s1_pack_pet_holo_fox_2.ts	assetUrl	art/cards/s1_pack_pet_holo_fox_2.webp	art/cards/s1_pack_pet_holo_fox_2.webp	OK_inventory
apps/shared/tcg-core/cards/definitions/dreamer/s1_pack_pet_holo_fox_3.ts	assetUrl	art/cards/s1_pack_pet_holo_fox_3.webp	art/cards/s1_pack_pet_holo_fox_3.webp	OK_inventory
apps/shared/tcg-core/cards/definitions/dreamer/s1_pack_pet_temporal_kitten_1.ts	assetUrl	art/cards/s1_pack_pet_temporal_kitten_1.webp	art/cards/s1_pack_pet_temporal_kitten_1.webp	OK_inventory
apps/shared/tcg-core/cards/definitions/dreamer/s1_pack_pet_temporal_kitten_2.ts	assetUrl	art/cards/s1_pack_pet_temporal_kitten_2.webp	art/cards/s1_pack_pet_temporal_kitten_2.webp	OK_inventory
apps/shared/tcg-core/cards/definitions/dreamer/s1_pack_pet_temporal_kitten_3.ts	assetUrl	art/cards/s1_pack_pet_temporal_kitten_3.webp	art/cards/s1_pack_pet_temporal_kitten_3.webp	OK_inventory
apps/shared/tcg-core/cards/definitions/dreamer/s1_reward_campaign_finale.ts	assetUrl	art/cards/s1_reward_campaign_finale.webp	art/cards/s1_reward_campaign_finale.webp	OK_inventory
apps/shared/tcg-core/cards/definitions/dreamer/s1_reward_campaign_truth.ts	assetUrl	art/cards/s1_reward_campaign_truth.webp	art/cards/s1_reward_campaign_truth.webp	OK_inventory
apps/shared/tcg-core/cards/definitions/dreamer/s1_reward_casino_dice.ts	assetUrl	art/cards/s1_reward_casino_dice.webp	art/cards/s1_reward_casino_dice.webp	OK_inventory
apps/shared/tcg-core/cards/definitions/dreamer/s1_reward_class_neyon.ts	assetUrl	art/cards/s1_reward_class_neyon.webp	art/cards/s1_reward_class_neyon.webp	OK_inventory
apps/shared/tcg-core/cards/definitions/dreamer/s1_reward_class_oracle.ts	assetUrl	art/cards/s1_reward_class_oracle.webp	art/cards/s1_reward_class_oracle.webp	OK_inventory
apps/shared/tcg-core/cards/definitions/dreamer/s1_reward_cycle_light.ts	assetUrl	art/cards/s1_reward_cycle_light.webp	art/cards/s1_reward_cycle_light.webp	OK_inventory
apps/shared/tcg-core/cards/definitions/dreamer/s1_reward_eidolon_lux.ts	assetUrl	art/cards/s1_reward_eidolon_lux.webp	art/cards/s1_reward_eidolon_lux.webp	OK_inventory
apps/shared/tcg-core/cards/definitions/dreamer/s1_reward_palimpsest_signal.ts	assetUrl	art/cards/s1_reward_palimpsest_signal.webp	art/cards/s1_reward_palimpsest_signal.webp	OK_inventory
apps/shared/tcg-core/cards/definitions/dreamer/s1_reward_vortex_close.ts	assetUrl	art/cards/s1_reward_vortex_close.webp	art/cards/s1_reward_vortex_close.webp	OK_inventory
apps/shared/tcg-core/cards/definitions/dreamer/s1_reward_vortex_master.ts	assetUrl	art/cards/s1_reward_vortex_master.webp	art/cards/s1_reward_vortex_master.webp	OK_inventory
apps/shared/tcg-core/cards/definitions/dreamer/s1_reward_vote_t1_truth.ts	assetUrl	art/cards/s1_reward_vote_t1_truth.webp	art/cards/s1_reward_vote_t1_truth.webp	OK_inventory
apps/shared/tcg-core/cards/definitions/dreamer/s1_song_082_top_floor_door.ts	assetUrl	art/cards/s1_song_082.webp	art/cards/s1_song_082.webp	OK_inventory
apps/shared/tcg-core/cards/definitions/dreamer/s1_spell_108_prophetic_collapse.ts	assetUrl	art/cards/s1_spell_108.webp	art/cards/s1_spell_108.webp	OK_inventory
apps/shared/tcg-core/cards/definitions/dreamer/s1_spell_109_vision_cascade.ts	assetUrl	art/cards/s1_spell_109.webp	art/cards/s1_spell_109.webp	OK_inventory
apps/shared/tcg-core/cards/definitions/dreamer/s1_spell_110_dream_walk.ts	assetUrl	art/cards/s1_spell_110.webp	art/cards/s1_spell_110.webp	OK_inventory
apps/shared/tcg-core/cards/definitions/dreamer/s1_spell_111_probability_storm.ts	assetUrl	art/cards/s1_spell_111.webp	art/cards/s1_spell_111.webp	OK_inventory
apps/shared/tcg-core/cards/definitions/dreamer/s1_spell_212_lucid_clarity.ts	assetUrl	art/cards/s1_spell_212.webp	art/cards/s1_spell_212.webp	OK_inventory
apps/shared/tcg-core/cards/definitions/dreamer/s1_spell_213_precognition.ts	assetUrl	art/cards/s1_spell_213.webp	art/cards/s1_spell_213.webp	OK_inventory
apps/shared/tcg-core/cards/definitions/dreamer/s1_spell_214_minds_eye.ts	assetUrl	art/cards/s1_spell_214.webp	art/cards/s1_spell_214.webp	OK_inventory
apps/shared/tcg-core/cards/definitions/dreamer/s1_spell_215_reality_fracture.ts	assetUrl	art/cards/s1_spell_215.webp	art/cards/s1_spell_215.webp	OK_inventory
apps/shared/tcg-core/cards/definitions/dreamer/s1_spell_216_oracles_blessing.ts	assetUrl	art/cards/s1_spell_216.webp	art/cards/s1_spell_216.webp	OK_inventory
apps/shared/tcg-core/cards/definitions/dreamer/s1_spell_217_dream_weave.ts	assetUrl	art/cards/s1_spell_217.webp	art/cards/s1_spell_217.webp	OK_inventory
apps/shared/tcg-core/cards/definitions/dreamer/s1_struct_003_dream_anchor.ts	assetUrl	art/cards/dreamer/dream_anchor.webp	art/cards/dreamer/dream_anchor.webp	OK_inventory
apps/shared/tcg-core/cards/definitions/elemental/air.ts	assetUrl	art/cards/element/breeze_whisper.webp	art/cards/element/breeze_whisper.webp	OK_inventory
apps/shared/tcg-core/cards/definitions/elemental/air.ts	assetUrl	art/cards/element/skyrider.webp	art/cards/element/skyrider.webp	OK_inventory
apps/shared/tcg-core/cards/definitions/elemental/air.ts	assetUrl	art/cards/element/gale_chorus.webp	art/cards/element/gale_chorus.webp	OK_inventory
apps/shared/tcg-core/cards/definitions/elemental/air.ts	assetUrl	art/cards/element/cyclone_herald.webp	art/cards/element/cyclone_herald.webp	OK_inventory
apps/shared/tcg-core/cards/definitions/elemental/air.ts	assetUrl	art/cards/element/breath_before_language.webp	art/cards/element/breath_before_language.webp	OK_inventory
apps/shared/tcg-core/cards/definitions/elemental/earth.ts	assetUrl	art/cards/element/rooted_sentinel.webp	art/cards/element/rooted_sentinel.webp	OK_inventory
apps/shared/tcg-core/cards/definitions/elemental/earth.ts	assetUrl	art/cards/element/slate_golem.webp	art/cards/element/slate_golem.webp	OK_inventory
apps/shared/tcg-core/cards/definitions/elemental/earth.ts	assetUrl	art/cards/element/mountain_vow.webp	art/cards/element/mountain_vow.webp	OK_inventory
apps/shared/tcg-core/cards/definitions/elemental/earth.ts	assetUrl	art/cards/element/tectonic_warden.webp	art/cards/element/tectonic_warden.webp	OK_inventory
apps/shared/tcg-core/cards/definitions/elemental/earth.ts	assetUrl	art/cards/element/sleeping_continent.webp	art/cards/element/sleeping_continent.webp	OK_inventory
apps/shared/tcg-core/cards/definitions/elemental/fire.ts	assetUrl	art/cards/element/ember_scout.webp	art/cards/element/ember_scout.webp	OK_inventory
apps/shared/tcg-core/cards/definitions/elemental/fire.ts	assetUrl	art/cards/element/spark_fragment.webp	art/cards/element/spark_fragment.webp	OK_inventory
apps/shared/tcg-core/cards/definitions/elemental/fire.ts	assetUrl	art/cards/element/blaze_lancer.webp	art/cards/element/blaze_lancer.webp	OK_inventory
apps/shared/tcg-core/cards/definitions/elemental/fire.ts	assetUrl	art/cards/element/conflagration.webp	art/cards/element/conflagration.webp	OK_inventory
apps/shared/tcg-core/cards/definitions/elemental/fire.ts	assetUrl	art/cards/element/the_first_flame.webp	art/cards/element/the_first_flame.webp	OK_inventory
apps/shared/tcg-core/cards/definitions/elemental/water.ts	assetUrl	art/cards/element/tide_keeper.webp	art/cards/element/tide_keeper.webp	OK_inventory
apps/shared/tcg-core/cards/definitions/elemental/water.ts	assetUrl	art/cards/element/dissolving_wave.webp	art/cards/element/dissolving_wave.webp	OK_inventory
apps/shared/tcg-core/cards/definitions/elemental/water.ts	assetUrl	art/cards/element/mercy_current.webp	art/cards/element/mercy_current.webp	OK_inventory
apps/shared/tcg-core/cards/definitions/elemental/water.ts	assetUrl	art/cards/element/abyssal_form.webp	art/cards/element/abyssal_form.webp	OK_inventory
apps/shared/tcg-core/cards/definitions/elemental/water.ts	assetUrl	art/cards/element/ocean_that_forgives.webp	art/cards/element/ocean_that_forgives.webp	OK_inventory
apps/shared/tcg-core/cards/definitions/imprint/agent_zero.ts	assetUrl	art/cards/imprint/agent_zero_t1.webp	art/cards/imprint/agent_zero_t1.webp	OK_inventory
apps/shared/tcg-core/cards/definitions/imprint/agent_zero.ts	assetUrl	art/cards/imprint/agent_zero_t2.webp	art/cards/imprint/agent_zero_t2.webp	OK_inventory
apps/shared/tcg-core/cards/definitions/imprint/agent_zero.ts	assetUrl	art/cards/imprint/agent_zero_t3.webp	art/cards/imprint/agent_zero_t3.webp	OK_inventory
apps/shared/tcg-core/cards/definitions/imprint/agent_zero.ts	assetUrl	art/cards/imprint/agent_zero_t4.webp	art/cards/imprint/agent_zero_t4.webp	OK_inventory
apps/shared/tcg-core/cards/definitions/imprint/agent_zero.ts	assetUrl	art/cards/imprint/agent_zero_t5.webp	art/cards/imprint/agent_zero_t5.webp	OK_inventory
apps/shared/tcg-core/cards/definitions/imprint/akai_shi.ts	assetUrl	art/cards/imprint/akai_shi_t1.webp	art/cards/imprint/akai_shi_t1.webp	OK_inventory
apps/shared/tcg-core/cards/definitions/imprint/akai_shi.ts	assetUrl	art/cards/imprint/akai_shi_t2.webp	art/cards/imprint/akai_shi_t2.webp	OK_inventory
apps/shared/tcg-core/cards/definitions/imprint/akai_shi.ts	assetUrl	art/cards/imprint/akai_shi_t3.webp	art/cards/imprint/akai_shi_t3.webp	OK_inventory
apps/shared/tcg-core/cards/definitions/imprint/akai_shi.ts	assetUrl	art/cards/imprint/akai_shi_t4.webp	art/cards/imprint/akai_shi_t4.webp	OK_inventory
apps/shared/tcg-core/cards/definitions/imprint/akai_shi.ts	assetUrl	art/cards/imprint/akai_shi_t5.webp	art/cards/imprint/akai_shi_t5.webp	OK_inventory
apps/shared/tcg-core/cards/definitions/imprint/antiquarian.ts	assetUrl	art/cards/imprint/antiquarian_t1.webp	art/cards/imprint/antiquarian_t1.webp	OK_inventory
apps/shared/tcg-core/cards/definitions/imprint/antiquarian.ts	assetUrl	art/cards/imprint/antiquarian_t2.webp	art/cards/imprint/antiquarian_t2.webp	OK_inventory
apps/shared/tcg-core/cards/definitions/imprint/antiquarian.ts	assetUrl	art/cards/imprint/antiquarian_t3.webp	art/cards/imprint/antiquarian_t3.webp	OK_inventory
apps/shared/tcg-core/cards/definitions/imprint/antiquarian.ts	assetUrl	art/cards/imprint/antiquarian_t4.webp	art/cards/imprint/antiquarian_t4.webp	OK_inventory
apps/shared/tcg-core/cards/definitions/imprint/antiquarian.ts	assetUrl	art/cards/imprint/antiquarian_t5.webp	art/cards/imprint/antiquarian_t5.webp	OK_inventory
apps/shared/tcg-core/cards/definitions/imprint/elara.ts	assetUrl	art/cards/imprint/elara_t1.webp	art/cards/imprint/elara_t1.webp	OK_inventory
apps/shared/tcg-core/cards/definitions/imprint/elara.ts	assetUrl	art/cards/imprint/elara_t2.webp	art/cards/imprint/elara_t2.webp	OK_inventory
apps/shared/tcg-core/cards/definitions/imprint/elara.ts	assetUrl	art/cards/imprint/elara_t3.webp	art/cards/imprint/elara_t3.webp	OK_inventory
apps/shared/tcg-core/cards/definitions/imprint/elara.ts	assetUrl	art/cards/imprint/elara_t4.webp	art/cards/imprint/elara_t4.webp	OK_inventory
apps/shared/tcg-core/cards/definitions/imprint/elara.ts	assetUrl	art/cards/imprint/elara_t5.webp	art/cards/imprint/elara_t5.webp	OK_inventory
apps/shared/tcg-core/cards/definitions/imprint/foucault.ts	assetUrl	art/cards/imprint/foucault_t1.webp	art/cards/imprint/foucault_t1.webp	OK_inventory
apps/shared/tcg-core/cards/definitions/imprint/foucault.ts	assetUrl	art/cards/imprint/foucault_t2.webp	art/cards/imprint/foucault_t2.webp	OK_inventory
apps/shared/tcg-core/cards/definitions/imprint/foucault.ts	assetUrl	art/cards/imprint/foucault_t3.webp	art/cards/imprint/foucault_t3.webp	OK_inventory
apps/shared/tcg-core/cards/definitions/imprint/foucault.ts	assetUrl	art/cards/imprint/foucault_t4.webp	art/cards/imprint/foucault_t4.webp	OK_inventory
apps/shared/tcg-core/cards/definitions/imprint/foucault.ts	assetUrl	art/cards/imprint/foucault_t5.webp	art/cards/imprint/foucault_t5.webp	OK_inventory
apps/shared/tcg-core/cards/definitions/imprint/iron_lion.ts	assetUrl	art/cards/imprint/iron_lion_t1.webp	art/cards/imprint/iron_lion_t1.webp	OK_inventory
apps/shared/tcg-core/cards/definitions/imprint/iron_lion.ts	assetUrl	art/cards/imprint/iron_lion_t2.webp	art/cards/imprint/iron_lion_t2.webp	OK_inventory
apps/shared/tcg-core/cards/definitions/imprint/iron_lion.ts	assetUrl	art/cards/imprint/iron_lion_t3.webp	art/cards/imprint/iron_lion_t3.webp	OK_inventory
apps/shared/tcg-core/cards/definitions/imprint/iron_lion.ts	assetUrl	art/cards/imprint/iron_lion_t4.webp	art/cards/imprint/iron_lion_t4.webp	OK_inventory
apps/shared/tcg-core/cards/definitions/imprint/iron_lion.ts	assetUrl	art/cards/imprint/iron_lion_t5.webp	art/cards/imprint/iron_lion_t5.webp	OK_inventory
apps/shared/tcg-core/cards/definitions/imprint/locke.ts	assetUrl	art/cards/imprint/locke_t1.webp	art/cards/imprint/locke_t1.webp	OK_inventory
apps/shared/tcg-core/cards/definitions/imprint/locke.ts	assetUrl	art/cards/imprint/locke_t2.webp	art/cards/imprint/locke_t2.webp	OK_inventory
apps/shared/tcg-core/cards/definitions/imprint/locke.ts	assetUrl	art/cards/imprint/locke_t3.webp	art/cards/imprint/locke_t3.webp	OK_inventory
apps/shared/tcg-core/cards/definitions/imprint/locke.ts	assetUrl	art/cards/imprint/locke_t4.webp	art/cards/imprint/locke_t4.webp	OK_inventory
apps/shared/tcg-core/cards/definitions/imprint/locke.ts	assetUrl	art/cards/imprint/locke_t5.webp	art/cards/imprint/locke_t5.webp	OK_inventory
apps/shared/tcg-core/cards/definitions/imprint/the_architect.ts	assetUrl	art/cards/imprint/architect_t1.webp	art/cards/imprint/architect_t1.webp	OK_inventory
apps/shared/tcg-core/cards/definitions/imprint/the_architect.ts	assetUrl	art/cards/imprint/architect_t2.webp	art/cards/imprint/architect_t2.webp	OK_inventory
apps/shared/tcg-core/cards/definitions/imprint/the_architect.ts	assetUrl	art/cards/imprint/architect_t3.webp	art/cards/imprint/architect_t3.webp	OK_inventory
apps/shared/tcg-core/cards/definitions/imprint/the_architect.ts	assetUrl	art/cards/imprint/architect_t4.webp	art/cards/imprint/architect_t4.webp	OK_inventory
apps/shared/tcg-core/cards/definitions/imprint/the_architect.ts	assetUrl	art/cards/imprint/architect_t5.webp	art/cards/imprint/architect_t5.webp	OK_inventory
apps/shared/tcg-core/cards/definitions/imprint/the_collector.ts	assetUrl	art/cards/imprint/collector_t1.webp	art/cards/imprint/collector_t1.webp	OK_inventory
apps/shared/tcg-core/cards/definitions/imprint/the_collector.ts	assetUrl	art/cards/imprint/collector_t2.webp	art/cards/imprint/collector_t2.webp	OK_inventory
apps/shared/tcg-core/cards/definitions/imprint/the_collector.ts	assetUrl	art/cards/imprint/collector_t3.webp	art/cards/imprint/collector_t3.webp	OK_inventory
apps/shared/tcg-core/cards/definitions/imprint/the_collector.ts	assetUrl	art/cards/imprint/collector_t4.webp	art/cards/imprint/collector_t4.webp	OK_inventory
apps/shared/tcg-core/cards/definitions/imprint/the_collector.ts	assetUrl	art/cards/imprint/collector_t5.webp	art/cards/imprint/collector_t5.webp	OK_inventory
apps/shared/tcg-core/cards/definitions/imprint/the_detective.ts	assetUrl	art/cards/imprint/detective_t1.webp	art/cards/imprint/detective_t1.webp	OK_inventory
apps/shared/tcg-core/cards/definitions/imprint/the_detective.ts	assetUrl	art/cards/imprint/detective_t2.webp	art/cards/imprint/detective_t2.webp	OK_inventory
apps/shared/tcg-core/cards/definitions/imprint/the_detective.ts	assetUrl	art/cards/imprint/detective_t3.webp	art/cards/imprint/detective_t3.webp	OK_inventory
apps/shared/tcg-core/cards/definitions/imprint/the_detective.ts	assetUrl	art/cards/imprint/detective_t4.webp	art/cards/imprint/detective_t4.webp	OK_inventory
apps/shared/tcg-core/cards/definitions/imprint/the_detective.ts	assetUrl	art/cards/imprint/detective_t5.webp	art/cards/imprint/detective_t5.webp	OK_inventory
apps/shared/tcg-core/cards/definitions/imprint/the_dreamer.ts	assetUrl	art/cards/imprint/dreamer_t1.webp	art/cards/imprint/dreamer_t1.webp	OK_inventory
apps/shared/tcg-core/cards/definitions/imprint/the_dreamer.ts	assetUrl	art/cards/imprint/dreamer_t2.webp	art/cards/imprint/dreamer_t2.webp	OK_inventory
apps/shared/tcg-core/cards/definitions/imprint/the_dreamer.ts	assetUrl	art/cards/imprint/dreamer_t3.webp	art/cards/imprint/dreamer_t3.webp	OK_inventory
apps/shared/tcg-core/cards/definitions/imprint/the_dreamer.ts	assetUrl	art/cards/imprint/dreamer_t4.webp	art/cards/imprint/dreamer_t4.webp	OK_inventory
apps/shared/tcg-core/cards/definitions/imprint/the_dreamer.ts	assetUrl	art/cards/imprint/dreamer_t5.webp	art/cards/imprint/dreamer_t5.webp	OK_inventory
apps/shared/tcg-core/cards/definitions/imprint/the_engineer.ts	assetUrl	art/cards/imprint/engineer_t1.webp	art/cards/imprint/engineer_t1.webp	OK_inventory
apps/shared/tcg-core/cards/definitions/imprint/the_engineer.ts	assetUrl	art/cards/imprint/engineer_t2.webp	art/cards/imprint/engineer_t2.webp	OK_inventory
apps/shared/tcg-core/cards/definitions/imprint/the_engineer.ts	assetUrl	art/cards/imprint/engineer_t3.webp	art/cards/imprint/engineer_t3.webp	OK_inventory
apps/shared/tcg-core/cards/definitions/imprint/the_engineer.ts	assetUrl	art/cards/imprint/engineer_t4.webp	art/cards/imprint/engineer_t4.webp	OK_inventory
apps/shared/tcg-core/cards/definitions/imprint/the_engineer.ts	assetUrl	art/cards/imprint/engineer_t5.webp	art/cards/imprint/engineer_t5.webp	OK_inventory
apps/shared/tcg-core/cards/definitions/imprint/the_enigma.ts	assetUrl	art/cards/imprint/enigma_t1.webp	art/cards/imprint/enigma_t1.webp	OK_inventory
apps/shared/tcg-core/cards/definitions/imprint/the_enigma.ts	assetUrl	art/cards/imprint/enigma_t2.webp	art/cards/imprint/enigma_t2.webp	OK_inventory
apps/shared/tcg-core/cards/definitions/imprint/the_enigma.ts	assetUrl	art/cards/imprint/enigma_t3.webp	art/cards/imprint/enigma_t3.webp	OK_inventory
apps/shared/tcg-core/cards/definitions/imprint/the_enigma.ts	assetUrl	art/cards/imprint/enigma_t4.webp	art/cards/imprint/enigma_t4.webp	OK_inventory
apps/shared/tcg-core/cards/definitions/imprint/the_enigma.ts	assetUrl	art/cards/imprint/enigma_t5.webp	art/cards/imprint/enigma_t5.webp	OK_inventory
apps/shared/tcg-core/cards/definitions/imprint/the_human.ts	assetUrl	art/cards/imprint/human_t1.webp	art/cards/imprint/human_t1.webp	OK_inventory
apps/shared/tcg-core/cards/definitions/imprint/the_human.ts	assetUrl	art/cards/imprint/human_t2.webp	art/cards/imprint/human_t2.webp	OK_inventory
apps/shared/tcg-core/cards/definitions/imprint/the_human.ts	assetUrl	art/cards/imprint/human_t3.webp	art/cards/imprint/human_t3.webp	OK_inventory
apps/shared/tcg-core/cards/definitions/imprint/the_human.ts	assetUrl	art/cards/imprint/human_t4.webp	art/cards/imprint/human_t4.webp	OK_inventory
apps/shared/tcg-core/cards/definitions/imprint/the_human.ts	assetUrl	art/cards/imprint/human_t5.webp	art/cards/imprint/human_t5.webp	OK_inventory
apps/shared/tcg-core/cards/definitions/imprint/the_jailer.ts	assetUrl	art/cards/imprint/jailer_t1.webp	art/cards/imprint/jailer_t1.webp	OK_inventory
apps/shared/tcg-core/cards/definitions/imprint/the_jailer.ts	assetUrl	art/cards/imprint/jailer_t2.webp	art/cards/imprint/jailer_t2.webp	OK_inventory
apps/shared/tcg-core/cards/definitions/imprint/the_jailer.ts	assetUrl	art/cards/imprint/jailer_t3.webp	art/cards/imprint/jailer_t3.webp	OK_inventory
apps/shared/tcg-core/cards/definitions/imprint/the_jailer.ts	assetUrl	art/cards/imprint/jailer_t4.webp	art/cards/imprint/jailer_t4.webp	OK_inventory
apps/shared/tcg-core/cards/definitions/imprint/the_jailer.ts	assetUrl	art/cards/imprint/jailer_t5.webp	art/cards/imprint/jailer_t5.webp	OK_inventory
apps/shared/tcg-core/cards/definitions/imprint/the_necromancer.ts	assetUrl	art/cards/imprint/necromancer_t1.webp	art/cards/imprint/necromancer_t1.webp	OK_inventory
apps/shared/tcg-core/cards/definitions/imprint/the_necromancer.ts	assetUrl	art/cards/imprint/necromancer_t2.webp	art/cards/imprint/necromancer_t2.webp	OK_inventory
apps/shared/tcg-core/cards/definitions/imprint/the_necromancer.ts	assetUrl	art/cards/imprint/necromancer_t3.webp	art/cards/imprint/necromancer_t3.webp	OK_inventory
apps/shared/tcg-core/cards/definitions/imprint/the_necromancer.ts	assetUrl	art/cards/imprint/necromancer_t4.webp	art/cards/imprint/necromancer_t4.webp	OK_inventory
apps/shared/tcg-core/cards/definitions/imprint/the_necromancer.ts	assetUrl	art/cards/imprint/necromancer_t5.webp	art/cards/imprint/necromancer_t5.webp	OK_inventory
apps/shared/tcg-core/cards/definitions/imprint/the_oracle.ts	assetUrl	art/cards/imprint/oracle_t1.webp	art/cards/imprint/oracle_t1.webp	OK_inventory
apps/shared/tcg-core/cards/definitions/imprint/the_oracle.ts	assetUrl	art/cards/imprint/oracle_t2.webp	art/cards/imprint/oracle_t2.webp	OK_inventory
apps/shared/tcg-core/cards/definitions/imprint/the_oracle.ts	assetUrl	art/cards/imprint/oracle_t3.webp	art/cards/imprint/oracle_t3.webp	OK_inventory
apps/shared/tcg-core/cards/definitions/imprint/the_oracle.ts	assetUrl	art/cards/imprint/oracle_t4.webp	art/cards/imprint/oracle_t4.webp	OK_inventory
apps/shared/tcg-core/cards/definitions/imprint/the_oracle.ts	assetUrl	art/cards/imprint/oracle_t5.webp	art/cards/imprint/oracle_t5.webp	OK_inventory
apps/shared/tcg-core/cards/definitions/imprint/the_source.ts	assetUrl	art/cards/imprint/source_t1.webp	art/cards/imprint/source_t1.webp	OK_inventory
apps/shared/tcg-core/cards/definitions/imprint/the_source.ts	assetUrl	art/cards/imprint/source_t2.webp	art/cards/imprint/source_t2.webp	OK_inventory
apps/shared/tcg-core/cards/definitions/imprint/the_source.ts	assetUrl	art/cards/imprint/source_t3.webp	art/cards/imprint/source_t3.webp	OK_inventory
apps/shared/tcg-core/cards/definitions/imprint/the_source.ts	assetUrl	art/cards/imprint/source_t4.webp	art/cards/imprint/source_t4.webp	OK_inventory
apps/shared/tcg-core/cards/definitions/imprint/the_source.ts	assetUrl	art/cards/imprint/source_t5.webp	art/cards/imprint/source_t5.webp	OK_inventory
apps/shared/tcg-core/cards/definitions/insurgency/gen_insurgency.ts	assetUrl	art/cards/gen_insurgency.webp	art/cards/gen_insurgency.webp	OK_inventory
apps/shared/tcg-core/cards/definitions/insurgency/s1_blast_003_strafe_runner.ts	assetUrl	art/cards/insurgency/strafe_runner.webp	art/cards/insurgency/strafe_runner.webp	OK_inventory
apps/shared/tcg-core/cards/definitions/insurgency/s1_char_002_agent_zero.ts	assetUrl	art/cards/s1_char_002.webp	art/cards/s1_char_002.webp	OK_inventory
apps/shared/tcg-core/cards/definitions/insurgency/s1_char_010_iron_lion.ts	assetUrl	art/cards/s1_char_010.webp	art/cards/s1_char_010.webp	OK_inventory
apps/shared/tcg-core/cards/definitions/insurgency/s1_char_011_jericho_jones.ts	assetUrl	art/cards/s1_char_011.webp	art/cards/s1_char_011.webp	OK_inventory
apps/shared/tcg-core/cards/definitions/insurgency/s1_char_012_kael.ts	assetUrl	art/cards/s1_char_012.webp	art/cards/s1_char_012.webp	OK_inventory
apps/shared/tcg-core/cards/definitions/insurgency/s1_char_026_the_engineer.ts	assetUrl	art/cards/s1_char_026.webp	art/cards/s1_char_026.webp	OK_inventory
apps/shared/tcg-core/cards/definitions/insurgency/s1_char_028_the_eyes.ts	assetUrl	art/cards/s1_char_028.webp	art/cards/s1_char_028.webp	OK_inventory
apps/shared/tcg-core/cards/definitions/insurgency/s1_char_031_the_hierophant.ts	assetUrl	art/cards/s1_char_031.webp	art/cards/s1_char_031.webp	OK_inventory
apps/shared/tcg-core/cards/definitions/insurgency/s1_char_040_the_nomad.ts	assetUrl	art/cards/s1_char_040.webp	art/cards/s1_char_040.webp	OK_inventory
apps/shared/tcg-core/cards/definitions/insurgency/s1_char_041_the_oracle.ts	assetUrl	art/cards/s1_char_041.webp	art/cards/s1_char_041.webp	OK_inventory
apps/shared/tcg-core/cards/definitions/insurgency/s1_char_044_the_recruiter.ts	assetUrl	art/cards/s1_char_044.webp	art/cards/s1_char_044.webp	OK_inventory
apps/shared/tcg-core/cards/definitions/insurgency/s1_char_047_the_shadow_tongue.ts	assetUrl	art/cards/s1_char_047.webp	art/cards/s1_char_047.webp	OK_inventory
apps/shared/tcg-core/cards/definitions/insurgency/s1_char_105_iron_lion.ts	assetUrl	art/cards/s1_char_105.webp	art/cards/s1_char_105.webp	OK_inventory
apps/shared/tcg-core/cards/definitions/insurgency/s1_char_106_wraith_calder.ts	assetUrl	art/cards/s1_char_106.webp	art/cards/s1_char_106.webp	OK_inventory
apps/shared/tcg-core/cards/definitions/insurgency/s1_char_107_signal_operative.ts	assetUrl	art/cards/s1_char_107.webp	art/cards/s1_char_107.webp	OK_inventory
apps/shared/tcg-core/cards/definitions/insurgency/s1_char_108_guerrilla_cell.ts	assetUrl	art/cards/s1_char_108.webp	art/cards/s1_char_108.webp	OK_inventory
apps/shared/tcg-core/cards/definitions/insurgency/s1_char_202_saboteur.ts	assetUrl	art/cards/s1_char_202.webp	art/cards/s1_char_202.webp	OK_inventory
apps/shared/tcg-core/cards/definitions/insurgency/s1_curve_004_cell_decoy.ts	assetUrl	art/cards/insurgency/cell_decoy.webp	art/cards/insurgency/cell_decoy.webp	OK_inventory
apps/shared/tcg-core/cards/definitions/insurgency/s1_curve_009_trench_sergeant.ts	assetUrl	art/cards/insurgency/trench_sergeant.webp	art/cards/insurgency/trench_sergeant.webp	OK_inventory
apps/shared/tcg-core/cards/definitions/insurgency/s1_pack_005_cell_runner.ts	assetUrl	art/cards/s1_pack_005.webp	art/cards/s1_pack_005.webp	OK_inventory
apps/shared/tcg-core/cards/definitions/insurgency/s1_pack_008_dead_signal_burst.ts	assetUrl	art/cards/s1_pack_008.webp	art/cards/s1_pack_008.webp	OK_inventory
apps/shared/tcg-core/cards/definitions/insurgency/s1_pack_009_covert_operative.ts	assetUrl	art/cards/s1_pack_009.webp	art/cards/s1_pack_009.webp	OK_inventory
apps/shared/tcg-core/cards/definitions/insurgency/s1_pack_010_signal_repeater.ts	assetUrl	art/cards/s1_pack_010.webp	art/cards/s1_pack_010.webp	OK_inventory
apps/shared/tcg-core/cards/definitions/insurgency/s1_pack_011_insurgent_commander.ts	assetUrl	art/cards/s1_pack_011.webp	art/cards/s1_pack_011.webp	OK_inventory
apps/shared/tcg-core/cards/definitions/insurgency/s1_pack_012_rebel_arsenal.ts	assetUrl	art/cards/s1_pack_012.webp	art/cards/s1_pack_012.webp	OK_inventory
apps/shared/tcg-core/cards/definitions/insurgency/s1_pack_013_liberation_protocol.ts	assetUrl	art/cards/s1_pack_013.webp	art/cards/s1_pack_013.webp	OK_inventory
apps/shared/tcg-core/cards/definitions/insurgency/s1_pack_014_agent_zero_reborn.ts	assetUrl	art/cards/s1_pack_014.webp	art/cards/s1_pack_014.webp	OK_inventory
apps/shared/tcg-core/cards/definitions/insurgency/s1_pack_cosm_trail_fire.ts	assetUrl	art/cards/s1_pack_cosm_trail_fire.webp	art/cards/s1_pack_cosm_trail_fire.webp	OK_inventory
apps/shared/tcg-core/cards/definitions/insurgency/s1_pack_id_kael_recruiter.ts	assetUrl	art/cards/s1_pack_id_kael_recruiter.webp	art/cards/s1_pack_id_kael_recruiter.webp	OK_inventory
apps/shared/tcg-core/cards/definitions/insurgency/s1_pack_pet_flicker_imp_1.ts	assetUrl	art/cards/s1_pack_pet_flicker_imp_1.webp	art/cards/s1_pack_pet_flicker_imp_1.webp	OK_inventory
apps/shared/tcg-core/cards/definitions/insurgency/s1_pack_pet_flicker_imp_2.ts	assetUrl	art/cards/s1_pack_pet_flicker_imp_2.webp	art/cards/s1_pack_pet_flicker_imp_2.webp	OK_inventory
apps/shared/tcg-core/cards/definitions/insurgency/s1_pack_pet_flicker_imp_3.ts	assetUrl	art/cards/s1_pack_pet_flicker_imp_3.webp	art/cards/s1_pack_pet_flicker_imp_3.webp	OK_inventory
apps/shared/tcg-core/cards/definitions/insurgency/s1_pack_pet_spore_fungus_1.ts	assetUrl	art/cards/s1_pack_pet_spore_fungus_1.webp	art/cards/s1_pack_pet_spore_fungus_1.webp	OK_inventory
apps/shared/tcg-core/cards/definitions/insurgency/s1_pack_pet_spore_fungus_2.ts	assetUrl	art/cards/s1_pack_pet_spore_fungus_2.webp	art/cards/s1_pack_pet_spore_fungus_2.webp	OK_inventory
apps/shared/tcg-core/cards/definitions/insurgency/s1_pack_pet_spore_fungus_3.ts	assetUrl	art/cards/s1_pack_pet_spore_fungus_3.webp	art/cards/s1_pack_pet_spore_fungus_3.webp	OK_inventory
apps/shared/tcg-core/cards/definitions/insurgency/s1_resurrect_003_ghost_cell_runner.ts	assetUrl	art/cards/insurgency/ghost_cell_runner.webp	art/cards/insurgency/ghost_cell_runner.webp	OK_inventory
apps/shared/tcg-core/cards/definitions/insurgency/s1_reward_campaign_defiance.ts	assetUrl	art/cards/s1_reward_campaign_defiance.webp	art/cards/s1_reward_campaign_defiance.webp	OK_inventory
apps/shared/tcg-core/cards/definitions/insurgency/s1_reward_class_spy.ts	assetUrl	art/cards/s1_reward_class_spy.webp	art/cards/s1_reward_class_spy.webp	OK_inventory
apps/shared/tcg-core/cards/definitions/insurgency/s1_reward_companion_zero.ts	assetUrl	art/cards/s1_reward_companion_zero.webp	art/cards/s1_reward_companion_zero.webp	OK_inventory
apps/shared/tcg-core/cards/definitions/insurgency/s1_reward_crew_mission.ts	assetUrl	art/cards/s1_reward_crew_mission.webp	art/cards/s1_reward_crew_mission.webp	OK_inventory
apps/shared/tcg-core/cards/definitions/insurgency/s1_reward_eidolon_echo.ts	assetUrl	art/cards/s1_reward_eidolon_echo.webp	art/cards/s1_reward_eidolon_echo.webp	OK_inventory
apps/shared/tcg-core/cards/definitions/insurgency/s1_reward_guild_recruit.ts	assetUrl	art/cards/s1_reward_guild_recruit.webp	art/cards/s1_reward_guild_recruit.webp	OK_inventory
apps/shared/tcg-core/cards/definitions/insurgency/s1_reward_trade_insurgency.ts	assetUrl	art/cards/s1_reward_trade_insurgency.webp	art/cards/s1_reward_trade_insurgency.webp	OK_inventory
apps/shared/tcg-core/cards/definitions/insurgency/s1_reward_vote_t1_defiance.ts	assetUrl	art/cards/s1_reward_vote_t1_defiance.webp	art/cards/s1_reward_vote_t1_defiance.webp	OK_inventory
apps/shared/tcg-core/cards/definitions/insurgency/s1_song_091_i_love_war.ts	assetUrl	art/cards/s1_song_091.webp	art/cards/s1_song_091.webp	OK_inventory
apps/shared/tcg-core/cards/definitions/insurgency/s1_spell_104_signal_intercept.ts	assetUrl	art/cards/s1_spell_104.webp	art/cards/s1_spell_104.webp	OK_inventory
apps/shared/tcg-core/cards/definitions/insurgency/s1_spell_105_guerrilla_strike.ts	assetUrl	art/cards/s1_spell_105.webp	art/cards/s1_spell_105.webp	OK_inventory
apps/shared/tcg-core/cards/definitions/insurgency/s1_spell_106_encrypted_broadcast.ts	assetUrl	art/cards/s1_spell_106.webp	art/cards/s1_spell_106.webp	OK_inventory
apps/shared/tcg-core/cards/definitions/insurgency/s1_spell_107_dead_frequency_jam.ts	assetUrl	art/cards/s1_spell_107.webp	art/cards/s1_spell_107.webp	OK_inventory
apps/shared/tcg-core/cards/definitions/insurgency/s1_spell_206_supply_drop.ts	assetUrl	art/cards/s1_spell_206.webp	art/cards/s1_spell_206.webp	OK_inventory
apps/shared/tcg-core/cards/definitions/insurgency/s1_spell_207_ambush_protocol.ts	assetUrl	art/cards/s1_spell_207.webp	art/cards/s1_spell_207.webp	OK_inventory
apps/shared/tcg-core/cards/definitions/insurgency/s1_spell_208_rebel_yell.ts	assetUrl	art/cards/s1_spell_208.webp	art/cards/s1_spell_208.webp	OK_inventory
apps/shared/tcg-core/cards/definitions/insurgency/s1_spell_209_safe_house.ts	assetUrl	art/cards/s1_spell_209.webp	art/cards/s1_spell_209.webp	OK_inventory
apps/shared/tcg-core/cards/definitions/insurgency/s1_spell_210_intel_leak.ts	assetUrl	art/cards/s1_spell_210.webp	art/cards/s1_spell_210.webp	OK_inventory
apps/shared/tcg-core/cards/definitions/insurgency/s1_spell_211_scorched_earth.ts	assetUrl	art/cards/s1_spell_211.webp	art/cards/s1_spell_211.webp	OK_inventory
apps/shared/tcg-core/cards/definitions/insurgency/s1_zeal_003_oath_keeper.ts	assetUrl	art/cards/insurgency/oath_keeper.webp	art/cards/insurgency/oath_keeper.webp	OK_inventory
apps/shared/tcg-core/cards/definitions/neutral/burnt_card_placeholder.ts	assetUrl	art/cards/neutral/the_burnt_card.webp	art/cards/neutral/the_burnt_card.webp	OK_inventory
apps/shared/tcg-core/cards/definitions/neutral/engine_demo_cards.ts	assetUrl	art/cards/neutral/cut_the_threads.webp	art/cards/neutral/cut_the_threads.webp	OK_inventory
apps/shared/tcg-core/cards/definitions/neutral/engine_demo_cards.ts	assetUrl	art/cards/neutral/tidewall.webp	art/cards/neutral/tidewall.webp	OK_inventory
apps/shared/tcg-core/cards/definitions/neutral/engine_demo_cards.ts	assetUrl	art/cards/neutral/witness_whose_time_has_come.webp	art/cards/neutral/witness_whose_time_has_come.webp	OK_inventory
apps/shared/tcg-core/cards/definitions/neutral/engine_demo_cards.ts	assetUrl	art/cards/neutral/honor_guard.webp	art/cards/neutral/honor_guard.webp	OK_inventory
apps/shared/tcg-core/cards/definitions/neutral/engine_demo_cards.ts	assetUrl	art/cards/neutral/wolfpack_initiate.webp	art/cards/neutral/wolfpack_initiate.webp	OK_inventory
apps/shared/tcg-core/cards/definitions/neutral/engine_demo_cards.ts	assetUrl	art/cards/neutral/phoenix_cadre.webp	art/cards/neutral/phoenix_cadre.webp	OK_inventory
apps/shared/tcg-core/cards/definitions/neutral/engine_demo_cards.ts	assetUrl	art/cards/neutral/the_reading_room.webp	art/cards/neutral/the_reading_room.webp	OK_inventory
apps/shared/tcg-core/cards/definitions/neutral/engine_demo_cards.ts	assetUrl	art/cards/neutral/the_watchtowers_eye.webp	art/cards/neutral/the_watchtowers_eye.webp	OK_inventory
apps/shared/tcg-core/cards/definitions/neutral/engine_demo_cards.ts	assetUrl	art/cards/neutral/the_hospitality_officer.webp	art/cards/neutral/the_hospitality_officer.webp	OK_inventory
apps/shared/tcg-core/cards/definitions/neutral/engine_demo_cards.ts	assetUrl	art/cards/neutral/the_anchor_of_kael.webp	art/cards/neutral/the_anchor_of_kael.webp	OK_inventory
apps/shared/tcg-core/cards/definitions/neutral/gen_game_master_original.ts	assetUrl	art/cards/neutral/the_game_master.webp	art/cards/neutral/the_game_master.webp	OK_inventory
apps/shared/tcg-core/cards/definitions/neutral/gen_neutral.ts	assetUrl	art/cards/gen_neutral.webp	art/cards/gen_neutral.webp	OK_inventory
apps/shared/tcg-core/cards/definitions/neutral/gen_programmer.ts	assetUrl	art/cards/neutral/the_programmer.webp	art/cards/neutral/the_programmer.webp	OK_inventory
apps/shared/tcg-core/cards/definitions/neutral/gen_seer.ts	assetUrl	art/cards/neutral/the_seer_visiting_fellow.webp	art/cards/neutral/the_seer_visiting_fellow.webp	OK_inventory
apps/shared/tcg-core/cards/definitions/neutral/house_oath_titles.ts	assetUrl	art/cards/neutral/the_sworn_pen.webp	art/cards/neutral/the_sworn_pen.webp	OK_inventory
apps/shared/tcg-core/cards/definitions/neutral/house_oath_titles.ts	assetUrl	art/cards/neutral/witness_of_the_quiet_year.webp	art/cards/neutral/witness_of_the_quiet_year.webp	OK_inventory
apps/shared/tcg-core/cards/definitions/neutral/s1_char_004_ambassador_veron.ts	assetUrl	art/cards/s1_char_004.webp	art/cards/s1_char_004.webp	OK_inventory
apps/shared/tcg-core/cards/definitions/neutral/s1_char_086_wandering_merchant.ts	assetUrl	art/cards/s1_char_086.webp	art/cards/s1_char_086.webp	OK_inventory
apps/shared/tcg-core/cards/definitions/neutral/s1_char_087_scrapyard_golem.ts	assetUrl	art/cards/s1_char_087.webp	art/cards/s1_char_087.webp	OK_inventory
apps/shared/tcg-core/cards/definitions/neutral/s1_char_088_field_medic.ts	assetUrl	art/cards/s1_char_088.webp	art/cards/s1_char_088.webp	OK_inventory
apps/shared/tcg-core/cards/definitions/neutral/s1_char_089_courier_sprite.ts	assetUrl	art/cards/s1_char_089.webp	art/cards/s1_char_089.webp	OK_inventory
apps/shared/tcg-core/cards/definitions/neutral/s1_char_090_hired_blade.ts	assetUrl	art/cards/s1_char_090.webp	art/cards/s1_char_090.webp	OK_inventory
apps/shared/tcg-core/cards/definitions/neutral/s1_char_091_border_scout.ts	assetUrl	art/cards/s1_char_091.webp	art/cards/s1_char_091.webp	OK_inventory
apps/shared/tcg-core/cards/definitions/neutral/s1_char_092_ruin_stalker.ts	assetUrl	art/cards/s1_char_092.webp	art/cards/s1_char_092.webp	OK_inventory
apps/shared/tcg-core/cards/definitions/neutral/s1_char_093_ironclad_veteran.ts	assetUrl	art/cards/s1_char_093.webp	art/cards/s1_char_093.webp	OK_inventory
apps/shared/tcg-core/cards/definitions/neutral/s1_pack_008_caravan_outrider.ts	assetUrl	art/cards/s1_pack_008.webp	art/cards/s1_pack_008.webp	OK_inventory
apps/shared/tcg-core/cards/definitions/neutral/s1_pack_043_void_crystal.ts	assetUrl	art/cards/s1_pack_043.webp	art/cards/s1_pack_043.webp	OK_inventory
apps/shared/tcg-core/cards/definitions/neutral/s1_pack_044_ark_defender.ts	assetUrl	art/cards/s1_pack_044.webp	art/cards/s1_pack_044.webp	OK_inventory
apps/shared/tcg-core/cards/definitions/neutral/s1_pack_045_universal_adapter.ts	assetUrl	art/cards/s1_pack_045.webp	art/cards/s1_pack_045.webp	OK_inventory
apps/shared/tcg-core/cards/definitions/neutral/s1_pack_046_dimensional_rift.ts	assetUrl	art/cards/s1_pack_046.webp	art/cards/s1_pack_046.webp	OK_inventory
apps/shared/tcg-core/cards/definitions/neutral/s1_pack_047_emergency_protocol.ts	assetUrl	art/cards/s1_pack_047.webp	art/cards/s1_pack_047.webp	OK_inventory
apps/shared/tcg-core/cards/definitions/neutral/s1_pack_048_elaras_final_gift.ts	assetUrl	art/cards/s1_pack_048.webp	art/cards/s1_pack_048.webp	OK_inventory
apps/shared/tcg-core/cards/definitions/neutral/s1_pack_049_the_inception.ts	assetUrl	art/cards/s1_pack_049.webp	art/cards/s1_pack_049.webp	OK_inventory
apps/shared/tcg-core/cards/definitions/neutral/s1_pack_cosm_badge_s1.ts	assetUrl	art/cards/s1_pack_cosm_badge_s1.webp	art/cards/s1_pack_cosm_badge_s1.webp	OK_inventory
apps/shared/tcg-core/cards/definitions/neutral/s1_pack_cosm_title_echo.ts	assetUrl	art/cards/s1_pack_cosm_title_echo.webp	art/cards/s1_pack_cosm_title_echo.webp	OK_inventory
apps/shared/tcg-core/cards/definitions/neutral/s1_pack_id_elara_advocate.ts	assetUrl	art/cards/s1_pack_id_elara_advocate.webp	art/cards/s1_pack_id_elara_advocate.webp	OK_inventory
apps/shared/tcg-core/cards/definitions/neutral/s1_pack_id_elara_panoptic.ts	assetUrl	art/cards/s1_pack_id_elara_panoptic.webp	art/cards/s1_pack_id_elara_panoptic.webp	OK_inventory
apps/shared/tcg-core/cards/definitions/neutral/s1_pack_id_elara_ship_ai.ts	assetUrl	art/cards/s1_pack_id_elara_ship_ai.webp	art/cards/s1_pack_id_elara_ship_ai.webp	OK_inventory
apps/shared/tcg-core/cards/definitions/neutral/s1_pack_id_human_detective.ts	assetUrl	art/cards/s1_pack_id_human_detective.webp	art/cards/s1_pack_id_human_detective.webp	OK_inventory
apps/shared/tcg-core/cards/definitions/neutral/s1_pack_id_human_student.ts	assetUrl	art/cards/s1_pack_id_human_student.webp	art/cards/s1_pack_id_human_student.webp	OK_inventory
apps/shared/tcg-core/cards/definitions/neutral/s1_pack_seed_gene.ts	assetUrl	art/cards/s1_pack_seed_gene.webp	art/cards/s1_pack_seed_gene.webp	OK_inventory
apps/shared/tcg-core/cards/definitions/neutral/s1_resurrect_005_eternal_pilgrim.ts	assetUrl	art/cards/neutral/eternal_pilgrim.webp	art/cards/neutral/eternal_pilgrim.webp	OK_inventory
apps/shared/tcg-core/cards/definitions/neutral/s1_reward_bonus_complete.ts	assetUrl	art/cards/s1_reward_bonus_complete.webp	art/cards/s1_reward_bonus_complete.webp	OK_inventory
apps/shared/tcg-core/cards/definitions/neutral/s1_reward_campaign_balanced.ts	assetUrl	art/cards/s1_reward_campaign_balanced.webp	art/cards/s1_reward_campaign_balanced.webp	OK_inventory
apps/shared/tcg-core/cards/definitions/neutral/s1_reward_campaign_empathy.ts	assetUrl	art/cards/s1_reward_campaign_empathy.webp	art/cards/s1_reward_campaign_empathy.webp	OK_inventory
apps/shared/tcg-core/cards/definitions/neutral/s1_reward_casino_jackpot.ts	assetUrl	art/cards/s1_reward_casino_jackpot.webp	art/cards/s1_reward_casino_jackpot.webp	OK_inventory
apps/shared/tcg-core/cards/definitions/neutral/s1_reward_casino_slots.ts	assetUrl	art/cards/s1_reward_casino_slots.webp	art/cards/s1_reward_casino_slots.webp	OK_inventory
apps/shared/tcg-core/cards/definitions/neutral/s1_reward_challenge_streak.ts	assetUrl	art/cards/s1_reward_challenge_streak.webp	art/cards/s1_reward_challenge_streak.webp	OK_inventory
apps/shared/tcg-core/cards/definitions/neutral/s1_reward_companion_all.ts	assetUrl	art/cards/s1_reward_companion_all.webp	art/cards/s1_reward_companion_all.webp	OK_inventory
apps/shared/tcg-core/cards/definitions/neutral/s1_reward_companion_elara.ts	assetUrl	art/cards/s1_reward_companion_elara.webp	art/cards/s1_reward_companion_elara.webp	OK_inventory
apps/shared/tcg-core/cards/definitions/neutral/s1_reward_companion_max.ts	assetUrl	art/cards/s1_reward_companion_max.webp	art/cards/s1_reward_companion_max.webp	OK_inventory
apps/shared/tcg-core/cards/definitions/neutral/s1_reward_crew_bloodline.ts	assetUrl	art/cards/s1_reward_crew_bloodline.webp	art/cards/s1_reward_crew_bloodline.webp	OK_inventory
apps/shared/tcg-core/cards/definitions/neutral/s1_reward_crew_incubator.ts	assetUrl	art/cards/s1_reward_crew_incubator.webp	art/cards/s1_reward_crew_incubator.webp	OK_inventory
apps/shared/tcg-core/cards/definitions/neutral/s1_reward_daily_streak.ts	assetUrl	art/cards/s1_reward_daily_streak.webp	art/cards/s1_reward_daily_streak.webp	OK_inventory
apps/shared/tcg-core/cards/definitions/neutral/s1_reward_draft_perfect.ts	assetUrl	art/cards/s1_reward_draft_perfect.webp	art/cards/s1_reward_draft_perfect.webp	OK_inventory
apps/shared/tcg-core/cards/definitions/neutral/s1_reward_draft_winner.ts	assetUrl	art/cards/s1_reward_draft_winner.webp	art/cards/s1_reward_draft_winner.webp	OK_inventory
apps/shared/tcg-core/cards/definitions/neutral/s1_reward_graduate_deploy.ts	assetUrl	art/cards/s1_reward_graduate_deploy.webp	art/cards/s1_reward_graduate_deploy.webp	OK_inventory
apps/shared/tcg-core/cards/definitions/neutral/s1_reward_graduate_master.ts	assetUrl	art/cards/s1_reward_graduate_master.webp	art/cards/s1_reward_graduate_master.webp	OK_inventory
apps/shared/tcg-core/cards/definitions/neutral/s1_reward_guild_founder.ts	assetUrl	art/cards/s1_reward_guild_founder.webp	art/cards/s1_reward_guild_founder.webp	OK_inventory
apps/shared/tcg-core/cards/definitions/neutral/s1_reward_guild_hall.ts	assetUrl	art/cards/s1_reward_guild_hall.webp	art/cards/s1_reward_guild_hall.webp	OK_inventory
apps/shared/tcg-core/cards/definitions/neutral/s1_reward_guild_officer.ts	assetUrl	art/cards/s1_reward_guild_officer.webp	art/cards/s1_reward_guild_officer.webp	OK_inventory
apps/shared/tcg-core/cards/definitions/neutral/s1_reward_pet_evolve.ts	assetUrl	art/cards/s1_reward_pet_evolve.webp	art/cards/s1_reward_pet_evolve.webp	OK_inventory
apps/shared/tcg-core/cards/definitions/neutral/s1_reward_pet_streak.ts	assetUrl	art/cards/s1_reward_pet_streak.webp	art/cards/s1_reward_pet_streak.webp	OK_inventory
apps/shared/tcg-core/cards/definitions/neutral/s1_reward_prestige_t1.ts	assetUrl	art/cards/s1_reward_prestige_t1.webp	art/cards/s1_reward_prestige_t1.webp	OK_inventory
apps/shared/tcg-core/cards/definitions/neutral/s1_reward_prestige_t3.ts	assetUrl	art/cards/s1_reward_prestige_t3.webp	art/cards/s1_reward_prestige_t3.webp	OK_inventory
apps/shared/tcg-core/cards/definitions/neutral/s1_reward_prestige_t5.ts	assetUrl	art/cards/s1_reward_prestige_t5.webp	art/cards/s1_reward_prestige_t5.webp	OK_inventory
apps/shared/tcg-core/cards/definitions/neutral/s1_reward_prestige_t7.ts	assetUrl	art/cards/s1_reward_prestige_t7.webp	art/cards/s1_reward_prestige_t7.webp	OK_inventory
apps/shared/tcg-core/cards/definitions/neutral/s1_reward_pvp_bronze.ts	assetUrl	art/cards/s1_reward_pvp_bronze.webp	art/cards/s1_reward_pvp_bronze.webp	OK_inventory
apps/shared/tcg-core/cards/definitions/neutral/s1_reward_pvp_diamond.ts	assetUrl	art/cards/s1_reward_pvp_diamond.webp	art/cards/s1_reward_pvp_diamond.webp	OK_inventory
apps/shared/tcg-core/cards/definitions/neutral/s1_reward_pvp_gold.ts	assetUrl	art/cards/s1_reward_pvp_gold.webp	art/cards/s1_reward_pvp_gold.webp	OK_inventory
apps/shared/tcg-core/cards/definitions/neutral/s1_reward_pvp_legend.ts	assetUrl	art/cards/s1_reward_pvp_legend.webp	art/cards/s1_reward_pvp_legend.webp	OK_inventory
apps/shared/tcg-core/cards/definitions/neutral/s1_reward_raid_boss.ts	assetUrl	art/cards/s1_reward_raid_boss.webp	art/cards/s1_reward_raid_boss.webp	OK_inventory
apps/shared/tcg-core/cards/definitions/neutral/s1_reward_raid_contrib.ts	assetUrl	art/cards/s1_reward_raid_contrib.webp	art/cards/s1_reward_raid_contrib.webp	OK_inventory
apps/shared/tcg-core/cards/definitions/neutral/s1_reward_raid_perfect.ts	assetUrl	art/cards/s1_reward_raid_perfect.webp	art/cards/s1_reward_raid_perfect.webp	OK_inventory
apps/shared/tcg-core/cards/definitions/neutral/s1_reward_seasonal_s1.ts	assetUrl	art/cards/s1_reward_seasonal_s1.webp	art/cards/s1_reward_seasonal_s1.webp	OK_inventory
apps/shared/tcg-core/cards/definitions/neutral/s1_reward_vote_t1_balanced.ts	assetUrl	art/cards/s1_reward_vote_t1_balanced.webp	art/cards/s1_reward_vote_t1_balanced.webp	OK_inventory
apps/shared/tcg-core/cards/definitions/neutral/s1_reward_vote_t1_empathy.ts	assetUrl	art/cards/s1_reward_vote_t1_empathy.webp	art/cards/s1_reward_vote_t1_empathy.webp	OK_inventory
apps/shared/tcg-core/cards/definitions/neutral/s1_reward_xmas_charity.ts	assetUrl	art/cards/s1_reward_xmas_charity.webp	art/cards/s1_reward_xmas_charity.webp	OK_inventory
apps/shared/tcg-core/cards/definitions/neutral/s1_reward_xmas_gift.ts	assetUrl	art/cards/s1_reward_xmas_gift.webp	art/cards/s1_reward_xmas_gift.webp	OK_inventory
apps/shared/tcg-core/cards/definitions/neutral/s1_song_059_lip_service.ts	assetUrl	art/cards/s1_song_059.webp	art/cards/s1_song_059.webp	OK_inventory
apps/shared/tcg-core/cards/definitions/neutral/s1_song_060_nonos.ts	assetUrl	art/cards/s1_song_060.webp	art/cards/s1_song_060.webp	OK_inventory
apps/shared/tcg-core/cards/definitions/neutral/s1_song_061_the_enigmas_lament.ts	assetUrl	art/cards/s1_song_061.webp	art/cards/s1_song_061.webp	OK_inventory
apps/shared/tcg-core/cards/definitions/neutral/s1_song_062_the_two_witnesses.ts	assetUrl	art/cards/s1_song_062.webp	art/cards/s1_song_062.webp	OK_inventory
apps/shared/tcg-core/cards/definitions/neutral/s1_song_063_building_the_architect.ts	assetUrl	art/cards/s1_song_063.webp	art/cards/s1_song_063.webp	OK_inventory
apps/shared/tcg-core/cards/definitions/neutral/s1_song_064_dischordian_logic.ts	assetUrl	art/cards/s1_song_064.webp	art/cards/s1_song_064.webp	OK_inventory
apps/shared/tcg-core/cards/definitions/neutral/s1_song_065_sixth_sense.ts	assetUrl	art/cards/s1_song_065.webp	art/cards/s1_song_065.webp	OK_inventory
apps/shared/tcg-core/cards/definitions/neutral/s1_song_066_the_book_of_daniel.ts	assetUrl	art/cards/s1_song_066.webp	art/cards/s1_song_066.webp	OK_inventory
apps/shared/tcg-core/cards/definitions/neutral/s1_song_070_traces_of_something_spiritual.ts	assetUrl	art/cards/s1_song_070.webp	art/cards/s1_song_070.webp	OK_inventory
apps/shared/tcg-core/cards/definitions/neutral/s1_song_079_shades_of_grey.ts	assetUrl	art/cards/s1_song_079.webp	art/cards/s1_song_079.webp	OK_inventory
apps/shared/tcg-core/cards/definitions/neutral/s1_song_084_judgment_day.ts	assetUrl	art/cards/s1_song_084.webp	art/cards/s1_song_084.webp	OK_inventory
apps/shared/tcg-core/cards/definitions/neutral/s1_spell_123_dischordian_logic.ts	assetUrl	art/cards/s1_spell_123.webp	art/cards/s1_spell_123.webp	OK_inventory
apps/shared/tcg-core/cards/definitions/neutral/s1_spell_124_ark_emergency_protocol.ts	assetUrl	art/cards/s1_spell_124.webp	art/cards/s1_spell_124.webp	OK_inventory
apps/shared/tcg-core/cards/definitions/new_babylon/gen_new_babylon.ts	assetUrl	art/cards/gen_new_babylon.webp	art/cards/gen_new_babylon.webp	OK_inventory
apps/shared/tcg-core/cards/definitions/new_babylon/s1_blast_005_audit_artillery.ts	assetUrl	art/cards/new_babylon/audit_artillery.webp	art/cards/new_babylon/audit_artillery.webp	OK_inventory
apps/shared/tcg-core/cards/definitions/new_babylon/s1_char_001_adjudicar_locke.ts	assetUrl	art/cards/s1_char_001.webp	art/cards/s1_char_001.webp	OK_inventory
apps/shared/tcg-core/cards/definitions/new_babylon/s1_char_003_akai_shi.ts	assetUrl	art/cards/s1_char_003.webp	art/cards/s1_char_003.webp	OK_inventory
apps/shared/tcg-core/cards/definitions/new_babylon/s1_char_020_the_authority.ts	assetUrl	art/cards/s1_char_020.webp	art/cards/s1_char_020.webp	OK_inventory
apps/shared/tcg-core/cards/definitions/new_babylon/s1_char_033_the_human.ts	assetUrl	art/cards/s1_char_033.webp	art/cards/s1_char_033.webp	OK_inventory
apps/shared/tcg-core/cards/definitions/new_babylon/s1_char_061_vexahlia_the_taskmaster.ts	assetUrl	art/cards/s1_char_061.webp	art/cards/s1_char_061.webp	OK_inventory
apps/shared/tcg-core/cards/definitions/new_babylon/s1_char_066_fenra_the_moon_tyrant.ts	assetUrl	art/cards/s1_char_066.webp	art/cards/s1_char_066.webp	OK_inventory
apps/shared/tcg-core/cards/definitions/new_babylon/s1_char_078_governor_thane.ts	assetUrl	art/cards/s1_char_078.webp	art/cards/s1_char_078.webp	OK_inventory
apps/shared/tcg-core/cards/definitions/new_babylon/s1_char_079_citadel_guardian.ts	assetUrl	art/cards/s1_char_079.webp	art/cards/s1_char_079.webp	OK_inventory
apps/shared/tcg-core/cards/definitions/new_babylon/s1_char_080_district_enforcer.ts	assetUrl	art/cards/s1_char_080.webp	art/cards/s1_char_080.webp	OK_inventory
apps/shared/tcg-core/cards/definitions/new_babylon/s1_char_081_tribunal_magistrate.ts	assetUrl	art/cards/s1_char_081.webp	art/cards/s1_char_081.webp	OK_inventory
apps/shared/tcg-core/cards/definitions/new_babylon/s1_char_082_spire_assassin.ts	assetUrl	art/cards/s1_char_082.webp	art/cards/s1_char_082.webp	OK_inventory
apps/shared/tcg-core/cards/definitions/new_babylon/s1_char_083_propaganda_herald.ts	assetUrl	art/cards/s1_char_083.webp	art/cards/s1_char_083.webp	OK_inventory
apps/shared/tcg-core/cards/definitions/new_babylon/s1_char_084_iron_decree.ts	assetUrl	art/cards/s1_char_084.webp	art/cards/s1_char_084.webp	OK_inventory
apps/shared/tcg-core/cards/definitions/new_babylon/s1_char_085_sector_warden.ts	assetUrl	art/cards/s1_char_085.webp	art/cards/s1_char_085.webp	OK_inventory
apps/shared/tcg-core/cards/definitions/new_babylon/s1_char_117_senator_voss.ts	assetUrl	art/cards/s1_char_117.webp	art/cards/s1_char_117.webp	OK_inventory
apps/shared/tcg-core/cards/definitions/new_babylon/s1_char_118_trade_enforcer.ts	assetUrl	art/cards/s1_char_118.webp	art/cards/s1_char_118.webp	OK_inventory
apps/shared/tcg-core/cards/definitions/new_babylon/s1_char_119_syndicate_broker.ts	assetUrl	art/cards/s1_char_119.webp	art/cards/s1_char_119.webp	OK_inventory
apps/shared/tcg-core/cards/definitions/new_babylon/s1_char_120_crystal_archive_guard.ts	assetUrl	art/cards/s1_char_120.webp	art/cards/s1_char_120.webp	OK_inventory
apps/shared/tcg-core/cards/definitions/new_babylon/s1_curve_005_compliance_watcher.ts	assetUrl	art/cards/new_babylon/compliance_watcher.webp	art/cards/new_babylon/compliance_watcher.webp	OK_inventory
apps/shared/tcg-core/cards/definitions/new_babylon/s1_curve_010_sector_magistrate.ts	assetUrl	art/cards/new_babylon/sector_magistrate.webp	art/cards/new_babylon/sector_magistrate.webp	OK_inventory
apps/shared/tcg-core/cards/definitions/new_babylon/s1_pack_029_hostile_takeover.ts	assetUrl	art/cards/s1_pack_029.webp	art/cards/s1_pack_029.webp	OK_inventory
apps/shared/tcg-core/cards/definitions/new_babylon/s1_pack_030_syndicate_enforcer.ts	assetUrl	art/cards/s1_pack_030.webp	art/cards/s1_pack_030.webp	OK_inventory
apps/shared/tcg-core/cards/definitions/new_babylon/s1_pack_031_crystal_senator.ts	assetUrl	art/cards/s1_pack_031.webp	art/cards/s1_pack_031.webp	OK_inventory
apps/shared/tcg-core/cards/definitions/new_babylon/s1_pack_032_market_crash.ts	assetUrl	art/cards/s1_pack_032.webp	art/cards/s1_pack_032.webp	OK_inventory
apps/shared/tcg-core/cards/definitions/new_babylon/s1_pack_033_debt_collector.ts	assetUrl	art/cards/s1_pack_033.webp	art/cards/s1_pack_033.webp	OK_inventory
apps/shared/tcg-core/cards/definitions/new_babylon/s1_pack_034_lockes_inner_circle.ts	assetUrl	art/cards/s1_pack_034.webp	art/cards/s1_pack_034.webp	OK_inventory
apps/shared/tcg-core/cards/definitions/new_babylon/s1_pack_035_trade_embargo.ts	assetUrl	art/cards/s1_pack_035.webp	art/cards/s1_pack_035.webp	OK_inventory
apps/shared/tcg-core/cards/definitions/new_babylon/s1_pack_seed_fighter.ts	assetUrl	art/cards/s1_pack_seed_fighter.webp	art/cards/s1_pack_seed_fighter.webp	OK_inventory
apps/shared/tcg-core/cards/definitions/new_babylon/s1_pack_seed_trade.ts	assetUrl	art/cards/s1_pack_seed_trade.webp	art/cards/s1_pack_seed_trade.webp	OK_inventory
apps/shared/tcg-core/cards/definitions/new_babylon/s1_reward_casino_high_roller.ts	assetUrl	art/cards/s1_reward_casino_high_roller.webp	art/cards/s1_reward_casino_high_roller.webp	OK_inventory
apps/shared/tcg-core/cards/definitions/new_babylon/s1_reward_casino_poker.ts	assetUrl	art/cards/s1_reward_casino_poker.webp	art/cards/s1_reward_casino_poker.webp	OK_inventory
apps/shared/tcg-core/cards/definitions/new_babylon/s1_reward_casino_vip.ts	assetUrl	art/cards/s1_reward_casino_vip.webp	art/cards/s1_reward_casino_vip.webp	OK_inventory
apps/shared/tcg-core/cards/definitions/new_babylon/s1_reward_class_soldier.ts	assetUrl	art/cards/s1_reward_class_soldier.webp	art/cards/s1_reward_class_soldier.webp	OK_inventory
apps/shared/tcg-core/cards/definitions/new_babylon/s1_reward_companion_locke.ts	assetUrl	art/cards/s1_reward_companion_locke.webp	art/cards/s1_reward_companion_locke.webp	OK_inventory
apps/shared/tcg-core/cards/definitions/new_babylon/s1_reward_eidolon_auros.ts	assetUrl	art/cards/s1_reward_eidolon_auros.webp	art/cards/s1_reward_eidolon_auros.webp	OK_inventory
apps/shared/tcg-core/cards/definitions/new_babylon/s1_reward_guild_territory.ts	assetUrl	art/cards/s1_reward_guild_territory.webp	art/cards/s1_reward_guild_territory.webp	OK_inventory
apps/shared/tcg-core/cards/definitions/new_babylon/s1_reward_guild_victory.ts	assetUrl	art/cards/s1_reward_guild_victory.webp	art/cards/s1_reward_guild_victory.webp	OK_inventory
apps/shared/tcg-core/cards/definitions/new_babylon/s1_reward_syndicate_build.ts	assetUrl	art/cards/s1_reward_syndicate_build.webp	art/cards/s1_reward_syndicate_build.webp	OK_inventory
apps/shared/tcg-core/cards/definitions/new_babylon/s1_reward_syndicate_empire.ts	assetUrl	art/cards/s1_reward_syndicate_empire.webp	art/cards/s1_reward_syndicate_empire.webp	OK_inventory
apps/shared/tcg-core/cards/definitions/new_babylon/s1_reward_trade_act1.ts	assetUrl	art/cards/s1_reward_trade_act1.webp	art/cards/s1_reward_trade_act1.webp	OK_inventory
apps/shared/tcg-core/cards/definitions/new_babylon/s1_reward_trade_act2.ts	assetUrl	art/cards/s1_reward_trade_act2.webp	art/cards/s1_reward_trade_act2.webp	OK_inventory
apps/shared/tcg-core/cards/definitions/new_babylon/s1_reward_trade_empire.ts	assetUrl	art/cards/s1_reward_trade_empire.webp	art/cards/s1_reward_trade_empire.webp	OK_inventory
apps/shared/tcg-core/cards/definitions/new_babylon/s1_reward_trade_tycoon.ts	assetUrl	art/cards/s1_reward_trade_tycoon.webp	art/cards/s1_reward_trade_tycoon.webp	OK_inventory
apps/shared/tcg-core/cards/definitions/new_babylon/s1_spell_116_blood_tax.ts	assetUrl	art/cards/s1_spell_116.webp	art/cards/s1_spell_116.webp	OK_inventory
apps/shared/tcg-core/cards/definitions/new_babylon/s1_spell_117_market_manipulation.ts	assetUrl	art/cards/s1_spell_117.webp	art/cards/s1_spell_117.webp	OK_inventory
apps/shared/tcg-core/cards/definitions/new_babylon/s1_spell_118_syndicate_contract.ts	assetUrl	art/cards/s1_spell_118.webp	art/cards/s1_spell_118.webp	OK_inventory
apps/shared/tcg-core/cards/definitions/new_babylon/s1_spell_119_hostile_acquisition.ts	assetUrl	art/cards/s1_spell_119.webp	art/cards/s1_spell_119.webp	OK_inventory
apps/shared/tcg-core/cards/definitions/new_babylon/s1_spell_224_tax_collector.ts	assetUrl	art/cards/s1_spell_224.webp	art/cards/s1_spell_224.webp	OK_inventory
apps/shared/tcg-core/cards/definitions/new_babylon/s1_spell_225_bounty_notice.ts	assetUrl	art/cards/s1_spell_225.webp	art/cards/s1_spell_225.webp	OK_inventory
apps/shared/tcg-core/cards/definitions/new_babylon/s1_spell_226_crystal_vault.ts	assetUrl	art/cards/s1_spell_226.webp	art/cards/s1_spell_226.webp	OK_inventory
apps/shared/tcg-core/cards/definitions/new_babylon/s1_spell_227_leveraged_buyout.ts	assetUrl	art/cards/s1_spell_227.webp	art/cards/s1_spell_227.webp	OK_inventory
apps/shared/tcg-core/cards/definitions/new_babylon/s1_spell_228_economic_sanctions.ts	assetUrl	art/cards/s1_spell_228.webp	art/cards/s1_spell_228.webp	OK_inventory
apps/shared/tcg-core/cards/definitions/new_babylon/s1_spell_229_liquidation_sale.ts	assetUrl	art/cards/s1_spell_229.webp	art/cards/s1_spell_229.webp	OK_inventory
apps/shared/tcg-core/cards/definitions/new_babylon/s1_struct_004_audit_tower.ts	assetUrl	art/cards/new_babylon/audit_tower.webp	art/cards/new_babylon/audit_tower.webp	OK_inventory
apps/shared/tcg-core/cards/definitions/new_babylon/s1_zeal_005_compliance_zealot.ts	assetUrl	art/cards/new_babylon/compliance_zealot.webp	art/cards/new_babylon/compliance_zealot.webp	OK_inventory
apps/shared/tcg-core/cards/definitions/panopticon/s1_char_050_warden_prime.ts	assetUrl	art/cards/s1_char_050.webp	art/cards/s1_char_050.webp	OK_inventory
apps/shared/tcg-core/cards/definitions/panopticon/s1_char_051_oculus_sentinel.ts	assetUrl	art/cards/s1_char_051.webp	art/cards/s1_char_051.webp	OK_inventory
apps/shared/tcg-core/cards/definitions/panopticon/s1_char_052_compliance_officer.ts	assetUrl	art/cards/s1_char_052.webp	art/cards/s1_char_052.webp	OK_inventory
apps/shared/tcg-core/cards/definitions/panopticon/s1_char_053_data_harvester.ts	assetUrl	art/cards/s1_char_053.webp	art/cards/s1_char_053.webp	OK_inventory
apps/shared/tcg-core/cards/definitions/panopticon/s1_char_054_panoptic_drone.ts	assetUrl	art/cards/s1_char_054.webp	art/cards/s1_char_054.webp	OK_inventory
apps/shared/tcg-core/cards/definitions/panopticon/s1_char_055_thought_censor.ts	assetUrl	art/cards/s1_char_055.webp	art/cards/s1_char_055.webp	OK_inventory
apps/shared/tcg-core/cards/definitions/panopticon/s1_char_056_registry_clerk.ts	assetUrl	art/cards/s1_char_056.webp	art/cards/s1_char_056.webp	OK_inventory
apps/shared/tcg-core/cards/definitions/panopticon/s1_char_057_blacksite_interrogator.ts	assetUrl	art/cards/s1_char_057.webp	art/cards/s1_char_057.webp	OK_inventory
apps/shared/tcg-core/cards/definitions/panopticon/s1_resurrect_004_undying_witness.ts	assetUrl	art/cards/panopticon/undying_witness.webp	art/cards/panopticon/undying_witness.webp	OK_inventory
apps/shared/tcg-core/cards/definitions/panopticon/s2_watcher_001_l_signature.ts	assetUrl	art/cards/panopticon/l_signature.webp	art/cards/panopticon/l_signature.webp	OK_inventory
apps/shared/tcg-core/cards/definitions/panopticon/s2_watcher_002_the_coordinators_dossier.ts	assetUrl	art/cards/panopticon/the_coordinators_dossier.webp	art/cards/panopticon/the_coordinators_dossier.webp	OK_inventory
apps/shared/tcg-core/cards/definitions/panopticon/s2_watcher_003_now_you_are_ours.ts	assetUrl	art/cards/panopticon/now_you_are_ours.webp	art/cards/panopticon/now_you_are_ours.webp	OK_inventory
apps/shared/tcg-core/cards/definitions/race/demagi.ts	assetUrl	art/cards/race/demagi_foot_soldier.webp	art/cards/race/demagi_foot_soldier.webp	OK_inventory
apps/shared/tcg-core/cards/definitions/race/demagi.ts	assetUrl	art/cards/race/demagi_war_priest.webp	art/cards/race/demagi_war_priest.webp	OK_inventory
apps/shared/tcg-core/cards/definitions/race/demagi.ts	assetUrl	art/cards/race/demagi_xethraal_archlord.webp	art/cards/race/demagi_xethraal_archlord.webp	OK_inventory
apps/shared/tcg-core/cards/definitions/race/human.ts	assetUrl	art/cards/race/human_citizen_of_atarion.webp	art/cards/race/human_citizen_of_atarion.webp	OK_inventory
apps/shared/tcg-core/cards/definitions/race/human.ts	assetUrl	art/cards/race/human_senate_legionary.webp	art/cards/race/human_senate_legionary.webp	OK_inventory
apps/shared/tcg-core/cards/definitions/race/human.ts	assetUrl	art/cards/race/human_final_potential.webp	art/cards/race/human_final_potential.webp	OK_inventory
apps/shared/tcg-core/cards/definitions/race/neyon.ts	assetUrl	art/cards/race/neyon_adept.webp	art/cards/race/neyon_adept.webp	OK_inventory
apps/shared/tcg-core/cards/definitions/race/neyon.ts	assetUrl	art/cards/race/neyon_bondwalker.webp	art/cards/race/neyon_bondwalker.webp	OK_inventory
apps/shared/tcg-core/cards/definitions/race/neyon.ts	assetUrl	art/cards/race/neyon_kael_first.webp	art/cards/race/neyon_kael_first.webp	OK_inventory
apps/shared/tcg-core/cards/definitions/race/quarchon.ts	assetUrl	art/cards/race/quarchon_latticework.webp	art/cards/race/quarchon_latticework.webp	OK_inventory
apps/shared/tcg-core/cards/definitions/race/quarchon.ts	assetUrl	art/cards/race/quarchon_archivist.webp	art/cards/race/quarchon_archivist.webp	OK_inventory
apps/shared/tcg-core/cards/definitions/race/quarchon.ts	assetUrl	art/cards/race/quarchon_crystal_senator.webp	art/cards/race/quarchon_crystal_senator.webp	OK_inventory
apps/shared/tcg-core/cards/definitions/race/synthetic.ts	assetUrl	art/cards/race/synthetic_worker.webp	art/cards/race/synthetic_worker.webp	OK_inventory
apps/shared/tcg-core/cards/definitions/race/synthetic.ts	assetUrl	art/cards/race/synthetic_watchtower.webp	art/cards/race/synthetic_watchtower.webp	OK_inventory
apps/shared/tcg-core/cards/definitions/race/synthetic.ts	assetUrl	art/cards/race/synthetic_loyal_instrument.webp	art/cards/race/synthetic_loyal_instrument.webp	OK_inventory
apps/shared/tcg-core/cards/definitions/s1_pack2/allegiance.ts	assetUrl	art/cards/allegiance/antiquarian_apprentice_t1.webp	art/cards/allegiance/antiquarian_apprentice_t1.webp	OK_inventory
apps/shared/tcg-core/cards/definitions/s1_pack2/allegiance.ts	assetUrl	art/cards/allegiance/antiquarian_archivekeeper_t5.webp	art/cards/allegiance/antiquarian_archivekeeper_t5.webp	OK_inventory
apps/shared/tcg-core/cards/definitions/s1_pack2/allegiance.ts	assetUrl	art/cards/allegiance/antiquarian_champion_t6.webp	art/cards/allegiance/antiquarian_champion_t6.webp	OK_inventory
apps/shared/tcg-core/cards/definitions/s1_pack2/allegiance.ts	assetUrl	art/cards/allegiance/antiquarian_curator_t3.webp	art/cards/allegiance/antiquarian_curator_t3.webp	OK_inventory
apps/shared/tcg-core/cards/definitions/s1_pack2/allegiance.ts	assetUrl	art/cards/allegiance/antiquarian_lorekeeper_t4.webp	art/cards/allegiance/antiquarian_lorekeeper_t4.webp	OK_inventory
apps/shared/tcg-core/cards/definitions/s1_pack2/allegiance.ts	assetUrl	art/cards/allegiance/antiquarian_scholar_t2.webp	art/cards/allegiance/antiquarian_scholar_t2.webp	OK_inventory
apps/shared/tcg-core/cards/definitions/s1_pack2/allegiance.ts	assetUrl	art/cards/allegiance/architect_champion_t6.webp	art/cards/allegiance/architect_champion_t6.webp	OK_inventory
apps/shared/tcg-core/cards/definitions/s1_pack2/allegiance.ts	assetUrl	art/cards/allegiance/architect_elite_t5.webp	art/cards/allegiance/architect_elite_t5.webp	OK_inventory
apps/shared/tcg-core/cards/definitions/s1_pack2/allegiance.ts	assetUrl	art/cards/allegiance/architect_initiate_t1.webp	art/cards/allegiance/architect_initiate_t1.webp	OK_inventory
apps/shared/tcg-core/cards/definitions/s1_pack2/allegiance.ts	assetUrl	art/cards/allegiance/architect_servant_t2.webp	art/cards/allegiance/architect_servant_t2.webp	OK_inventory
apps/shared/tcg-core/cards/definitions/s1_pack2/allegiance.ts	assetUrl	art/cards/allegiance/architect_veteran_t3.webp	art/cards/allegiance/architect_veteran_t3.webp	OK_inventory
apps/shared/tcg-core/cards/definitions/s1_pack2/allegiance.ts	assetUrl	art/cards/allegiance/architect_victorious_t4.webp	art/cards/allegiance/architect_victorious_t4.webp	OK_inventory
apps/shared/tcg-core/cards/definitions/s1_pack2/allegiance.ts	assetUrl	art/cards/allegiance/babylon_champion_t6.webp	art/cards/allegiance/babylon_champion_t6.webp	OK_inventory
apps/shared/tcg-core/cards/definitions/s1_pack2/allegiance.ts	assetUrl	art/cards/allegiance/babylon_clerk_t1.webp	art/cards/allegiance/babylon_clerk_t1.webp	OK_inventory
apps/shared/tcg-core/cards/definitions/s1_pack2/allegiance.ts	assetUrl	art/cards/allegiance/babylon_governor_t5.webp	art/cards/allegiance/babylon_governor_t5.webp	OK_inventory
apps/shared/tcg-core/cards/definitions/s1_pack2/allegiance.ts	assetUrl	art/cards/allegiance/babylon_magistrate_t2.webp	art/cards/allegiance/babylon_magistrate_t2.webp	OK_inventory
apps/shared/tcg-core/cards/definitions/s1_pack2/allegiance.ts	assetUrl	art/cards/allegiance/babylon_senator_t4.webp	art/cards/allegiance/babylon_senator_t4.webp	OK_inventory
apps/shared/tcg-core/cards/definitions/s1_pack2/allegiance.ts	assetUrl	art/cards/allegiance/babylon_tax_collector_t3.webp	art/cards/allegiance/babylon_tax_collector_t3.webp	OK_inventory
apps/shared/tcg-core/cards/definitions/s1_pack2/allegiance.ts	assetUrl	art/cards/allegiance/dreamer_acolyte_t1.webp	art/cards/allegiance/dreamer_acolyte_t1.webp	OK_inventory
apps/shared/tcg-core/cards/definitions/s1_pack2/allegiance.ts	assetUrl	art/cards/allegiance/dreamer_champion_t6.webp	art/cards/allegiance/dreamer_champion_t6.webp	OK_inventory
apps/shared/tcg-core/cards/definitions/s1_pack2/allegiance.ts	assetUrl	art/cards/allegiance/dreamer_dreamwalker_t5.webp	art/cards/allegiance/dreamer_dreamwalker_t5.webp	OK_inventory
apps/shared/tcg-core/cards/definitions/s1_pack2/allegiance.ts	assetUrl	art/cards/allegiance/dreamer_prophet_t4.webp	art/cards/allegiance/dreamer_prophet_t4.webp	OK_inventory
apps/shared/tcg-core/cards/definitions/s1_pack2/allegiance.ts	assetUrl	art/cards/allegiance/dreamer_seer_t2.webp	art/cards/allegiance/dreamer_seer_t2.webp	OK_inventory
apps/shared/tcg-core/cards/definitions/s1_pack2/allegiance.ts	assetUrl	art/cards/allegiance/dreamer_visionary_t3.webp	art/cards/allegiance/dreamer_visionary_t3.webp	OK_inventory
apps/shared/tcg-core/cards/definitions/s1_pack2/allegiance.ts	assetUrl	art/cards/allegiance/insurgency_cell_leader_t3.webp	art/cards/allegiance/insurgency_cell_leader_t3.webp	OK_inventory
apps/shared/tcg-core/cards/definitions/s1_pack2/allegiance.ts	assetUrl	art/cards/allegiance/insurgency_champion_t6.webp	art/cards/allegiance/insurgency_champion_t6.webp	OK_inventory
apps/shared/tcg-core/cards/definitions/s1_pack2/allegiance.ts	assetUrl	art/cards/allegiance/insurgency_commander_t4.webp	art/cards/allegiance/insurgency_commander_t4.webp	OK_inventory
apps/shared/tcg-core/cards/definitions/s1_pack2/allegiance.ts	assetUrl	art/cards/allegiance/insurgency_operative_t2.webp	art/cards/allegiance/insurgency_operative_t2.webp	OK_inventory
apps/shared/tcg-core/cards/definitions/s1_pack2/allegiance.ts	assetUrl	art/cards/allegiance/insurgency_recruit_t1.webp	art/cards/allegiance/insurgency_recruit_t1.webp	OK_inventory
apps/shared/tcg-core/cards/definitions/s1_pack2/allegiance.ts	assetUrl	art/cards/allegiance/insurgency_warlord_t5.webp	art/cards/allegiance/insurgency_warlord_t5.webp	OK_inventory
apps/shared/tcg-core/cards/definitions/s1_pack2/allegiance.ts	assetUrl	art/cards/allegiance/thought_virus_carrier_t1.webp	art/cards/allegiance/thought_virus_carrier_t1.webp	OK_inventory
apps/shared/tcg-core/cards/definitions/s1_pack2/allegiance.ts	assetUrl	art/cards/allegiance/thought_virus_champion_t6.webp	art/cards/allegiance/thought_virus_champion_t6.webp	OK_inventory
apps/shared/tcg-core/cards/definitions/s1_pack2/allegiance.ts	assetUrl	art/cards/allegiance/thought_virus_evangelist_t2.webp	art/cards/allegiance/thought_virus_evangelist_t2.webp	OK_inventory
apps/shared/tcg-core/cards/definitions/s1_pack2/allegiance.ts	assetUrl	art/cards/allegiance/thought_virus_prime_vessel_t5.webp	art/cards/allegiance/thought_virus_prime_vessel_t5.webp	OK_inventory
apps/shared/tcg-core/cards/definitions/s1_pack2/allegiance.ts	assetUrl	art/cards/allegiance/thought_virus_strain_keeper_t3.webp	art/cards/allegiance/thought_virus_strain_keeper_t3.webp	OK_inventory
apps/shared/tcg-core/cards/definitions/s1_pack2/allegiance.ts	assetUrl	art/cards/allegiance/thought_virus_vector_t4.webp	art/cards/allegiance/thought_virus_vector_t4.webp	OK_inventory
apps/shared/tcg-core/cards/definitions/s1_pack2/antiquarian.ts	assetUrl	art/cards/antiquarian/age_ender.webp	art/cards/antiquarian/age_ender.webp	OK_inventory
apps/shared/tcg-core/cards/definitions/s1_pack2/antiquarian.ts	assetUrl	art/cards/antiquarian/age_of_reckoning.webp	art/cards/antiquarian/age_of_reckoning.webp	OK_inventory
apps/shared/tcg-core/cards/definitions/s1_pack2/antiquarian.ts	assetUrl	art/cards/antiquarian/age_of_silence.webp	art/cards/antiquarian/age_of_silence.webp	OK_inventory
apps/shared/tcg-core/cards/definitions/s1_pack2/antiquarian.ts	assetUrl	art/cards/antiquarian/age_walker.webp	art/cards/antiquarian/age_walker.webp	OK_inventory
apps/shared/tcg-core/cards/definitions/s1_pack2/antiquarian.ts	assetUrl	art/cards/antiquarian/antiquarians_referendum.webp	art/cards/antiquarian/antiquarians_referendum.webp	OK_inventory
apps/shared/tcg-core/cards/definitions/s1_pack2/antiquarian.ts	assetUrl	art/cards/antiquarian/archaeological_dig.webp	art/cards/antiquarian/archaeological_dig.webp	OK_inventory
apps/shared/tcg-core/cards/definitions/s1_pack2/antiquarian.ts	assetUrl	art/cards/antiquarian/chrono_anchor.webp	art/cards/antiquarian/chrono_anchor.webp	OK_inventory
apps/shared/tcg-core/cards/definitions/s1_pack2/antiquarian.ts	assetUrl	art/cards/antiquarian/chrono_blade.webp	art/cards/antiquarian/chrono_blade.webp	OK_inventory
apps/shared/tcg-core/cards/definitions/s1_pack2/antiquarian.ts	assetUrl	art/cards/antiquarian/chronoguard_sentinel.webp	art/cards/antiquarian/chronoguard_sentinel.webp	OK_inventory
apps/shared/tcg-core/cards/definitions/s1_pack2/antiquarian.ts	assetUrl	art/cards/antiquarian/chronosplicer.webp	art/cards/antiquarian/chronosplicer.webp	OK_inventory
apps/shared/tcg-core/cards/definitions/s1_pack2/antiquarian.ts	assetUrl	art/cards/antiquarian/complete_archive.webp	art/cards/antiquarian/complete_archive.webp	OK_inventory
apps/shared/tcg-core/cards/definitions/s1_pack2/antiquarian.ts	assetUrl	art/cards/antiquarian/epoch_rewind.webp	art/cards/antiquarian/epoch_rewind.webp	OK_inventory
apps/shared/tcg-core/cards/definitions/s1_pack2/antiquarian.ts	assetUrl	art/cards/antiquarian/epoch_walker.webp	art/cards/antiquarian/epoch_walker.webp	OK_inventory
apps/shared/tcg-core/cards/definitions/s1_pack2/antiquarian.ts	assetUrl	art/cards/antiquarian/epoch_watcher.webp	art/cards/antiquarian/epoch_watcher.webp	OK_inventory
apps/shared/tcg-core/cards/definitions/s1_pack2/antiquarian.ts	assetUrl	art/cards/antiquarian/era_guardian.webp	art/cards/antiquarian/era_guardian.webp	OK_inventory
apps/shared/tcg-core/cards/definitions/s1_pack2/antiquarian.ts	assetUrl	art/cards/antiquarian/era_shift.webp	art/cards/antiquarian/era_shift.webp	OK_inventory
apps/shared/tcg-core/cards/definitions/s1_pack2/antiquarian.ts	assetUrl	art/cards/antiquarian/fossil_record.webp	art/cards/antiquarian/fossil_record.webp	OK_inventory
apps/shared/tcg-core/cards/definitions/s1_pack2/antiquarian.ts	assetUrl	art/cards/antiquarian/fossil_sentinel.webp	art/cards/antiquarian/fossil_sentinel.webp	OK_inventory
apps/shared/tcg-core/cards/definitions/s1_pack2/antiquarian.ts	assetUrl	art/cards/antiquarian/hourglass_golem.webp	art/cards/antiquarian/hourglass_golem.webp	OK_inventory
apps/shared/tcg-core/cards/definitions/s1_pack2/antiquarian.ts	assetUrl	art/cards/antiquarian/knowledge_keeper.webp	art/cards/antiquarian/knowledge_keeper.webp	OK_inventory
apps/shared/tcg-core/cards/definitions/s1_pack2/antiquarian.ts	assetUrl	art/cards/antiquarian/memory_splice.webp	art/cards/antiquarian/memory_splice.webp	OK_inventory
apps/shared/tcg-core/cards/definitions/s1_pack2/antiquarian.ts	assetUrl	art/cards/antiquarian/memory_thief.webp	art/cards/antiquarian/memory_thief.webp	OK_inventory
apps/shared/tcg-core/cards/definitions/s1_pack2/antiquarian.ts	assetUrl	art/cards/antiquarian/paradox_acolyte.webp	art/cards/antiquarian/paradox_acolyte.webp	OK_inventory
apps/shared/tcg-core/cards/definitions/s1_pack2/antiquarian.ts	assetUrl	art/cards/antiquarian/preservation_field.webp	art/cards/antiquarian/preservation_field.webp	OK_inventory
apps/shared/tcg-core/cards/definitions/s1_pack2/antiquarian.ts	assetUrl	art/cards/antiquarian/questmaster.webp	art/cards/antiquarian/questmaster.webp	OK_inventory
apps/shared/tcg-core/cards/definitions/s1_pack2/antiquarian.ts	assetUrl	art/cards/antiquarian/relic_keeper.webp	art/cards/antiquarian/relic_keeper.webp	OK_inventory
apps/shared/tcg-core/cards/definitions/s1_pack2/antiquarian.ts	assetUrl	art/cards/antiquarian/relic_scholar.webp	art/cards/antiquarian/relic_scholar.webp	OK_inventory
apps/shared/tcg-core/cards/definitions/s1_pack2/antiquarian.ts	assetUrl	art/cards/antiquarian/stoic_guardian.webp	art/cards/antiquarian/stoic_guardian.webp	OK_inventory
apps/shared/tcg-core/cards/definitions/s1_pack2/antiquarian.ts	assetUrl	art/cards/antiquarian/temporal_archivist.webp	art/cards/antiquarian/temporal_archivist.webp	OK_inventory
apps/shared/tcg-core/cards/definitions/s1_pack2/antiquarian.ts	assetUrl	art/cards/antiquarian/temporal_collapse.webp	art/cards/antiquarian/temporal_collapse.webp	OK_inventory
apps/shared/tcg-core/cards/definitions/s1_pack2/antiquarian.ts	assetUrl	art/cards/antiquarian/temporal_fracture.webp	art/cards/antiquarian/temporal_fracture.webp	OK_inventory
apps/shared/tcg-core/cards/definitions/s1_pack2/antiquarian.ts	assetUrl	art/cards/antiquarian/the_antiquarian_general.webp	art/cards/antiquarian/the_antiquarian_general.webp	OK_inventory
apps/shared/tcg-core/cards/definitions/s1_pack2/antiquarian.ts	assetUrl	art/cards/antiquarian/the_antiquarian_legendary.webp	art/cards/antiquarian/the_antiquarian_legendary.webp	OK_inventory
apps/shared/tcg-core/cards/definitions/s1_pack2/antiquarian.ts	assetUrl	art/cards/antiquarian/the_archivist_supreme.webp	art/cards/antiquarian/the_archivist_supreme.webp	OK_inventory
apps/shared/tcg-core/cards/definitions/s1_pack2/antiquarian.ts	assetUrl	art/cards/antiquarian/the_programmer.webp	art/cards/antiquarian/the_programmer.webp	OK_inventory
apps/shared/tcg-core/cards/definitions/s1_pack2/antiquarian.ts	assetUrl	art/cards/antiquarian/time_capsule.webp	art/cards/antiquarian/time_capsule.webp	OK_inventory
apps/shared/tcg-core/cards/definitions/s1_pack2/antiquarian.ts	assetUrl	art/cards/antiquarian/timeline_collapse.webp	art/cards/antiquarian/timeline_collapse.webp	OK_inventory
apps/shared/tcg-core/cards/definitions/s1_pack2/antiquarian.ts	assetUrl	art/cards/antiquarian/timeline_splitter.webp	art/cards/antiquarian/timeline_splitter.webp	OK_inventory
apps/shared/tcg-core/cards/definitions/s1_pack2/antiquarian.ts	assetUrl	art/cards/antiquarian/vaccine_protocol.webp	art/cards/antiquarian/vaccine_protocol.webp	OK_inventory
apps/shared/tcg-core/cards/definitions/s1_pack2/architect.ts	assetUrl	art/cards/architect/architects_mandate.webp	art/cards/architect/architects_mandate.webp	OK_inventory
apps/shared/tcg-core/cards/definitions/s1_pack2/architect.ts	assetUrl	art/cards/architect/architects_mockery.webp	art/cards/architect/architects_mockery.webp	OK_inventory
apps/shared/tcg-core/cards/definitions/s1_pack2/architect.ts	assetUrl	art/cards/architect/architects_schematic.webp	art/cards/architect/architects_schematic.webp	OK_inventory
apps/shared/tcg-core/cards/definitions/s1_pack2/architect.ts	assetUrl	art/cards/architect/archive_wyrm.webp	art/cards/architect/archive_wyrm.webp	OK_inventory
apps/shared/tcg-core/cards/definitions/s1_pack2/architect.ts	assetUrl	art/cards/architect/arena_architect.webp	art/cards/architect/arena_architect.webp	OK_inventory
apps/shared/tcg-core/cards/definitions/s1_pack2/architect.ts	assetUrl	art/cards/architect/arena_enforcer.webp	art/cards/architect/arena_enforcer.webp	OK_inventory
apps/shared/tcg-core/cards/definitions/s1_pack2/architect.ts	assetUrl	art/cards/architect/arena_protocol.webp	art/cards/architect/arena_protocol.webp	OK_inventory
apps/shared/tcg-core/cards/definitions/s1_pack2/architect.ts	assetUrl	art/cards/architect/bronze_scarab.webp	art/cards/architect/bronze_scarab.webp	OK_inventory
apps/shared/tcg-core/cards/definitions/s1_pack2/architect.ts	assetUrl	art/cards/architect/calculated_checkmate.webp	art/cards/architect/calculated_checkmate.webp	OK_inventory
apps/shared/tcg-core/cards/definitions/s1_pack2/architect.ts	assetUrl	art/cards/architect/calculated_retreat.webp	art/cards/architect/calculated_retreat.webp	OK_inventory
apps/shared/tcg-core/cards/definitions/s1_pack2/architect.ts	assetUrl	art/cards/architect/chrome_archon.webp	art/cards/architect/chrome_archon.webp	OK_inventory
apps/shared/tcg-core/cards/definitions/s1_pack2/architect.ts	assetUrl	art/cards/architect/cipher_logics_edge.webp	art/cards/architect/cipher_logics_edge.webp	OK_inventory
apps/shared/tcg-core/cards/definitions/s1_pack2/architect.ts	assetUrl	art/cards/architect/cipher_serpent.webp	art/cards/architect/cipher_serpent.webp	OK_inventory
apps/shared/tcg-core/cards/definitions/s1_pack2/architect.ts	assetUrl	art/cards/architect/collectors_trophy.webp	art/cards/architect/collectors_trophy.webp	OK_inventory
apps/shared/tcg-core/cards/definitions/s1_pack2/architect.ts	assetUrl	art/cards/architect/corrupted_ark_fragment.webp	art/cards/architect/corrupted_ark_fragment.webp	OK_inventory
apps/shared/tcg-core/cards/definitions/s1_pack2/architect.ts	assetUrl	art/cards/architect/data_hatchling.webp	art/cards/architect/data_hatchling.webp	OK_inventory
apps/shared/tcg-core/cards/definitions/s1_pack2/architect.ts	assetUrl	art/cards/architect/dr_lyra_vox.webp	art/cards/architect/dr_lyra_vox.webp	OK_inventory
apps/shared/tcg-core/cards/definitions/s1_pack2/architect.ts	assetUrl	art/cards/architect/game_masters_challenge.webp	art/cards/architect/game_masters_challenge.webp	OK_inventory
apps/shared/tcg-core/cards/definitions/s1_pack2/architect.ts	assetUrl	art/cards/architect/general_alarik.webp	art/cards/architect/general_alarik.webp	OK_inventory
apps/shared/tcg-core/cards/definitions/s1_pack2/architect.ts	assetUrl	art/cards/architect/general_binath_vii.webp	art/cards/architect/general_binath_vii.webp	OK_inventory
apps/shared/tcg-core/cards/definitions/s1_pack2/architect.ts	assetUrl	art/cards/architect/general_prometheus.webp	art/cards/architect/general_prometheus.webp	OK_inventory
apps/shared/tcg-core/cards/definitions/s1_pack2/architect.ts	assetUrl	art/cards/architect/gilt_juggernaut.webp	art/cards/architect/gilt_juggernaut.webp	OK_inventory
apps/shared/tcg-core/cards/definitions/s1_pack2/architect.ts	assetUrl	art/cards/architect/grand_design.webp	art/cards/architect/grand_design.webp	OK_inventory
apps/shared/tcg-core/cards/definitions/s1_pack2/architect.ts	assetUrl	art/cards/architect/grandmasters_gambit.webp	art/cards/architect/grandmasters_gambit.webp	OK_inventory
apps/shared/tcg-core/cards/definitions/s1_pack2/architect.ts	assetUrl	art/cards/architect/inception_ark_sentry.webp	art/cards/architect/inception_ark_sentry.webp	OK_inventory
apps/shared/tcg-core/cards/definitions/s1_pack2/architect.ts	assetUrl	art/cards/architect/iron_beetle.webp	art/cards/architect/iron_beetle.webp	OK_inventory
apps/shared/tcg-core/cards/definitions/s1_pack2/architect.ts	assetUrl	art/cards/architect/master_engineer.webp	art/cards/architect/master_engineer.webp	OK_inventory
apps/shared/tcg-core/cards/definitions/s1_pack2/architect.ts	assetUrl	art/cards/architect/master_of_rlyeh.webp	art/cards/architect/master_of_rlyeh.webp	OK_inventory
apps/shared/tcg-core/cards/definitions/s1_pack2/architect.ts	assetUrl	art/cards/architect/module_integration.webp	art/cards/architect/module_integration.webp	OK_inventory
apps/shared/tcg-core/cards/definitions/s1_pack2/architect.ts	assetUrl	art/cards/architect/panoptic_elara.webp	art/cards/architect/panoptic_elara.webp	OK_inventory
apps/shared/tcg-core/cards/definitions/s1_pack2/architect.ts	assetUrl	art/cards/architect/panoptic_lockdown.webp	art/cards/architect/panoptic_lockdown.webp	OK_inventory
apps/shared/tcg-core/cards/definitions/s1_pack2/architect.ts	assetUrl	art/cards/architect/panoptic_warden_foucault.webp	art/cards/architect/panoptic_warden_foucault.webp	OK_inventory
apps/shared/tcg-core/cards/definitions/s1_pack2/architect.ts	assetUrl	art/cards/architect/panopticon_override.webp	art/cards/architect/panopticon_override.webp	OK_inventory
apps/shared/tcg-core/cards/definitions/s1_pack2/architect.ts	assetUrl	art/cards/architect/pazaak_champion.webp	art/cards/architect/pazaak_champion.webp	OK_inventory
apps/shared/tcg-core/cards/definitions/s1_pack2/architect.ts	assetUrl	art/cards/architect/perfect_clone.webp	art/cards/architect/perfect_clone.webp	OK_inventory
apps/shared/tcg-core/cards/definitions/s1_pack2/architect.ts	assetUrl	art/cards/architect/predetermined_outcome.webp	art/cards/architect/predetermined_outcome.webp	OK_inventory
apps/shared/tcg-core/cards/definitions/s1_pack2/architect.ts	assetUrl	art/cards/architect/protocol_enforcer.webp	art/cards/architect/protocol_enforcer.webp	OK_inventory
apps/shared/tcg-core/cards/definitions/s1_pack2/architect.ts	assetUrl	art/cards/architect/protocol_override.webp	art/cards/architect/protocol_override.webp	OK_inventory
apps/shared/tcg-core/cards/definitions/s1_pack2/architect.ts	assetUrl	art/cards/architect/recursive_calibration.webp	art/cards/architect/recursive_calibration.webp	OK_inventory
apps/shared/tcg-core/cards/definitions/s1_pack2/architect.ts	assetUrl	art/cards/architect/schematic_override.webp	art/cards/architect/schematic_override.webp	OK_inventory
apps/shared/tcg-core/cards/definitions/s1_pack2/architect.ts	assetUrl	art/cards/architect/schematic_sentinel.webp	art/cards/architect/schematic_sentinel.webp	OK_inventory
apps/shared/tcg-core/cards/definitions/s1_pack2/architect.ts	assetUrl	art/cards/architect/senator_elara_voss.webp	art/cards/architect/senator_elara_voss.webp	OK_inventory
apps/shared/tcg-core/cards/definitions/s1_pack2/architect.ts	assetUrl	art/cards/architect/station_commander.webp	art/cards/architect/station_commander.webp	OK_inventory
apps/shared/tcg-core/cards/definitions/s1_pack2/architect.ts	assetUrl	art/cards/architect/surveillance_probe.webp	art/cards/architect/surveillance_probe.webp	OK_inventory
apps/shared/tcg-core/cards/definitions/s1_pack2/architect.ts	assetUrl	art/cards/architect/system_purge.webp	art/cards/architect/system_purge.webp	OK_inventory
apps/shared/tcg-core/cards/definitions/s1_pack2/architect.ts	assetUrl	art/cards/architect/terminus_bulwark.webp	art/cards/architect/terminus_bulwark.webp	OK_inventory
apps/shared/tcg-core/cards/definitions/s1_pack2/architect.ts	assetUrl	art/cards/architect/the_architect_general.webp	art/cards/architect/the_architect_general.webp	OK_inventory
apps/shared/tcg-core/cards/definitions/s1_pack2/architect.ts	assetUrl	art/cards/architect/the_architect_legendary.webp	art/cards/architect/the_architect_legendary.webp	OK_inventory
apps/shared/tcg-core/cards/definitions/s1_pack2/architect.ts	assetUrl	art/cards/architect/the_authority.webp	art/cards/architect/the_authority.webp	OK_inventory
apps/shared/tcg-core/cards/definitions/s1_pack2/architect.ts	assetUrl	art/cards/architect/the_collector_battle.webp	art/cards/architect/the_collector_battle.webp	OK_inventory
apps/shared/tcg-core/cards/definitions/s1_pack2/architect.ts	assetUrl	art/cards/architect/the_collector_puppet.webp	art/cards/architect/the_collector_puppet.webp	OK_inventory
apps/shared/tcg-core/cards/definitions/s1_pack2/architect.ts	assetUrl	art/cards/architect/the_conexus.webp	art/cards/architect/the_conexus.webp	OK_inventory
apps/shared/tcg-core/cards/definitions/s1_pack2/architect.ts	assetUrl	art/cards/architect/the_detective_architect.webp	art/cards/architect/the_detective_architect.webp	OK_inventory
apps/shared/tcg-core/cards/definitions/s1_pack2/architect.ts	assetUrl	art/cards/architect/the_game_master.webp	art/cards/architect/the_game_master.webp	OK_inventory
apps/shared/tcg-core/cards/definitions/s1_pack2/architect.ts	assetUrl	art/cards/architect/the_humans_trust.webp	art/cards/architect/the_humans_trust.webp	OK_inventory
apps/shared/tcg-core/cards/definitions/s1_pack2/architect.ts	assetUrl	art/cards/architect/the_jailer_architect.webp	art/cards/architect/the_jailer_architect.webp	OK_inventory
apps/shared/tcg-core/cards/definitions/s1_pack2/architect.ts	assetUrl	art/cards/architect/the_meme.webp	art/cards/architect/the_meme.webp	OK_inventory
apps/shared/tcg-core/cards/definitions/s1_pack2/architect.ts	assetUrl	art/cards/architect/the_necromancer_architect.webp	art/cards/architect/the_necromancer_architect.webp	OK_inventory
apps/shared/tcg-core/cards/definitions/s1_pack2/architect.ts	assetUrl	art/cards/architect/the_politician.webp	art/cards/architect/the_politician.webp	OK_inventory
apps/shared/tcg-core/cards/definitions/s1_pack2/architect.ts	assetUrl	art/cards/architect/the_twelfth_archon.webp	art/cards/architect/the_twelfth_archon.webp	OK_inventory
apps/shared/tcg-core/cards/definitions/s1_pack2/architect.ts	assetUrl	art/cards/architect/three_moves.webp	art/cards/architect/three_moves.webp	OK_inventory
apps/shared/tcg-core/cards/definitions/s1_pack2/architect.ts	assetUrl	art/cards/architect/white_oracle.webp	art/cards/architect/white_oracle.webp	OK_inventory
apps/shared/tcg-core/cards/definitions/s1_pack2/class.ts	assetUrl	art/cards/class/akai_shi_first_apprentice.webp	art/cards/class/akai_shi_first_apprentice.webp	OK_inventory
apps/shared/tcg-core/cards/definitions/s1_pack2/class.ts	assetUrl	art/cards/class/auspex.webp	art/cards/class/auspex.webp	OK_inventory
apps/shared/tcg-core/cards/definitions/s1_pack2/class.ts	assetUrl	art/cards/class/burn_the_handler.webp	art/cards/class/burn_the_handler.webp	OK_inventory
apps/shared/tcg-core/cards/definitions/s1_pack2/class.ts	assetUrl	art/cards/class/cover_name.webp	art/cards/class/cover_name.webp	OK_inventory
apps/shared/tcg-core/cards/definitions/s1_pack2/class.ts	assetUrl	art/cards/class/dead_drop.webp	art/cards/class/dead_drop.webp	OK_inventory
apps/shared/tcg-core/cards/definitions/s1_pack2/class.ts	assetUrl	art/cards/class/dual_discipline.webp	art/cards/class/dual_discipline.webp	OK_inventory
apps/shared/tcg-core/cards/definitions/s1_pack2/class.ts	assetUrl	art/cards/class/engineers_apprentice.webp	art/cards/class/engineers_apprentice.webp	OK_inventory
apps/shared/tcg-core/cards/definitions/s1_pack2/class.ts	assetUrl	art/cards/class/execute_protocol.webp	art/cards/class/execute_protocol.webp	OK_inventory
apps/shared/tcg-core/cards/definitions/s1_pack2/class.ts	assetUrl	art/cards/class/field_modification.webp	art/cards/class/field_modification.webp	OK_inventory
apps/shared/tcg-core/cards/definitions/s1_pack2/class.ts	assetUrl	art/cards/class/five_schools_avatar.webp	art/cards/class/five_schools_avatar.webp	OK_inventory
apps/shared/tcg-core/cards/definitions/s1_pack2/class.ts	assetUrl	art/cards/class/glass_blade_initiate.webp	art/cards/class/glass_blade_initiate.webp	OK_inventory
apps/shared/tcg-core/cards/definitions/s1_pack2/class.ts	assetUrl	art/cards/class/hybrid_initiate.webp	art/cards/class/hybrid_initiate.webp	OK_inventory
apps/shared/tcg-core/cards/definitions/s1_pack2/class.ts	assetUrl	art/cards/class/iron_vanguard.webp	art/cards/class/iron_vanguard.webp	OK_inventory
apps/shared/tcg-core/cards/definitions/s1_pack2/class.ts	assetUrl	art/cards/class/kinetic_containment_sink.webp	art/cards/class/kinetic_containment_sink.webp	OK_inventory
apps/shared/tcg-core/cards/definitions/s1_pack2/class.ts	assetUrl	art/cards/class/last_regiment_standing.webp	art/cards/class/last_regiment_standing.webp	OK_inventory
apps/shared/tcg-core/cards/definitions/s1_pack2/class.ts	assetUrl	art/cards/class/line_recruit.webp	art/cards/class/line_recruit.webp	OK_inventory
apps/shared/tcg-core/cards/definitions/s1_pack2/class.ts	assetUrl	art/cards/class/oracles_unbroken_signal.webp	art/cards/class/oracles_unbroken_signal.webp	OK_inventory
apps/shared/tcg-core/cards/definitions/s1_pack2/class.ts	assetUrl	art/cards/class/prescient_glyph.webp	art/cards/class/prescient_glyph.webp	OK_inventory
apps/shared/tcg-core/cards/definitions/s1_pack2/class.ts	assetUrl	art/cards/class/prototype_blueprint.webp	art/cards/class/prototype_blueprint.webp	OK_inventory
apps/shared/tcg-core/cards/definitions/s1_pack2/class.ts	assetUrl	art/cards/class/rally_the_line.webp	art/cards/class/rally_the_line.webp	OK_inventory
apps/shared/tcg-core/cards/definitions/s1_pack2/class.ts	assetUrl	art/cards/class/reader_of_tomorrows.webp	art/cards/class/reader_of_tomorrows.webp	OK_inventory
apps/shared/tcg-core/cards/definitions/s1_pack2/class.ts	assetUrl	art/cards/class/second_sight.webp	art/cards/class/second_sight.webp	OK_inventory
apps/shared/tcg-core/cards/definitions/s1_pack2/class.ts	assetUrl	art/cards/class/shieldwall.webp	art/cards/class/shieldwall.webp	OK_inventory
apps/shared/tcg-core/cards/definitions/s1_pack2/class.ts	assetUrl	art/cards/class/signal_ghost.webp	art/cards/class/signal_ghost.webp	OK_inventory
apps/shared/tcg-core/cards/definitions/s1_pack2/class.ts	assetUrl	art/cards/class/silent_step.webp	art/cards/class/silent_step.webp	OK_inventory
apps/shared/tcg-core/cards/definitions/s1_pack2/class.ts	assetUrl	art/cards/class/syncretic_adept.webp	art/cards/class/syncretic_adept.webp	OK_inventory
apps/shared/tcg-core/cards/definitions/s1_pack2/class.ts	assetUrl	art/cards/class/three_schools_master.webp	art/cards/class/three_schools_master.webp	OK_inventory
apps/shared/tcg-core/cards/definitions/s1_pack2/class.ts	assetUrl	art/cards/class/twelfth_archon_apprentice.webp	art/cards/class/twelfth_archon_apprentice.webp	OK_inventory
apps/shared/tcg-core/cards/definitions/s1_pack2/class.ts	assetUrl	art/cards/class/witness_remover.webp	art/cards/class/witness_remover.webp	OK_inventory
apps/shared/tcg-core/cards/definitions/s1_pack2/class.ts	assetUrl	art/cards/class/workshop_drone.webp	art/cards/class/workshop_drone.webp	OK_inventory
apps/shared/tcg-core/cards/definitions/s1_pack2/dimension.ts	assetUrl	art/cards/dimension/bayes_adept.webp	art/cards/dimension/bayes_adept.webp	OK_inventory
apps/shared/tcg-core/cards/definitions/s1_pack2/dimension.ts	assetUrl	art/cards/dimension/cartographer_of_elsewhere.webp	art/cards/dimension/cartographer_of_elsewhere.webp	OK_inventory
apps/shared/tcg-core/cards/definitions/s1_pack2/dimension.ts	assetUrl	art/cards/dimension/consensus_weaver.webp	art/cards/dimension/consensus_weaver.webp	OK_inventory
apps/shared/tcg-core/cards/definitions/s1_pack2/dimension.ts	assetUrl	art/cards/dimension/folded_distance.webp	art/cards/dimension/folded_distance.webp	OK_inventory
apps/shared/tcg-core/cards/definitions/s1_pack2/dimension.ts	assetUrl	art/cards/dimension/ground_truth_witness.webp	art/cards/dimension/ground_truth_witness.webp	OK_inventory
apps/shared/tcg-core/cards/definitions/s1_pack2/dimension.ts	assetUrl	art/cards/dimension/hour_unmaker.webp	art/cards/dimension/hour_unmaker.webp	OK_inventory
apps/shared/tcg-core/cards/definitions/s1_pack2/dimension.ts	assetUrl	art/cards/dimension/loop_walker.webp	art/cards/dimension/loop_walker.webp	OK_inventory
apps/shared/tcg-core/cards/definitions/s1_pack2/dimension.ts	assetUrl	art/cards/dimension/moment_keeper.webp	art/cards/dimension/moment_keeper.webp	OK_inventory
apps/shared/tcg-core/cards/definitions/s1_pack2/dimension.ts	assetUrl	art/cards/dimension/outcome_gambler.webp	art/cards/dimension/outcome_gambler.webp	OK_inventory
apps/shared/tcg-core/cards/definitions/s1_pack2/dimension.ts	assetUrl	art/cards/dimension/parallax_walker.webp	art/cards/dimension/parallax_walker.webp	OK_inventory
apps/shared/tcg-core/cards/definitions/s1_pack2/dimension.ts	assetUrl	art/cards/dimension/sum_over_histories.webp	art/cards/dimension/sum_over_histories.webp	OK_inventory
apps/shared/tcg-core/cards/definitions/s1_pack2/dimension.ts	assetUrl	art/cards/dimension/thing_actually_happening.webp	art/cards/dimension/thing_actually_happening.webp	OK_inventory
apps/shared/tcg-core/cards/definitions/s1_pack2/dreamer.ts	assetUrl	art/cards/dreamer/arcane_monarch.webp	art/cards/dreamer/arcane_monarch.webp	OK_inventory
apps/shared/tcg-core/cards/definitions/s1_pack2/dreamer.ts	assetUrl	art/cards/dreamer/astral_warden.webp	art/cards/dreamer/astral_warden.webp	OK_inventory
apps/shared/tcg-core/cards/definitions/s1_pack2/dreamer.ts	assetUrl	art/cards/dreamer/awakened_neyon.webp	art/cards/dreamer/awakened_neyon.webp	OK_inventory
apps/shared/tcg-core/cards/definitions/s1_pack2/dreamer.ts	assetUrl	art/cards/dreamer/chrono_kitten.webp	art/cards/dreamer/chrono_kitten.webp	OK_inventory
apps/shared/tcg-core/cards/definitions/s1_pack2/dreamer.ts	assetUrl	art/cards/dreamer/dawn_ascendant.webp	art/cards/dreamer/dawn_ascendant.webp	OK_inventory
apps/shared/tcg-core/cards/definitions/s1_pack2/dreamer.ts	assetUrl	art/cards/dreamer/destiny.webp	art/cards/dreamer/destiny.webp	OK_inventory
apps/shared/tcg-core/cards/definitions/s1_pack2/dreamer.ts	assetUrl	art/cards/dreamer/dream_sentinel.webp	art/cards/dreamer/dream_sentinel.webp	OK_inventory
apps/shared/tcg-core/cards/definitions/s1_pack2/dreamer.ts	assetUrl	art/cards/dreamer/dream_walk.webp	art/cards/dreamer/dream_walk.webp	OK_inventory
apps/shared/tcg-core/cards/definitions/s1_pack2/dreamer.ts	assetUrl	art/cards/dreamer/dream_weave.webp	art/cards/dreamer/dream_weave.webp	OK_inventory
apps/shared/tcg-core/cards/definitions/s1_pack2/dreamer.ts	assetUrl	art/cards/dreamer/echoes_of_the_fall.webp	art/cards/dreamer/echoes_of_the_fall.webp	OK_inventory
apps/shared/tcg-core/cards/definitions/s1_pack2/dreamer.ts	assetUrl	art/cards/dreamer/entropy_roll.webp	art/cards/dreamer/entropy_roll.webp	OK_inventory
apps/shared/tcg-core/cards/definitions/s1_pack2/dreamer.ts	assetUrl	art/cards/dreamer/epoch_panther.webp	art/cards/dreamer/epoch_panther.webp	OK_inventory
apps/shared/tcg-core/cards/definitions/s1_pack2/dreamer.ts	assetUrl	art/cards/dreamer/fates_edge.webp	art/cards/dreamer/fates_edge.webp	OK_inventory
apps/shared/tcg-core/cards/definitions/s1_pack2/dreamer.ts	assetUrl	art/cards/dreamer/fox_kit.webp	art/cards/dreamer/fox_kit.webp	OK_inventory
apps/shared/tcg-core/cards/definitions/s1_pack2/dreamer.ts	assetUrl	art/cards/dreamer/glyph_larva.webp	art/cards/dreamer/glyph_larva.webp	OK_inventory
apps/shared/tcg-core/cards/definitions/s1_pack2/dreamer.ts	assetUrl	art/cards/dreamer/golden_prophecy_shard.webp	art/cards/dreamer/golden_prophecy_shard.webp	OK_inventory
apps/shared/tcg-core/cards/definitions/s1_pack2/dreamer.ts	assetUrl	art/cards/dreamer/holographic_apex_fox.webp	art/cards/dreamer/holographic_apex_fox.webp	OK_inventory
apps/shared/tcg-core/cards/definitions/s1_pack2/dreamer.ts	assetUrl	art/cards/dreamer/investigators_lens.webp	art/cards/dreamer/investigators_lens.webp	OK_inventory
apps/shared/tcg-core/cards/definitions/s1_pack2/dreamer.ts	assetUrl	art/cards/dreamer/lucid_clarity.webp	art/cards/dreamer/lucid_clarity.webp	OK_inventory
apps/shared/tcg-core/cards/definitions/s1_pack2/dreamer.ts	assetUrl	art/cards/dreamer/lux_the_light.webp	art/cards/dreamer/lux_the_light.webp	OK_inventory
apps/shared/tcg-core/cards/definitions/s1_pack2/dreamer.ts	assetUrl	art/cards/dreamer/master_oracle.webp	art/cards/dreamer/master_oracle.webp	OK_inventory
apps/shared/tcg-core/cards/definitions/s1_pack2/dreamer.ts	assetUrl	art/cards/dreamer/minds_eye.webp	art/cards/dreamer/minds_eye.webp	OK_inventory
apps/shared/tcg-core/cards/definitions/s1_pack2/dreamer.ts	assetUrl	art/cards/dreamer/nythera.webp	art/cards/dreamer/nythera.webp	OK_inventory
apps/shared/tcg-core/cards/definitions/s1_pack2/dreamer.ts	assetUrl	art/cards/dreamer/oracles_blessing.webp	art/cards/dreamer/oracles_blessing.webp	OK_inventory
apps/shared/tcg-core/cards/definitions/s1_pack2/dreamer.ts	assetUrl	art/cards/dreamer/oracles_memory_fragment.webp	art/cards/dreamer/oracles_memory_fragment.webp	OK_inventory
apps/shared/tcg-core/cards/definitions/s1_pack2/dreamer.ts	assetUrl	art/cards/dreamer/oracles_wrath.webp	art/cards/dreamer/oracles_wrath.webp	OK_inventory
apps/shared/tcg-core/cards/definitions/s1_pack2/dreamer.ts	assetUrl	art/cards/dreamer/precognition.webp	art/cards/dreamer/precognition.webp	OK_inventory
apps/shared/tcg-core/cards/definitions/s1_pack2/dreamer.ts	assetUrl	art/cards/dreamer/probability_storm.webp	art/cards/dreamer/probability_storm.webp	OK_inventory
apps/shared/tcg-core/cards/definitions/s1_pack2/dreamer.ts	assetUrl	art/cards/dreamer/probability_surge.webp	art/cards/dreamer/probability_surge.webp	OK_inventory
apps/shared/tcg-core/cards/definitions/s1_pack2/dreamer.ts	assetUrl	art/cards/dreamer/prophecy_incarnate.webp	art/cards/dreamer/prophecy_incarnate.webp	OK_inventory
apps/shared/tcg-core/cards/definitions/s1_pack2/dreamer.ts	assetUrl	art/cards/dreamer/prophecy_keeper.webp	art/cards/dreamer/prophecy_keeper.webp	OK_inventory
apps/shared/tcg-core/cards/definitions/s1_pack2/dreamer.ts	assetUrl	art/cards/dreamer/prophetic_collapse.webp	art/cards/dreamer/prophetic_collapse.webp	OK_inventory
apps/shared/tcg-core/cards/definitions/s1_pack2/dreamer.ts	assetUrl	art/cards/dreamer/reality_anchor.webp	art/cards/dreamer/reality_anchor.webp	OK_inventory
apps/shared/tcg-core/cards/definitions/s1_pack2/dreamer.ts	assetUrl	art/cards/dreamer/reality_fracture.webp	art/cards/dreamer/reality_fracture.webp	OK_inventory
apps/shared/tcg-core/cards/definitions/s1_pack2/dreamer.ts	assetUrl	art/cards/dreamer/resurrection_protocol.webp	art/cards/dreamer/resurrection_protocol.webp	OK_inventory
apps/shared/tcg-core/cards/definitions/s1_pack2/dreamer.ts	assetUrl	art/cards/dreamer/sigil_moth.webp	art/cards/dreamer/sigil_moth.webp	OK_inventory
apps/shared/tcg-core/cards/definitions/s1_pack2/dreamer.ts	assetUrl	art/cards/dreamer/signal_bearer.webp	art/cards/dreamer/signal_bearer.webp	OK_inventory
apps/shared/tcg-core/cards/definitions/s1_pack2/dreamer.ts	assetUrl	art/cards/dreamer/spectral_fox.webp	art/cards/dreamer/spectral_fox.webp	OK_inventory
apps/shared/tcg-core/cards/definitions/s1_pack2/dreamer.ts	assetUrl	art/cards/dreamer/starlight_familiar.webp	art/cards/dreamer/starlight_familiar.webp	OK_inventory
apps/shared/tcg-core/cards/definitions/s1_pack2/dreamer.ts	assetUrl	art/cards/dreamer/temporal_cat.webp	art/cards/dreamer/temporal_cat.webp	OK_inventory
apps/shared/tcg-core/cards/definitions/s1_pack2/dreamer.ts	assetUrl	art/cards/dreamer/the_advocate.webp	art/cards/dreamer/the_advocate.webp	OK_inventory
apps/shared/tcg-core/cards/definitions/s1_pack2/dreamer.ts	assetUrl	art/cards/dreamer/the_ascended_oracle.webp	art/cards/dreamer/the_ascended_oracle.webp	OK_inventory
apps/shared/tcg-core/cards/definitions/s1_pack2/dreamer.ts	assetUrl	art/cards/dreamer/the_degen.webp	art/cards/dreamer/the_degen.webp	OK_inventory
apps/shared/tcg-core/cards/definitions/s1_pack2/dreamer.ts	assetUrl	art/cards/dreamer/the_dreamer_general.webp	art/cards/dreamer/the_dreamer_general.webp	OK_inventory
apps/shared/tcg-core/cards/definitions/s1_pack2/dreamer.ts	assetUrl	art/cards/dreamer/the_dreamer_legendary.webp	art/cards/dreamer/the_dreamer_legendary.webp	OK_inventory
apps/shared/tcg-core/cards/definitions/s1_pack2/dreamer.ts	assetUrl	art/cards/dreamer/the_enigma_epic.webp	art/cards/dreamer/the_enigma_epic.webp	OK_inventory
apps/shared/tcg-core/cards/definitions/s1_pack2/dreamer.ts	assetUrl	art/cards/dreamer/the_enigma_legendary.webp	art/cards/dreamer/the_enigma_legendary.webp	OK_inventory
apps/shared/tcg-core/cards/definitions/s1_pack2/dreamer.ts	assetUrl	art/cards/dreamer/the_forgotten.webp	art/cards/dreamer/the_forgotten.webp	OK_inventory
apps/shared/tcg-core/cards/definitions/s1_pack2/dreamer.ts	assetUrl	art/cards/dreamer/the_inventor.webp	art/cards/dreamer/the_inventor.webp	OK_inventory
apps/shared/tcg-core/cards/definitions/s1_pack2/dreamer.ts	assetUrl	art/cards/dreamer/the_judge.webp	art/cards/dreamer/the_judge.webp	OK_inventory
apps/shared/tcg-core/cards/definitions/s1_pack2/dreamer.ts	assetUrl	art/cards/dreamer/the_knowledge.webp	art/cards/dreamer/the_knowledge.webp	OK_inventory
apps/shared/tcg-core/cards/definitions/s1_pack2/dreamer.ts	assetUrl	art/cards/dreamer/the_oracle_dreamer.webp	art/cards/dreamer/the_oracle_dreamer.webp	OK_inventory
apps/shared/tcg-core/cards/definitions/s1_pack2/dreamer.ts	assetUrl	art/cards/dreamer/the_oracle_prophet.webp	art/cards/dreamer/the_oracle_prophet.webp	OK_inventory
apps/shared/tcg-core/cards/definitions/s1_pack2/dreamer.ts	assetUrl	art/cards/dreamer/the_prisoner.webp	art/cards/dreamer/the_prisoner.webp	OK_inventory
apps/shared/tcg-core/cards/definitions/s1_pack2/dreamer.ts	assetUrl	art/cards/dreamer/the_resurrectionist.webp	art/cards/dreamer/the_resurrectionist.webp	OK_inventory
apps/shared/tcg-core/cards/definitions/s1_pack2/dreamer.ts	assetUrl	art/cards/dreamer/the_seer.webp	art/cards/dreamer/the_seer.webp	OK_inventory
apps/shared/tcg-core/cards/definitions/s1_pack2/dreamer.ts	assetUrl	art/cards/dreamer/top_floor_door.webp	art/cards/dreamer/top_floor_door.webp	OK_inventory
apps/shared/tcg-core/cards/definitions/s1_pack2/dreamer.ts	assetUrl	art/cards/dreamer/vision_cascade.webp	art/cards/dreamer/vision_cascade.webp	OK_inventory
apps/shared/tcg-core/cards/definitions/s1_pack2/dreamer.ts	assetUrl	art/cards/dreamer/vision_walker.webp	art/cards/dreamer/vision_walker.webp	OK_inventory
apps/shared/tcg-core/cards/definitions/s1_pack2/dreamer.ts	assetUrl	art/cards/dreamer/vision_weaver.webp	art/cards/dreamer/vision_weaver.webp	OK_inventory
apps/shared/tcg-core/cards/definitions/s1_pack2/dreamer.ts	assetUrl	art/cards/dreamer/vortex_seal.webp	art/cards/dreamer/vortex_seal.webp	OK_inventory
apps/shared/tcg-core/cards/definitions/s1_pack2/dreamer.ts	assetUrl	art/cards/dreamer/vortex_walker.webp	art/cards/dreamer/vortex_walker.webp	OK_inventory
apps/shared/tcg-core/cards/definitions/s1_pack2/element.ts	assetUrl	art/cards/element/abyssal_form.webp	art/cards/element/abyssal_form.webp	OK_inventory
apps/shared/tcg-core/cards/definitions/s1_pack2/element.ts	assetUrl	art/cards/element/blaze_lancer.webp	art/cards/element/blaze_lancer.webp	OK_inventory
apps/shared/tcg-core/cards/definitions/s1_pack2/element.ts	assetUrl	art/cards/element/breath_before_language.webp	art/cards/element/breath_before_language.webp	OK_inventory
apps/shared/tcg-core/cards/definitions/s1_pack2/element.ts	assetUrl	art/cards/element/breeze_whisper.webp	art/cards/element/breeze_whisper.webp	OK_inventory
apps/shared/tcg-core/cards/definitions/s1_pack2/element.ts	assetUrl	art/cards/element/conflagration.webp	art/cards/element/conflagration.webp	OK_inventory
apps/shared/tcg-core/cards/definitions/s1_pack2/element.ts	assetUrl	art/cards/element/cyclone_herald.webp	art/cards/element/cyclone_herald.webp	OK_inventory
apps/shared/tcg-core/cards/definitions/s1_pack2/element.ts	assetUrl	art/cards/element/dissolving_wave.webp	art/cards/element/dissolving_wave.webp	OK_inventory
apps/shared/tcg-core/cards/definitions/s1_pack2/element.ts	assetUrl	art/cards/element/ember_scout.webp	art/cards/element/ember_scout.webp	OK_inventory
apps/shared/tcg-core/cards/definitions/s1_pack2/element.ts	assetUrl	art/cards/element/gale_chorus.webp	art/cards/element/gale_chorus.webp	OK_inventory
apps/shared/tcg-core/cards/definitions/s1_pack2/element.ts	assetUrl	art/cards/element/mercy_current.webp	art/cards/element/mercy_current.webp	OK_inventory
apps/shared/tcg-core/cards/definitions/s1_pack2/element.ts	assetUrl	art/cards/element/mountain_vow.webp	art/cards/element/mountain_vow.webp	OK_inventory
apps/shared/tcg-core/cards/definitions/s1_pack2/element.ts	assetUrl	art/cards/element/ocean_that_forgives.webp	art/cards/element/ocean_that_forgives.webp	OK_inventory
apps/shared/tcg-core/cards/definitions/s1_pack2/element.ts	assetUrl	art/cards/element/rooted_sentinel.webp	art/cards/element/rooted_sentinel.webp	OK_inventory
apps/shared/tcg-core/cards/definitions/s1_pack2/element.ts	assetUrl	art/cards/element/skyrider.webp	art/cards/element/skyrider.webp	OK_inventory
apps/shared/tcg-core/cards/definitions/s1_pack2/element.ts	assetUrl	art/cards/element/slate_golem.webp	art/cards/element/slate_golem.webp	OK_inventory
apps/shared/tcg-core/cards/definitions/s1_pack2/element.ts	assetUrl	art/cards/element/sleeping_continent.webp	art/cards/element/sleeping_continent.webp	OK_inventory
apps/shared/tcg-core/cards/definitions/s1_pack2/element.ts	assetUrl	art/cards/element/spark_fragment.webp	art/cards/element/spark_fragment.webp	OK_inventory
apps/shared/tcg-core/cards/definitions/s1_pack2/element.ts	assetUrl	art/cards/element/tectonic_warden.webp	art/cards/element/tectonic_warden.webp	OK_inventory
apps/shared/tcg-core/cards/definitions/s1_pack2/element.ts	assetUrl	art/cards/element/the_first_flame.webp	art/cards/element/the_first_flame.webp	OK_inventory
apps/shared/tcg-core/cards/definitions/s1_pack2/element.ts	assetUrl	art/cards/element/tide_keeper.webp	art/cards/element/tide_keeper.webp	OK_inventory
apps/shared/tcg-core/cards/definitions/s1_pack2/insurgency.ts	assetUrl	art/cards/insurgency/agent_zero_general.webp	art/cards/insurgency/agent_zero_general.webp	OK_inventory
apps/shared/tcg-core/cards/definitions/s1_pack2/insurgency.ts	assetUrl	art/cards/insurgency/agent_zero_legendary.webp	art/cards/insurgency/agent_zero_legendary.webp	OK_inventory
apps/shared/tcg-core/cards/definitions/s1_pack2/insurgency.ts	assetUrl	art/cards/insurgency/agent_zero_reborn.webp	art/cards/insurgency/agent_zero_reborn.webp	OK_inventory
apps/shared/tcg-core/cards/definitions/s1_pack2/insurgency.ts	assetUrl	art/cards/insurgency/ambush_protocol.webp	art/cards/insurgency/ambush_protocol.webp	OK_inventory
apps/shared/tcg-core/cards/definitions/s1_pack2/insurgency.ts	assetUrl	art/cards/insurgency/covert_operative.webp	art/cards/insurgency/covert_operative.webp	OK_inventory
apps/shared/tcg-core/cards/definitions/s1_pack2/insurgency.ts	assetUrl	art/cards/insurgency/dead_frequency_jam.webp	art/cards/insurgency/dead_frequency_jam.webp	OK_inventory
apps/shared/tcg-core/cards/definitions/s1_pack2/insurgency.ts	assetUrl	art/cards/insurgency/dead_signal_burst.webp	art/cards/insurgency/dead_signal_burst.webp	OK_inventory
apps/shared/tcg-core/cards/definitions/s1_pack2/insurgency.ts	assetUrl	art/cards/insurgency/echo_the_resonance.webp	art/cards/insurgency/echo_the_resonance.webp	OK_inventory
apps/shared/tcg-core/cards/definitions/s1_pack2/insurgency.ts	assetUrl	art/cards/insurgency/encrypted_broadcast.webp	art/cards/insurgency/encrypted_broadcast.webp	OK_inventory
apps/shared/tcg-core/cards/definitions/s1_pack2/insurgency.ts	assetUrl	art/cards/insurgency/flicker_fiend.webp	art/cards/insurgency/flicker_fiend.webp	OK_inventory
apps/shared/tcg-core/cards/definitions/s1_pack2/insurgency.ts	assetUrl	art/cards/insurgency/fresh_recruit.webp	art/cards/insurgency/fresh_recruit.webp	OK_inventory
apps/shared/tcg-core/cards/definitions/s1_pack2/insurgency.ts	assetUrl	art/cards/insurgency/fungal_colossus.webp	art/cards/insurgency/fungal_colossus.webp	OK_inventory
apps/shared/tcg-core/cards/definitions/s1_pack2/insurgency.ts	assetUrl	art/cards/insurgency/guerrilla_cell.webp	art/cards/insurgency/guerrilla_cell.webp	OK_inventory
apps/shared/tcg-core/cards/definitions/s1_pack2/insurgency.ts	assetUrl	art/cards/insurgency/guerrilla_strike.webp	art/cards/insurgency/guerrilla_strike.webp	OK_inventory
apps/shared/tcg-core/cards/definitions/s1_pack2/insurgency.ts	assetUrl	art/cards/insurgency/i_love_war.webp	art/cards/insurgency/i_love_war.webp	OK_inventory
apps/shared/tcg-core/cards/definitions/s1_pack2/insurgency.ts	assetUrl	art/cards/insurgency/inferno_djinn.webp	art/cards/insurgency/inferno_djinn.webp	OK_inventory
apps/shared/tcg-core/cards/definitions/s1_pack2/insurgency.ts	assetUrl	art/cards/insurgency/insurgent_commander.webp	art/cards/insurgency/insurgent_commander.webp	OK_inventory
apps/shared/tcg-core/cards/definitions/s1_pack2/insurgency.ts	assetUrl	art/cards/insurgency/intel_leak.webp	art/cards/insurgency/intel_leak.webp	OK_inventory
apps/shared/tcg-core/cards/definitions/s1_pack2/insurgency.ts	assetUrl	art/cards/insurgency/iron_lion_general.webp	art/cards/insurgency/iron_lion_general.webp	OK_inventory
apps/shared/tcg-core/cards/definitions/s1_pack2/insurgency.ts	assetUrl	art/cards/insurgency/iron_lion_legendary.webp	art/cards/insurgency/iron_lion_legendary.webp	OK_inventory
apps/shared/tcg-core/cards/definitions/s1_pack2/insurgency.ts	assetUrl	art/cards/insurgency/jericho_jones.webp	art/cards/insurgency/jericho_jones.webp	OK_inventory
apps/shared/tcg-core/cards/definitions/s1_pack2/insurgency.ts	assetUrl	art/cards/insurgency/kael.webp	art/cards/insurgency/kael.webp	OK_inventory
apps/shared/tcg-core/cards/definitions/s1_pack2/insurgency.ts	assetUrl	art/cards/insurgency/kael_the_recruiter.webp	art/cards/insurgency/kael_the_recruiter.webp	OK_inventory
apps/shared/tcg-core/cards/definitions/s1_pack2/insurgency.ts	assetUrl	art/cards/insurgency/liberation_protocol.webp	art/cards/insurgency/liberation_protocol.webp	OK_inventory
apps/shared/tcg-core/cards/definitions/s1_pack2/insurgency.ts	assetUrl	art/cards/insurgency/master_spy.webp	art/cards/insurgency/master_spy.webp	OK_inventory
apps/shared/tcg-core/cards/definitions/s1_pack2/insurgency.ts	assetUrl	art/cards/insurgency/mission_briefing.webp	art/cards/insurgency/mission_briefing.webp	OK_inventory
apps/shared/tcg-core/cards/definitions/s1_pack2/insurgency.ts	assetUrl	art/cards/insurgency/mycelial_bloom.webp	art/cards/insurgency/mycelial_bloom.webp	OK_inventory
apps/shared/tcg-core/cards/definitions/s1_pack2/insurgency.ts	assetUrl	art/cards/insurgency/rebel_arsenal.webp	art/cards/insurgency/rebel_arsenal.webp	OK_inventory
apps/shared/tcg-core/cards/definitions/s1_pack2/insurgency.ts	assetUrl	art/cards/insurgency/rebel_yell.webp	art/cards/insurgency/rebel_yell.webp	OK_inventory
apps/shared/tcg-core/cards/definitions/s1_pack2/insurgency.ts	assetUrl	art/cards/insurgency/rebels_conviction.webp	art/cards/insurgency/rebels_conviction.webp	OK_inventory
apps/shared/tcg-core/cards/definitions/s1_pack2/insurgency.ts	assetUrl	art/cards/insurgency/saboteur.webp	art/cards/insurgency/saboteur.webp	OK_inventory
apps/shared/tcg-core/cards/definitions/s1_pack2/insurgency.ts	assetUrl	art/cards/insurgency/safe_house.webp	art/cards/insurgency/safe_house.webp	OK_inventory
apps/shared/tcg-core/cards/definitions/s1_pack2/insurgency.ts	assetUrl	art/cards/insurgency/scorched_earth.webp	art/cards/insurgency/scorched_earth.webp	OK_inventory
apps/shared/tcg-core/cards/definitions/s1_pack2/insurgency.ts	assetUrl	art/cards/insurgency/signal_booster.webp	art/cards/insurgency/signal_booster.webp	OK_inventory
apps/shared/tcg-core/cards/definitions/s1_pack2/insurgency.ts	assetUrl	art/cards/insurgency/signal_intercept.webp	art/cards/insurgency/signal_intercept.webp	OK_inventory
apps/shared/tcg-core/cards/definitions/s1_pack2/insurgency.ts	assetUrl	art/cards/insurgency/signal_operative.webp	art/cards/insurgency/signal_operative.webp	OK_inventory
apps/shared/tcg-core/cards/definitions/s1_pack2/insurgency.ts	assetUrl	art/cards/insurgency/signal_repeater.webp	art/cards/insurgency/signal_repeater.webp	OK_inventory
apps/shared/tcg-core/cards/definitions/s1_pack2/insurgency.ts	assetUrl	art/cards/insurgency/smugglers_cache.webp	art/cards/insurgency/smugglers_cache.webp	OK_inventory
apps/shared/tcg-core/cards/definitions/s1_pack2/insurgency.ts	assetUrl	art/cards/insurgency/spark_imp.webp	art/cards/insurgency/spark_imp.webp	OK_inventory
apps/shared/tcg-core/cards/definitions/s1_pack2/insurgency.ts	assetUrl	art/cards/insurgency/spore_seedling.webp	art/cards/insurgency/spore_seedling.webp	OK_inventory
apps/shared/tcg-core/cards/definitions/s1_pack2/insurgency.ts	assetUrl	art/cards/insurgency/supply_drop.webp	art/cards/insurgency/supply_drop.webp	OK_inventory
apps/shared/tcg-core/cards/definitions/s1_pack2/insurgency.ts	assetUrl	art/cards/insurgency/the_engineer_insurgency.webp	art/cards/insurgency/the_engineer_insurgency.webp	OK_inventory
apps/shared/tcg-core/cards/definitions/s1_pack2/insurgency.ts	assetUrl	art/cards/insurgency/the_eyes.webp	art/cards/insurgency/the_eyes.webp	OK_inventory
apps/shared/tcg-core/cards/definitions/s1_pack2/insurgency.ts	assetUrl	art/cards/insurgency/the_hierophant.webp	art/cards/insurgency/the_hierophant.webp	OK_inventory
apps/shared/tcg-core/cards/definitions/s1_pack2/insurgency.ts	assetUrl	art/cards/insurgency/the_nomad.webp	art/cards/insurgency/the_nomad.webp	OK_inventory
apps/shared/tcg-core/cards/definitions/s1_pack2/insurgency.ts	assetUrl	art/cards/insurgency/the_oracle_insurgency.webp	art/cards/insurgency/the_oracle_insurgency.webp	OK_inventory
apps/shared/tcg-core/cards/definitions/s1_pack2/insurgency.ts	assetUrl	art/cards/insurgency/the_recruiter.webp	art/cards/insurgency/the_recruiter.webp	OK_inventory
apps/shared/tcg-core/cards/definitions/s1_pack2/insurgency.ts	assetUrl	art/cards/insurgency/the_shadow_tongue.webp	art/cards/insurgency/the_shadow_tongue.webp	OK_inventory
apps/shared/tcg-core/cards/definitions/s1_pack2/insurgency.ts	assetUrl	art/cards/insurgency/void_flame_runner.webp	art/cards/insurgency/void_flame_runner.webp	OK_inventory
apps/shared/tcg-core/cards/definitions/s1_pack2/insurgency.ts	assetUrl	art/cards/insurgency/wraith_calder.webp	art/cards/insurgency/wraith_calder.webp	OK_inventory
apps/shared/tcg-core/cards/definitions/s1_pack2/insurgency.ts	assetUrl	art/cards/insurgency/zeros_parting_gift.webp	art/cards/insurgency/zeros_parting_gift.webp	OK_inventory
apps/shared/tcg-core/cards/definitions/s1_pack2/neutral.ts	assetUrl	art/cards/neutral/ambassador_veron.webp	art/cards/neutral/ambassador_veron.webp	OK_inventory
apps/shared/tcg-core/cards/definitions/s1_pack2/neutral.ts	assetUrl	art/cards/neutral/arena_aspirant.webp	art/cards/neutral/arena_aspirant.webp	OK_inventory
apps/shared/tcg-core/cards/definitions/s1_pack2/neutral.ts	assetUrl	art/cards/neutral/arena_champion.webp	art/cards/neutral/arena_champion.webp	OK_inventory
apps/shared/tcg-core/cards/definitions/s1_pack2/neutral.ts	assetUrl	art/cards/neutral/arena_legend.webp	art/cards/neutral/arena_legend.webp	OK_inventory
apps/shared/tcg-core/cards/definitions/s1_pack2/neutral.ts	assetUrl	art/cards/neutral/arena_veteran.webp	art/cards/neutral/arena_veteran.webp	OK_inventory
apps/shared/tcg-core/cards/definitions/s1_pack2/neutral.ts	assetUrl	art/cards/neutral/ark_defender.webp	art/cards/neutral/ark_defender.webp	OK_inventory
apps/shared/tcg-core/cards/definitions/s1_pack2/neutral.ts	assetUrl	art/cards/neutral/ark_emergency_protocol.webp	art/cards/neutral/ark_emergency_protocol.webp	OK_inventory
apps/shared/tcg-core/cards/definitions/s1_pack2/neutral.ts	assetUrl	art/cards/neutral/battle_hardened_companion.webp	art/cards/neutral/battle_hardened_companion.webp	OK_inventory
apps/shared/tcg-core/cards/definitions/s1_pack2/neutral.ts	assetUrl	art/cards/neutral/black_market_dealer.webp	art/cards/neutral/black_market_dealer.webp	OK_inventory
apps/shared/tcg-core/cards/definitions/s1_pack2/neutral.ts	assetUrl	art/cards/neutral/bloodline_inheritor.webp	art/cards/neutral/bloodline_inheritor.webp	OK_inventory
apps/shared/tcg-core/cards/definitions/s1_pack2/neutral.ts	assetUrl	art/cards/neutral/bond_of_trust.webp	art/cards/neutral/bond_of_trust.webp	OK_inventory
apps/shared/tcg-core/cards/definitions/s1_pack2/neutral.ts	assetUrl	art/cards/neutral/border_scout.webp	art/cards/neutral/border_scout.webp	OK_inventory
apps/shared/tcg-core/cards/definitions/s1_pack2/neutral.ts	assetUrl	art/cards/neutral/bounty_board.webp	art/cards/neutral/bounty_board.webp	OK_inventory
apps/shared/tcg-core/cards/definitions/s1_pack2/neutral.ts	assetUrl	art/cards/neutral/building_the_architect.webp	art/cards/neutral/building_the_architect.webp	OK_inventory
apps/shared/tcg-core/cards/definitions/s1_pack2/neutral.ts	assetUrl	art/cards/neutral/charitable_spirit.webp	art/cards/neutral/charitable_spirit.webp	OK_inventory
apps/shared/tcg-core/cards/definitions/s1_pack2/neutral.ts	assetUrl	art/cards/neutral/compassion_protocol.webp	art/cards/neutral/compassion_protocol.webp	OK_inventory
apps/shared/tcg-core/cards/definitions/s1_pack2/neutral.ts	assetUrl	art/cards/neutral/courier_sprite.webp	art/cards/neutral/courier_sprite.webp	OK_inventory
apps/shared/tcg-core/cards/definitions/s1_pack2/neutral.ts	assetUrl	art/cards/neutral/dedicated_operative.webp	art/cards/neutral/dedicated_operative.webp	OK_inventory
apps/shared/tcg-core/cards/definitions/s1_pack2/neutral.ts	assetUrl	art/cards/neutral/dimensional_rift.webp	art/cards/neutral/dimensional_rift.webp	OK_inventory
apps/shared/tcg-core/cards/definitions/s1_pack2/neutral.ts	assetUrl	art/cards/neutral/dischordian_logic_song.webp	art/cards/neutral/dischordian_logic_song.webp	OK_inventory
apps/shared/tcg-core/cards/definitions/s1_pack2/neutral.ts	assetUrl	art/cards/neutral/dischordian_logic_spell.webp	art/cards/neutral/dischordian_logic_spell.webp	OK_inventory
apps/shared/tcg-core/cards/definitions/s1_pack2/neutral.ts	assetUrl	art/cards/neutral/draft_master.webp	art/cards/neutral/draft_master.webp	OK_inventory
apps/shared/tcg-core/cards/definitions/s1_pack2/neutral.ts	assetUrl	art/cards/neutral/drifter.webp	art/cards/neutral/drifter.webp	OK_inventory
apps/shared/tcg-core/cards/definitions/s1_pack2/neutral.ts	assetUrl	art/cards/neutral/echo_chamber.webp	art/cards/neutral/echo_chamber.webp	OK_inventory
apps/shared/tcg-core/cards/definitions/s1_pack2/neutral.ts	assetUrl	art/cards/neutral/echo_of_the_fall.webp	art/cards/neutral/echo_of_the_fall.webp	OK_inventory
apps/shared/tcg-core/cards/definitions/s1_pack2/neutral.ts	assetUrl	art/cards/neutral/elara_advocate.webp	art/cards/neutral/elara_advocate.webp	OK_inventory
apps/shared/tcg-core/cards/definitions/s1_pack2/neutral.ts	assetUrl	art/cards/neutral/elara_awakened.webp	art/cards/neutral/elara_awakened.webp	OK_inventory
apps/shared/tcg-core/cards/definitions/s1_pack2/neutral.ts	assetUrl	art/cards/neutral/elara_general.webp	art/cards/neutral/elara_general.webp	OK_inventory
apps/shared/tcg-core/cards/definitions/s1_pack2/neutral.ts	assetUrl	art/cards/neutral/elara_ship_intelligence.webp	art/cards/neutral/elara_ship_intelligence.webp	OK_inventory
apps/shared/tcg-core/cards/definitions/s1_pack2/neutral.ts	assetUrl	art/cards/neutral/elaras_final_gift.webp	art/cards/neutral/elaras_final_gift.webp	OK_inventory
apps/shared/tcg-core/cards/definitions/s1_pack2/neutral.ts	assetUrl	art/cards/neutral/elaras_guidance.webp	art/cards/neutral/elaras_guidance.webp	OK_inventory
apps/shared/tcg-core/cards/definitions/s1_pack2/neutral.ts	assetUrl	art/cards/neutral/emergency_protocol.webp	art/cards/neutral/emergency_protocol.webp	OK_inventory
apps/shared/tcg-core/cards/definitions/s1_pack2/neutral.ts	assetUrl	art/cards/neutral/evolved_familiar.webp	art/cards/neutral/evolved_familiar.webp	OK_inventory
apps/shared/tcg-core/cards/definitions/s1_pack2/neutral.ts	assetUrl	art/cards/neutral/field_medic.webp	art/cards/neutral/field_medic.webp	OK_inventory
apps/shared/tcg-core/cards/definitions/s1_pack2/neutral.ts	assetUrl	art/cards/neutral/field_medic_vote.webp	art/cards/neutral/field_medic_vote.webp	OK_inventory
apps/shared/tcg-core/cards/definitions/s1_pack2/neutral.ts	assetUrl	art/cards/neutral/first_ascension.webp	art/cards/neutral/first_ascension.webp	OK_inventory
apps/shared/tcg-core/cards/definitions/s1_pack2/neutral.ts	assetUrl	art/cards/neutral/graduated_operative.webp	art/cards/neutral/graduated_operative.webp	OK_inventory
apps/shared/tcg-core/cards/definitions/s1_pack2/neutral.ts	assetUrl	art/cards/neutral/guild_founder.webp	art/cards/neutral/guild_founder.webp	OK_inventory
apps/shared/tcg-core/cards/definitions/s1_pack2/neutral.ts	assetUrl	art/cards/neutral/guild_officer.webp	art/cards/neutral/guild_officer.webp	OK_inventory
apps/shared/tcg-core/cards/definitions/s1_pack2/neutral.ts	assetUrl	art/cards/neutral/halls_blessing.webp	art/cards/neutral/halls_blessing.webp	OK_inventory
apps/shared/tcg-core/cards/definitions/s1_pack2/neutral.ts	assetUrl	art/cards/neutral/hired_blade.webp	art/cards/neutral/hired_blade.webp	OK_inventory
apps/shared/tcg-core/cards/definitions/s1_pack2/neutral.ts	assetUrl	art/cards/neutral/hired_gun.webp	art/cards/neutral/hired_gun.webp	OK_inventory
apps/shared/tcg-core/cards/definitions/s1_pack2/neutral.ts	assetUrl	art/cards/neutral/holiday_feast.webp	art/cards/neutral/holiday_feast.webp	OK_inventory
apps/shared/tcg-core/cards/definitions/s1_pack2/neutral.ts	assetUrl	art/cards/neutral/holiday_surprise.webp	art/cards/neutral/holiday_surprise.webp	OK_inventory
apps/shared/tcg-core/cards/definitions/s1_pack2/neutral.ts	assetUrl	art/cards/neutral/honored_rival.webp	art/cards/neutral/honored_rival.webp	OK_inventory
apps/shared/tcg-core/cards/definitions/s1_pack2/neutral.ts	assetUrl	art/cards/neutral/incubator_prime.webp	art/cards/neutral/incubator_prime.webp	OK_inventory
apps/shared/tcg-core/cards/definitions/s1_pack2/neutral.ts	assetUrl	art/cards/neutral/ironclad_veteran.webp	art/cards/neutral/ironclad_veteran.webp	OK_inventory
apps/shared/tcg-core/cards/definitions/s1_pack2/neutral.ts	assetUrl	art/cards/neutral/judgment_day.webp	art/cards/neutral/judgment_day.webp	OK_inventory
apps/shared/tcg-core/cards/definitions/s1_pack2/neutral.ts	assetUrl	art/cards/neutral/legions_wisdom.webp	art/cards/neutral/legions_wisdom.webp	OK_inventory
apps/shared/tcg-core/cards/definitions/s1_pack2/neutral.ts	assetUrl	art/cards/neutral/lip_service.webp	art/cards/neutral/lip_service.webp	OK_inventory
apps/shared/tcg-core/cards/definitions/s1_pack2/neutral.ts	assetUrl	art/cards/neutral/lucky_break.webp	art/cards/neutral/lucky_break.webp	OK_inventory
apps/shared/tcg-core/cards/definitions/s1_pack2/neutral.ts	assetUrl	art/cards/neutral/lucky_spinner.webp	art/cards/neutral/lucky_spinner.webp	OK_inventory
apps/shared/tcg-core/cards/definitions/s1_pack2/neutral.ts	assetUrl	art/cards/neutral/neutral_observer.webp	art/cards/neutral/neutral_observer.webp	OK_inventory
apps/shared/tcg-core/cards/definitions/s1_pack2/neutral.ts	assetUrl	art/cards/neutral/nonos.webp	art/cards/neutral/nonos.webp	OK_inventory
apps/shared/tcg-core/cards/definitions/s1_pack2/neutral.ts	assetUrl	art/cards/neutral/nythera_awakened.webp	art/cards/neutral/nythera_awakened.webp	OK_inventory
apps/shared/tcg-core/cards/definitions/s1_pack2/neutral.ts	assetUrl	art/cards/neutral/nythera_general.webp	art/cards/neutral/nythera_general.webp	OK_inventory
apps/shared/tcg-core/cards/definitions/s1_pack2/neutral.ts	assetUrl	art/cards/neutral/nythera_ship_intelligence.webp	art/cards/neutral/nythera_ship_intelligence.webp	OK_inventory
apps/shared/tcg-core/cards/definitions/s1_pack2/neutral.ts	assetUrl	art/cards/neutral/objective_secured.webp	art/cards/neutral/objective_secured.webp	OK_inventory
apps/shared/tcg-core/cards/definitions/s1_pack2/neutral.ts	assetUrl	art/cards/neutral/quintessence_guardian.webp	art/cards/neutral/quintessence_guardian.webp	OK_inventory
apps/shared/tcg-core/cards/definitions/s1_pack2/neutral.ts	assetUrl	art/cards/neutral/raid_champion.webp	art/cards/neutral/raid_champion.webp	OK_inventory
apps/shared/tcg-core/cards/definitions/s1_pack2/neutral.ts	assetUrl	art/cards/neutral/rally_the_warband.webp	art/cards/neutral/rally_the_warband.webp	OK_inventory
apps/shared/tcg-core/cards/definitions/s1_pack2/neutral.ts	assetUrl	art/cards/neutral/ruin_stalker.webp	art/cards/neutral/ruin_stalker.webp	OK_inventory
apps/shared/tcg-core/cards/definitions/s1_pack2/neutral.ts	assetUrl	art/cards/neutral/scrapyard_golem.webp	art/cards/neutral/scrapyard_golem.webp	OK_inventory
apps/shared/tcg-core/cards/definitions/s1_pack2/neutral.ts	assetUrl	art/cards/neutral/season_one_commemorative.webp	art/cards/neutral/season_one_commemorative.webp	OK_inventory
apps/shared/tcg-core/cards/definitions/s1_pack2/neutral.ts	assetUrl	art/cards/neutral/seasons_end.webp	art/cards/neutral/seasons_end.webp	OK_inventory
apps/shared/tcg-core/cards/definitions/s1_pack2/neutral.ts	assetUrl	art/cards/neutral/shades_of_grey.webp	art/cards/neutral/shades_of_grey.webp	OK_inventory
apps/shared/tcg-core/cards/definitions/s1_pack2/neutral.ts	assetUrl	art/cards/neutral/sixth_sense.webp	art/cards/neutral/sixth_sense.webp	OK_inventory
apps/shared/tcg-core/cards/definitions/s1_pack2/neutral.ts	assetUrl	art/cards/neutral/smugglers_cache.webp	art/cards/neutral/smugglers_cache.webp	OK_inventory
apps/shared/tcg-core/cards/definitions/s1_pack2/neutral.ts	assetUrl	art/cards/neutral/supply_runner.webp	art/cards/neutral/supply_runner.webp	OK_inventory
apps/shared/tcg-core/cards/definitions/s1_pack2/neutral.ts	assetUrl	art/cards/neutral/the_balanced_witness.webp	art/cards/neutral/the_balanced_witness.webp	OK_inventory
apps/shared/tcg-core/cards/definitions/s1_pack2/neutral.ts	assetUrl	art/cards/neutral/the_book_of_daniel_2.webp	art/cards/neutral/the_book_of_daniel_2.webp	OK_inventory
apps/shared/tcg-core/cards/definitions/s1_pack2/neutral.ts	assetUrl	art/cards/neutral/the_burnt_card.webp	art/cards/neutral/the_burnt_card.webp	OK_inventory
apps/shared/tcg-core/cards/definitions/s1_pack2/neutral.ts	assetUrl	art/cards/neutral/the_detective.webp	art/cards/neutral/the_detective.webp	OK_inventory
apps/shared/tcg-core/cards/definitions/s1_pack2/neutral.ts	assetUrl	art/cards/neutral/the_enigmas_lament.webp	art/cards/neutral/the_enigmas_lament.webp	OK_inventory
apps/shared/tcg-core/cards/definitions/s1_pack2/neutral.ts	assetUrl	art/cards/neutral/the_game_master.webp	art/cards/neutral/the_game_master.webp	OK_inventory
apps/shared/tcg-core/cards/definitions/s1_pack2/neutral.ts	assetUrl	art/cards/neutral/the_inception.webp	art/cards/neutral/the_inception.webp	OK_inventory
apps/shared/tcg-core/cards/definitions/s1_pack2/neutral.ts	assetUrl	art/cards/neutral/the_programmer.webp	art/cards/neutral/the_programmer.webp	OK_inventory
apps/shared/tcg-core/cards/definitions/s1_pack2/neutral.ts	assetUrl	art/cards/neutral/the_seer.webp	art/cards/neutral/the_seer.webp	OK_inventory
apps/shared/tcg-core/cards/definitions/s1_pack2/neutral.ts	assetUrl	art/cards/neutral/the_student.webp	art/cards/neutral/the_student.webp	OK_inventory
apps/shared/tcg-core/cards/definitions/s1_pack2/neutral.ts	assetUrl	art/cards/neutral/the_two_witnesses.webp	art/cards/neutral/the_two_witnesses.webp	OK_inventory
apps/shared/tcg-core/cards/definitions/s1_pack2/neutral.ts	assetUrl	art/cards/neutral/threefold_reborn.webp	art/cards/neutral/threefold_reborn.webp	OK_inventory
apps/shared/tcg-core/cards/definitions/s1_pack2/neutral.ts	assetUrl	art/cards/neutral/traces_of_something_spiritual.webp	art/cards/neutral/traces_of_something_spiritual.webp	OK_inventory
apps/shared/tcg-core/cards/definitions/s1_pack2/neutral.ts	assetUrl	art/cards/neutral/transcended_one.webp	art/cards/neutral/transcended_one.webp	OK_inventory
apps/shared/tcg-core/cards/definitions/s1_pack2/neutral.ts	assetUrl	art/cards/neutral/trusted_ally.webp	art/cards/neutral/trusted_ally.webp	OK_inventory
apps/shared/tcg-core/cards/definitions/s1_pack2/neutral.ts	assetUrl	art/cards/neutral/undefeated_drafter.webp	art/cards/neutral/undefeated_drafter.webp	OK_inventory
apps/shared/tcg-core/cards/definitions/s1_pack2/neutral.ts	assetUrl	art/cards/neutral/universal_adapter.webp	art/cards/neutral/universal_adapter.webp	OK_inventory
apps/shared/tcg-core/cards/definitions/s1_pack2/neutral.ts	assetUrl	art/cards/neutral/unscathed_victor.webp	art/cards/neutral/unscathed_victor.webp	OK_inventory
apps/shared/tcg-core/cards/definitions/s1_pack2/neutral.ts	assetUrl	art/cards/neutral/void_crystal.webp	art/cards/neutral/void_crystal.webp	OK_inventory
apps/shared/tcg-core/cards/definitions/s1_pack2/neutral.ts	assetUrl	art/cards/neutral/void_touched_specimen.webp	art/cards/neutral/void_touched_specimen.webp	OK_inventory
apps/shared/tcg-core/cards/definitions/s1_pack2/neutral.ts	assetUrl	art/cards/neutral/wandering_merchant.webp	art/cards/neutral/wandering_merchant.webp	OK_inventory
apps/shared/tcg-core/cards/definitions/s1_pack2/new_babylon.ts	assetUrl	art/cards/new_babylon/adjudicar_locke.webp	art/cards/new_babylon/adjudicar_locke.webp	OK_inventory
apps/shared/tcg-core/cards/definitions/s1_pack2/new_babylon.ts	assetUrl	art/cards/new_babylon/adjudicator_locke.webp	art/cards/new_babylon/adjudicator_locke.webp	OK_inventory
apps/shared/tcg-core/cards/definitions/s1_pack2/new_babylon.ts	assetUrl	art/cards/new_babylon/akai_shi.webp	art/cards/new_babylon/akai_shi.webp	OK_inventory
apps/shared/tcg-core/cards/definitions/s1_pack2/new_babylon.ts	assetUrl	art/cards/new_babylon/akai_shi_red_death.webp	art/cards/new_babylon/akai_shi_red_death.webp	OK_inventory
apps/shared/tcg-core/cards/definitions/s1_pack2/new_babylon.ts	assetUrl	art/cards/new_babylon/auros_the_honor.webp	art/cards/new_babylon/auros_the_honor.webp	OK_inventory
apps/shared/tcg-core/cards/definitions/s1_pack2/new_babylon.ts	assetUrl	art/cards/new_babylon/blood_tax.webp	art/cards/new_babylon/blood_tax.webp	OK_inventory
apps/shared/tcg-core/cards/definitions/s1_pack2/new_babylon.ts	assetUrl	art/cards/new_babylon/bounty_notice.webp	art/cards/new_babylon/bounty_notice.webp	OK_inventory
apps/shared/tcg-core/cards/definitions/s1_pack2/new_babylon.ts	assetUrl	art/cards/new_babylon/casino_mogul.webp	art/cards/new_babylon/casino_mogul.webp	OK_inventory
apps/shared/tcg-core/cards/definitions/s1_pack2/new_babylon.ts	assetUrl	art/cards/new_babylon/citadel_guardian.webp	art/cards/new_babylon/citadel_guardian.webp	OK_inventory
apps/shared/tcg-core/cards/definitions/s1_pack2/new_babylon.ts	assetUrl	art/cards/new_babylon/crystal_archive_guard.webp	art/cards/new_babylon/crystal_archive_guard.webp	OK_inventory
apps/shared/tcg-core/cards/definitions/s1_pack2/new_babylon.ts	assetUrl	art/cards/new_babylon/crystal_senator.webp	art/cards/new_babylon/crystal_senator.webp	OK_inventory
apps/shared/tcg-core/cards/definitions/s1_pack2/new_babylon.ts	assetUrl	art/cards/new_babylon/crystal_vault.webp	art/cards/new_babylon/crystal_vault.webp	OK_inventory
apps/shared/tcg-core/cards/definitions/s1_pack2/new_babylon.ts	assetUrl	art/cards/new_babylon/debt_collector.webp	art/cards/new_babylon/debt_collector.webp	OK_inventory
apps/shared/tcg-core/cards/definitions/s1_pack2/new_babylon.ts	assetUrl	art/cards/new_babylon/district_enforcer.webp	art/cards/new_babylon/district_enforcer.webp	OK_inventory
apps/shared/tcg-core/cards/definitions/s1_pack2/new_babylon.ts	assetUrl	art/cards/new_babylon/economic_sanctions.webp	art/cards/new_babylon/economic_sanctions.webp	OK_inventory
apps/shared/tcg-core/cards/definitions/s1_pack2/new_babylon.ts	assetUrl	art/cards/new_babylon/fenra_the_moon_tyrant.webp	art/cards/new_babylon/fenra_the_moon_tyrant.webp	OK_inventory
apps/shared/tcg-core/cards/definitions/s1_pack2/new_babylon.ts	assetUrl	art/cards/new_babylon/galactic_tycoon.webp	art/cards/new_babylon/galactic_tycoon.webp	OK_inventory
apps/shared/tcg-core/cards/definitions/s1_pack2/new_babylon.ts	assetUrl	art/cards/new_babylon/governor_thane.webp	art/cards/new_babylon/governor_thane.webp	OK_inventory
apps/shared/tcg-core/cards/definitions/s1_pack2/new_babylon.ts	assetUrl	art/cards/new_babylon/high_roller.webp	art/cards/new_babylon/high_roller.webp	OK_inventory
apps/shared/tcg-core/cards/definitions/s1_pack2/new_babylon.ts	assetUrl	art/cards/new_babylon/hostile_acquisition.webp	art/cards/new_babylon/hostile_acquisition.webp	OK_inventory
apps/shared/tcg-core/cards/definitions/s1_pack2/new_babylon.ts	assetUrl	art/cards/new_babylon/hostile_takeover.webp	art/cards/new_babylon/hostile_takeover.webp	OK_inventory
apps/shared/tcg-core/cards/definitions/s1_pack2/new_babylon.ts	assetUrl	art/cards/new_babylon/iron_decree.webp	art/cards/new_babylon/iron_decree.webp	OK_inventory
apps/shared/tcg-core/cards/definitions/s1_pack2/new_babylon.ts	assetUrl	art/cards/new_babylon/leveraged_buyout.webp	art/cards/new_babylon/leveraged_buyout.webp	OK_inventory
apps/shared/tcg-core/cards/definitions/s1_pack2/new_babylon.ts	assetUrl	art/cards/new_babylon/liquidation_sale.webp	art/cards/new_babylon/liquidation_sale.webp	OK_inventory
apps/shared/tcg-core/cards/definitions/s1_pack2/new_babylon.ts	assetUrl	art/cards/new_babylon/lockes_favor.webp	art/cards/new_babylon/lockes_favor.webp	OK_inventory
apps/shared/tcg-core/cards/definitions/s1_pack2/new_babylon.ts	assetUrl	art/cards/new_babylon/lockes_inner_circle.webp	art/cards/new_babylon/lockes_inner_circle.webp	OK_inventory
apps/shared/tcg-core/cards/definitions/s1_pack2/new_babylon.ts	assetUrl	art/cards/new_babylon/market_crash.webp	art/cards/new_babylon/market_crash.webp	OK_inventory
apps/shared/tcg-core/cards/definitions/s1_pack2/new_babylon.ts	assetUrl	art/cards/new_babylon/market_manipulation.webp	art/cards/new_babylon/market_manipulation.webp	OK_inventory
apps/shared/tcg-core/cards/definitions/s1_pack2/new_babylon.ts	assetUrl	art/cards/new_babylon/master_soldier.webp	art/cards/new_babylon/master_soldier.webp	OK_inventory
apps/shared/tcg-core/cards/definitions/s1_pack2/new_babylon.ts	assetUrl	art/cards/new_babylon/merchants_fortune.webp	art/cards/new_babylon/merchants_fortune.webp	OK_inventory
apps/shared/tcg-core/cards/definitions/s1_pack2/new_babylon.ts	assetUrl	art/cards/new_babylon/nebula_shark.webp	art/cards/new_babylon/nebula_shark.webp	OK_inventory
apps/shared/tcg-core/cards/definitions/s1_pack2/new_babylon.ts	assetUrl	art/cards/new_babylon/propaganda_herald.webp	art/cards/new_babylon/propaganda_herald.webp	OK_inventory
apps/shared/tcg-core/cards/definitions/s1_pack2/new_babylon.ts	assetUrl	art/cards/new_babylon/riri_ahlia_taskmaster.webp	art/cards/new_babylon/riri_ahlia_taskmaster.webp	OK_inventory
apps/shared/tcg-core/cards/definitions/s1_pack2/new_babylon.ts	assetUrl	art/cards/new_babylon/sector_warden.webp	art/cards/new_babylon/sector_warden.webp	OK_inventory
apps/shared/tcg-core/cards/definitions/s1_pack2/new_babylon.ts	assetUrl	art/cards/new_babylon/senator_voss.webp	art/cards/new_babylon/senator_voss.webp	OK_inventory
apps/shared/tcg-core/cards/definitions/s1_pack2/new_babylon.ts	assetUrl	art/cards/new_babylon/shadow_route_manifest.webp	art/cards/new_babylon/shadow_route_manifest.webp	OK_inventory
apps/shared/tcg-core/cards/definitions/s1_pack2/new_babylon.ts	assetUrl	art/cards/new_babylon/spire_assassin.webp	art/cards/new_babylon/spire_assassin.webp	OK_inventory
apps/shared/tcg-core/cards/definitions/s1_pack2/new_babylon.ts	assetUrl	art/cards/new_babylon/syndicate_broker.webp	art/cards/new_babylon/syndicate_broker.webp	OK_inventory
apps/shared/tcg-core/cards/definitions/s1_pack2/new_babylon.ts	assetUrl	art/cards/new_babylon/syndicate_contract.webp	art/cards/new_babylon/syndicate_contract.webp	OK_inventory
apps/shared/tcg-core/cards/definitions/s1_pack2/new_babylon.ts	assetUrl	art/cards/new_babylon/syndicate_enforcer.webp	art/cards/new_babylon/syndicate_enforcer.webp	OK_inventory
apps/shared/tcg-core/cards/definitions/s1_pack2/new_babylon.ts	assetUrl	art/cards/new_babylon/syndicate_foreman.webp	art/cards/new_babylon/syndicate_foreman.webp	OK_inventory
apps/shared/tcg-core/cards/definitions/s1_pack2/new_babylon.ts	assetUrl	art/cards/new_babylon/syndicate_overlord.webp	art/cards/new_babylon/syndicate_overlord.webp	OK_inventory
apps/shared/tcg-core/cards/definitions/s1_pack2/new_babylon.ts	assetUrl	art/cards/new_babylon/tax_collector.webp	art/cards/new_babylon/tax_collector.webp	OK_inventory
apps/shared/tcg-core/cards/definitions/s1_pack2/new_babylon.ts	assetUrl	art/cards/new_babylon/territory_commander.webp	art/cards/new_babylon/territory_commander.webp	OK_inventory
apps/shared/tcg-core/cards/definitions/s1_pack2/new_babylon.ts	assetUrl	art/cards/new_babylon/the_authority_nb.webp	art/cards/new_babylon/the_authority_nb.webp	OK_inventory
apps/shared/tcg-core/cards/definitions/s1_pack2/new_babylon.ts	assetUrl	art/cards/new_babylon/the_human_nb.webp	art/cards/new_babylon/the_human_nb.webp	OK_inventory
apps/shared/tcg-core/cards/definitions/s1_pack2/new_babylon.ts	assetUrl	art/cards/new_babylon/trade_captain.webp	art/cards/new_babylon/trade_captain.webp	OK_inventory
apps/shared/tcg-core/cards/definitions/s1_pack2/new_babylon.ts	assetUrl	art/cards/new_babylon/trade_embargo.webp	art/cards/new_babylon/trade_embargo.webp	OK_inventory
apps/shared/tcg-core/cards/definitions/s1_pack2/new_babylon.ts	assetUrl	art/cards/new_babylon/trade_enforcer.webp	art/cards/new_babylon/trade_enforcer.webp	OK_inventory
apps/shared/tcg-core/cards/definitions/s1_pack2/new_babylon.ts	assetUrl	art/cards/new_babylon/trade_scout.webp	art/cards/new_babylon/trade_scout.webp	OK_inventory
apps/shared/tcg-core/cards/definitions/s1_pack2/new_babylon.ts	assetUrl	art/cards/new_babylon/tribunal_magistrate.webp	art/cards/new_babylon/tribunal_magistrate.webp	OK_inventory
apps/shared/tcg-core/cards/definitions/s1_pack2/new_babylon.ts	assetUrl	art/cards/new_babylon/war_dividend.webp	art/cards/new_babylon/war_dividend.webp	OK_inventory
apps/shared/tcg-core/cards/definitions/s1_pack2/panopticon.ts	assetUrl	art/cards/panopticon/blacksite_interrogator.webp	art/cards/panopticon/blacksite_interrogator.webp	OK_inventory
apps/shared/tcg-core/cards/definitions/s1_pack2/panopticon.ts	assetUrl	art/cards/panopticon/compliance_officer.webp	art/cards/panopticon/compliance_officer.webp	OK_inventory
apps/shared/tcg-core/cards/definitions/s1_pack2/panopticon.ts	assetUrl	art/cards/panopticon/data_harvester.webp	art/cards/panopticon/data_harvester.webp	OK_inventory
apps/shared/tcg-core/cards/definitions/s1_pack2/panopticon.ts	assetUrl	art/cards/panopticon/oculus_sentinel.webp	art/cards/panopticon/oculus_sentinel.webp	OK_inventory
apps/shared/tcg-core/cards/definitions/s1_pack2/panopticon.ts	assetUrl	art/cards/panopticon/panoptic_drone.webp	art/cards/panopticon/panoptic_drone.webp	OK_inventory
apps/shared/tcg-core/cards/definitions/s1_pack2/panopticon.ts	assetUrl	art/cards/panopticon/registry_clerk.webp	art/cards/panopticon/registry_clerk.webp	OK_inventory
apps/shared/tcg-core/cards/definitions/s1_pack2/panopticon.ts	assetUrl	art/cards/panopticon/thought_censor.webp	art/cards/panopticon/thought_censor.webp	OK_inventory
apps/shared/tcg-core/cards/definitions/s1_pack2/panopticon.ts	assetUrl	art/cards/panopticon/warden_prime.webp	art/cards/panopticon/warden_prime.webp	OK_inventory
apps/shared/tcg-core/cards/definitions/s1_pack2/race.ts	assetUrl	art/cards/race/demagi_foot_soldier.webp	art/cards/race/demagi_foot_soldier.webp	OK_inventory
apps/shared/tcg-core/cards/definitions/s1_pack2/race.ts	assetUrl	art/cards/race/demagi_war_priest.webp	art/cards/race/demagi_war_priest.webp	OK_inventory
apps/shared/tcg-core/cards/definitions/s1_pack2/race.ts	assetUrl	art/cards/race/demagi_xethraal_archlord.webp	art/cards/race/demagi_xethraal_archlord.webp	OK_inventory
apps/shared/tcg-core/cards/definitions/s1_pack2/race.ts	assetUrl	art/cards/race/human_citizen_of_atarion.webp	art/cards/race/human_citizen_of_atarion.webp	OK_inventory
apps/shared/tcg-core/cards/definitions/s1_pack2/race.ts	assetUrl	art/cards/race/human_final_potential.webp	art/cards/race/human_final_potential.webp	OK_inventory
apps/shared/tcg-core/cards/definitions/s1_pack2/race.ts	assetUrl	art/cards/race/human_senate_legionary.webp	art/cards/race/human_senate_legionary.webp	OK_inventory
apps/shared/tcg-core/cards/definitions/s1_pack2/race.ts	assetUrl	art/cards/race/neyon_adept.webp	art/cards/race/neyon_adept.webp	OK_inventory
apps/shared/tcg-core/cards/definitions/s1_pack2/race.ts	assetUrl	art/cards/race/neyon_bondwalker.webp	art/cards/race/neyon_bondwalker.webp	OK_inventory
apps/shared/tcg-core/cards/definitions/s1_pack2/race.ts	assetUrl	art/cards/race/neyon_kael_first.webp	art/cards/race/neyon_kael_first.webp	OK_inventory
apps/shared/tcg-core/cards/definitions/s1_pack2/race.ts	assetUrl	art/cards/race/quarchon_archivist.webp	art/cards/race/quarchon_archivist.webp	OK_inventory
apps/shared/tcg-core/cards/definitions/s1_pack2/race.ts	assetUrl	art/cards/race/quarchon_crystal_senator.webp	art/cards/race/quarchon_crystal_senator.webp	OK_inventory
apps/shared/tcg-core/cards/definitions/s1_pack2/race.ts	assetUrl	art/cards/race/quarchon_latticework.webp	art/cards/race/quarchon_latticework.webp	OK_inventory
apps/shared/tcg-core/cards/definitions/s1_pack2/race.ts	assetUrl	art/cards/race/synthetic_loyal_instrument.webp	art/cards/race/synthetic_loyal_instrument.webp	OK_inventory
apps/shared/tcg-core/cards/definitions/s1_pack2/race.ts	assetUrl	art/cards/race/synthetic_watchtower.webp	art/cards/race/synthetic_watchtower.webp	OK_inventory
apps/shared/tcg-core/cards/definitions/s1_pack2/race.ts	assetUrl	art/cards/race/synthetic_worker.webp	art/cards/race/synthetic_worker.webp	OK_inventory
apps/shared/tcg-core/cards/definitions/s1_pack2/thought_virus.ts	assetUrl	art/cards/thought_virus/assimilate.webp	art/cards/thought_virus/assimilate.webp	OK_inventory
apps/shared/tcg-core/cards/definitions/s1_pack2/thought_virus.ts	assetUrl	art/cards/thought_virus/clone_racer.webp	art/cards/thought_virus/clone_racer.webp	OK_inventory
apps/shared/tcg-core/cards/definitions/s1_pack2/thought_virus.ts	assetUrl	art/cards/thought_virus/cognitive_blight.webp	art/cards/thought_virus/cognitive_blight.webp	OK_inventory
apps/shared/tcg-core/cards/definitions/s1_pack2/thought_virus.ts	assetUrl	art/cards/thought_virus/cognitive_decay.webp	art/cards/thought_virus/cognitive_decay.webp	OK_inventory
apps/shared/tcg-core/cards/definitions/s1_pack2/thought_virus.ts	assetUrl	art/cards/thought_virus/consumed_host.webp	art/cards/thought_virus/consumed_host.webp	OK_inventory
apps/shared/tcg-core/cards/definitions/s1_pack2/thought_virus.ts	assetUrl	art/cards/thought_virus/corruption_wave.webp	art/cards/thought_virus/corruption_wave.webp	OK_inventory
apps/shared/tcg-core/cards/definitions/s1_pack2/thought_virus.ts	assetUrl	art/cards/thought_virus/cortex_ravager.webp	art/cards/thought_virus/cortex_ravager.webp	OK_inventory
apps/shared/tcg-core/cards/definitions/s1_pack2/thought_virus.ts	assetUrl	art/cards/thought_virus/dusk_herald.webp	art/cards/thought_virus/dusk_herald.webp	OK_inventory
apps/shared/tcg-core/cards/definitions/s1_pack2/thought_virus.ts	assetUrl	art/cards/thought_virus/identity_fragment.webp	art/cards/thought_virus/identity_fragment.webp	OK_inventory
apps/shared/tcg-core/cards/definitions/s1_pack2/thought_virus.ts	assetUrl	art/cards/thought_virus/infected_drone.webp	art/cards/thought_virus/infected_drone.webp	OK_inventory
apps/shared/tcg-core/cards/definitions/s1_pack2/thought_virus.ts	assetUrl	art/cards/thought_virus/infection_vector.webp	art/cards/thought_virus/infection_vector.webp	OK_inventory
apps/shared/tcg-core/cards/definitions/s1_pack2/thought_virus.ts	assetUrl	art/cards/thought_virus/kael_patient_zero.webp	art/cards/thought_virus/kael_patient_zero.webp	OK_inventory
apps/shared/tcg-core/cards/definitions/s1_pack2/thought_virus.ts	assetUrl	art/cards/thought_virus/kael_the_source.webp	art/cards/thought_virus/kael_the_source.webp	OK_inventory
apps/shared/tcg-core/cards/definitions/s1_pack2/thought_virus.ts	assetUrl	art/cards/thought_virus/kaels_memory.webp	art/cards/thought_virus/kaels_memory.webp	OK_inventory
apps/shared/tcg-core/cards/definitions/s1_pack2/thought_virus.ts	assetUrl	art/cards/thought_virus/master_assassin.webp	art/cards/thought_virus/master_assassin.webp	OK_inventory
apps/shared/tcg-core/cards/definitions/s1_pack2/thought_virus.ts	assetUrl	art/cards/thought_virus/memetic_carrier.webp	art/cards/thought_virus/memetic_carrier.webp	OK_inventory
apps/shared/tcg-core/cards/definitions/s1_pack2/thought_virus.ts	assetUrl	art/cards/thought_virus/memory_consumption.webp	art/cards/thought_virus/memory_consumption.webp	OK_inventory
apps/shared/tcg-core/cards/definitions/s1_pack2/thought_virus.ts	assetUrl	art/cards/thought_virus/mind_rot_drone.webp	art/cards/thought_virus/mind_rot_drone.webp	OK_inventory
apps/shared/tcg-core/cards/definitions/s1_pack2/thought_virus.ts	assetUrl	art/cards/thought_virus/neural_hive.webp	art/cards/thought_virus/neural_hive.webp	OK_inventory
apps/shared/tcg-core/cards/definitions/s1_pack2/thought_virus.ts	assetUrl	art/cards/thought_virus/neural_overwrite.webp	art/cards/thought_virus/neural_overwrite.webp	OK_inventory
apps/shared/tcg-core/cards/definitions/s1_pack2/thought_virus.ts	assetUrl	art/cards/thought_virus/neural_parasite.webp	art/cards/thought_virus/neural_parasite.webp	OK_inventory
apps/shared/tcg-core/cards/definitions/s1_pack2/thought_virus.ts	assetUrl	art/cards/thought_virus/neural_plague_carrier.webp	art/cards/thought_virus/neural_plague_carrier.webp	OK_inventory
apps/shared/tcg-core/cards/definitions/s1_pack2/thought_virus.ts	assetUrl	art/cards/thought_virus/nihilistic_mercy.webp	art/cards/thought_virus/nihilistic_mercy.webp	OK_inventory
apps/shared/tcg-core/cards/definitions/s1_pack2/thought_virus.ts	assetUrl	art/cards/thought_virus/noise_agent.webp	art/cards/thought_virus/noise_agent.webp	OK_inventory
apps/shared/tcg-core/cards/definitions/s1_pack2/thought_virus.ts	assetUrl	art/cards/thought_virus/patient_zero.webp	art/cards/thought_virus/patient_zero.webp	OK_inventory
apps/shared/tcg-core/cards/definitions/s1_pack2/thought_virus.ts	assetUrl	art/cards/thought_virus/plague_architect.webp	art/cards/thought_virus/plague_architect.webp	OK_inventory
apps/shared/tcg-core/cards/definitions/s1_pack2/thought_virus.ts	assetUrl	art/cards/thought_virus/plague_herald.webp	art/cards/thought_virus/plague_herald.webp	OK_inventory
apps/shared/tcg-core/cards/definitions/s1_pack2/thought_virus.ts	assetUrl	art/cards/thought_virus/plague_wind.webp	art/cards/thought_virus/plague_wind.webp	OK_inventory
apps/shared/tcg-core/cards/definitions/s1_pack2/thought_virus.ts	assetUrl	art/cards/thought_virus/quarantine_field.webp	art/cards/thought_virus/quarantine_field.webp	OK_inventory
apps/shared/tcg-core/cards/definitions/s1_pack2/thought_virus.ts	assetUrl	art/cards/thought_virus/source_fragment.webp	art/cards/thought_virus/source_fragment.webp	OK_inventory
apps/shared/tcg-core/cards/definitions/s1_pack2/thought_virus.ts	assetUrl	art/cards/thought_virus/spore_burst.webp	art/cards/thought_virus/spore_burst.webp	OK_inventory
apps/shared/tcg-core/cards/definitions/s1_pack2/thought_virus.ts	assetUrl	art/cards/thought_virus/spore_cloud.webp	art/cards/thought_virus/spore_cloud.webp	OK_inventory
apps/shared/tcg-core/cards/definitions/s1_pack2/thought_virus.ts	assetUrl	art/cards/thought_virus/strain_the_redeemed.webp	art/cards/thought_virus/strain_the_redeemed.webp	OK_inventory
apps/shared/tcg-core/cards/definitions/s1_pack2/thought_virus.ts	assetUrl	art/cards/thought_virus/swarm_survivor.webp	art/cards/thought_virus/swarm_survivor.webp	OK_inventory
apps/shared/tcg-core/cards/definitions/s1_pack2/thought_virus.ts	assetUrl	art/cards/thought_virus/synaptic_horror.webp	art/cards/thought_virus/synaptic_horror.webp	OK_inventory
apps/shared/tcg-core/cards/definitions/s1_pack2/thought_virus.ts	assetUrl	art/cards/thought_virus/terminal_stage.webp	art/cards/thought_virus/terminal_stage.webp	OK_inventory
apps/shared/tcg-core/cards/definitions/s1_pack2/thought_virus.ts	assetUrl	art/cards/thought_virus/terminus_dreadnought.webp	art/cards/thought_virus/terminus_dreadnought.webp	OK_inventory
apps/shared/tcg-core/cards/definitions/s1_pack2/thought_virus.ts	assetUrl	art/cards/thought_virus/terminus_protocol.webp	art/cards/thought_virus/terminus_protocol.webp	OK_inventory
apps/shared/tcg-core/cards/definitions/s1_pack2/thought_virus.ts	assetUrl	art/cards/thought_virus/terminus_sovereign.webp	art/cards/thought_virus/terminus_sovereign.webp	OK_inventory
apps/shared/tcg-core/cards/definitions/s1_pack2/thought_virus.ts	assetUrl	art/cards/thought_virus/terminus_spire_guard.webp	art/cards/thought_virus/terminus_spire_guard.webp	OK_inventory
apps/shared/tcg-core/cards/definitions/s1_pack2/thought_virus.ts	assetUrl	art/cards/thought_virus/the_host.webp	art/cards/thought_virus/the_host.webp	OK_inventory
apps/shared/tcg-core/cards/definitions/s1_pack2/thought_virus.ts	assetUrl	art/cards/thought_virus/the_sacrificed.webp	art/cards/thought_virus/the_sacrificed.webp	OK_inventory
apps/shared/tcg-core/cards/definitions/s1_pack2/thought_virus.ts	assetUrl	art/cards/thought_virus/the_source_general.webp	art/cards/thought_virus/the_source_general.webp	OK_inventory
apps/shared/tcg-core/cards/definitions/s1_pack2/thought_virus.ts	assetUrl	art/cards/thought_virus/the_source_legendary.webp	art/cards/thought_virus/the_source_legendary.webp	OK_inventory
apps/shared/tcg-core/cards/definitions/s1_pack2/thought_virus.ts	assetUrl	art/cards/thought_virus/vector_swarm.webp	art/cards/thought_virus/vector_swarm.webp	OK_inventory
apps/shared/tcg-core/cards/definitions/s1_pack2/thought_virus.ts	assetUrl	art/cards/thought_virus/viral_bloom.webp	art/cards/thought_virus/viral_bloom.webp	OK_inventory
apps/shared/tcg-core/cards/definitions/s1_pack2/thought_virus.ts	assetUrl	art/cards/thought_virus/viral_cascade.webp	art/cards/thought_virus/viral_cascade.webp	OK_inventory
apps/shared/tcg-core/cards/definitions/s1_pack2/thought_virus.ts	assetUrl	art/cards/thought_virus/viral_vector.webp	art/cards/thought_virus/viral_vector.webp	OK_inventory
apps/shared/tcg-core/cards/definitions/s1_pack2/thought_virus.ts	assetUrl	art/cards/thought_virus/void_arena_rift.webp	art/cards/thought_virus/void_arena_rift.webp	OK_inventory
apps/shared/tcg-core/cards/definitions/s1_pack2/thought_virus.ts	assetUrl	art/cards/thought_virus/void_grub.webp	art/cards/thought_virus/void_grub.webp	OK_inventory
apps/shared/tcg-core/cards/definitions/s1_pack2/thought_virus.ts	assetUrl	art/cards/thought_virus/void_leviathan.webp	art/cards/thought_virus/void_leviathan.webp	OK_inventory
apps/shared/tcg-core/cards/definitions/s1_pack2/thought_virus.ts	assetUrl	art/cards/thought_virus/void_sentinel.webp	art/cards/thought_virus/void_sentinel.webp	OK_inventory
apps/shared/tcg-core/cards/definitions/s1_pack2/thought_virus.ts	assetUrl	art/cards/thought_virus/void_stalker.webp	art/cards/thought_virus/void_stalker.webp	OK_inventory
apps/shared/tcg-core/cards/definitions/s2_hierarchy/act_exclusives.ts	art	act1_first_witness	art/expansions/hierarchy-of-damned/act-exclusives/act1_first_witness.webp	OK_inventory
apps/shared/tcg-core/cards/definitions/s2_hierarchy/act_exclusives.ts	art	act1_substrate_static	art/expansions/hierarchy-of-damned/act-exclusives/act1_substrate_static.webp	OK_inventory
apps/shared/tcg-core/cards/definitions/s2_hierarchy/act_exclusives.ts	art	act1_the_signal	art/expansions/hierarchy-of-damned/act-exclusives/act1_the_signal.webp	OK_inventory
apps/shared/tcg-core/cards/definitions/s2_hierarchy/act_exclusives.ts	art	act1_twelve_step_inheritance	art/expansions/hierarchy-of-damned/act-exclusives/act1_twelve_step_inheritance.webp	OK_inventory
apps/shared/tcg-core/cards/definitions/s2_hierarchy/act_exclusives.ts	art	act2_bond_60_silence	art/expansions/hierarchy-of-damned/act-exclusives/act2_bond_60_silence.webp	OK_inventory
apps/shared/tcg-core/cards/definitions/s2_hierarchy/act_exclusives.ts	art	act2_conspiracy_of_two	art/expansions/hierarchy-of-damned/act-exclusives/act2_conspiracy_of_two.webp	OK_inventory
apps/shared/tcg-core/cards/definitions/s2_hierarchy/act_exclusives.ts	art	act2_engineers_bench	art/expansions/hierarchy-of-damned/act-exclusives/act2_engineers_bench.webp	OK_inventory
apps/shared/tcg-core/cards/definitions/s2_hierarchy/act_exclusives.ts	art	act2_the_whisper	art/expansions/hierarchy-of-damned/act-exclusives/act2_the_whisper.webp	OK_inventory
apps/shared/tcg-core/cards/definitions/s2_hierarchy/act_exclusives.ts	art	act3_ithrael_scouts	art/expansions/hierarchy-of-damned/act-exclusives/act3_ithrael_scouts.webp	OK_inventory
apps/shared/tcg-core/cards/definitions/s2_hierarchy/act_exclusives.ts	art	act3_soul_map_calibration	art/expansions/hierarchy-of-damned/act-exclusives/act3_soul_map_calibration.webp	OK_inventory
apps/shared/tcg-core/cards/definitions/s2_hierarchy/act_exclusives.ts	art	act3_the_offer	art/expansions/hierarchy-of-damned/act-exclusives/act3_the_offer.webp	OK_inventory
apps/shared/tcg-core/cards/definitions/s2_hierarchy/act_exclusives.ts	art	act3_three_path_crossroads	art/expansions/hierarchy-of-damned/act-exclusives/act3_three_path_crossroads.webp	OK_inventory
apps/shared/tcg-core/cards/definitions/s2_hierarchy/act_exclusives.ts	art	act4_memory_extraction	art/expansions/hierarchy-of-damned/act-exclusives/act4_memory_extraction.webp	OK_inventory
apps/shared/tcg-core/cards/definitions/s2_hierarchy/act_exclusives.ts	art	act4_oracle_half_mask	art/expansions/hierarchy-of-damned/act-exclusives/act4_oracle_half_mask.webp	OK_inventory
apps/shared/tcg-core/cards/definitions/s2_hierarchy/act_exclusives.ts	art	act4_the_revelation	art/expansions/hierarchy-of-damned/act-exclusives/act4_the_revelation.webp	OK_inventory
apps/shared/tcg-core/cards/definitions/s2_hierarchy/act_exclusives.ts	art	act4_two_witnesses_meet	art/expansions/hierarchy-of-damned/act-exclusives/act4_two_witnesses_meet.webp	OK_inventory
apps/shared/tcg-core/cards/definitions/s2_hierarchy/act_exclusives.ts	art	act5_antiquarian_prestige	art/expansions/hierarchy-of-damned/act-exclusives/act5_antiquarian_prestige.webp	OK_inventory
apps/shared/tcg-core/cards/definitions/s2_hierarchy/act_exclusives.ts	art	act5_sector_navigation_charm	art/expansions/hierarchy-of-damned/act-exclusives/act5_sector_navigation_charm.webp	OK_inventory
apps/shared/tcg-core/cards/definitions/s2_hierarchy/act_exclusives.ts	art	act5_the_map_decoded	art/expansions/hierarchy-of-damned/act-exclusives/act5_the_map_decoded.webp	OK_inventory
apps/shared/tcg-core/cards/definitions/s2_hierarchy/act_exclusives.ts	art	act5_vortex_core_cleared	art/expansions/hierarchy-of-damned/act-exclusives/act5_vortex_core_cleared.webp	OK_inventory
apps/shared/tcg-core/cards/definitions/s2_hierarchy/act_exclusives.ts	art	act6_banishment_glyph	art/expansions/hierarchy-of-damned/act-exclusives/act6_banishment_glyph.webp	OK_inventory
apps/shared/tcg-core/cards/definitions/s2_hierarchy/act_exclusives.ts	art	act6_bond_90_confessional	art/expansions/hierarchy-of-damned/act-exclusives/act6_bond_90_confessional.webp	OK_inventory
apps/shared/tcg-core/cards/definitions/s2_hierarchy/act_exclusives.ts	art	act6_narrators_truth	art/expansions/hierarchy-of-damned/act-exclusives/act6_narrators_truth.webp	OK_inventory
apps/shared/tcg-core/cards/definitions/s2_hierarchy/act_exclusives.ts	art	act6_the_confession	art/expansions/hierarchy-of-damned/act-exclusives/act6_the_confession.webp	OK_inventory
apps/shared/tcg-core/cards/definitions/s2_hierarchy/act_exclusives.ts	art	act7_all_faction_convergence	art/expansions/hierarchy-of-damned/act-exclusives/act7_all_faction_convergence.webp	OK_inventory
apps/shared/tcg-core/cards/definitions/s2_hierarchy/act_exclusives.ts	art	act7_convergence_chord	art/expansions/hierarchy-of-damned/act-exclusives/act7_convergence_chord.webp	OK_inventory
apps/shared/tcg-core/cards/definitions/s2_hierarchy/act_exclusives.ts	art	act7_final_witness_bond100	art/expansions/hierarchy-of-damned/act-exclusives/act7_final_witness_bond100.webp	OK_inventory
apps/shared/tcg-core/cards/definitions/s2_hierarchy/act_exclusives.ts	art	act7_the_convergence	art/expansions/hierarchy-of-damned/act-exclusives/act7_the_convergence.webp	OK_inventory
apps/shared/tcg-core/cards/definitions/s2_hierarchy/analysts.ts	art	s2_hierarchy_anl_brand_coordinator	art/expansions/hierarchy-of-damned/analysts/s2_hierarchy_anl_brand_coordinator.webp	OK_inventory
apps/shared/tcg-core/cards/definitions/s2_hierarchy/analysts.ts	art	s2_hierarchy_anl_compliance_auditor	art/expansions/hierarchy-of-damned/analysts/s2_hierarchy_anl_compliance_auditor.webp	OK_inventory
apps/shared/tcg-core/cards/definitions/s2_hierarchy/analysts.ts	art	s2_hierarchy_anl_cs_drone	art/expansions/hierarchy-of-damned/analysts/s2_hierarchy_anl_cs_drone.webp	OK_inventory
apps/shared/tcg-core/cards/definitions/s2_hierarchy/analysts.ts	art	s2_hierarchy_anl_data_analyst	art/expansions/hierarchy-of-damned/analysts/s2_hierarchy_anl_data_analyst.webp	OK_inventory
apps/shared/tcg-core/cards/definitions/s2_hierarchy/analysts.ts	art	s2_hierarchy_anl_finance_analyst	art/expansions/hierarchy-of-damned/analysts/s2_hierarchy_anl_finance_analyst.webp	OK_inventory
apps/shared/tcg-core/cards/definitions/s2_hierarchy/analysts.ts	art	s2_hierarchy_anl_internal_comms	art/expansions/hierarchy-of-damned/analysts/s2_hierarchy_anl_internal_comms.webp	OK_inventory
apps/shared/tcg-core/cards/definitions/s2_hierarchy/analysts.ts	art	s2_hierarchy_anl_internal_mobility	art/expansions/hierarchy-of-damned/analysts/s2_hierarchy_anl_internal_mobility.webp	OK_inventory
apps/shared/tcg-core/cards/definitions/s2_hierarchy/analysts.ts	art	s2_hierarchy_anl_ir_coordinator	art/expansions/hierarchy-of-damned/analysts/s2_hierarchy_anl_ir_coordinator.webp	OK_inventory
apps/shared/tcg-core/cards/definitions/s2_hierarchy/analysts.ts	art	s2_hierarchy_anl_knowledge_management	art/expansions/hierarchy-of-damned/analysts/s2_hierarchy_anl_knowledge_management.webp	OK_inventory
apps/shared/tcg-core/cards/definitions/s2_hierarchy/analysts.ts	art	s2_hierarchy_anl_marketing_analyst	art/expansions/hierarchy-of-damned/analysts/s2_hierarchy_anl_marketing_analyst.webp	OK_inventory
apps/shared/tcg-core/cards/definitions/s2_hierarchy/analysts.ts	art	s2_hierarchy_anl_office_manager	art/expansions/hierarchy-of-damned/analysts/s2_hierarchy_anl_office_manager.webp	OK_inventory
apps/shared/tcg-core/cards/definitions/s2_hierarchy/analysts.ts	art	s2_hierarchy_anl_pricing_analyst	art/expansions/hierarchy-of-damned/analysts/s2_hierarchy_anl_pricing_analyst.webp	OK_inventory
apps/shared/tcg-core/cards/definitions/s2_hierarchy/analysts.ts	art	s2_hierarchy_anl_procurement_clerk	art/expansions/hierarchy-of-damned/analysts/s2_hierarchy_anl_procurement_clerk.webp	OK_inventory
apps/shared/tcg-core/cards/definitions/s2_hierarchy/analysts.ts	art	s2_hierarchy_anl_project_coordinator	art/expansions/hierarchy-of-damned/analysts/s2_hierarchy_anl_project_coordinator.webp	OK_inventory
apps/shared/tcg-core/cards/definitions/s2_hierarchy/analysts.ts	art	s2_hierarchy_anl_qa_imp	art/expansions/hierarchy-of-damned/analysts/s2_hierarchy_anl_qa_imp.webp	OK_inventory
apps/shared/tcg-core/cards/definitions/s2_hierarchy/analysts.ts	art	s2_hierarchy_anl_recruiting_coordinator	art/expansions/hierarchy-of-damned/analysts/s2_hierarchy_anl_recruiting_coordinator.webp	OK_inventory
apps/shared/tcg-core/cards/definitions/s2_hierarchy/analysts.ts	art	s2_hierarchy_anl_reporting_specialist	art/expansions/hierarchy-of-damned/analysts/s2_hierarchy_anl_reporting_specialist.webp	OK_inventory
apps/shared/tcg-core/cards/definitions/s2_hierarchy/analysts.ts	art	s2_hierarchy_anl_risk_modeler	art/expansions/hierarchy-of-damned/analysts/s2_hierarchy_anl_risk_modeler.webp	OK_inventory
apps/shared/tcg-core/cards/definitions/s2_hierarchy/analysts.ts	art	s2_hierarchy_anl_sales_ops	art/expansions/hierarchy-of-damned/analysts/s2_hierarchy_anl_sales_ops.webp	OK_inventory
apps/shared/tcg-core/cards/definitions/s2_hierarchy/analysts.ts	art	s2_hierarchy_anl_tax_compliance	art/expansions/hierarchy-of-damned/analysts/s2_hierarchy_anl_tax_compliance.webp	OK_inventory
apps/shared/tcg-core/cards/definitions/s2_hierarchy/analysts.ts	art	s2_hierarchy_anl_training_content_designer	art/expansions/hierarchy-of-damned/analysts/s2_hierarchy_anl_training_content_designer.webp	OK_inventory
apps/shared/tcg-core/cards/definitions/s2_hierarchy/analysts.ts	art	s2_hierarchy_anl_travel_expense_auditor	art/expansions/hierarchy-of-damned/analysts/s2_hierarchy_anl_travel_expense_auditor.webp	OK_inventory
apps/shared/tcg-core/cards/definitions/s2_hierarchy/analysts.ts	art	s2_hierarchy_anl_ux_researcher	art/expansions/hierarchy-of-damned/analysts/s2_hierarchy_anl_ux_researcher.webp	OK_inventory
apps/shared/tcg-core/cards/definitions/s2_hierarchy/analysts.ts	art	s2_hierarchy_anl_vendor_coordinator	art/expansions/hierarchy-of-damned/analysts/s2_hierarchy_anl_vendor_coordinator.webp	OK_inventory
apps/shared/tcg-core/cards/definitions/s2_hierarchy/c_suite.ts	art	s2_hierarchy_ceo_mol_garath	art/expansions/hierarchy-of-damned/c-suite/s2_hierarchy_ceo_mol_garath.webp	OK_inventory
apps/shared/tcg-core/cards/definitions/s2_hierarchy/c_suite.ts	art	s2_hierarchy_cfo_xeth_raal	art/expansions/hierarchy-of-damned/c-suite/s2_hierarchy_cfo_xeth_raal.webp	OK_inventory
apps/shared/tcg-core/cards/definitions/s2_hierarchy/c_suite.ts	art	s2_hierarchy_coo_ririahlia	art/expansions/hierarchy-of-damned/c-suite/s2_hierarchy_coo_ririahlia.webp	OK_inventory
apps/shared/tcg-core/cards/definitions/s2_hierarchy/c_suite.ts	art	s2_hierarchy_cto_skarn_iterate	art/expansions/hierarchy-of-damned/c-suite/s2_hierarchy_cto_skarn_iterate.webp	OK_inventory
apps/shared/tcg-core/cards/definitions/s2_hierarchy/c_suite.ts	art	s2_hierarchy_cmo_vex_drelm	art/expansions/hierarchy-of-damned/c-suite/s2_hierarchy_cmo_vex_drelm.webp	OK_inventory
apps/shared/tcg-core/cards/definitions/s2_hierarchy/c_suite.ts	art	s2_hierarchy_chro_mor_vethic	art/expansions/hierarchy-of-damned/c-suite/s2_hierarchy_chro_mor_vethic.webp	OK_inventory
apps/shared/tcg-core/cards/definitions/s2_hierarchy/c_suite.ts	art	s2_hierarchy_ciso_iglarath	art/expansions/hierarchy-of-damned/c-suite/s2_hierarchy_ciso_iglarath.webp	OK_inventory
apps/shared/tcg-core/cards/definitions/s2_hierarchy/directors.ts	art	s2_hierarchy_dir_bottom_line_decimator	art/expansions/hierarchy-of-damned/directors/s2_hierarchy_dir_bottom_line_decimator.webp	OK_inventory
apps/shared/tcg-core/cards/definitions/s2_hierarchy/directors.ts	art	s2_hierarchy_dir_compliance_inquisitor	art/expansions/hierarchy-of-damned/directors/s2_hierarchy_dir_compliance_inquisitor.webp	OK_inventory
apps/shared/tcg-core/cards/definitions/s2_hierarchy/directors.ts	art	s2_hierarchy_dir_cross_functional_predator	art/expansions/hierarchy-of-damned/directors/s2_hierarchy_dir_cross_functional_predator.webp	OK_inventory
apps/shared/tcg-core/cards/definitions/s2_hierarchy/directors.ts	art	s2_hierarchy_dir_fenra	art/expansions/hierarchy-of-damned/directors/s2_hierarchy_dir_fenra.webp	OK_inventory
apps/shared/tcg-core/cards/definitions/s2_hierarchy/directors.ts	art	s2_hierarchy_dir_jira_ghoul	art/expansions/hierarchy-of-damned/directors/s2_hierarchy_dir_jira_ghoul.webp	OK_inventory
apps/shared/tcg-core/cards/definitions/s2_hierarchy/directors.ts	art	s2_hierarchy_dir_metrics_oracle	art/expansions/hierarchy-of-damned/directors/s2_hierarchy_dir_metrics_oracle.webp	OK_inventory
apps/shared/tcg-core/cards/definitions/s2_hierarchy/directors.ts	art	s2_hierarchy_dir_okr_specter	art/expansions/hierarchy-of-damned/directors/s2_hierarchy_dir_okr_specter.webp	OK_inventory
apps/shared/tcg-core/cards/definitions/s2_hierarchy/directors.ts	art	s2_hierarchy_dir_pivot_demon	art/expansions/hierarchy-of-damned/directors/s2_hierarchy_dir_pivot_demon.webp	OK_inventory
apps/shared/tcg-core/cards/definitions/s2_hierarchy/directors.ts	art	s2_hierarchy_dir_q4_ritualist	art/expansions/hierarchy-of-damned/directors/s2_hierarchy_dir_q4_ritualist.webp	OK_inventory
apps/shared/tcg-core/cards/definitions/s2_hierarchy/directors.ts	art	s2_hierarchy_dir_rif_custodian	art/expansions/hierarchy-of-damned/directors/s2_hierarchy_dir_rif_custodian.webp	OK_inventory
apps/shared/tcg-core/cards/definitions/s2_hierarchy/directors.ts	art	s2_hierarchy_dir_synergy_vampire	art/expansions/hierarchy-of-damned/directors/s2_hierarchy_dir_synergy_vampire.webp	OK_inventory
apps/shared/tcg-core/cards/definitions/s2_hierarchy/directors.ts	art	s2_hierarchy_dir_townhall_phantom	art/expansions/hierarchy-of-damned/directors/s2_hierarchy_dir_townhall_phantom.webp	OK_inventory
apps/shared/tcg-core/cards/definitions/s2_hierarchy/directors.ts	art	s2_hierarchy_dir_velm_acrith	art/expansions/hierarchy-of-damned/directors/s2_hierarchy_dir_velm_acrith.webp	OK_inventory
apps/shared/tcg-core/cards/definitions/s2_hierarchy/directors.ts	art	s2_hierarchy_dir_velocity_wraith	art/expansions/hierarchy-of-damned/directors/s2_hierarchy_dir_velocity_wraith.webp	OK_inventory
apps/shared/tcg-core/cards/definitions/s2_hierarchy/interns.ts	art	s2_hierarchy_intn_calendar_sync_imp	art/expansions/hierarchy-of-damned/interns/s2_hierarchy_intn_calendar_sync_imp.webp	OK_inventory
apps/shared/tcg-core/cards/definitions/s2_hierarchy/interns.ts	art	s2_hierarchy_intn_coffee_runner	art/expansions/hierarchy-of-damned/interns/s2_hierarchy_intn_coffee_runner.webp	OK_inventory
apps/shared/tcg-core/cards/definitions/s2_hierarchy/interns.ts	art	s2_hierarchy_intn_data_entry_drone	art/expansions/hierarchy-of-damned/interns/s2_hierarchy_intn_data_entry_drone.webp	OK_inventory
apps/shared/tcg-core/cards/definitions/s2_hierarchy/interns.ts	art	s2_hierarchy_intn_document_reviewer	art/expansions/hierarchy-of-damned/interns/s2_hierarchy_intn_document_reviewer.webp	OK_inventory
apps/shared/tcg-core/cards/definitions/s2_hierarchy/interns.ts	art	s2_hierarchy_intn_eoq_casualty	art/expansions/hierarchy-of-damned/interns/s2_hierarchy_intn_eoq_casualty.webp	OK_inventory
apps/shared/tcg-core/cards/definitions/s2_hierarchy/interns.ts	art	s2_hierarchy_intn_lunch_order_coordinator	art/expansions/hierarchy-of-damned/interns/s2_hierarchy_intn_lunch_order_coordinator.webp	OK_inventory
apps/shared/tcg-core/cards/definitions/s2_hierarchy/interns.ts	art	s2_hierarchy_intn_new_hire	art/expansions/hierarchy-of-damned/interns/s2_hierarchy_intn_new_hire.webp	OK_inventory
apps/shared/tcg-core/cards/definitions/s2_hierarchy/interns.ts	art	s2_hierarchy_intn_note_taker	art/expansions/hierarchy-of-damned/interns/s2_hierarchy_intn_note_taker.webp	OK_inventory
apps/shared/tcg-core/cards/definitions/s2_hierarchy/interns.ts	art	s2_hierarchy_intn_onboarding_shadow	art/expansions/hierarchy-of-damned/interns/s2_hierarchy_intn_onboarding_shadow.webp	OK_inventory
apps/shared/tcg-core/cards/definitions/s2_hierarchy/interns.ts	art	s2_hierarchy_intn_onboarding_survivor	art/expansions/hierarchy-of-damned/interns/s2_hierarchy_intn_onboarding_survivor.webp	OK_inventory
apps/shared/tcg-core/cards/definitions/s2_hierarchy/interns.ts	art	s2_hierarchy_intn_print_room_attendant	art/expansions/hierarchy-of-damned/interns/s2_hierarchy_intn_print_room_attendant.webp	OK_inventory
apps/shared/tcg-core/cards/definitions/s2_hierarchy/interns.ts	art	s2_hierarchy_intn_slack_reactor	art/expansions/hierarchy-of-damned/interns/s2_hierarchy_intn_slack_reactor.webp	OK_inventory
apps/shared/tcg-core/cards/definitions/s2_hierarchy/interns.ts	art	s2_hierarchy_intn_stand_up_lurker	art/expansions/hierarchy-of-damned/interns/s2_hierarchy_intn_stand_up_lurker.webp	OK_inventory
apps/shared/tcg-core/cards/definitions/s2_hierarchy/interns.ts	art	s2_hierarchy_intn_status_update_drone	art/expansions/hierarchy-of-damned/interns/s2_hierarchy_intn_status_update_drone.webp	OK_inventory
apps/shared/tcg-core/cards/definitions/s2_hierarchy/interns.ts	art	s2_hierarchy_intn_survey_form_drone	art/expansions/hierarchy-of-damned/interns/s2_hierarchy_intn_survey_form_drone.webp	OK_inventory
apps/shared/tcg-core/cards/definitions/s2_hierarchy/interns.ts	art	s2_hierarchy_intn_ticket_triager	art/expansions/hierarchy-of-damned/interns/s2_hierarchy_intn_ticket_triager.webp	OK_inventory
apps/shared/tcg-core/cards/definitions/s2_hierarchy/managers.ts	art	s2_hierarchy_mgr_backlog_maw	art/expansions/hierarchy-of-damned/managers/s2_hierarchy_mgr_backlog_maw.webp	OK_inventory
apps/shared/tcg-core/cards/definitions/s2_hierarchy/managers.ts	art	s2_hierarchy_mgr_burndown_imp	art/expansions/hierarchy-of-damned/managers/s2_hierarchy_mgr_burndown_imp.webp	OK_inventory
apps/shared/tcg-core/cards/definitions/s2_hierarchy/managers.ts	art	s2_hierarchy_mgr_calendar_demon	art/expansions/hierarchy-of-damned/managers/s2_hierarchy_mgr_calendar_demon.webp	OK_inventory
apps/shared/tcg-core/cards/definitions/s2_hierarchy/managers.ts	art	s2_hierarchy_mgr_channel_conflict_goblin	art/expansions/hierarchy-of-damned/managers/s2_hierarchy_mgr_channel_conflict_goblin.webp	OK_inventory
apps/shared/tcg-core/cards/definitions/s2_hierarchy/managers.ts	art	s2_hierarchy_mgr_demand_gen_phantom	art/expansions/hierarchy-of-damned/managers/s2_hierarchy_mgr_demand_gen_phantom.webp	OK_inventory
apps/shared/tcg-core/cards/definitions/s2_hierarchy/managers.ts	art	s2_hierarchy_mgr_estimation_goblin	art/expansions/hierarchy-of-damned/managers/s2_hierarchy_mgr_estimation_goblin.webp	OK_inventory
apps/shared/tcg-core/cards/definitions/s2_hierarchy/managers.ts	art	s2_hierarchy_mgr_midyear_adjuster	art/expansions/hierarchy-of-damned/managers/s2_hierarchy_mgr_midyear_adjuster.webp	OK_inventory
apps/shared/tcg-core/cards/definitions/s2_hierarchy/managers.ts	art	s2_hierarchy_mgr_perf_review_wraith	art/expansions/hierarchy-of-damned/managers/s2_hierarchy_mgr_perf_review_wraith.webp	OK_inventory
apps/shared/tcg-core/cards/definitions/s2_hierarchy/managers.ts	art	s2_hierarchy_mgr_pivot_memo_phantom	art/expansions/hierarchy-of-damned/managers/s2_hierarchy_mgr_pivot_memo_phantom.webp	OK_inventory
apps/shared/tcg-core/cards/definitions/s2_hierarchy/managers.ts	art	s2_hierarchy_mgr_process_imp	art/expansions/hierarchy-of-damned/managers/s2_hierarchy_mgr_process_imp.webp	OK_inventory
apps/shared/tcg-core/cards/definitions/s2_hierarchy/managers.ts	art	s2_hierarchy_mgr_quarterly_forecaster	art/expansions/hierarchy-of-damned/managers/s2_hierarchy_mgr_quarterly_forecaster.webp	OK_inventory
apps/shared/tcg-core/cards/definitions/s2_hierarchy/managers.ts	art	s2_hierarchy_mgr_reorg_specter	art/expansions/hierarchy-of-damned/managers/s2_hierarchy_mgr_reorg_specter.webp	OK_inventory
apps/shared/tcg-core/cards/definitions/s2_hierarchy/managers.ts	art	s2_hierarchy_mgr_roadmap_banshee	art/expansions/hierarchy-of-damned/managers/s2_hierarchy_mgr_roadmap_banshee.webp	OK_inventory
apps/shared/tcg-core/cards/definitions/s2_hierarchy/managers.ts	art	s2_hierarchy_mgr_slack_phantom	art/expansions/hierarchy-of-damned/managers/s2_hierarchy_mgr_slack_phantom.webp	OK_inventory
apps/shared/tcg-core/cards/definitions/s2_hierarchy/managers.ts	art	s2_hierarchy_mgr_stakeholder_wrangler	art/expansions/hierarchy-of-damned/managers/s2_hierarchy_mgr_stakeholder_wrangler.webp	OK_inventory
apps/shared/tcg-core/cards/definitions/s2_hierarchy/managers.ts	art	s2_hierarchy_mgr_stand_up_wraith	art/expansions/hierarchy-of-damned/managers/s2_hierarchy_mgr_stand_up_wraith.webp	OK_inventory
apps/shared/tcg-core/cards/definitions/s2_hierarchy/managers.ts	art	s2_hierarchy_mgr_token_economy_imp	art/expansions/hierarchy-of-damned/managers/s2_hierarchy_mgr_token_economy_imp.webp	OK_inventory
apps/shared/tcg-core/cards/definitions/s2_hierarchy/managers.ts	art	s2_hierarchy_mgr_vendor_mgmt_wraith	art/expansions/hierarchy-of-damned/managers/s2_hierarchy_mgr_vendor_mgmt_wraith.webp	OK_inventory
apps/shared/tcg-core/cards/definitions/s2_hierarchy/master_of_rlyeh.ts	assetUrl	art/cards/hierarchy/lord_master_of_rlyeh.webp	art/cards/hierarchy/lord_master_of_rlyeh.webp	OK_live
apps/shared/tcg-core/cards/definitions/s2_hierarchy/pale_emissary.ts	assetUrl	art/cards/hierarchy/the_pale_emissary.webp	art/cards/hierarchy/the_pale_emissary.webp	OK_inventory
apps/shared/tcg-core/cards/definitions/s2_hierarchy/reckoning_daughter.ts	assetUrl	art/cards/hierarchy/the_reckoning_daughter.webp	art/cards/hierarchy/the_reckoning_daughter.webp	OK_inventory
apps/shared/tcg-core/cards/definitions/s2_hierarchy/special_editions.ts	art	secret_act1_memoirist_is_memoir	art/expansions/hierarchy-of-damned/special-editions/secret_act1_memoirist_is_memoir.webp	OK_inventory
apps/shared/tcg-core/cards/definitions/s2_hierarchy/special_editions.ts	art	secret_act2_engineers_bench	art/expansions/hierarchy-of-damned/special-editions/secret_act2_engineers_bench.webp	OK_inventory
apps/shared/tcg-core/cards/definitions/s2_hierarchy/special_editions.ts	art	secret_act3_pledge_was_made	art/expansions/hierarchy-of-damned/special-editions/secret_act3_pledge_was_made.webp	OK_inventory
apps/shared/tcg-core/cards/definitions/s2_hierarchy/special_editions.ts	art	secret_act4_witnesses_always_knew	art/expansions/hierarchy-of-damned/special-editions/secret_act4_witnesses_always_knew.webp	OK_inventory
apps/shared/tcg-core/cards/definitions/s2_hierarchy/special_editions.ts	art	secret_act5_source_is_reflection	art/expansions/hierarchy-of-damned/special-editions/secret_act5_source_is_reflection.webp	OK_inventory
apps/shared/tcg-core/cards/definitions/s2_hierarchy/special_editions.ts	art	secret_act6_confession_mutual	art/expansions/hierarchy-of-damned/special-editions/secret_act6_confession_mutual.webp	OK_inventory
apps/shared/tcg-core/cards/definitions/s2_hierarchy/special_editions.ts	art	secret_act7_chord_is_listener	art/expansions/hierarchy-of-damned/special-editions/secret_act7_chord_is_listener.webp	OK_inventory
apps/shared/tcg-core/cards/definitions/s2_hierarchy/special_editions.ts	art	special_authors_edition_s2	art/expansions/hierarchy-of-damned/special-editions/special_authors_edition_s2.webp	OK_inventory
apps/shared/tcg-core/cards/definitions/s2_hierarchy/special_editions.ts	art	special_founding_author	art/expansions/hierarchy-of-damned/special-editions/special_founding_author.webp	OK_inventory
apps/shared/tcg-core/cards/definitions/s2_hierarchy/special_editions.ts	art	special_the_author_bp50	art/expansions/hierarchy-of-damned/special-editions/special_the_author_bp50.webp	OK_inventory
apps/shared/tcg-core/cards/definitions/s2_hierarchy/vps.ts	art	s2_hierarchy_vp_drask_vornal	art/expansions/hierarchy-of-damned/vps/s2_hierarchy_vp_drask_vornal.webp	OK_inventory
apps/shared/tcg-core/cards/definitions/s2_hierarchy/vps.ts	art	s2_hierarchy_vp_kelv_orth	art/expansions/hierarchy-of-damned/vps/s2_hierarchy_vp_kelv_orth.webp	OK_inventory
apps/shared/tcg-core/cards/definitions/s2_hierarchy/vps.ts	art	s2_hierarchy_vp_kragvex	art/expansions/hierarchy-of-damned/vps/s2_hierarchy_vp_kragvex.webp	OK_inventory
apps/shared/tcg-core/cards/definitions/s2_hierarchy/vps.ts	art	s2_hierarchy_vp_nessith	art/expansions/hierarchy-of-damned/vps/s2_hierarchy_vp_nessith.webp	OK_inventory
apps/shared/tcg-core/cards/definitions/s2_hierarchy/vps.ts	art	s2_hierarchy_vp_shadow_tongue	art/expansions/hierarchy-of-damned/vps/s2_hierarchy_vp_shadow_tongue.webp	OK_inventory
apps/shared/tcg-core/cards/definitions/s2_hierarchy/vps.ts	art	s2_hierarchy_vp_thelv_oss	art/expansions/hierarchy-of-damned/vps/s2_hierarchy_vp_thelv_oss.webp	OK_inventory
apps/shared/tcg-core/cards/definitions/s2_hierarchy/vps.ts	art	s2_hierarchy_vp_varkul	art/expansions/hierarchy-of-damned/vps/s2_hierarchy_vp_varkul.webp	OK_inventory
apps/shared/tcg-core/cards/definitions/thought_virus/gen_thought_virus.ts	assetUrl	art/cards/gen_thought_virus.webp	art/cards/gen_thought_virus.webp	OK_inventory
apps/shared/tcg-core/cards/definitions/thought_virus/s1_blast_004_pyre_swarm.ts	assetUrl	art/cards/thought_virus/pyre_swarm.webp	art/cards/thought_virus/pyre_swarm.webp	OK_inventory
apps/shared/tcg-core/cards/definitions/thought_virus/s1_char_032_the_host.ts	assetUrl	art/cards/s1_char_032.webp	art/cards/s1_char_032.webp	OK_inventory
apps/shared/tcg-core/cards/definitions/thought_virus/s1_char_049_the_source.ts	assetUrl	art/cards/s1_char_049.webp	art/cards/s1_char_049.webp	OK_inventory
apps/shared/tcg-core/cards/definitions/thought_virus/s1_char_070_patient_zero.ts	assetUrl	art/cards/s1_char_070.webp	art/cards/s1_char_070.webp	OK_inventory
apps/shared/tcg-core/cards/definitions/thought_virus/s1_char_071_neural_parasite.ts	assetUrl	art/cards/s1_char_071.webp	art/cards/s1_char_071.webp	OK_inventory
apps/shared/tcg-core/cards/definitions/thought_virus/s1_char_072_memetic_carrier.ts	assetUrl	art/cards/s1_char_072.webp	art/cards/s1_char_072.webp	OK_inventory
apps/shared/tcg-core/cards/definitions/thought_virus/s1_char_073_cognitive_blight.ts	assetUrl	art/cards/s1_char_073.webp	art/cards/s1_char_073.webp	OK_inventory
apps/shared/tcg-core/cards/definitions/thought_virus/s1_char_074_vector_swarm.ts	assetUrl	art/cards/s1_char_074.webp	art/cards/s1_char_074.webp	OK_inventory
apps/shared/tcg-core/cards/definitions/thought_virus/s1_char_075_plague_herald.ts	assetUrl	art/cards/s1_char_075.webp	art/cards/s1_char_075.webp	OK_inventory
apps/shared/tcg-core/cards/definitions/thought_virus/s1_char_076_synaptic_horror.ts	assetUrl	art/cards/s1_char_076.webp	art/cards/s1_char_076.webp	OK_inventory
apps/shared/tcg-core/cards/definitions/thought_virus/s1_char_077_mind_rot_drone.ts	assetUrl	art/cards/s1_char_077.webp	art/cards/s1_char_077.webp	OK_inventory
apps/shared/tcg-core/cards/definitions/thought_virus/s1_char_113_terminus_sovereign.ts	assetUrl	art/cards/s1_char_113.webp	art/cards/s1_char_113.webp	OK_inventory
apps/shared/tcg-core/cards/definitions/thought_virus/s1_char_114_viral_vector.ts	assetUrl	art/cards/s1_char_114.webp	art/cards/s1_char_114.webp	OK_inventory
apps/shared/tcg-core/cards/definitions/thought_virus/s1_char_115_consumed_host.ts	assetUrl	art/cards/s1_char_115.webp	art/cards/s1_char_115.webp	OK_inventory
apps/shared/tcg-core/cards/definitions/thought_virus/s1_char_116_neural_plague_carrier.ts	assetUrl	art/cards/s1_char_116.webp	art/cards/s1_char_116.webp	OK_inventory
apps/shared/tcg-core/cards/definitions/thought_virus/s1_char_200_cortex_ravager.ts	assetUrl	art/cards/s1_char_200.webp	art/cards/s1_char_200.webp	OK_inventory
apps/shared/tcg-core/cards/definitions/thought_virus/s1_pack_022_viral_bloom.ts	assetUrl	art/cards/s1_pack_022.webp	art/cards/s1_pack_022.webp	OK_inventory
apps/shared/tcg-core/cards/definitions/thought_virus/s1_pack_023_infected_drone.ts	assetUrl	art/cards/s1_pack_023.webp	art/cards/s1_pack_023.webp	OK_inventory
apps/shared/tcg-core/cards/definitions/thought_virus/s1_pack_024_plague_architect.ts	assetUrl	art/cards/s1_pack_024.webp	art/cards/s1_pack_024.webp	OK_inventory
apps/shared/tcg-core/cards/definitions/thought_virus/s1_pack_025_corruption_wave.ts	assetUrl	art/cards/s1_pack_025.webp	art/cards/s1_pack_025.webp	OK_inventory
apps/shared/tcg-core/cards/definitions/thought_virus/s1_pack_026_neural_hive.ts	assetUrl	art/cards/s1_pack_026.webp	art/cards/s1_pack_026.webp	OK_inventory
apps/shared/tcg-core/cards/definitions/thought_virus/s1_pack_027_terminus_dreadnought.ts	assetUrl	art/cards/s1_pack_027.webp	art/cards/s1_pack_027.webp	OK_inventory
apps/shared/tcg-core/cards/definitions/thought_virus/s1_pack_028_spore_cloud.ts	assetUrl	art/cards/s1_pack_028.webp	art/cards/s1_pack_028.webp	OK_inventory
apps/shared/tcg-core/cards/definitions/thought_virus/s1_pack_cosm_armor_void.ts	assetUrl	art/cards/s1_pack_cosm_armor_void.webp	art/cards/s1_pack_cosm_armor_void.webp	OK_inventory
apps/shared/tcg-core/cards/definitions/thought_virus/s1_pack_cosm_board_void.ts	assetUrl	art/cards/s1_pack_cosm_board_void.webp	art/cards/s1_pack_cosm_board_void.webp	OK_inventory
apps/shared/tcg-core/cards/definitions/thought_virus/s1_pack_cosm_tower_skin.ts	assetUrl	art/cards/s1_pack_cosm_tower_skin.webp	art/cards/s1_pack_cosm_tower_skin.webp	OK_inventory
apps/shared/tcg-core/cards/definitions/thought_virus/s1_pack_id_kael_patient_zero.ts	assetUrl	art/cards/s1_pack_id_kael_patient_zero.webp	art/cards/s1_pack_id_kael_patient_zero.webp	OK_inventory
apps/shared/tcg-core/cards/definitions/thought_virus/s1_pack_id_kael_source.ts	assetUrl	art/cards/s1_pack_id_kael_source.webp	art/cards/s1_pack_id_kael_source.webp	OK_inventory
apps/shared/tcg-core/cards/definitions/thought_virus/s1_pack_pet_void_crawler_1.ts	assetUrl	art/cards/s1_pack_pet_void_crawler_1.webp	art/cards/s1_pack_pet_void_crawler_1.webp	OK_inventory
apps/shared/tcg-core/cards/definitions/thought_virus/s1_pack_pet_void_crawler_2.ts	assetUrl	art/cards/s1_pack_pet_void_crawler_2.webp	art/cards/s1_pack_pet_void_crawler_2.webp	OK_inventory
apps/shared/tcg-core/cards/definitions/thought_virus/s1_pack_pet_void_crawler_3.ts	assetUrl	art/cards/s1_pack_pet_void_crawler_3.webp	art/cards/s1_pack_pet_void_crawler_3.webp	OK_inventory
apps/shared/tcg-core/cards/definitions/thought_virus/s1_resurrect_002_persistent_strain.ts	assetUrl	art/cards/thought_virus/persistent_strain.webp	art/cards/thought_virus/persistent_strain.webp	OK_inventory
apps/shared/tcg-core/cards/definitions/thought_virus/s1_reward_boss_source.ts	assetUrl	art/cards/s1_reward_boss_source.webp	art/cards/s1_reward_boss_source.webp	OK_inventory
apps/shared/tcg-core/cards/definitions/thought_virus/s1_reward_circuit_1st.ts	assetUrl	art/cards/s1_reward_circuit_1st.webp	art/cards/s1_reward_circuit_1st.webp	OK_inventory
apps/shared/tcg-core/cards/definitions/thought_virus/s1_reward_circuit_survive.ts	assetUrl	art/cards/s1_reward_circuit_survive.webp	art/cards/s1_reward_circuit_survive.webp	OK_inventory
apps/shared/tcg-core/cards/definitions/thought_virus/s1_reward_class_assassin.ts	assetUrl	art/cards/s1_reward_class_assassin.webp	art/cards/s1_reward_class_assassin.webp	OK_inventory
apps/shared/tcg-core/cards/definitions/thought_virus/s1_reward_companion_kael.ts	assetUrl	art/cards/s1_reward_companion_kael.webp	art/cards/s1_reward_companion_kael.webp	OK_inventory
apps/shared/tcg-core/cards/definitions/thought_virus/s1_reward_crew_sacrifice.ts	assetUrl	art/cards/s1_reward_crew_sacrifice.webp	art/cards/s1_reward_crew_sacrifice.webp	OK_inventory
apps/shared/tcg-core/cards/definitions/thought_virus/s1_reward_cycle_dark.ts	assetUrl	art/cards/s1_reward_cycle_dark.webp	art/cards/s1_reward_cycle_dark.webp	OK_inventory
apps/shared/tcg-core/cards/definitions/thought_virus/s1_reward_eidolon_strain.ts	assetUrl	art/cards/s1_reward_eidolon_strain.webp	art/cards/s1_reward_eidolon_strain.webp	OK_inventory
apps/shared/tcg-core/cards/definitions/thought_virus/s1_reward_outbreak_contain.ts	assetUrl	art/cards/s1_reward_outbreak_contain.webp	art/cards/s1_reward_outbreak_contain.webp	OK_inventory
apps/shared/tcg-core/cards/definitions/thought_virus/s1_reward_palimpsest_noise.ts	assetUrl	art/cards/s1_reward_palimpsest_noise.webp	art/cards/s1_reward_palimpsest_noise.webp	OK_inventory
apps/shared/tcg-core/cards/definitions/thought_virus/s1_reward_swarm_champion.ts	assetUrl	art/cards/s1_reward_swarm_champion.webp	art/cards/s1_reward_swarm_champion.webp	OK_inventory
apps/shared/tcg-core/cards/definitions/thought_virus/s1_reward_swarm_survive.ts	assetUrl	art/cards/s1_reward_swarm_survive.webp	art/cards/s1_reward_swarm_survive.webp	OK_inventory
apps/shared/tcg-core/cards/definitions/thought_virus/s1_spell_112_viral_cascade.ts	assetUrl	art/cards/s1_spell_112.webp	art/cards/s1_spell_112.webp	OK_inventory
apps/shared/tcg-core/cards/definitions/thought_virus/s1_spell_113_memory_consumption.ts	assetUrl	art/cards/s1_spell_113.webp	art/cards/s1_spell_113.webp	OK_inventory
apps/shared/tcg-core/cards/definitions/thought_virus/s1_spell_114_neural_overwrite.ts	assetUrl	art/cards/s1_spell_114.webp	art/cards/s1_spell_114.webp	OK_inventory
apps/shared/tcg-core/cards/definitions/thought_virus/s1_spell_115_nihilistic_mercy.ts	assetUrl	art/cards/s1_spell_115.webp	art/cards/s1_spell_115.webp	OK_inventory
apps/shared/tcg-core/cards/definitions/thought_virus/s1_spell_218_infection_vector.ts	assetUrl	art/cards/s1_spell_218.webp	art/cards/s1_spell_218.webp	OK_inventory
apps/shared/tcg-core/cards/definitions/thought_virus/s1_spell_219_plague_wind.ts	assetUrl	art/cards/s1_spell_219.webp	art/cards/s1_spell_219.webp	OK_inventory
apps/shared/tcg-core/cards/definitions/thought_virus/s1_spell_220_assimilate.ts	assetUrl	art/cards/s1_spell_220.webp	art/cards/s1_spell_220.webp	OK_inventory
apps/shared/tcg-core/cards/definitions/thought_virus/s1_spell_221_cognitive_decay.ts	assetUrl	art/cards/s1_spell_221.webp	art/cards/s1_spell_221.webp	OK_inventory
apps/shared/tcg-core/cards/definitions/thought_virus/s1_spell_222_terminal_stage.ts	assetUrl	art/cards/s1_spell_222.webp	art/cards/s1_spell_222.webp	OK_inventory
apps/shared/tcg-core/cards/definitions/thought_virus/s1_spell_223_spore_burst.ts	assetUrl	art/cards/s1_spell_223.webp	art/cards/s1_spell_223.webp	OK_inventory