200	https://dgrsart.s3.us-east-2.amazonaws.com/cdn/client-public/audio/music/song_last_words_prelude_tease.mp3	apps/client/src/components/prelude/lastWordsTimeline.ts
200	https://dgrsart.s3.us-east-2.amazonaws.com/cdn/client-public/art/vfx/prelude/film-damage.webm	apps/client/src/components/prelude/BeatEFlashback.tsx
200	https://dgrsart.s3.us-east-2.amazonaws.com/cdn/client-public/videos/discoveries/entity_1.mp4	apps/client/src/components/DiscoveryVideoOverlay.tsx
403	https://dgrsart.s3.us-east-2.amazonaws.com/cdn/client-public/art/card-game/card-back-seer.png	apps/client/src/components/act1/SeerCardFlicker.tsx
200	https://dgrsart.s3.us-east-2.amazonaws.com/cdn/client-public/art/vfx/prelude/diploma-ink-bloom.webm	apps/client/src/components/prelude/beatEHotspots.ts
403	https://dgrsart.s3.us-east-2.amazonaws.com/cdn/client-public/backgrounds/room-archives.webp	apps/client/src/components/act1/TwoWitnessesPart2.tsx
200	https://dgrsart.s3.us-east-2.amazonaws.com/cdn/client-public/videos/epochs/epoch-0/ep02-the-meme.mp4	apps/client/src/components/DiscoveryVideoOverlay.tsx
200	https://dgrsart.s3.us-east-2.amazonaws.com/cdn/client-public/art/loading/loading-archives.png	apps/client/src/components/LoadingScreen.tsx
200	https://dgrsart.s3.us-east-2.amazonaws.com/cdn/client-public/art/specimens/echo-fragment.png	apps/client/src/game/CompanionSelectionScene.tsx
200	https://dgrsart.s3.us-east-2.amazonaws.com/cdn/client-public/art/loading/loading-trade.png	apps/client/src/components/LoadingScreen.tsx
200	https://dgrsart.s3.us-east-2.amazonaws.com/cdn/client-public/videos/discoveries/entity_20.mp4	apps/client/src/components/DiscoveryVideoOverlay.tsx
200	https://dgrsart.s3.us-east-2.amazonaws.com/cdn/client-public/videos/epochs/epoch-0/ep07-the-oracle.mp4	apps/client/src/components/DiscoveryVideoOverlay.tsx
200	https://dgrsart.s3.us-east-2.amazonaws.com/cdn/client-public/videos/discoveries/entity_55.mp4	apps/client/src/components/DiscoveryVideoOverlay.tsx
200	https://dgrsart.s3.us-east-2.amazonaws.com/cdn/client-public/videos/discoveries/entity_66.mp4	apps/client/src/components/DiscoveryVideoOverlay.tsx
200	https://dgrsart.s3.us-east-2.amazonaws.com/cdn/client-public/art/loading/loading-matrix-of-dreams.png	apps/client/src/components/LoadingScreen.tsx
200	https://dgrsart.s3.us-east-2.amazonaws.com/cdn/client-public/videos/discoveries/entity_18.mp4	apps/client/src/components/DiscoveryVideoOverlay.tsx
200	https://dgrsart.s3.us-east-2.amazonaws.com/cdn/client-public/art/mechronis/environments/mechronis_grand_hall.jpg	apps/client/src/components/SortingCeremony.tsx
200	https://dgrsart.s3.us-east-2.amazonaws.com/cdn/client-public/art/specimens/cipher-fragment.png	apps/client/src/game/CompanionSelectionScene.tsx
200	https://dgrsart.s3.us-east-2.amazonaws.com/cdn/client-public/videos/discoveries/entity_21.mp4	apps/client/src/components/DiscoveryVideoOverlay.tsx
403	https://dgrsart.s3.us-east-2.amazonaws.com/cdn/client-public/art/specimens/cog-fragment.png	apps/client/src/game/CompanionSelectionScene.tsx
200	https://dgrsart.s3.us-east-2.amazonaws.com/cdn/client-public/art/specimens/lux-fragment.png	apps/client/src/game/CompanionSelectionScene.tsx
403	https://dgrsart.s3.us-east-2.amazonaws.com/cdn/client-public/art/specimens/nyx-fragment.png	apps/client/src/game/CompanionSelectionScene.tsx
403	https://dgrsart.s3.us-east-2.amazonaws.com/cdn/client-public/art/specimens/strain-fragment.png	apps/client/src/game/CompanionSelectionScene.tsx
403	https://dgrsart.s3.us-east-2.amazonaws.com/cdn/client-public/art/specimens/toxis-fragment.png	apps/client/src/game/CompanionSelectionScene.tsx
200	https://dgrsart.s3.us-east-2.amazonaws.com/cdn/client-public/art/specimens/spore-fragment.png	apps/client/src/game/CompanionSelectionScene.tsx
200	https://dgrsart.s3.us-east-2.amazonaws.com/cdn/client-public/art/dmc/environments/dmc_env_the-trench_1920x1080.jpg	apps/client/src/game/gameData.ts
200	https://dgrsart.s3.us-east-2.amazonaws.com/cdn/client-public/art/planets/planet-castle-of-death.png	apps/client/src/game/tradeEmpire.ts
200	https://dgrsart.s3.us-east-2.amazonaws.com/cdn/client-public/art/planets/planet-terminus.png	apps/client/src/game/tradeEmpire.ts
200	https://dgrsart.s3.us-east-2.amazonaws.com/cdn/client-public/art/special-maps/special-gamemasters-coliseum.png	apps/client/src/game/GamemastersArena.tsx
200	https://dgrsart.s3.us-east-2.amazonaws.com/cdn/client-public/art/specimens/gilt-fragment.png	apps/client/src/game/CompanionSelectionScene.tsx
403	https://dgrsart.s3.us-east-2.amazonaws.com/cdn/client-public/art/rooms/ark	apps/client/src/game/roomStateAssets.ts
403	https://dgrsart.s3.us-east-2.amazonaws.com/cdn/client-public/art/rooms/videos	apps/client/src/game/roomStateAssets.ts
200	https://dgrsart.s3.us-east-2.amazonaws.com/cdn/client-public/art/constellations/constellation-dreamers-spiral.png	apps/client/src/game/StarChart.tsx
200	https://dgrsart.s3.us-east-2.amazonaws.com/cdn/client-public/characters/elara/viseme.avif	apps/client/src/game/characterSprites.ts
200	https://dgrsart.s3.us-east-2.amazonaws.com/cdn/client-public/art/terminus/enemies/plague-ant.png	apps/client/src/game/terminus-swarm/TerminusSwarmPage.tsx
200	https://dgrsart.s3.us-east-2.amazonaws.com/cdn/client-public/characters/shadow_tongue/viseme_hyper.avif	apps/client/src/game/characterSprites.ts
200	https://dgrsart.s3.us-east-2.amazonaws.com/cdn/client-public/art/constellations/constellation-two-witnesses.png	apps/client/src/game/StarChart.tsx
200	https://dgrsart.s3.us-east-2.amazonaws.com/cdn/client-public/characters/minnie/expressions.avif	apps/client/src/game/characterSprites.ts
200	https://dgrsart.s3.us-east-2.amazonaws.com/cdn/client-public/art/terminus/enemies/undead-grub.png	apps/client/src/game/terminus-swarm/TerminusSwarmPage.tsx
200	https://dgrsart.s3.us-east-2.amazonaws.com/cdn/client-public/art/terminus/enemies/corrupt-mantis.png	apps/client/src/game/terminus-swarm/TerminusSwarmPage.tsx
200	https://dgrsart.s3.us-east-2.amazonaws.com/cdn/client-public/art/terminus/enemies/venom-wasp.png	apps/client/src/game/terminus-swarm/TerminusSwarmPage.tsx
200	https://dgrsart.s3.us-east-2.amazonaws.com/cdn/client-public/art/terminus/enemies/bile-hulk.png	apps/client/src/game/terminus-swarm/TerminusSwarmPage.tsx
200	https://dgrsart.s3.us-east-2.amazonaws.com/cdn/client-public/characters/elara/idle_hologram.avif	apps/client/src/game/characterSprites.ts
200	https://dgrsart.s3.us-east-2.amazonaws.com/cdn/client-public/art/terminus/enemies/rot-crawler.png	apps/client/src/game/terminus-swarm/TerminusSwarmPage.tsx
200	https://dgrsart.s3.us-east-2.amazonaws.com/cdn/client-public/art/terminus/enemies/neural-parasite.png	apps/client/src/game/terminus-swarm/TerminusSwarmPage.tsx
200	https://dgrsart.s3.us-east-2.amazonaws.com/cdn/client-public/art/terminus/enemies/swarm-queen.png	apps/client/src/game/terminus-swarm/TerminusSwarmPage.tsx
200	https://dgrsart.s3.us-east-2.amazonaws.com/cdn/client-public/art/terminus/enemies/avatar-source.png	apps/client/src/game/terminus-swarm/TerminusSwarmPage.tsx
200	https://dgrsart.s3.us-east-2.amazonaws.com/cdn/client-public/characters/minnie/breathing.avif	apps/client/src/game/characterSprites.ts
200	https://dgrsart.s3.us-east-2.amazonaws.com/cdn/client-public/characters/minnie/blink.avif	apps/client/src/game/characterSprites.ts
200	https://dgrsart.s3.us-east-2.amazonaws.com/cdn/client-public/art/terminus/turrets/cryo-array.png	apps/client/src/game/terminus-swarm/TerminusSwarmPage.tsx
403	https://dgrsart.s3.us-east-2.amazonaws.com/cdn/client-public/art/rooms/mystery-states	apps/client/src/game/roomStateAssets.ts
200	https://dgrsart.s3.us-east-2.amazonaws.com/cdn/client-public/art/minigames/minigame-star-chart.png	apps/client/src/game/StarChart.tsx
403	https://dgrsart.s3.us-east-2.amazonaws.com/cdn/client-public/art/fighters/architect	apps/client/src/game/spriteSheetConfig.ts
200	https://dgrsart.s3.us-east-2.amazonaws.com/cdn/client-public/characters/minnie/viseme.avif	apps/client/src/game/characterSprites.ts
200	https://dgrsart.s3.us-east-2.amazonaws.com/cdn/client-public/characters/minnie/bust.avif	apps/client/src/game/characterSprites.ts
200	https://dgrsart.s3.us-east-2.amazonaws.com/cdn/client-public/art/planets/planet-violetta.png	apps/client/src/game/tradeEmpire.ts
200	https://dgrsart.s3.us-east-2.amazonaws.com/cdn/client-public/art/constellations/constellation-iron-lions-shield.png	apps/client/src/game/StarChart.tsx
200	https://dgrsart.s3.us-east-2.amazonaws.com/cdn/client-public/art/constellations/constellation-kaels-chain.png	apps/client/src/game/StarChart.tsx
200	https://dgrsart.s3.us-east-2.amazonaws.com/cdn/client-public/characters/the_human/front_turnaround.avif	apps/client/src/game/characterSprites.ts
403	https://dgrsart.s3.us-east-2.amazonaws.com/cdn/client-public/art/fighters/collector	apps/client/src/game/spriteSheetConfig.ts
200	https://dgrsart.s3.us-east-2.amazonaws.com/cdn/client-public/art/specimens/flicker-fragment.png	apps/client/src/game/CompanionSelectionScene.tsx
200	https://dgrsart.s3.us-east-2.amazonaws.com/cdn/client-public/videos/epochs/epoch-0/ep04-iron-lion.mp4	apps/client/src/components/DiscoveryVideoOverlay.tsx
200	https://dgrsart.s3.us-east-2.amazonaws.com/cdn/client-public/art/terminus/enemies/infected-reaper.png	apps/client/src/game/terminus-swarm/TerminusSwarmPage.tsx
200	https://dgrsart.s3.us-east-2.amazonaws.com/cdn/client-public/videos/discoveries/entity_4.mp4	apps/client/src/components/DiscoveryVideoOverlay.tsx
200	https://dgrsart.s3.us-east-2.amazonaws.com/cdn/client-public/videos/discoveries/entity_6.mp4	apps/client/src/components/DiscoveryVideoOverlay.tsx
200	https://dgrsart.s3.us-east-2.amazonaws.com/cdn/client-public/art/card-game/card-back-dischordia.png	apps/client/src/components/GameCard.tsx
200	https://dgrsart.s3.us-east-2.amazonaws.com/cdn/client-public/art/terminus/enemies/infected-spore.png	apps/client/src/game/terminus-swarm/TerminusSwarmPage.tsx
403	https://dgrsart.s3.us-east-2.amazonaws.com/cdn/client-public/art/specimens/auros-fragment.png	apps/client/src/game/CompanionSelectionScene.tsx
200	https://dgrsart.s3.us-east-2.amazonaws.com/cdn/client-public/art/minigames/minigame-hacking-pipes.png	apps/client/src/game/HackingPuzzle.tsx
200	https://dgrsart.s3.us-east-2.amazonaws.com/cdn/client-public/videos/discoveries/entity_2.mp4	apps/client/src/components/DiscoveryVideoOverlay.tsx
200	https://dgrsart.s3.us-east-2.amazonaws.com/cdn/client-public/art/constellations/constellation-architects-eye.png	apps/client/src/game/StarChart.tsx
403	https://dgrsart.s3.us-east-2.amazonaws.com/cdn/client-public/audio/music/song_last_words_prelude_full.mp3	apps/client/src/components/act1/act1CycleCWitnessing.ts
200	https://dgrsart.s3.us-east-2.amazonaws.com/cdn/client-public/art/terminus/turrets/pulse-cannon.png	apps/client/src/game/terminus-swarm/TerminusSwarmPage.tsx
403	https://dgrsart.s3.us-east-2.amazonaws.com/cdn/client-public/art/specimens/sibyl-fragment.png	apps/client/src/game/CompanionSelectionScene.tsx
200	https://dgrsart.s3.us-east-2.amazonaws.com/cdn/client-public/art/terminus/turrets/arc-emitter.png	apps/client/src/game/terminus-swarm/TerminusSwarmPage.tsx
403	https://dgrsart.s3.us-east-2.amazonaws.com/cdn/client-public/audio/antiquarian	apps/client/src/components/act1/TwoWitnessesPart2.tsx
200	https://dgrsart.s3.us-east-2.amazonaws.com/cdn/client-public/art/minigames/minigame-signal-decryption.png	apps/client/src/game/SignalDecryption.tsx
200	https://dgrsart.s3.us-east-2.amazonaws.com/cdn/client-public/videos/discoveries/entity_10.mp4	apps/client/src/components/DiscoveryVideoOverlay.tsx
200	https://dgrsart.s3.us-east-2.amazonaws.com/cdn/client-public/art/loading/loading-combat.png	apps/client/src/components/LoadingScreen.tsx
200	https://dgrsart.s3.us-east-2.amazonaws.com/cdn/client-public/art/terminus/turrets/flame-projector.png	apps/client/src/game/terminus-swarm/TerminusSwarmPage.tsx
200	https://dgrsart.s3.us-east-2.amazonaws.com/cdn/client-public/art/terminus/turrets/emp-mine.png	apps/client/src/game/terminus-swarm/TerminusSwarmPage.tsx
200	https://dgrsart.s3.us-east-2.amazonaws.com/cdn/client-public/art/terminus/turrets/missile-battery.png	apps/client/src/game/terminus-swarm/TerminusSwarmPage.tsx
200	https://dgrsart.s3.us-east-2.amazonaws.com/cdn/client-public/videos/epochs/epoch-0/ep05-the-spy.mp4	apps/client/src/components/DiscoveryVideoOverlay.tsx
200	https://dgrsart.s3.us-east-2.amazonaws.com/cdn/client-public/videos/discoveries/entity_54.mp4	apps/client/src/components/DiscoveryVideoOverlay.tsx
200	https://dgrsart.s3.us-east-2.amazonaws.com/cdn/client-public/art/terminus/enemies/hive-tyrant.png	apps/client/src/game/terminus-swarm/TerminusSwarmPage.tsx
200	https://dgrsart.s3.us-east-2.amazonaws.com/cdn/client-public/art/special-maps/special-thaloria-debate-stage.png	apps/client/src/game/PalimpsestEpisodesPage.tsx
200	https://dgrsart.s3.us-east-2.amazonaws.com/cdn/client-public/videos/epochs/epoch-0/ep03-agent-zero.mp4	apps/client/src/components/DiscoveryVideoOverlay.tsx
200	https://dgrsart.s3.us-east-2.amazonaws.com/cdn/client-public/art/terminus/turrets/nanite-swarm.png	apps/client/src/game/terminus-swarm/TerminusSwarmPage.tsx
200	https://dgrsart.s3.us-east-2.amazonaws.com/cdn/client-public/videos/discoveries/entity_3.mp4	apps/client/src/components/DiscoveryVideoOverlay.tsx
200	https://dgrsart.s3.us-east-2.amazonaws.com/cdn/client-public/art/loading/loading-celebration.png	apps/client/src/components/LoadingScreen.tsx
200	https://dgrsart.s3.us-east-2.amazonaws.com/cdn/client-public/art/terminus/turrets/shield-pylon.png	apps/client/src/game/terminus-swarm/TerminusSwarmPage.tsx
403	https://dgrsart.s3.us-east-2.amazonaws.com/cdn/client-public/art/fighters/enigma	apps/client/src/game/spriteSheetConfig.ts
200	https://dgrsart.s3.us-east-2.amazonaws.com/cdn/client-public/art/planets/planet-degens-casino.png	apps/client/src/game/tradeEmpire.ts
200	https://dgrsart.s3.us-east-2.amazonaws.com/cdn/client-public/art/loading/loading-terminus.png	apps/client/src/components/LoadingScreen.tsx
200	https://dgrsart.s3.us-east-2.amazonaws.com/cdn/client-public/art/loading/loading-bridge.png	apps/client/src/components/LoadingScreen.tsx
200	https://dgrsart.s3.us-east-2.amazonaws.com/cdn/client-public/art/terminus/maps/terminus-planet.png	apps/client/src/game/terminus-swarm/TerminusSwarmPage.tsx
200	https://dgrsart.s3.us-east-2.amazonaws.com/cdn/client-public/videos/game-modes/tower-defense/cin01_comms_room_discovery.mp4	apps/client/src/game/terminus-swarm/TerminusSwarmPage.tsx
200	https://dgrsart.s3.us-east-2.amazonaws.com/cdn/client-public/art/terminus/maps/map-corridor-b.jpg	apps/client/src/game/terminus-swarm/definitions.ts
200	https://dgrsart.s3.us-east-2.amazonaws.com/cdn/client-public/videos/prelude/prelude-beat-c5-palm-frost.mp4	apps/client/src/data/preludeAct1Deliverables.ts
200	https://dgrsart.s3.us-east-2.amazonaws.com/cdn/client-public/art/gears/gear-03-iron-md.png	apps/client/src/game/terminus-swarm/HanoiPuzzle.tsx
200	https://dgrsart.s3.us-east-2.amazonaws.com/cdn/client-public/art/terminus/maps/map-landing-bay.jpg	apps/client/src/game/terminus-swarm/definitions.ts
200	https://dgrsart.s3.us-east-2.amazonaws.com/cdn/client-public/videos/prelude/prelude-beat-f-briefing.mp4	apps/client/src/data/preludeAct1Deliverables.ts
200	https://dgrsart.s3.us-east-2.amazonaws.com/cdn/client-public/art/gears/gear-04-steel-lg.png	apps/client/src/game/terminus-swarm/HanoiPuzzle.tsx
200	https://dgrsart.s3.us-east-2.amazonaws.com/cdn/client-public/videos/prelude/prelude-beat-j-finale.mp4	apps/client/src/data/preludeAct1Deliverables.ts
200	https://dgrsart.s3.us-east-2.amazonaws.com/cdn/client-public/art/terminus/maps/map-reactor-core.png	apps/client/src/game/terminus-swarm/definitions.ts
403	https://dgrsart.s3.us-east-2.amazonaws.com/cdn/client-public/art/rooms/room-social-hub.webp	apps/client/src/contexts/GameContext.tsx
200	https://dgrsart.s3.us-east-2.amazonaws.com/cdn/client-public/videos/game-modes/tower-defense/cin05_first_wave_discovery.mp4	apps/client/src/game/terminus-swarm/TerminusSwarmPage.tsx
403	https://dgrsart.s3.us-east-2.amazonaws.com/cdn/client-public/art/rooms/room-station-dock.webp	apps/client/src/contexts/GameContext.tsx
200	https://dgrsart.s3.us-east-2.amazonaws.com/cdn/client-public/audio/prelude/prelude-ambient-ship.mp3	apps/client/src/data/preludeAct1Deliverables.ts
200	https://dgrsart.s3.us-east-2.amazonaws.com/cdn/client-public/videos/act1/act1-tavern-arrival.mp4	apps/client/src/data/preludeAct1Deliverables.ts
200	https://dgrsart.s3.us-east-2.amazonaws.com/cdn/client-public/audio/ambient/prelude/ambient_neural_rig_hum.wav	apps/client/src/data/preludeAct1Deliverables.ts
403	https://dgrsart.s3.us-east-2.amazonaws.com/cdn/client-public/art/rooms/room-war-room.webp	apps/client/src/contexts/GameContext.tsx
200	https://dgrsart.s3.us-east-2.amazonaws.com/cdn/client-public/art/celebration/celebration-town-square.png	apps/client/src/data/celebrationSlideshow.ts
200	https://dgrsart.s3.us-east-2.amazonaws.com/cdn/client-public/videos/act1/act1-council-revelation.mp4	apps/client/src/data/preludeAct1Deliverables.ts
200	https://dgrsart.s3.us-east-2.amazonaws.com/cdn/client-public/videos/game-modes/tower-defense/cin02_first_view_terminus.mp4	apps/client/src/game/terminus-swarm/TerminusSwarmPage.tsx
200	https://dgrsart.s3.us-east-2.amazonaws.com/cdn/client-public/videos/game-modes/tower-defense/cin03_hive_tyrant_intro.mp4	apps/client/src/game/terminus-swarm/TerminusSwarmPage.tsx
200	https://dgrsart.s3.us-east-2.amazonaws.com/cdn/client-public/videos/act1/act1-arena-challenge.mp4	apps/client/src/data/preludeAct1Deliverables.ts
200	https://dgrsart.s3.us-east-2.amazonaws.com/cdn/client-public/videos/prelude/prelude-beat-e-medbay.mp4	apps/client/src/data/preludeAct1Deliverables.ts
200	https://dgrsart.s3.us-east-2.amazonaws.com/cdn/client-public/videos/game-modes/tower-defense/cin04_source_reveal.mp4	apps/client/src/game/terminus-swarm/TerminusSwarmPage.tsx
200	https://dgrsart.s3.us-east-2.amazonaws.com/cdn/client-public/audio/act1/act1-arena-battle.mp3	apps/client/src/data/preludeAct1Deliverables.ts
200	https://dgrsart.s3.us-east-2.amazonaws.com/cdn/client-public/art/vfx/prelude/cryo-frost-retreat.mp4	apps/client/src/data/preludeAct1Deliverables.ts
200	https://dgrsart.s3.us-east-2.amazonaws.com/cdn/client-public/art/vfx/prelude/film-damage-overlay.mp4	apps/client/src/data/preludeAct1Deliverables.ts
200	https://dgrsart.s3.us-east-2.amazonaws.com/cdn/client-public/art/vfx/prelude/pod-hatch-cryogas.mp4	apps/client/src/data/preludeAct1Deliverables.ts
200	https://dgrsart.s3.us-east-2.amazonaws.com/cdn/client-public/art/terminus/maps/map-terminus-surface.png	apps/client/src/game/terminus-swarm/definitions.ts
200	https://dgrsart.s3.us-east-2.amazonaws.com/cdn/client-public/art/vfx/prelude/sepia-drain.mp4	apps/client/src/data/preludeAct1Deliverables.ts
200	https://dgrsart.s3.us-east-2.amazonaws.com/cdn/client-public/art/vfx/prelude/breath-pulse-strip.mp4	apps/client/src/data/preludeAct1Deliverables.ts
200	https://dgrsart.s3.us-east-2.amazonaws.com/cdn/client-public/videos/prelude/prelude-beat-a-awakening.mp4	apps/client/src/data/preludeAct1Deliverables.ts
200	https://dgrsart.s3.us-east-2.amazonaws.com/cdn/client-public/videos/prelude/prelude-beat-g-observation.mp4	apps/client/src/data/preludeAct1Deliverables.ts
200	https://dgrsart.s3.us-east-2.amazonaws.com/cdn/client-public/audio/act1/act1-council-tension.mp3	apps/client/src/data/preludeAct1Deliverables.ts
200	https://dgrsart.s3.us-east-2.amazonaws.com/cdn/client-public/art/gears/gear-02-bronze-sm.png	apps/client/src/game/terminus-swarm/HanoiPuzzle.tsx
200	https://dgrsart.s3.us-east-2.amazonaws.com/cdn/client-public/art/celebration/celebration-chorus-pavilion.png	apps/client/src/data/celebrationSlideshow.ts
200	https://dgrsart.s3.us-east-2.amazonaws.com/cdn/client-public/videos/prelude/prelude-beat-b-iris-open.mp4	apps/client/src/data/preludeAct1Deliverables.ts
200	https://dgrsart.s3.us-east-2.amazonaws.com/cdn/client-public/art/gears/gear-01-copper-xs.png	apps/client/src/game/terminus-swarm/HanoiPuzzle.tsx
200	https://dgrsart.s3.us-east-2.amazonaws.com/cdn/client-public/art/logos/terminus-swarm.png	apps/client/src/game/terminus-swarm/TerminusSwarmPage.tsx
200	https://dgrsart.s3.us-east-2.amazonaws.com/cdn/client-public/audio/act1/act1-tavern-ambient.mp3	apps/client/src/data/preludeAct1Deliverables.ts
200	https://dgrsart.s3.us-east-2.amazonaws.com/cdn/client-public/videos/prelude/prelude-beat-h-bridge.mp4	apps/client/src/data/preludeAct1Deliverables.ts
200	https://dgrsart.s3.us-east-2.amazonaws.com/cdn/client-public/art/gears/gear-05-gold-xl.png	apps/client/src/game/terminus-swarm/HanoiPuzzle.tsx
200	https://dgrsart.s3.us-east-2.amazonaws.com/cdn/client-public/art/celebration/celebration-trading-jars.png	apps/client/src/data/celebrationSlideshow.ts
200	https://dgrsart.s3.us-east-2.amazonaws.com/cdn/client-public/art/celebration/celebration-schoolhouse.png	apps/client/src/data/celebrationSlideshow.ts
403	https://dgrsart.s3.us-east-2.amazonaws.com/cdn/client-public/art/rooms/room-dreams-workshop-subbasement.webp	apps/client/src/contexts/GameContext.tsx
403	https://dgrsart.s3.us-east-2.amazonaws.com/cdn/client-public/art/rooms/room-guild-sanctum.webp	apps/client/src/contexts/GameContext.tsx
200	https://dgrsart.s3.us-east-2.amazonaws.com/cdn/client-public/audio/prelude/prelude-elara-theme.mp3	apps/client/src/data/preludeAct1Deliverables.ts
200	https://dgrsart.s3.us-east-2.amazonaws.com/cdn/client-public/art/vfx/prelude/hologram-materialize.mp4	apps/client/src/data/preludeAct1Deliverables.ts
200	https://dgrsart.s3.us-east-2.amazonaws.com/cdn/client-public/videos/prelude/prelude-beat-d-cargo.mp4	apps/client/src/data/preludeAct1Deliverables.ts
200	https://dgrsart.s3.us-east-2.amazonaws.com/cdn/client-public/art/celebration/celebration-puzzle-garden.png	apps/client/src/data/celebrationSlideshow.ts
200	https://dgrsart.s3.us-east-2.amazonaws.com/cdn/client-public/art/soul-stones/soul-stone-gold.png	apps/client/src/data/nanobanna2Assets.ts
200	https://dgrsart.s3.us-east-2.amazonaws.com/cdn/client-public/art/strain/strain-dream-comp.png	apps/client/src/data/nanobanna2Assets.ts
403	https://dgrsart.s3.us-east-2.amazonaws.com/cdn/client-public/art/specimens/glyph	apps/client/src/data/companions/starterEidolonForms.ts
200	https://dgrsart.s3.us-east-2.amazonaws.com/cdn/client-public/art/soul-stones/soul-stone-violet.png	apps/client/src/data/nanobanna2Assets.ts
200	https://dgrsart.s3.us-east-2.amazonaws.com/cdn/client-public/art/celebration/celebration-forge-yard.png	apps/client/src/data/celebrationSlideshow.ts
403	https://dgrsart.s3.us-east-2.amazonaws.com/cdn/client-public/art/specimens/echo	apps/client/src/data/companions/starterEidolonForms.ts
200	https://dgrsart.s3.us-east-2.amazonaws.com/cdn/client-public/art/celebration/celebration-eye-garden.png	apps/client/src/data/celebrationSlideshow.ts
403	https://dgrsart.s3.us-east-2.amazonaws.com/cdn/client-public/art/specimens/flicker	apps/client/src/data/companions/starterEidolonForms.ts
200	https://dgrsart.s3.us-east-2.amazonaws.com/cdn/client-public/art/strain/strain-dream-asc.png	apps/client/src/data/nanobanna2Assets.ts
200	https://dgrsart.s3.us-east-2.amazonaws.com/cdn/client-public/art/strain/strain-hier-comp.png	apps/client/src/data/nanobanna2Assets.ts
200	https://dgrsart.s3.us-east-2.amazonaws.com/cdn/client-public/art/strain/strain-norm-comp.png	apps/client/src/data/nanobanna2Assets.ts
200	https://dgrsart.s3.us-east-2.amazonaws.com/cdn/client-public/art/spectral/spectral-echo.png	apps/client/src/data/nanobanna2Assets.ts
200	https://dgrsart.s3.us-east-2.amazonaws.com/cdn/client-public/art/strain/strain-norm-asc.png	apps/client/src/data/nanobanna2Assets.ts
200	https://dgrsart.s3.us-east-2.amazonaws.com/cdn/client-public/art/soul-stones/soul-stone-red.png	apps/client/src/data/nanobanna2Assets.ts
200	https://dgrsart.s3.us-east-2.amazonaws.com/cdn/client-public/art/celebration/celebration-by-night.png	apps/client/src/data/celebrationSlideshow.ts
200	https://dgrsart.s3.us-east-2.amazonaws.com/cdn/client-public/art/spectral/spectral-cog.png	apps/client/src/data/nanobanna2Assets.ts
403	https://dgrsart.s3.us-east-2.amazonaws.com/cdn/client-public/art/specimens/gilt	apps/client/src/data/companions/starterEidolonForms.ts
200	https://dgrsart.s3.us-east-2.amazonaws.com/cdn/client-public/art/strain/strain-dream-frag.png	apps/client/src/data/nanobanna2Assets.ts
403	https://dgrsart.s3.us-east-2.amazonaws.com/cdn/client-public/audio/music/celebration/welcome-to-celebration.mp3	apps/client/src/data/celebrationSlideshow.ts
403	https://dgrsart.s3.us-east-2.amazonaws.com/cdn/client-public/art/specimens/lux	apps/client/src/data/companions/starterEidolonForms.ts
200	https://dgrsart.s3.us-east-2.amazonaws.com/cdn/client-public/art/strain/strain-scar-comp.png	apps/client/src/data/nanobanna2Assets.ts
200	https://dgrsart.s3.us-east-2.amazonaws.com/cdn/client-public/art/spectral/spectral-gilt.png	apps/client/src/data/nanobanna2Assets.ts
200	https://dgrsart.s3.us-east-2.amazonaws.com/cdn/client-public/art/rooms/room-purification-chamber.png	apps/client/src/data/nanobanna2Assets.ts
200	https://dgrsart.s3.us-east-2.amazonaws.com/cdn/client-public/art/vfx/vfx-fusion-cog.png	apps/client/src/data/nanobanna2Assets.ts
403	https://dgrsart.s3.us-east-2.amazonaws.com/cdn/client-public/art/specimens/cipher	apps/client/src/data/companions/starterEidolonForms.ts
200	https://dgrsart.s3.us-east-2.amazonaws.com/cdn/client-public/art/specimens/dischordian-witness.png	apps/client/src/data/nanobanna2Assets.ts
200	https://dgrsart.s3.us-east-2.amazonaws.com/cdn/client-public/art/rooms/room-memorial-chamber.png	apps/client/src/data/nanobanna2Assets.ts
200	https://dgrsart.s3.us-east-2.amazonaws.com/cdn/client-public/art/specimens/dischordian-first-word.png	apps/client/src/data/nanobanna2Assets.ts
200	https://dgrsart.s3.us-east-2.amazonaws.com/cdn/client-public/art/rooms/room-summoning-chamber.png	apps/client/src/data/nanobanna2Assets.ts
200	https://dgrsart.s3.us-east-2.amazonaws.com/cdn/client-public/art/spectral/spectral-strain.png	apps/client/src/data/nanobanna2Assets.ts
200	https://dgrsart.s3.us-east-2.amazonaws.com/cdn/client-public/art/spectral/spectral-sibyl.png	apps/client/src/data/nanobanna2Assets.ts
200	https://dgrsart.s3.us-east-2.amazonaws.com/cdn/client-public/art/spectral/spectral-nyx.png	apps/client/src/data/nanobanna2Assets.ts
200	https://dgrsart.s3.us-east-2.amazonaws.com/cdn/client-public/art/spectral/spectral-auros.png	apps/client/src/data/nanobanna2Assets.ts
200	https://dgrsart.s3.us-east-2.amazonaws.com/cdn/client-public/art/strain/strain-hier-asc.png	apps/client/src/data/nanobanna2Assets.ts
200	https://dgrsart.s3.us-east-2.amazonaws.com/cdn/client-public/art/vfx/vfx-fusion-nyx.png	apps/client/src/data/nanobanna2Assets.ts
200	https://dgrsart.s3.us-east-2.amazonaws.com/cdn/client-public/art/strain/strain-norm-frag.png	apps/client/src/data/nanobanna2Assets.ts
200	https://dgrsart.s3.us-east-2.amazonaws.com/cdn/client-public/art/spectral/spectral-flicker.png	apps/client/src/data/nanobanna2Assets.ts
200	https://dgrsart.s3.us-east-2.amazonaws.com/cdn/client-public/art/spectral/spectral-cipher.png	apps/client/src/data/nanobanna2Assets.ts
200	https://dgrsart.s3.us-east-2.amazonaws.com/cdn/client-public/art/strain/strain-scar-asc.png	apps/client/src/data/nanobanna2Assets.ts
200	https://dgrsart.s3.us-east-2.amazonaws.com/cdn/client-public/art/strain/strain-hier-frag.png	apps/client/src/data/nanobanna2Assets.ts
200	https://dgrsart.s3.us-east-2.amazonaws.com/cdn/client-public/art/spectral/spectral-glyph.png	apps/client/src/data/nanobanna2Assets.ts
200	https://dgrsart.s3.us-east-2.amazonaws.com/cdn/client-public/art/vfx/vfx-fusion-auros.png	apps/client/src/data/nanobanna2Assets.ts
200	https://dgrsart.s3.us-east-2.amazonaws.com/cdn/client-public/art/spectral/spectral-spore.png	apps/client/src/data/nanobanna2Assets.ts
200	https://dgrsart.s3.us-east-2.amazonaws.com/cdn/client-public/art/vfx/vfx-fusion-strain.png	apps/client/src/data/nanobanna2Assets.ts
200	https://dgrsart.s3.us-east-2.amazonaws.com/cdn/client-public/art/spectral/spectral-toxis.png	apps/client/src/data/nanobanna2Assets.ts
200	https://dgrsart.s3.us-east-2.amazonaws.com/cdn/client-public/art/strain/strain-scar-frag.png	apps/client/src/data/nanobanna2Assets.ts
200	https://dgrsart.s3.us-east-2.amazonaws.com/cdn/client-public/art/vfx/vfx-fusion-sibyl.png	apps/client/src/data/nanobanna2Assets.ts
403	https://dgrsart.s3.us-east-2.amazonaws.com/cdn/client-public/art/soul-stones/	apps/client/src/data/nanobanna2Assets.ts
403	https://dgrsart.s3.us-east-2.amazonaws.com/cdn/client-public/art/spectral/	apps/client/src/data/nanobanna2Assets.ts
200	https://dgrsart.s3.us-east-2.amazonaws.com/cdn/client-public/art/specimens/dischordian-paradox.png	apps/client/src/data/nanobanna2Assets.ts
200	https://dgrsart.s3.us-east-2.amazonaws.com/cdn/client-public/art/spectral/spectral-lux.png	apps/client/src/data/nanobanna2Assets.ts
200	https://dgrsart.s3.us-east-2.amazonaws.com/cdn/client-public/art/arenas/arena-the-blood-weave.jpg	apps/client/src/data/arenaAssets.ts
200	https://dgrsart.s3.us-east-2.amazonaws.com/cdn/client-public/art/arenas/arena-new-babylon.jpg	apps/client/src/data/arenaAssets.ts
200	https://dgrsart.s3.us-east-2.amazonaws.com/cdn/client-public/art/vfx/vfx-thread-cipher.png	apps/client/src/data/nanobanna2Assets.ts
403	https://dgrsart.s3.us-east-2.amazonaws.com/cdn/client-public/art/eidolons/	apps/client/src/data/nanobanna2Assets.ts
200	https://dgrsart.s3.us-east-2.amazonaws.com/cdn/client-public/art/vfx/vfx-thread-lux.png	apps/client/src/data/nanobanna2Assets.ts
403	https://dgrsart.s3.us-east-2.amazonaws.com/cdn/client-public/art/rooms/	apps/client/src/data/nanobanna2Assets.ts
200	https://dgrsart.s3.us-east-2.amazonaws.com/cdn/client-public/art/vfx/vfx-fusion-glyph.png	apps/client/src/data/nanobanna2Assets.ts
200	https://dgrsart.s3.us-east-2.amazonaws.com/cdn/client-public/art/vfx/vfx-fusion-cipher.png	apps/client/src/data/nanobanna2Assets.ts
200	https://dgrsart.s3.us-east-2.amazonaws.com/cdn/client-public/art/vfx/vfx-fusion-flicker.png	apps/client/src/data/nanobanna2Assets.ts
200	https://dgrsart.s3.us-east-2.amazonaws.com/cdn/client-public/art/arenas/arena-thaloria.jpg	apps/client/src/data/arenaAssets.ts
200	https://dgrsart.s3.us-east-2.amazonaws.com/cdn/client-public/art/vfx/vfx-fusion-gilt.png	apps/client/src/data/nanobanna2Assets.ts
200	https://dgrsart.s3.us-east-2.amazonaws.com/cdn/client-public/art/vfx/vfx-fusion-lux.png	apps/client/src/data/nanobanna2Assets.ts
200	https://dgrsart.s3.us-east-2.amazonaws.com/cdn/client-public/art/vfx/vfx-thread-glyph.png	apps/client/src/data/nanobanna2Assets.ts
200	https://dgrsart.s3.us-east-2.amazonaws.com/cdn/client-public/art/arenas/arena-terminus.jpg	apps/client/src/data/arenaAssets.ts
200	https://dgrsart.s3.us-east-2.amazonaws.com/cdn/client-public/art/vfx/vfx-fusion-echo.png	apps/client/src/data/nanobanna2Assets.ts
200	https://dgrsart.s3.us-east-2.amazonaws.com/cdn/client-public/art/arenas/arena-the-crucible.jpg	apps/client/src/data/arenaAssets.ts
200	https://dgrsart.s3.us-east-2.amazonaws.com/cdn/client-public/art/vfx/vfx-fusion-toxis.png	apps/client/src/data/nanobanna2Assets.ts
200	https://dgrsart.s3.us-east-2.amazonaws.com/cdn/client-public/art/vfx/vfx-thread-flicker.png	apps/client/src/data/nanobanna2Assets.ts
200	https://dgrsart.s3.us-east-2.amazonaws.com/cdn/client-public/art/vfx/vfx-thread-echo.png	apps/client/src/data/nanobanna2Assets.ts
200	https://dgrsart.s3.us-east-2.amazonaws.com/cdn/client-public/art/cades/characters/char-1a-iron-lion-portrait.png	apps/client/src/data/cadesAssets.ts
200	https://dgrsart.s3.us-east-2.amazonaws.com/cdn/client-public/art/cades/characters/char-1c-iron-lion-sprite.png	apps/client/src/data/cadesAssets.ts
200	https://dgrsart.s3.us-east-2.amazonaws.com/cdn/client-public/art/cades/characters/char-1f-game-master-human.png	apps/client/src/data/cadesAssets.ts
200	https://dgrsart.s3.us-east-2.amazonaws.com/cdn/client-public/art/arenas/arena-shadow-sanctum.jpg	apps/client/src/data/arenaAssets.ts
200	https://dgrsart.s3.us-east-2.amazonaws.com/cdn/client-public/art/arenas/arena-mechronis.jpg	apps/client/src/data/arenaAssets.ts
403	https://dgrsart.s3.us-east-2.amazonaws.com/cdn/client-public/art/arenas/	apps/client/src/data/arenaAssets.ts
200	https://dgrsart.s3.us-east-2.amazonaws.com/cdn/client-public/art/cades/characters/char-1b-iron-lion-full.png	apps/client/src/data/cadesAssets.ts
403	https://dgrsart.s3.us-east-2.amazonaws.com/cdn/client-public/art/vfx/	apps/client/src/data/nanobanna2Assets.ts
403	https://dgrsart.s3.us-east-2.amazonaws.com/cdn/client-public/art/strain/	apps/client/src/data/nanobanna2Assets.ts
403	https://dgrsart.s3.us-east-2.amazonaws.com/cdn/client-public/art/specimens/	apps/client/src/data/nanobanna2Assets.ts
200	https://dgrsart.s3.us-east-2.amazonaws.com/cdn/client-public/art/cades/characters/char-1d-elara.png	apps/client/src/data/cadesAssets.ts
200	https://dgrsart.s3.us-east-2.amazonaws.com/cdn/client-public/art/arenas/arena-panopticon.jpg	apps/client/src/data/arenaAssets.ts
200	https://dgrsart.s3.us-east-2.amazonaws.com/cdn/client-public/art/cades/characters/char-1e-thoughtborn-leader-boss-splash.png	apps/client/src/data/cadesAssets.ts
200	https://dgrsart.s3.us-east-2.amazonaws.com/cdn/client-public/art/cades/characters/char-1g-game-master-robot.png	apps/client/src/data/cadesAssets.ts
200	https://dgrsart.s3.us-east-2.amazonaws.com/cdn/client-public/art/cades/enemies/enemy-2l-hierarchy-assassin.png	apps/client/src/data/cadesAssets.ts
200	https://dgrsart.s3.us-east-2.amazonaws.com/cdn/client-public/art/vfx/vfx-thread-gilt.png	apps/client/src/data/nanobanna2Assets.ts
200	https://dgrsart.s3.us-east-2.amazonaws.com/cdn/client-public/art/cades/enemies/enemy-2e-machine-commander.png	apps/client/src/data/cadesAssets.ts
200	https://dgrsart.s3.us-east-2.amazonaws.com/cdn/client-public/art/cades/enemies/enemy-2k-architect-construct.png	apps/client/src/data/cadesAssets.ts
200	https://dgrsart.s3.us-east-2.amazonaws.com/cdn/client-public/art/cades/enemies/enemy-2h-salvager.png	apps/client/src/data/cadesAssets.ts
200	https://dgrsart.s3.us-east-2.amazonaws.com/cdn/client-public/art/cades/enemies/enemy-2d-machine-disruptor.png	apps/client/src/data/cadesAssets.ts
200	https://dgrsart.s3.us-east-2.amazonaws.com/cdn/client-public/art/cades/enemies/enemy-2b-machine-soldier.png	apps/client/src/data/cadesAssets.ts
200	https://dgrsart.s3.us-east-2.amazonaws.com/cdn/client-public/art/cades/enemies/enemy-2a-machine-scout.png	apps/client/src/data/cadesAssets.ts
200	https://dgrsart.s3.us-east-2.amazonaws.com/cdn/client-public/art/cades/enemies/enemy-2c-machine-vanguard.png	apps/client/src/data/cadesAssets.ts
200	https://dgrsart.s3.us-east-2.amazonaws.com/cdn/client-public/art/cades/characters/char-1e-thoughtborn-leader.png	apps/client/src/data/cadesAssets.ts
200	https://dgrsart.s3.us-east-2.amazonaws.com/cdn/client-public/art/cades/environments/env-3b-bridge-floor.png	apps/client/src/data/cadesAssets.ts
200	https://dgrsart.s3.us-east-2.amazonaws.com/cdn/client-public/art/cades/enemies/enemy-2g-reclamation-commander.png	apps/client/src/data/cadesAssets.ts
200	https://dgrsart.s3.us-east-2.amazonaws.com/cdn/client-public/art/cades/enemies/enemy-2m-collector-drone.png	apps/client/src/data/cadesAssets.ts
200	https://dgrsart.s3.us-east-2.amazonaws.com/cdn/client-public/art/cades/ui/ui-5a-mode-select-bg.png	apps/client/src/data/cadesAssets.ts
200	https://dgrsart.s3.us-east-2.amazonaws.com/cdn/client-public/art/cades/enemies/enemy-2i-salvager-leader.png	apps/client/src/data/cadesAssets.ts
200	https://dgrsart.s3.us-east-2.amazonaws.com/cdn/client-public/art/cades/props/prop-4f-old-photograph.png	apps/client/src/data/cadesAssets.ts
200	https://dgrsart.s3.us-east-2.amazonaws.com/cdn/client-public/art/cades/props/prop-4e-cargo-jacket.png	apps/client/src/data/cadesAssets.ts
200	https://dgrsart.s3.us-east-2.amazonaws.com/cdn/client-public/art/cades/enemies/enemy-2o-hierarchy-strike.png	apps/client/src/data/cadesAssets.ts
200	https://dgrsart.s3.us-east-2.amazonaws.com/cdn/client-public/art/cades/enemies/enemy-2n-reality-shard.png	apps/client/src/data/cadesAssets.ts
200	https://dgrsart.s3.us-east-2.amazonaws.com/cdn/client-public/art/cades/environments/env-3c-bridge-barricade.png	apps/client/src/data/cadesAssets.ts
200	https://dgrsart.s3.us-east-2.amazonaws.com/cdn/client-public/art/cades/environments/env-3h-matrix-pillar.png	apps/client/src/data/cadesAssets.ts
200	https://dgrsart.s3.us-east-2.amazonaws.com/cdn/client-public/art/cades/environments/env-3d-ark-engineering-wall.png	apps/client/src/data/cadesAssets.ts
200	https://dgrsart.s3.us-east-2.amazonaws.com/cdn/client-public/art/cades/props/prop-4d-engineering-manifest.png	apps/client/src/data/cadesAssets.ts
200	https://dgrsart.s3.us-east-2.amazonaws.com/cdn/client-public/art/cades/ui/ui-5b-gm-transmission-bg.png	apps/client/src/data/cadesAssets.ts
200	https://dgrsart.s3.us-east-2.amazonaws.com/cdn/client-public/art/cades/ui/ui-5c-open-channel-bg.png	apps/client/src/data/cadesAssets.ts
200	https://dgrsart.s3.us-east-2.amazonaws.com/cdn/client-public/art/cades/enemies/enemy-2f-reclamation-enforcer.png	apps/client/src/data/cadesAssets.ts
200	https://dgrsart.s3.us-east-2.amazonaws.com/cdn/client-public/art/cades/props/prop-4a-cades-inactive.png	apps/client/src/data/cadesAssets.ts
200	https://dgrsart.s3.us-east-2.amazonaws.com/cdn/client-public/art/cades/props/prop-4b-cades-active.png	apps/client/src/data/cadesAssets.ts
200	https://dgrsart.s3.us-east-2.amazonaws.com/cdn/client-public/art/cades/props/prop-4g-goggles.png	apps/client/src/data/cadesAssets.ts
200	https://dgrsart.s3.us-east-2.amazonaws.com/cdn/client-public/art/cades/enemies/enemy-2j-thoughtborn-pilgrim.png	apps/client/src/data/cadesAssets.ts
200	https://dgrsart.s3.us-east-2.amazonaws.com/cdn/client-public/art/cades/environments/env-3a-bridge-skybox.png	apps/client/src/data/cadesAssets.ts
200	https://dgrsart.s3.us-east-2.amazonaws.com/cdn/client-public/audio/cades/sfx/cades_sfx_ironclad_fire.wav	apps/client/src/data/cadesAssets.ts
200	https://dgrsart.s3.us-east-2.amazonaws.com/cdn/client-public/art/cades/environments/env-3f-ark-starfield.png	apps/client/src/data/cadesAssets.ts
200	https://dgrsart.s3.us-east-2.amazonaws.com/cdn/client-public/art/cades/props/prop-4c-iron-lion-note.png	apps/client/src/data/cadesAssets.ts
200	https://dgrsart.s3.us-east-2.amazonaws.com/cdn/client-public/audio/cades/sfx/cades_sfx_resonance_disruptor_fire.wav	apps/client/src/data/cadesAssets.ts
200	https://dgrsart.s3.us-east-2.amazonaws.com/cdn/client-public/art/cades/environments/env-3g-matrix-void.png	apps/client/src/data/cadesAssets.ts
200	https://dgrsart.s3.us-east-2.amazonaws.com/cdn/client-public/audio/cades/sfx/cades_sfx_integrity_charge.wav	apps/client/src/data/cadesAssets.ts
200	https://dgrsart.s3.us-east-2.amazonaws.com/cdn/client-public/art/cades/ui/ui-5d-loop-reset-dawn.png	apps/client/src/data/cadesAssets.ts
200	https://dgrsart.s3.us-east-2.amazonaws.com/cdn/client-public/audio/cades/sfx/cades_sfx_channel_open.wav	apps/client/src/data/cadesAssets.ts
200	https://dgrsart.s3.us-east-2.amazonaws.com/cdn/client-public/audio/cades/sfx/cades_sfx_game_masters_transmission.wav	apps/client/src/data/cadesAssets.ts
200	https://dgrsart.s3.us-east-2.amazonaws.com/cdn/client-public/audio/cades/sfx/cades_sfx_thoughtborn_approach.wav	apps/client/src/data/cadesAssets.ts
200	https://dgrsart.s3.us-east-2.amazonaws.com/cdn/client-public/audio/cades/music/cades_music_archived_silence.wav	apps/client/src/data/cadesAssets.ts
200	https://dgrsart.s3.us-east-2.amazonaws.com/cdn/client-public/audio/cades/sfx/cades_sfx_machine_fire.wav	apps/client/src/data/cadesAssets.ts
200	https://dgrsart.s3.us-east-2.amazonaws.com/cdn/client-public/art/cades/environments/env-3e-ark-cargo-wall.png	apps/client/src/data/cadesAssets.ts
200	https://dgrsart.s3.us-east-2.amazonaws.com/cdn/client-public/audio/cades/sfx/cades_sfx_integrity_breach.wav	apps/client/src/data/cadesAssets.ts
200	https://dgrsart.s3.us-east-2.amazonaws.com/cdn/client-public/audio/cades/music/cades_music_hull_pressure.mp3	apps/client/src/data/cadesAssets.ts
200	https://dgrsart.s3.us-east-2.amazonaws.com/cdn/client-public/audio/cades/sfx/cades_sfx_machine_shutdown.wav	apps/client/src/data/cadesAssets.ts
200	https://dgrsart.s3.us-east-2.amazonaws.com/cdn/client-public/audio/cades/sfx/cades_sfx_integrity_restored.wav	apps/client/src/data/cadesAssets.ts
200	https://dgrsart.s3.us-east-2.amazonaws.com/cdn/client-public/art/cades/video-frames/video-9c-iron-lion-salute-end.png	apps/client/src/data/cadesAssets.ts
200	https://dgrsart.s3.us-east-2.amazonaws.com/cdn/client-public/audio/cades/sfx/cades_sfx_bridge_anchor_fire.wav	apps/client/src/data/cadesAssets.ts
200	https://dgrsart.s3.us-east-2.amazonaws.com/cdn/client-public/audio/cades/sfx/cades_sfx_faction_fire.wav	apps/client/src/data/cadesAssets.ts
200	https://dgrsart.s3.us-east-2.amazonaws.com/cdn/client-public/audio/cades/sfx/cades_sfx_resistance_rifle_fire.wav	apps/client/src/data/cadesAssets.ts
200	https://dgrsart.s3.us-east-2.amazonaws.com/cdn/client-public/audio/cades/sfx/cades_sfx_severance_blade_fire.wav	apps/client/src/data/cadesAssets.ts
200	https://dgrsart.s3.us-east-2.amazonaws.com/cdn/client-public/audio/cades/sfx/cades_sfx_loop_reset_dawn.wav	apps/client/src/data/cadesAssets.ts
200	https://dgrsart.s3.us-east-2.amazonaws.com/cdn/client-public/audio/cades/music/cades_music_the_last_torch.wav	apps/client/src/data/cadesAssets.ts
200	https://dgrsart.s3.us-east-2.amazonaws.com/cdn/client-public/audio/cades/sfx/cades_sfx_arc_caster_fire.wav	apps/client/src/data/cadesAssets.ts
200	https://dgrsart.s3.us-east-2.amazonaws.com/cdn/client-public/audio/cades/sfx/cades_sfx_faction_hurt.wav	apps/client/src/data/cadesAssets.ts
200	https://dgrsart.s3.us-east-2.amazonaws.com/cdn/client-public/art/cades/ui/ui-5e-shield-bar.png	apps/client/src/data/cadesAssets.ts
200	https://dgrsart.s3.us-east-2.amazonaws.com/cdn/client-public/audio/cades/sfx/cades_sfx_faction_down.wav	apps/client/src/data/cadesAssets.ts
403	https://dgrsart.s3.us-east-2.amazonaws.com/cdn/client-public/art/cades/props/	apps/client/src/data/cadesAssets.ts
403	https://dgrsart.s3.us-east-2.amazonaws.com/cdn/client-public/art/cades/enemies/	apps/client/src/data/cadesAssets.ts
200	https://dgrsart.s3.us-east-2.amazonaws.com/cdn/client-public/art/cades/video-frames/video-9d-game-master-betrayal-end.png	apps/client/src/data/cadesAssets.ts
403	https://dgrsart.s3.us-east-2.amazonaws.com/cdn/client-public/audio/cades/music/	apps/client/src/data/cadesAssets.ts
403	https://dgrsart.s3.us-east-2.amazonaws.com/cdn/client-public/art/cades/characters/	apps/client/src/data/cadesAssets.ts
200	https://dgrsart.s3.us-east-2.amazonaws.com/cdn/client-public/audio/cades/sfx/cades_sfx_machine_hit.wav	apps/client/src/data/cadesAssets.ts
200	https://dgrsart.s3.us-east-2.amazonaws.com/cdn/client-public/art/cades/video-frames/video-9e-thoughtborn-arrival-end.png	apps/client/src/data/cadesAssets.ts
403	https://dgrsart.s3.us-east-2.amazonaws.com/cdn/client-public/audio/cades/sfx/	apps/client/src/data/cadesAssets.ts
403	https://dgrsart.s3.us-east-2.amazonaws.com/cdn/client-public/art/cades/environments/	apps/client/src/data/cadesAssets.ts
403	https://dgrsart.s3.us-east-2.amazonaws.com/cdn/client-public/art/cades/video-frames/	apps/client/src/data/cadesAssets.ts
200	https://dgrsart.s3.us-east-2.amazonaws.com/cdn/client-public/audio/cades/sfx/cades_sfx_breach_alarm.wav	apps/client/src/data/cadesAssets.ts
200	https://dgrsart.s3.us-east-2.amazonaws.com/cdn/client-public/audio/cades/music/cades_music_the_torch_and_the_voice.mp3	apps/client/src/data/cadesAssets.ts
200	https://dgrsart.s3.us-east-2.amazonaws.com/cdn/client-public/art/dmc/environments/dmc_env_nilmorg-platform_1920x1080.jpg	apps/client/src/data/dmcAssets.ts
200	https://dgrsart.s3.us-east-2.amazonaws.com/cdn/client-public/art/dmc/environments/dmc_env_bone-lane_1920x1080.jpg	apps/client/src/data/dmcAssets.ts
200	https://dgrsart.s3.us-east-2.amazonaws.com/cdn/client-public/audio/cades/sfx/cades_sfx_signal_lost.wav	apps/client/src/data/cadesAssets.ts
200	https://dgrsart.s3.us-east-2.amazonaws.com/cdn/client-public/audio/cades/music/cades_music_secondary_channel.wav	apps/client/src/data/cadesAssets.ts
403	https://dgrsart.s3.us-east-2.amazonaws.com/cdn/client-public/art/cades/ui/	apps/client/src/data/cadesAssets.ts
200	https://dgrsart.s3.us-east-2.amazonaws.com/cdn/client-public/art/dmc/environments/dmc_env_speed-conduit_1920x1080.jpg	apps/client/src/data/dmcAssets.ts
200	https://dgrsart.s3.us-east-2.amazonaws.com/cdn/client-public/art/cades/video-frames/video-9a-loop-reset-end.jpg	apps/client/src/data/cadesAssets.ts
200	https://dgrsart.s3.us-east-2.amazonaws.com/cdn/client-public/art/cades/video-frames/video-9b-cades-activation-end.png	apps/client/src/data/cadesAssets.ts
200	https://dgrsart.s3.us-east-2.amazonaws.com/cdn/client-public/audio/cades/sfx/cades_sfx_iron_lion_salute.wav	apps/client/src/data/cadesAssets.ts
200	https://dgrsart.s3.us-east-2.amazonaws.com/cdn/client-public/audio/cades/music/cades_music_they_are_committing.wav	apps/client/src/data/cadesAssets.ts
200	https://dgrsart.s3.us-east-2.amazonaws.com/cdn/client-public/art/dmc/environments/dmc_env_clone-vat_1920x1080.jpg	apps/client/src/data/dmcAssets.ts
200	https://dgrsart.s3.us-east-2.amazonaws.com/cdn/client-public/art/dmc/environments/dmc_env_starting-grid_1920x1080.jpg	apps/client/src/data/dmcAssets.ts
200	https://dgrsart.s3.us-east-2.amazonaws.com/cdn/client-public/art/dmc/environments/dmc_env_dead-straight_1920x1080.jpg	apps/client/src/data/dmcAssets.ts
200	https://dgrsart.s3.us-east-2.amazonaws.com/cdn/client-public/audio/cades/music/cades_music_the_ships_escaped.mp3	apps/client/src/data/cadesAssets.ts
200	https://dgrsart.s3.us-east-2.amazonaws.com/cdn/client-public/music/dmc/dmc_music_nilmorg-watches.mp3	apps/client/src/data/dmcAssets.ts
200	https://dgrsart.s3.us-east-2.amazonaws.com/cdn/client-public/videos/dmc/dmc_cin_clone-awakening-v2.mp4	apps/client/src/data/dmcAssets.ts
200	https://dgrsart.s3.us-east-2.amazonaws.com/cdn/client-public/music/dmc/dmc_music_signal-lost.mp3	apps/client/src/data/dmcAssets.ts
200	https://dgrsart.s3.us-east-2.amazonaws.com/cdn/client-public/videos/dmc/dmc_cin_race-gameplay.mp4	apps/client/src/data/dmcAssets.ts
200	https://dgrsart.s3.us-east-2.amazonaws.com/cdn/client-public/music/dmc/dmc_music_terminal-velocity.mp3	apps/client/src/data/dmcAssets.ts
200	https://dgrsart.s3.us-east-2.amazonaws.com/cdn/client-public/videos/dmc/dmc_cin_nilmorg-speaks.mp4	apps/client/src/data/dmcAssets.ts
200	https://dgrsart.s3.us-east-2.amazonaws.com/cdn/client-public/music/dmc/dmc_music_bone-lane.mp3	apps/client/src/data/dmcAssets.ts
200	https://dgrsart.s3.us-east-2.amazonaws.com/cdn/client-public/videos/dmc/dmc_cin_circuit-opens.mp4	apps/client/src/data/dmcAssets.ts
200	https://dgrsart.s3.us-east-2.amazonaws.com/cdn/client-public/videos/dmc/dmc_cin_the-race.mp4	apps/client/src/data/dmcAssets.ts
200	https://dgrsart.s3.us-east-2.amazonaws.com/cdn/client-public/music/dmc/dmc_music_severance-prize.mp3	apps/client/src/data/dmcAssets.ts
200	https://dgrsart.s3.us-east-2.amazonaws.com/cdn/client-public/music/dmc/dmc_music_phase-three.mp3	apps/client/src/data/dmcAssets.ts
200	https://dgrsart.s3.us-east-2.amazonaws.com/cdn/client-public/videos/dmc/dmc_cin_race-tracking.mp4	apps/client/src/data/dmcAssets.ts
200	https://dgrsart.s3.us-east-2.amazonaws.com/cdn/client-public/art/dmc/keyframes/cin03_end.png	apps/client/src/data/dmcAssets.ts
200	https://dgrsart.s3.us-east-2.amazonaws.com/cdn/client-public/videos/dmc/dmc_cin_severance-podium.mp4	apps/client/src/data/dmcAssets.ts
200	https://dgrsart.s3.us-east-2.amazonaws.com/cdn/client-public/videos/dmc/dmc_cin_nilmorg-chair.mp4	apps/client/src/data/dmcAssets.ts
403	https://dgrsart.s3.us-east-2.amazonaws.com/cdn/client-public/music/dmc/	apps/client/src/data/dmcAssets.ts
200	https://dgrsart.s3.us-east-2.amazonaws.com/cdn/client-public/art/terminus/cinematics/cin01_end.png	apps/client/src/data/terminusCinematicAssets.ts
200	https://dgrsart.s3.us-east-2.amazonaws.com/cdn/client-public/art/dmc/keyframes/cin01_end.png	apps/client/src/data/dmcAssets.ts
200	https://dgrsart.s3.us-east-2.amazonaws.com/cdn/client-public/art/dmc/keyframes/cin02_end.png	apps/client/src/data/dmcAssets.ts
200	https://dgrsart.s3.us-east-2.amazonaws.com/cdn/client-public/videos/dmc/dmc_cin_nilmorg-lipsync.mp4	apps/client/src/data/dmcAssets.ts
200	https://dgrsart.s3.us-east-2.amazonaws.com/cdn/client-public/art/terminus/cinematics/cin05_end.png	apps/client/src/data/terminusCinematicAssets.ts
200	https://dgrsart.s3.us-east-2.amazonaws.com/cdn/client-public/art/dmc/keyframes/cin04_end.png	apps/client/src/data/dmcAssets.ts
200	https://dgrsart.s3.us-east-2.amazonaws.com/cdn/client-public/videos/dmc/dmc_cin_signal-lost-v2.mp4	apps/client/src/data/dmcAssets.ts
403	https://dgrsart.s3.us-east-2.amazonaws.com/cdn/client-public/art/dmc/environments/	apps/client/src/data/dmcAssets.ts
200	https://dgrsart.s3.us-east-2.amazonaws.com/cdn/client-public/art/empty-states/empty-pet-collection.png	apps/client/src/data/optionalComponentAssets.ts
200	https://dgrsart.s3.us-east-2.amazonaws.com/cdn/client-public/art/empty-states/empty-achievements.png	apps/client/src/data/optionalComponentAssets.ts
200	https://dgrsart.s3.us-east-2.amazonaws.com/cdn/client-public/art/dmc/keyframes/cin06_end.png	apps/client/src/data/dmcAssets.ts
403	https://dgrsart.s3.us-east-2.amazonaws.com/cdn/client-public/videos/dmc/	apps/client/src/data/dmcAssets.ts
200	https://dgrsart.s3.us-east-2.amazonaws.com/cdn/client-public/art/empty-states/empty-guild-hall.png	apps/client/src/data/optionalComponentAssets.ts
200	https://dgrsart.s3.us-east-2.amazonaws.com/cdn/client-public/art/seasonal/broadcast-frame.png	apps/client/src/data/optionalComponentAssets.ts
200	https://dgrsart.s3.us-east-2.amazonaws.com/cdn/client-public/art/empty-states/empty-lore-journal.png	apps/client/src/data/optionalComponentAssets.ts
200	https://dgrsart.s3.us-east-2.amazonaws.com/cdn/client-public/art/dmc/keyframes/cin05_end.png	apps/client/src/data/dmcAssets.ts
200	https://dgrsart.s3.us-east-2.amazonaws.com/cdn/client-public/art/empty-states/empty-match-history.png	apps/client/src/data/optionalComponentAssets.ts
200	https://dgrsart.s3.us-east-2.amazonaws.com/cdn/client-public/art/mechronis/environments/mechronis_classroom.jpg	apps/client/src/data/mechronisSlideshow.ts
200	https://dgrsart.s3.us-east-2.amazonaws.com/cdn/client-public/art/seasonal/event-shadow-convergence.jpg	apps/client/src/data/optionalComponentAssets.ts
200	https://dgrsart.s3.us-east-2.amazonaws.com/cdn/client-public/art/seasonal/event-guild-war-tournament.jpg	apps/client/src/data/optionalComponentAssets.ts
200	https://dgrsart.s3.us-east-2.amazonaws.com/cdn/client-public/art/mechronis/environments/mechronis_graduation.jpg	apps/client/src/data/mechronisSlideshow.ts
403	https://dgrsart.s3.us-east-2.amazonaws.com/cdn/client-public/art/dmc/keyframes/	apps/client/src/data/dmcAssets.ts
200	https://dgrsart.s3.us-east-2.amazonaws.com/cdn/client-public/art/empty-states/empty-leaderboard.png	apps/client/src/data/optionalComponentAssets.ts
200	https://dgrsart.s3.us-east-2.amazonaws.com/cdn/client-public/art/terminus/cinematics/cin03_end.png	apps/client/src/data/terminusCinematicAssets.ts
200	https://dgrsart.s3.us-east-2.amazonaws.com/cdn/client-public/art/empty-states/empty-inventory.png	apps/client/src/data/optionalComponentAssets.ts
200	https://dgrsart.s3.us-east-2.amazonaws.com/cdn/client-public/art/terminus/cinematics/cin02_end.png	apps/client/src/data/terminusCinematicAssets.ts
403	https://dgrsart.s3.us-east-2.amazonaws.com/cdn/client-public/audio/music/mechronis/to-be-the-human.mp3	apps/client/src/data/mechronisSlideshow.ts
200	https://dgrsart.s3.us-east-2.amazonaws.com/cdn/client-public/art/empty-states/empty-card-collection.png	apps/client/src/data/optionalComponentAssets.ts
200	https://dgrsart.s3.us-east-2.amazonaws.com/cdn/client-public/art/empty-states/empty-quest-log.png	apps/client/src/data/optionalComponentAssets.ts
403	https://dgrsart.s3.us-east-2.amazonaws.com/cdn/client-public/art/terminus/cinematics/	apps/client/src/data/terminusCinematicAssets.ts
200	https://dgrsart.s3.us-east-2.amazonaws.com/cdn/client-public/art/empty-states/empty-notifications.png	apps/client/src/data/optionalComponentAssets.ts
200	https://dgrsart.s3.us-east-2.amazonaws.com/cdn/client-public/art/empty-states/empty-trade-history.png	apps/client/src/data/optionalComponentAssets.ts
200	https://dgrsart.s3.us-east-2.amazonaws.com/cdn/client-public/art/seasonal/event-chrono-harvest.jpg	apps/client/src/data/optionalComponentAssets.ts
200	https://dgrsart.s3.us-east-2.amazonaws.com/cdn/client-public/art/empty-states/empty-apprentices.png	apps/client/src/data/optionalComponentAssets.ts
200	https://dgrsart.s3.us-east-2.amazonaws.com/cdn/client-public/art/terminus/cinematics/cin04_end.png	apps/client/src/data/terminusCinematicAssets.ts
200	https://dgrsart.s3.us-east-2.amazonaws.com/cdn/client-public/art/seasonal/event-forge-of-nations.jpg	apps/client/src/data/optionalComponentAssets.ts
200	https://dgrsart.s3.us-east-2.amazonaws.com/cdn/client-public/art/lore-gallery/card-frames/rare-hires.png	apps/client/src/data/optionalComponentAssets.ts
200	https://dgrsart.s3.us-east-2.amazonaws.com/cdn/client-public/art/empty-states/empty-companions.png	apps/client/src/data/optionalComponentAssets.ts
200	https://dgrsart.s3.us-east-2.amazonaws.com/cdn/client-public/art/lore-gallery/overlays/locked-classified-hires.png	apps/client/src/data/optionalComponentAssets.ts
200	https://dgrsart.s3.us-east-2.amazonaws.com/cdn/client-public/art/roadmap/season-warlords-return.jpg	apps/client/src/data/optionalComponentAssets.ts
200	https://dgrsart.s3.us-east-2.amazonaws.com/cdn/client-public/art/lore-gallery/card-frames/legendary-hires.png	apps/client/src/data/optionalComponentAssets.ts
403	https://dgrsart.s3.us-east-2.amazonaws.com/cdn/client-public/art/roadmap/	apps/client/src/data/optionalComponentAssets.ts
200	https://dgrsart.s3.us-east-2.amazonaws.com/cdn/client-public/art/roadmap/faction-warlord-crest.png	apps/client/src/data/optionalComponentAssets.ts
200	https://dgrsart.s3.us-east-2.amazonaws.com/cdn/client-public/art/roadmap/faction-architect-seal.png	apps/client/src/data/optionalComponentAssets.ts
200	https://dgrsart.s3.us-east-2.amazonaws.com/cdn/client-public/art/seasonal/event-fall-of-reality.jpg	apps/client/src/data/optionalComponentAssets.ts
200	https://dgrsart.s3.us-east-2.amazonaws.com/cdn/client-public/art/story-icons/ch1-awakening.png	apps/client/src/data/optionalComponentAssets.ts
200	https://dgrsart.s3.us-east-2.amazonaws.com/cdn/client-public/art/story-icons/ch3-the-infection.png	apps/client/src/data/optionalComponentAssets.ts
200	https://dgrsart.s3.us-east-2.amazonaws.com/cdn/client-public/art/story-icons/ch4-breaking-point.png	apps/client/src/data/optionalComponentAssets.ts
200	https://dgrsart.s3.us-east-2.amazonaws.com/cdn/client-public/art/seasonal/event-lore-symposium.jpg	apps/client/src/data/optionalComponentAssets.ts
200	https://dgrsart.s3.us-east-2.amazonaws.com/cdn/client-public/art/seasonal/event-panopticon-infiltration.jpg	apps/client/src/data/optionalComponentAssets.ts
200	https://dgrsart.s3.us-east-2.amazonaws.com/cdn/client-public/art/story-icons/ch5-war.png	apps/client/src/data/optionalComponentAssets.ts
200	https://dgrsart.s3.us-east-2.amazonaws.com/cdn/client-public/art/roadmap/season-echoes-of-the-architect.jpg	apps/client/src/data/optionalComponentAssets.ts
200	https://dgrsart.s3.us-east-2.amazonaws.com/cdn/client-public/audio/chess_sfx/mate.mp3	apps/client/src/lib/chessSfx.ts
403	https://dgrsart.s3.us-east-2.amazonaws.com/cdn/client-public/art/duel/duel-bg.webp	apps/client/src/lib/assetPrefetch.ts
200	https://dgrsart.s3.us-east-2.amazonaws.com/cdn/client-public/art/story-icons/ch2-first-contact.png	apps/client/src/data/optionalComponentAssets.ts
200	https://dgrsart.s3.us-east-2.amazonaws.com/cdn/client-public/art/story-icons/ch6-resolution.png	apps/client/src/data/optionalComponentAssets.ts
200	https://dgrsart.s3.us-east-2.amazonaws.com/cdn/client-public/art/lore-gallery/card-frames/uncommon-hires.png	apps/client/src/data/optionalComponentAssets.ts
200	https://dgrsart.s3.us-east-2.amazonaws.com/cdn/client-public/art/lore-gallery/card-frames/epic-hires.png	apps/client/src/data/optionalComponentAssets.ts
200	https://dgrsart.s3.us-east-2.amazonaws.com/cdn/client-public/art/lore-gallery/card-frames/common-hires.png	apps/client/src/data/optionalComponentAssets.ts
200	https://dgrsart.s3.us-east-2.amazonaws.com/cdn/client-public/art/story-icons/epoch-dischordian-war.png	apps/client/src/data/optionalComponentAssets.ts
200	https://dgrsart.s3.us-east-2.amazonaws.com/cdn/client-public/art/chess/pieces-sprite.png	apps/client/src/lib/assetPreloader.ts
403	https://dgrsart.s3.us-east-2.amazonaws.com/cdn/client-public/art/ui/leaderboard-bg.webp	apps/client/src/lib/assetPrefetch.ts
200	https://dgrsart.s3.us-east-2.amazonaws.com/cdn/client-public/art/arenas/arena-default.jpg	apps/client/src/lib/assetPreloader.ts
403	https://dgrsart.s3.us-east-2.amazonaws.com/cdn/client-public/art/empty-states/	apps/client/src/data/optionalComponentAssets.ts
403	https://dgrsart.s3.us-east-2.amazonaws.com/cdn/client-public/art/seasonal/	apps/client/src/data/optionalComponentAssets.ts
403	https://dgrsart.s3.us-east-2.amazonaws.com/cdn/client-public/art/story-icons/	apps/client/src/data/optionalComponentAssets.ts
200	https://dgrsart.s3.us-east-2.amazonaws.com/cdn/client-public/art/story-icons/epoch-age-of-privacy.png	apps/client/src/data/optionalComponentAssets.ts
403	https://dgrsart.s3.us-east-2.amazonaws.com/cdn/client-public/art/lore-gallery/	apps/client/src/data/optionalComponentAssets.ts
200	https://dgrsart.s3.us-east-2.amazonaws.com/cdn/client-public/art/story-icons/epoch-fall-of-reality.png	apps/client/src/data/optionalComponentAssets.ts
200	https://dgrsart.s3.us-east-2.amazonaws.com/cdn/client-public/art/card-game/pack-genesis.png	apps/client/src/lib/assetPreloader.ts
200	https://dgrsart.s3.us-east-2.amazonaws.com/cdn/client-public/audio/chess_sfx/check.mp3	apps/client/src/lib/chessSfx.ts
200	https://dgrsart.s3.us-east-2.amazonaws.com/cdn/client-public/audio/chess_sfx/move.mp3	apps/client/src/lib/chessSfx.ts
200	https://dgrsart.s3.us-east-2.amazonaws.com/cdn/client-public/art/ui/title-bg.png	apps/client/src/lib/assetPrefetch.ts
403	https://dgrsart.s3.us-east-2.amazonaws.com/cdn/client-public/art/ui/card-frame.webp	apps/client/src/lib/assetPrefetch.ts
200	https://dgrsart.s3.us-east-2.amazonaws.com/cdn/client-public/art/lore-gallery/card-frames/legendary.png	apps/client/src/lib/assetPreloader.ts
200	https://dgrsart.s3.us-east-2.amazonaws.com/cdn/client-public/audio/chess_sfx/leak.mp3	apps/client/src/lib/chessSfx.ts
200	https://dgrsart.s3.us-east-2.amazonaws.com/cdn/client-public/art/lore-gallery/overlays/locked-classified.png	apps/client/src/lib/assetPreloader.ts
200	https://dgrsart.s3.us-east-2.amazonaws.com/cdn/client-public/art/casino/slot-symbols-sprite-sheet.png	apps/client/src/lib/casinoAssets.ts
200	https://dgrsart.s3.us-east-2.amazonaws.com/cdn/client-public/art/ui/trade-frame.png	apps/client/src/lib/assetPreloader.ts
200	https://dgrsart.s3.us-east-2.amazonaws.com/cdn/client-public/art/chess/chess-holographic-board.png	apps/client/src/lib/assetPreloader.ts
403	https://dgrsart.s3.us-east-2.amazonaws.com/cdn/client-public/art/ui/graph-bg.webp	apps/client/src/lib/assetPrefetch.ts
403	https://dgrsart.s3.us-east-2.amazonaws.com/cdn/client-public/art/ui/deck-bg.webp	apps/client/src/lib/assetPrefetch.ts
200	https://dgrsart.s3.us-east-2.amazonaws.com/cdn/client-public/art/ui/health-bar.png	apps/client/src/lib/assetPreloader.ts
200	https://dgrsart.s3.us-east-2.amazonaws.com/cdn/client-public/art/celebration/environments/celebration_trial_room.jpg	apps/client/src/lib/assetPreloader.ts
200	https://dgrsart.s3.us-east-2.amazonaws.com/cdn/client-public/art/lore-gallery/era-backgrounds/privacy.jpg	apps/client/src/lib/assetPreloader.ts
200	https://dgrsart.s3.us-east-2.amazonaws.com/cdn/client-public/art/card-game/card-pack-opening-ceremony.png	apps/client/src/lib/assetPreloader.ts
200	https://dgrsart.s3.us-east-2.amazonaws.com/cdn/client-public/art/lore-gallery/era-backgrounds/potentials.jpg	apps/client/src/lib/assetPreloader.ts
200	https://dgrsart.s3.us-east-2.amazonaws.com/cdn/client-public/art/ui/title/machineAscendant.webp	apps/client/src/pages/title/themes.ts
200	https://dgrsart.s3.us-east-2.amazonaws.com/cdn/client-public/audio/chess_sfx/capture.mp3	apps/client/src/lib/chessSfx.ts
200	https://dgrsart.s3.us-east-2.amazonaws.com/cdn/client-public/art/lore-gallery/card-frames/rare.png	apps/client/src/lib/assetPreloader.ts
200	https://dgrsart.s3.us-east-2.amazonaws.com/cdn/client-public/art/card-game/pack-schism.png	apps/client/src/lib/assetPreloader.ts
200	https://dgrsart.s3.us-east-2.amazonaws.com/cdn/client-public/art/card-game/pack-convergence.png	apps/client/src/lib/assetPreloader.ts
200	https://dgrsart.s3.us-east-2.amazonaws.com/cdn/client-public/art/lore-gallery/card-frames/uncommon.png	apps/client/src/lib/assetPreloader.ts
200	https://dgrsart.s3.us-east-2.amazonaws.com/cdn/client-public/art/logos/dischordia-card.png	apps/client/src/lib/assetPreloader.ts
200	https://dgrsart.s3.us-east-2.amazonaws.com/cdn/client-public/art/lore-gallery/card-frames/common.png	apps/client/src/lib/assetPreloader.ts
200	https://dgrsart.s3.us-east-2.amazonaws.com/cdn/client-public/audio/chess_sfx/mate_climb.mp3	apps/client/src/lib/chessSfx.ts
200	https://dgrsart.s3.us-east-2.amazonaws.com/cdn/client-public/art/lore-gallery/card-frames/epic.png	apps/client/src/lib/assetPreloader.ts
200	https://dgrsart.s3.us-east-2.amazonaws.com/cdn/client-public/art/td/grid-tile.png	apps/client/src/lib/assetPreloader.ts
200	https://dgrsart.s3.us-east-2.amazonaws.com/cdn/client-public/art/lore-gallery/era-backgrounds/visions.jpg	apps/client/src/lib/assetPreloader.ts
403	https://dgrsart.s3.us-east-2.amazonaws.com/cdn/client-public/audio/songs/dischordian_logic.mp3	apps/client/src/pages/DischordianLogicSongPage.tsx
200	https://dgrsart.s3.us-east-2.amazonaws.com/cdn/client-public/art/rooms/room-bridge.png	apps/client/src/pages/BridgeOfKaelPage.tsx
200	https://dgrsart.s3.us-east-2.amazonaws.com/cdn/client-public/art/lore-gallery/era-backgrounds/foundation.jpg	apps/client/src/lib/assetPreloader.ts
200	https://dgrsart.s3.us-east-2.amazonaws.com/cdn/client-public/art/celebration/environments/celebration_aerial.jpg	apps/client/src/lib/assetPreloader.ts
200	https://dgrsart.s3.us-east-2.amazonaws.com/cdn/client-public/art/ui/title/humanityRising.webp	apps/client/src/pages/title/themes.ts
200	https://dgrsart.s3.us-east-2.amazonaws.com/cdn/client-public/games/cades-fps/index.html	apps/client/src/pages/CADESFPSPage.tsx
403	https://dgrsart.s3.us-east-2.amazonaws.com/cdn/client-public/art/rooms/room-war-room.png	apps/client/src/pages/Act5InterludePage.tsx
200	https://dgrsart.s3.us-east-2.amazonaws.com/cdn/client-public/art/rooms/room-trophy-room.png	apps/client/src/pages/TrophyRoomPage.tsx
200	https://dgrsart.s3.us-east-2.amazonaws.com/cdn/client-public/art/rooms/room-archives.png	apps/client/src/pages/Act1CardLadderPage.tsx
200	https://dgrsart.s3.us-east-2.amazonaws.com/cdn/client-public/art/ui/title/preludeVoid.webp	apps/client/src/pages/title/themes.ts
200	https://dgrsart.s3.us-east-2.amazonaws.com/cdn/client-public/art/ui/title/actSeven_singularity.webp	apps/client/src/pages/title/themes.ts
403	https://dgrsart.s3.us-east-2.amazonaws.com/cdn/client-public/art/dischordian-logic	apps/client/src/pages/DischordianLogicSongPage.tsx
200	https://dgrsart.s3.us-east-2.amazonaws.com/cdn/client-public/art/lore-gallery/era-backgrounds/fall.jpg	apps/client/src/lib/assetPreloader.ts
200	https://dgrsart.s3.us-east-2.amazonaws.com/cdn/client-public/games/circuit/index.html	apps/client/src/pages/DeadMansCircuitPage.tsx
200	https://dgrsart.s3.us-east-2.amazonaws.com/cdn/client-public/art/ui/title/actSix_archive.webp	apps/client/src/pages/title/themes.ts
200	https://dgrsart.s3.us-east-2.amazonaws.com/cdn/client-public/art/rooms/room-observation-deck.png	apps/client/src/pages/VortexIncursionPage.tsx
200	https://dgrsart.s3.us-east-2.amazonaws.com/cdn/client-public/art/celebration/mascoteers/mascoteer_sprout.png	apps/client/src/pages/ApprenticePage.tsx
403	https://dgrsart.s3.us-east-2.amazonaws.com/cdn/client-public/art/rooms/room-engineers-bench.png	apps/client/src/pages/EngineersBenchPage.tsx
200	https://dgrsart.s3.us-east-2.amazonaws.com/cdn/client-public/art/ui/title/actThree_dossier.webp	apps/client/src/pages/title/themes.ts
200	https://dgrsart.s3.us-east-2.amazonaws.com/cdn/client-public/art/celebration/mascoteers/mascoteer_wanda.png	apps/client/src/pages/ApprenticePage.tsx
200	https://dgrsart.s3.us-east-2.amazonaws.com/cdn/client-public/art/ui/title/actFive_terminus.webp	apps/client/src/pages/title/themes.ts
200	https://dgrsart.s3.us-east-2.amazonaws.com/cdn/client-public/art/celebration/mascoteers/mascoteer_corey.png	apps/client/src/pages/ApprenticePage.tsx
403	https://dgrsart.s3.us-east-2.amazonaws.com/cdn/client-public/art/rooms/room-game-masters-arena.png	apps/client/src/pages/GameMastersArenaAct2Page.tsx
200	https://dgrsart.s3.us-east-2.amazonaws.com/cdn/client-public/art/ui/title/actTwo_workshop.webp	apps/client/src/pages/title/themes.ts
200	https://dgrsart.s3.us-east-2.amazonaws.com/cdn/client-public/art/guilds/guild-the-chorus.jpg	apps/client/src/pages/GuildCommonRoomPage.tsx
200	https://dgrsart.s3.us-east-2.amazonaws.com/cdn/client-public/art/ui/title/actFour_cell.webp	apps/client/src/pages/title/themes.ts
200	https://dgrsart.s3.us-east-2.amazonaws.com/cdn/client-public/art/guilds/guild-the-congress.jpg	apps/client/src/pages/GuildCommonRoomPage.tsx
200	https://dgrsart.s3.us-east-2.amazonaws.com/cdn/client-public/art/guilds/guild-the-architects-study.jpg	apps/client/src/pages/GuildCommonRoomPage.tsx
200	https://dgrsart.s3.us-east-2.amazonaws.com/cdn/client-public/art/guilds/guild-the-locks.jpg	apps/client/src/pages/GuildCommonRoomPage.tsx
200	https://dgrsart.s3.us-east-2.amazonaws.com/cdn/client-public/art/celebration/mascoteers/mascoteer_conni.png	apps/client/src/pages/ApprenticePage.tsx
200	https://dgrsart.s3.us-east-2.amazonaws.com/cdn/client-public/art/guilds/guild-the-yellow-coats.jpg	apps/client/src/pages/GuildCommonRoomPage.tsx
200	https://dgrsart.s3.us-east-2.amazonaws.com/cdn/client-public/art/ui/title/actOne_kindergarten.webp	apps/client/src/pages/title/themes.ts
200	https://dgrsart.s3.us-east-2.amazonaws.com/cdn/client-public/art/celebration/celebration-promise-office.png	apps/client/src/pages/ApprenticePage.tsx
200	https://dgrsart.s3.us-east-2.amazonaws.com/cdn/client-public/art/celebration/celebration-tea-party.png	apps/client/src/pages/ApprenticePage.tsx
200	https://dgrsart.s3.us-east-2.amazonaws.com/cdn/client-public/art/guilds/guild-the-forge.jpg	apps/client/src/pages/GuildCommonRoomPage.tsx
200	https://dgrsart.s3.us-east-2.amazonaws.com/cdn/client-public/art/guilds/guild-the-living.jpg	apps/client/src/pages/GuildCommonRoomPage.tsx
200	https://dgrsart.s3.us-east-2.amazonaws.com/cdn/client-public/art/celebration/mascoteers/mascoteer_unblink.png	apps/client/src/pages/ApprenticePage.tsx
200	https://dgrsart.s3.us-east-2.amazonaws.com/cdn/client-public/art/guilds/guild-the-archive.jpg	apps/client/src/pages/GuildCommonRoomPage.tsx
200	https://dgrsart.s3.us-east-2.amazonaws.com/cdn/client-public/art/classrooms/classroom-halverez.jpg	apps/client/src/pages/MechronisAcademyPage.tsx
200	https://dgrsart.s3.us-east-2.amazonaws.com/cdn/client-public/art/opponents/opponent-the-human-young-bust.png	apps/client/src/pages/ApprenticePage.tsx
403	https://dgrsart.s3.us-east-2.amazonaws.com/cdn/client-public/art/rooms/room-comms-relay.png	apps/client/src/pages/Act2InterludePage.tsx
200	https://dgrsart.s3.us-east-2.amazonaws.com/cdn/client-public/art/classrooms/classroom-aoki.jpg	apps/client/src/pages/MechronisAcademyPage.tsx
200	https://dgrsart.s3.us-east-2.amazonaws.com/cdn/client-public/art/celebration/celebration-door-row.png	apps/client/src/pages/ApprenticePage.tsx
200	https://dgrsart.s3.us-east-2.amazonaws.com/cdn/client-public/art/guilds/guild-the-eyes.jpg	apps/client/src/pages/GuildCommonRoomPage.tsx
200	https://dgrsart.s3.us-east-2.amazonaws.com/cdn/client-public/art/guilds/guild-the-between.jpg	apps/client/src/pages/GuildCommonRoomPage.tsx
200	https://dgrsart.s3.us-east-2.amazonaws.com/cdn/client-public/art/classrooms/classroom-kasra.jpg	apps/client/src/pages/MechronisAcademyPage.tsx
200	https://dgrsart.s3.us-east-2.amazonaws.com/cdn/client-public/art/celebration/mascoteers/mascoteer_gary.png	apps/client/src/pages/ApprenticePage.tsx
200	https://dgrsart.s3.us-east-2.amazonaws.com/cdn/client-public/art/celebration/mascoteers/mascoteer_red.png	apps/client/src/pages/ApprenticePage.tsx
200	https://dgrsart.s3.us-east-2.amazonaws.com/cdn/client-public/art/opponents/opponent-iron-lion-bust.png	apps/client/src/pages/ApprenticePage.tsx
200	https://dgrsart.s3.us-east-2.amazonaws.com/cdn/client-public/art/opponents/opponent-agent-zero-bust.png	apps/client/src/pages/ApprenticePage.tsx
200	https://dgrsart.s3.us-east-2.amazonaws.com/cdn/client-public/art/guilds/guild-the-influencers.jpg	apps/client/src/pages/GuildCommonRoomPage.tsx
200	https://dgrsart.s3.us-east-2.amazonaws.com/cdn/client-public/art/celebration/celebration-locked-room.png	apps/client/src/pages/ApprenticePage.tsx
200	https://dgrsart.s3.us-east-2.amazonaws.com/cdn/client-public/art/opponents/opponent-kael-bust.png	apps/client/src/pages/ApprenticePage.tsx
200	https://dgrsart.s3.us-east-2.amazonaws.com/cdn/client-public/art/celebration/mascoteers/mascoteer_minnie.png	apps/client/src/pages/ApprenticePage.tsx
200	https://dgrsart.s3.us-east-2.amazonaws.com/cdn/client-public/art/celebration/mascoteers/mascoteer_prince.png	apps/client/src/pages/ApprenticePage.tsx
200	https://dgrsart.s3.us-east-2.amazonaws.com/cdn/client-public/art/guilds/guild-the-grey-gamers.jpg	apps/client/src/pages/GuildCommonRoomPage.tsx
200	https://dgrsart.s3.us-east-2.amazonaws.com/cdn/client-public/videos/openings/mechronis/shot1.mp4	apps/client/src/pages/MatrixSchoolEpisodePage.tsx
200	https://dgrsart.s3.us-east-2.amazonaws.com/cdn/client-public/art/celebration/mascoteers/mascoteer_vernon.png	apps/client/src/pages/ApprenticePage.tsx
200	https://dgrsart.s3.us-east-2.amazonaws.com/cdn/client-public/art/opponents/opponent-the-eyes-bust.png	apps/client/src/pages/ApprenticePage.tsx
200	https://dgrsart.s3.us-east-2.amazonaws.com/cdn/client-public/art/classrooms/classroom-vellis.jpg	apps/client/src/pages/MechronisAcademyPage.tsx
200	https://dgrsart.s3.us-east-2.amazonaws.com/cdn/client-public/audio/outergroove/og_009.mp3	apps/shared/tcg-core/audio/outergroove.ts
200	https://dgrsart.s3.us-east-2.amazonaws.com/cdn/client-public/art/celebration/mascoteers/mascoteer_wayne.png	apps/client/src/pages/ApprenticePage.tsx
200	https://dgrsart.s3.us-east-2.amazonaws.com/cdn/client-public/art/classrooms/classroom-greenshaw.jpg	apps/client/src/pages/MechronisAcademyPage.tsx
200	https://dgrsart.s3.us-east-2.amazonaws.com/cdn/client-public/audio/outergroove/og_007.mp3	apps/shared/tcg-core/audio/outergroove.ts
200	https://dgrsart.s3.us-east-2.amazonaws.com/cdn/client-public/art/classrooms/classroom-vent.jpg	apps/client/src/pages/MechronisAcademyPage.tsx
200	https://dgrsart.s3.us-east-2.amazonaws.com/cdn/client-public/art/classrooms/classroom-orphic.jpg	apps/client/src/pages/MechronisAcademyPage.tsx
200	https://dgrsart.s3.us-east-2.amazonaws.com/cdn/client-public/art/celebration/mascoteers/mascoteer_thazu.png	apps/client/src/pages/ApprenticePage.tsx
200	https://dgrsart.s3.us-east-2.amazonaws.com/cdn/client-public/art/classrooms/classroom-kanevas.jpg	apps/client/src/pages/MechronisAcademyPage.tsx
200	https://dgrsart.s3.us-east-2.amazonaws.com/cdn/client-public/art/cards/s1_reward_class_spy.webp	apps/shared/tcg-core/cards/definitions/insurgency/s1_reward_class_spy.ts
200	https://dgrsart.s3.us-east-2.amazonaws.com/cdn/client-public/art/special-maps/special-trade-empire-routes.png	apps/client/src/pages/TradeWarsPage.tsx
200	https://dgrsart.s3.us-east-2.amazonaws.com/cdn/client-public/audio/outergroove/cover.jpg	apps/shared/tcg-core/audio/outergroove.ts
200	https://dgrsart.s3.us-east-2.amazonaws.com/cdn/client-public/audio/outergroove/og_015.mp3	apps/shared/tcg-core/audio/outergroove.ts
200	https://dgrsart.s3.us-east-2.amazonaws.com/cdn/client-public/videos/title/ark-drift-loop.webm	apps/client/src/pages/TitlePage.tsx
200	https://dgrsart.s3.us-east-2.amazonaws.com/cdn/client-public/audio/outergroove/og_001.mp3	apps/shared/tcg-core/audio/outergroove.ts
403	https://dgrsart.s3.us-east-2.amazonaws.com/cdn/client-public/art/ship/bunkroom_corridor.webp	apps/client/src/pages/BunkroomPage.tsx
200	https://dgrsart.s3.us-east-2.amazonaws.com/cdn/client-public/audio/outergroove/og_003.mp3	apps/shared/tcg-core/audio/outergroove.ts
200	https://dgrsart.s3.us-east-2.amazonaws.com/cdn/client-public/audio/outergroove/og_011.mp3	apps/shared/tcg-core/audio/outergroove.ts
200	https://dgrsart.s3.us-east-2.amazonaws.com/cdn/client-public/videos/title/ark-drift-loop.mp4	apps/client/src/pages/TitlePage.tsx
200	https://dgrsart.s3.us-east-2.amazonaws.com/cdn/client-public/audio/outergroove/og_019.mp3	apps/shared/tcg-core/audio/outergroove.ts
200	https://dgrsart.s3.us-east-2.amazonaws.com/cdn/client-public/art/classrooms/classroom-mireille.jpg	apps/client/src/pages/MechronisAcademyPage.tsx
200	https://dgrsart.s3.us-east-2.amazonaws.com/cdn/client-public/audio/outergroove/og_005.mp3	apps/shared/tcg-core/audio/outergroove.ts
200	https://dgrsart.s3.us-east-2.amazonaws.com/cdn/client-public/audio/outergroove/og_013.mp3	apps/shared/tcg-core/audio/outergroove.ts
200	https://dgrsart.s3.us-east-2.amazonaws.com/cdn/client-public/art/classrooms/classroom-vex.jpg	apps/client/src/pages/MechronisAcademyPage.tsx
200	https://dgrsart.s3.us-east-2.amazonaws.com/cdn/client-public/art/classrooms/classroom-vasara.jpg	apps/client/src/pages/MechronisAcademyPage.tsx
200	https://dgrsart.s3.us-east-2.amazonaws.com/cdn/client-public/art/classrooms/classroom-proctor.jpg	apps/client/src/pages/MechronisAcademyPage.tsx
200	https://dgrsart.s3.us-east-2.amazonaws.com/cdn/client-public/art/cards/s1_pack_pet_flicker_imp_1.webp	apps/shared/tcg-core/cards/definitions/insurgency/s1_pack_pet_flicker_imp_1.ts
200	https://dgrsart.s3.us-east-2.amazonaws.com/cdn/client-public/art/cards/s1_reward_eidolon_echo.webp	apps/shared/tcg-core/cards/definitions/insurgency/s1_reward_eidolon_echo.ts
200	https://dgrsart.s3.us-east-2.amazonaws.com/cdn/client-public/art/cards/s1_spell_209.webp	apps/shared/tcg-core/cards/definitions/insurgency/s1_spell_209_safe_house.ts
200	https://dgrsart.s3.us-east-2.amazonaws.com/cdn/client-public/art/cards/s1_reward_guild_recruit.webp	apps/shared/tcg-core/cards/definitions/insurgency/s1_reward_guild_recruit.ts
200	https://dgrsart.s3.us-east-2.amazonaws.com/cdn/client-public/art/cards/s1_pack_id_kael_recruiter.webp	apps/shared/tcg-core/cards/definitions/insurgency/s1_pack_id_kael_recruiter.ts
200	https://dgrsart.s3.us-east-2.amazonaws.com/cdn/client-public/art/cards/gen_insurgency.webp	apps/shared/tcg-core/cards/definitions/insurgency/gen_insurgency.ts
200	https://dgrsart.s3.us-east-2.amazonaws.com/cdn/client-public/art/cards/s1_pack_005.webp	apps/shared/tcg-core/cards/definitions/insurgency/s1_pack_005_cell_runner.ts
200	https://dgrsart.s3.us-east-2.amazonaws.com/cdn/client-public/art/cards/s1_char_108.webp	apps/shared/tcg-core/cards/definitions/insurgency/s1_char_108_guerrilla_cell.ts
200	https://dgrsart.s3.us-east-2.amazonaws.com/cdn/client-public/art/cards/s1_spell_107.webp	apps/shared/tcg-core/cards/definitions/insurgency/s1_spell_107_dead_frequency_jam.ts
200	https://dgrsart.s3.us-east-2.amazonaws.com/cdn/client-public/art/cards/s1_char_107.webp	apps/shared/tcg-core/cards/definitions/insurgency/s1_char_107_signal_operative.ts
200	https://dgrsart.s3.us-east-2.amazonaws.com/cdn/client-public/art/cards/s1_pack_pet_flicker_imp_2.webp	apps/shared/tcg-core/cards/definitions/insurgency/s1_pack_pet_flicker_imp_2.ts
200	https://dgrsart.s3.us-east-2.amazonaws.com/cdn/client-public/art/cards/s1_char_031.webp	apps/shared/tcg-core/cards/definitions/insurgency/s1_char_031_the_hierophant.ts
200	https://dgrsart.s3.us-east-2.amazonaws.com/cdn/client-public/art/cards/s1_char_026.webp	apps/shared/tcg-core/cards/definitions/insurgency/s1_char_026_the_engineer.ts
403	https://dgrsart.s3.us-east-2.amazonaws.com/cdn/client-public/art/cards/s1_resurrect_003.webp	apps/shared/tcg-core/cards/definitions/insurgency/s1_resurrect_003_ghost_cell_runner.ts
200	https://dgrsart.s3.us-east-2.amazonaws.com/cdn/client-public/art/cards/s1_spell_106.webp	apps/shared/tcg-core/cards/definitions/insurgency/s1_spell_106_encrypted_broadcast.ts
200	https://dgrsart.s3.us-east-2.amazonaws.com/cdn/client-public/art/cards/s1_pack_011.webp	apps/shared/tcg-core/cards/definitions/insurgency/s1_pack_011_insurgent_commander.ts
200	https://dgrsart.s3.us-east-2.amazonaws.com/cdn/client-public/art/cards/s1_char_105.webp	apps/shared/tcg-core/cards/definitions/insurgency/s1_char_105_iron_lion.ts
200	https://dgrsart.s3.us-east-2.amazonaws.com/cdn/client-public/art/cards/s1_char_012.webp	apps/shared/tcg-core/cards/definitions/insurgency/s1_char_012_kael.ts
200	https://dgrsart.s3.us-east-2.amazonaws.com/cdn/client-public/audio/outergroove/og_017.mp3	apps/shared/tcg-core/audio/outergroove.ts
200	https://dgrsart.s3.us-east-2.amazonaws.com/cdn/client-public/art/cards/s1_reward_crew_mission.webp	apps/shared/tcg-core/cards/definitions/insurgency/s1_reward_crew_mission.ts
200	https://dgrsart.s3.us-east-2.amazonaws.com/cdn/client-public/art/cards/s1_pack_pet_flicker_imp_3.webp	apps/shared/tcg-core/cards/definitions/insurgency/s1_pack_pet_flicker_imp_3.ts
200	https://dgrsart.s3.us-east-2.amazonaws.com/cdn/client-public/art/cards/s1_char_028.webp	apps/shared/tcg-core/cards/definitions/insurgency/s1_char_028_the_eyes.ts
200	https://dgrsart.s3.us-east-2.amazonaws.com/cdn/client-public/art/cards/s1_spell_211.webp	apps/shared/tcg-core/cards/definitions/insurgency/s1_spell_211_scorched_earth.ts
200	https://dgrsart.s3.us-east-2.amazonaws.com/cdn/client-public/art/cards/s1_pack_pet_spore_fungus_1.webp	apps/shared/tcg-core/cards/definitions/insurgency/s1_pack_pet_spore_fungus_1.ts
200	https://dgrsart.s3.us-east-2.amazonaws.com/cdn/client-public/art/cards/s1_pack_008.webp	apps/shared/tcg-core/cards/definitions/insurgency/s1_pack_008_dead_signal_burst.ts
200	https://dgrsart.s3.us-east-2.amazonaws.com/cdn/client-public/art/cards/s1_char_106.webp	apps/shared/tcg-core/cards/definitions/insurgency/s1_char_106_wraith_calder.ts
200	https://dgrsart.s3.us-east-2.amazonaws.com/cdn/client-public/art/cards/s1_reward_companion_zero.webp	apps/shared/tcg-core/cards/definitions/insurgency/s1_reward_companion_zero.ts
200	https://dgrsart.s3.us-east-2.amazonaws.com/cdn/client-public/art/cards/s1_spell_105.webp	apps/shared/tcg-core/cards/definitions/insurgency/s1_spell_105_guerrilla_strike.ts
200	https://dgrsart.s3.us-east-2.amazonaws.com/cdn/client-public/art/cards/s1_spell_104.webp	apps/shared/tcg-core/cards/definitions/insurgency/s1_spell_104_signal_intercept.ts
403	https://dgrsart.s3.us-east-2.amazonaws.com/cdn/client-public/art/cards/s1_zeal_003.webp	apps/shared/tcg-core/cards/definitions/insurgency/s1_zeal_003_oath_keeper.ts
200	https://dgrsart.s3.us-east-2.amazonaws.com/cdn/client-public/art/cards/s1_pack_013.webp	apps/shared/tcg-core/cards/definitions/insurgency/s1_pack_013_liberation_protocol.ts
200	https://dgrsart.s3.us-east-2.amazonaws.com/cdn/client-public/art/cards/s1_spell_208.webp	apps/shared/tcg-core/cards/definitions/insurgency/s1_spell_208_rebel_yell.ts
200	https://dgrsart.s3.us-east-2.amazonaws.com/cdn/client-public/art/cards/s1_reward_vote_t1_defiance.webp	apps/shared/tcg-core/cards/definitions/insurgency/s1_reward_vote_t1_defiance.ts
200	https://dgrsart.s3.us-east-2.amazonaws.com/cdn/client-public/art/cards/s1_spell_207.webp	apps/shared/tcg-core/cards/definitions/insurgency/s1_spell_207_ambush_protocol.ts
200	https://dgrsart.s3.us-east-2.amazonaws.com/cdn/client-public/art/cards/s1_pack_pet_spore_fungus_2.webp	apps/shared/tcg-core/cards/definitions/insurgency/s1_pack_pet_spore_fungus_2.ts
403	https://dgrsart.s3.us-east-2.amazonaws.com/cdn/client-public/art/cards/s1_blast_003.webp	apps/shared/tcg-core/cards/definitions/insurgency/s1_blast_003_strafe_runner.ts
200	https://dgrsart.s3.us-east-2.amazonaws.com/cdn/client-public/art/cards/s1_reward_trade_insurgency.webp	apps/shared/tcg-core/cards/definitions/insurgency/s1_reward_trade_insurgency.ts
200	https://dgrsart.s3.us-east-2.amazonaws.com/cdn/client-public/art/cards/s1_char_047.webp	apps/shared/tcg-core/cards/definitions/insurgency/s1_char_047_the_shadow_tongue.ts
200	https://dgrsart.s3.us-east-2.amazonaws.com/cdn/client-public/art/cards/s1_pack_cosm_trail_fire.webp	apps/shared/tcg-core/cards/definitions/insurgency/s1_pack_cosm_trail_fire.ts
200	https://dgrsart.s3.us-east-2.amazonaws.com/cdn/client-public/art/cards/s1_char_041.webp	apps/shared/tcg-core/cards/definitions/insurgency/s1_char_041_the_oracle.ts
200	https://dgrsart.s3.us-east-2.amazonaws.com/cdn/client-public/art/cards/s1_char_040.webp	apps/shared/tcg-core/cards/definitions/insurgency/s1_char_040_the_nomad.ts
403	https://dgrsart.s3.us-east-2.amazonaws.com/cdn/client-public/art/cards/s1_curve_009.webp	apps/shared/tcg-core/cards/definitions/insurgency/s1_curve_009_trench_sergeant.ts
200	https://dgrsart.s3.us-east-2.amazonaws.com/cdn/client-public/art/cards/s1_char_010.webp	apps/shared/tcg-core/cards/definitions/insurgency/s1_char_010_iron_lion.ts
200	https://dgrsart.s3.us-east-2.amazonaws.com/cdn/client-public/art/cards/s1_pack_009.webp	apps/shared/tcg-core/cards/definitions/insurgency/s1_pack_009_covert_operative.ts
200	https://dgrsart.s3.us-east-2.amazonaws.com/cdn/client-public/art/cards/s1_char_002.webp	apps/shared/tcg-core/cards/definitions/insurgency/s1_char_002_agent_zero.ts
200	https://dgrsart.s3.us-east-2.amazonaws.com/cdn/client-public/art/cards/s1_pack_014.webp	apps/shared/tcg-core/cards/definitions/insurgency/s1_pack_014_agent_zero_reborn.ts
200	https://dgrsart.s3.us-east-2.amazonaws.com/cdn/client-public/art/cards/s1_char_061.webp	apps/shared/tcg-core/cards/definitions/new_babylon/s1_char_061_vexahlia_the_taskmaster.ts
200	https://dgrsart.s3.us-east-2.amazonaws.com/cdn/client-public/art/cards/s1_pack_012.webp	apps/shared/tcg-core/cards/definitions/insurgency/s1_pack_012_rebel_arsenal.ts
200	https://dgrsart.s3.us-east-2.amazonaws.com/cdn/client-public/art/cards/s1_spell_210.webp	apps/shared/tcg-core/cards/definitions/insurgency/s1_spell_210_intel_leak.ts
200	https://dgrsart.s3.us-east-2.amazonaws.com/cdn/client-public/art/cards/s1_reward_campaign_defiance.webp	apps/shared/tcg-core/cards/definitions/insurgency/s1_reward_campaign_defiance.ts
200	https://dgrsart.s3.us-east-2.amazonaws.com/cdn/client-public/art/cards/s1_song_091.webp	apps/shared/tcg-core/cards/definitions/insurgency/s1_song_091_i_love_war.ts
200	https://dgrsart.s3.us-east-2.amazonaws.com/cdn/client-public/art/cards/s1_char_033.webp	apps/shared/tcg-core/cards/definitions/new_babylon/s1_char_033_the_human.ts
403	https://dgrsart.s3.us-east-2.amazonaws.com/cdn/client-public/art/cards/s1_zeal_005.webp	apps/shared/tcg-core/cards/definitions/new_babylon/s1_zeal_005_compliance_zealot.ts
200	https://dgrsart.s3.us-east-2.amazonaws.com/cdn/client-public/art/cards/s1_pack_010.webp	apps/shared/tcg-core/cards/definitions/insurgency/s1_pack_010_signal_repeater.ts
403	https://dgrsart.s3.us-east-2.amazonaws.com/cdn/client-public/art/cards/s1_curve_004.webp	apps/shared/tcg-core/cards/definitions/insurgency/s1_curve_004_cell_decoy.ts
200	https://dgrsart.s3.us-east-2.amazonaws.com/cdn/client-public/art/cards/s1_char_011.webp	apps/shared/tcg-core/cards/definitions/insurgency/s1_char_011_jericho_jones.ts
200	https://dgrsart.s3.us-east-2.amazonaws.com/cdn/client-public/art/cards/s1_char_044.webp	apps/shared/tcg-core/cards/definitions/insurgency/s1_char_044_the_recruiter.ts
200	https://dgrsart.s3.us-east-2.amazonaws.com/cdn/client-public/art/cards/s1_char_202.webp	apps/shared/tcg-core/cards/definitions/insurgency/s1_char_202_saboteur.ts
200	https://dgrsart.s3.us-east-2.amazonaws.com/cdn/client-public/art/cards/s1_char_080.webp	apps/shared/tcg-core/cards/definitions/new_babylon/s1_char_080_district_enforcer.ts
200	https://dgrsart.s3.us-east-2.amazonaws.com/cdn/client-public/art/cards/s1_char_066.webp	apps/shared/tcg-core/cards/definitions/new_babylon/s1_char_066_fenra_the_moon_tyrant.ts
200	https://dgrsart.s3.us-east-2.amazonaws.com/cdn/client-public/art/cards/s1_spell_226.webp	apps/shared/tcg-core/cards/definitions/new_babylon/s1_spell_226_crystal_vault.ts
200	https://dgrsart.s3.us-east-2.amazonaws.com/cdn/client-public/art/cards/s1_pack_030.webp	apps/shared/tcg-core/cards/definitions/new_babylon/s1_pack_030_syndicate_enforcer.ts
200	https://dgrsart.s3.us-east-2.amazonaws.com/cdn/client-public/art/cards/s1_pack_pet_spore_fungus_3.webp	apps/shared/tcg-core/cards/definitions/insurgency/s1_pack_pet_spore_fungus_3.ts
200	https://dgrsart.s3.us-east-2.amazonaws.com/cdn/client-public/art/cards/s1_char_001.webp	apps/shared/tcg-core/cards/definitions/new_babylon/s1_char_001_adjudicar_locke.ts
200	https://dgrsart.s3.us-east-2.amazonaws.com/cdn/client-public/art/cards/s1_pack_034.webp	apps/shared/tcg-core/cards/definitions/new_babylon/s1_pack_034_lockes_inner_circle.ts
200	https://dgrsart.s3.us-east-2.amazonaws.com/cdn/client-public/art/cards/s1_reward_syndicate_empire.webp	apps/shared/tcg-core/cards/definitions/new_babylon/s1_reward_syndicate_empire.ts
200	https://dgrsart.s3.us-east-2.amazonaws.com/cdn/client-public/art/cards/s1_reward_trade_tycoon.webp	apps/shared/tcg-core/cards/definitions/new_babylon/s1_reward_trade_tycoon.ts
200	https://dgrsart.s3.us-east-2.amazonaws.com/cdn/client-public/art/cards/s1_spell_206.webp	apps/shared/tcg-core/cards/definitions/insurgency/s1_spell_206_supply_drop.ts
200	https://dgrsart.s3.us-east-2.amazonaws.com/cdn/client-public/art/cards/s1_pack_seed_fighter.webp	apps/shared/tcg-core/cards/definitions/new_babylon/s1_pack_seed_fighter.ts
403	https://dgrsart.s3.us-east-2.amazonaws.com/cdn/client-public/art/cards/s1_blast_005.webp	apps/shared/tcg-core/cards/definitions/new_babylon/s1_blast_005_audit_artillery.ts
200	https://dgrsart.s3.us-east-2.amazonaws.com/cdn/client-public/art/cards/s1_pack_035.webp	apps/shared/tcg-core/cards/definitions/new_babylon/s1_pack_035_trade_embargo.ts
200	https://dgrsart.s3.us-east-2.amazonaws.com/cdn/client-public/art/cards/s1_char_084.webp	apps/shared/tcg-core/cards/definitions/new_babylon/s1_char_084_iron_decree.ts
200	https://dgrsart.s3.us-east-2.amazonaws.com/cdn/client-public/art/cards/s1_reward_trade_empire.webp	apps/shared/tcg-core/cards/definitions/new_babylon/s1_reward_trade_empire.ts
200	https://dgrsart.s3.us-east-2.amazonaws.com/cdn/client-public/art/cards/s1_spell_225.webp	apps/shared/tcg-core/cards/definitions/new_babylon/s1_spell_225_bounty_notice.ts
200	https://dgrsart.s3.us-east-2.amazonaws.com/cdn/client-public/art/cards/gen_new_babylon.webp	apps/shared/tcg-core/cards/definitions/new_babylon/gen_new_babylon.ts
200	https://dgrsart.s3.us-east-2.amazonaws.com/cdn/client-public/art/cards/s1_reward_casino_poker.webp	apps/shared/tcg-core/cards/definitions/new_babylon/s1_reward_casino_poker.ts
200	https://dgrsart.s3.us-east-2.amazonaws.com/cdn/client-public/art/cards/s1_reward_companion_locke.webp	apps/shared/tcg-core/cards/definitions/new_babylon/s1_reward_companion_locke.ts
200	https://dgrsart.s3.us-east-2.amazonaws.com/cdn/client-public/art/cards/s1_reward_guild_victory.webp	apps/shared/tcg-core/cards/definitions/new_babylon/s1_reward_guild_victory.ts
200	https://dgrsart.s3.us-east-2.amazonaws.com/cdn/client-public/art/cards/s1_spell_119.webp	apps/shared/tcg-core/cards/definitions/new_babylon/s1_spell_119_hostile_acquisition.ts
200	https://dgrsart.s3.us-east-2.amazonaws.com/cdn/client-public/art/cards/s1_char_081.webp	apps/shared/tcg-core/cards/definitions/new_babylon/s1_char_081_tribunal_magistrate.ts
200	https://dgrsart.s3.us-east-2.amazonaws.com/cdn/client-public/art/cards/s1_spell_229.webp	apps/shared/tcg-core/cards/definitions/new_babylon/s1_spell_229_liquidation_sale.ts
200	https://dgrsart.s3.us-east-2.amazonaws.com/cdn/client-public/art/cards/s1_char_078.webp	apps/shared/tcg-core/cards/definitions/new_babylon/s1_char_078_governor_thane.ts
200	https://dgrsart.s3.us-east-2.amazonaws.com/cdn/client-public/art/cards/s1_spell_224.webp	apps/shared/tcg-core/cards/definitions/new_babylon/s1_spell_224_tax_collector.ts
200	https://dgrsart.s3.us-east-2.amazonaws.com/cdn/client-public/art/cards/s1_reward_guild_territory.webp	apps/shared/tcg-core/cards/definitions/new_babylon/s1_reward_guild_territory.ts
200	https://dgrsart.s3.us-east-2.amazonaws.com/cdn/client-public/art/cards/s1_char_003.webp	apps/shared/tcg-core/cards/definitions/new_babylon/s1_char_003_akai_shi.ts
200	https://dgrsart.s3.us-east-2.amazonaws.com/cdn/client-public/art/cards/s1_char_118.webp	apps/shared/tcg-core/cards/definitions/new_babylon/s1_char_118_trade_enforcer.ts
200	https://dgrsart.s3.us-east-2.amazonaws.com/cdn/client-public/art/cards/s1_reward_trade_act2.webp	apps/shared/tcg-core/cards/definitions/new_babylon/s1_reward_trade_act2.ts
200	https://dgrsart.s3.us-east-2.amazonaws.com/cdn/client-public/art/cards/s1_char_085.webp	apps/shared/tcg-core/cards/definitions/new_babylon/s1_char_085_sector_warden.ts
403	https://dgrsart.s3.us-east-2.amazonaws.com/cdn/client-public/art/cards/s1_curve_005.webp	apps/shared/tcg-core/cards/definitions/new_babylon/s1_curve_005_compliance_watcher.ts
200	https://dgrsart.s3.us-east-2.amazonaws.com/cdn/client-public/art/cards/s1_reward_eidolon_auros.webp	apps/shared/tcg-core/cards/definitions/new_babylon/s1_reward_eidolon_auros.ts
403	https://dgrsart.s3.us-east-2.amazonaws.com/cdn/client-public/art/cards/s1_curve_010.webp	apps/shared/tcg-core/cards/definitions/new_babylon/s1_curve_010_sector_magistrate.ts
200	https://dgrsart.s3.us-east-2.amazonaws.com/cdn/client-public/art/cards/s1_char_079.webp	apps/shared/tcg-core/cards/definitions/new_babylon/s1_char_079_citadel_guardian.ts
200	https://dgrsart.s3.us-east-2.amazonaws.com/cdn/client-public/art/cards/s1_spell_116.webp	apps/shared/tcg-core/cards/definitions/new_babylon/s1_spell_116_blood_tax.ts
200	https://dgrsart.s3.us-east-2.amazonaws.com/cdn/client-public/art/cards/s1_char_020.webp	apps/shared/tcg-core/cards/definitions/new_babylon/s1_char_020_the_authority.ts
200	https://dgrsart.s3.us-east-2.amazonaws.com/cdn/client-public/art/cards/s1_spell_228.webp	apps/shared/tcg-core/cards/definitions/new_babylon/s1_spell_228_economic_sanctions.ts
200	https://dgrsart.s3.us-east-2.amazonaws.com/cdn/client-public/art/cards/s1_pack_seed_trade.webp	apps/shared/tcg-core/cards/definitions/new_babylon/s1_pack_seed_trade.ts
200	https://dgrsart.s3.us-east-2.amazonaws.com/cdn/client-public/art/cards/s1_char_119.webp	apps/shared/tcg-core/cards/definitions/new_babylon/s1_char_119_syndicate_broker.ts
200	https://dgrsart.s3.us-east-2.amazonaws.com/cdn/client-public/art/cards/s1_reward_syndicate_build.webp	apps/shared/tcg-core/cards/definitions/new_babylon/s1_reward_syndicate_build.ts
200	https://dgrsart.s3.us-east-2.amazonaws.com/cdn/client-public/art/cards/s1_pack_029.webp	apps/shared/tcg-core/cards/definitions/new_babylon/s1_pack_029_hostile_takeover.ts
200	https://dgrsart.s3.us-east-2.amazonaws.com/cdn/client-public/art/cards/s1_char_120.webp	apps/shared/tcg-core/cards/definitions/new_babylon/s1_char_120_crystal_archive_guard.ts
200	https://dgrsart.s3.us-east-2.amazonaws.com/cdn/client-public/art/cards/s1_reward_trade_act1.webp	apps/shared/tcg-core/cards/definitions/new_babylon/s1_reward_trade_act1.ts
200	https://dgrsart.s3.us-east-2.amazonaws.com/cdn/client-public/art/cards/s1_spell_118.webp	apps/shared/tcg-core/cards/definitions/new_babylon/s1_spell_118_syndicate_contract.ts
200	https://dgrsart.s3.us-east-2.amazonaws.com/cdn/client-public/art/cards/s1_char_117.webp	apps/shared/tcg-core/cards/definitions/new_babylon/s1_char_117_senator_voss.ts
200	https://dgrsart.s3.us-east-2.amazonaws.com/cdn/client-public/art/cards/s1_pack_032.webp	apps/shared/tcg-core/cards/definitions/new_babylon/s1_pack_032_market_crash.ts
200	https://dgrsart.s3.us-east-2.amazonaws.com/cdn/client-public/art/cards/s1_pack_031.webp	apps/shared/tcg-core/cards/definitions/new_babylon/s1_pack_031_crystal_senator.ts
200	https://dgrsart.s3.us-east-2.amazonaws.com/cdn/client-public/art/cards/s1_char_083.webp	apps/shared/tcg-core/cards/definitions/new_babylon/s1_char_083_propaganda_herald.ts
200	https://dgrsart.s3.us-east-2.amazonaws.com/cdn/client-public/art/cards/s1_pack_033.webp	apps/shared/tcg-core/cards/definitions/new_babylon/s1_pack_033_debt_collector.ts
403	https://dgrsart.s3.us-east-2.amazonaws.com/cdn/client-public/art/cards/s1_curve_001.webp	apps/shared/tcg-core/cards/definitions/antiquarian/s1_curve_001_era_mote.ts
200	https://dgrsart.s3.us-east-2.amazonaws.com/cdn/client-public/art/cards/s1_reward_casino_high_roller.webp	apps/shared/tcg-core/cards/definitions/new_babylon/s1_reward_casino_high_roller.ts
200	https://dgrsart.s3.us-east-2.amazonaws.com/cdn/client-public/art/cards/s1_pack_038.webp	apps/shared/tcg-core/cards/definitions/antiquarian/s1_pack_038_chrono_blade.ts
200	https://dgrsart.s3.us-east-2.amazonaws.com/cdn/client-public/art/cards/s1_reward_casino_vip.webp	apps/shared/tcg-core/cards/definitions/new_babylon/s1_reward_casino_vip.ts
200	https://dgrsart.s3.us-east-2.amazonaws.com/cdn/client-public/art/cards/s1_reward_lore_archivist.webp	apps/shared/tcg-core/cards/definitions/antiquarian/s1_reward_lore_archivist.ts
200	https://dgrsart.s3.us-east-2.amazonaws.com/cdn/client-public/art/cards/s1_spell_231.webp	apps/shared/tcg-core/cards/definitions/antiquarian/s1_spell_231_temporal_fracture.ts
200	https://dgrsart.s3.us-east-2.amazonaws.com/cdn/client-public/art/cards/s1_spell_117.webp	apps/shared/tcg-core/cards/definitions/new_babylon/s1_spell_117_market_manipulation.ts
200	https://dgrsart.s3.us-east-2.amazonaws.com/cdn/client-public/art/cards/s1_char_121.webp	apps/shared/tcg-core/cards/definitions/antiquarian/s1_char_121_epoch_watcher.ts
200	https://dgrsart.s3.us-east-2.amazonaws.com/cdn/client-public/art/cards/s1_spell_227.webp	apps/shared/tcg-core/cards/definitions/new_babylon/s1_spell_227_leveraged_buyout.ts
403	https://dgrsart.s3.us-east-2.amazonaws.com/cdn/client-public/art/cards/s1_zeal_004.webp	apps/shared/tcg-core/cards/definitions/antiquarian/s1_zeal_004_relic_acolyte.ts
200	https://dgrsart.s3.us-east-2.amazonaws.com/cdn/client-public/art/cards/s1_reward_rpg_quest.webp	apps/shared/tcg-core/cards/definitions/antiquarian/s1_reward_rpg_quest.ts
200	https://dgrsart.s3.us-east-2.amazonaws.com/cdn/client-public/art/cards/s1_spell_235.webp	apps/shared/tcg-core/cards/definitions/antiquarian/s1_spell_235_age_of_silence.ts
200	https://dgrsart.s3.us-east-2.amazonaws.com/cdn/client-public/art/cards/s1_pack_037.webp	apps/shared/tcg-core/cards/definitions/antiquarian/s1_pack_037_era_guardian.ts
200	https://dgrsart.s3.us-east-2.amazonaws.com/cdn/client-public/art/cards/s1_reward_outbreak_cure.webp	apps/shared/tcg-core/cards/definitions/antiquarian/s1_reward_outbreak_cure.ts
200	https://dgrsart.s3.us-east-2.amazonaws.com/cdn/client-public/art/cards/s1_spell_232.webp	apps/shared/tcg-core/cards/definitions/antiquarian/s1_spell_232_fossil_record.ts
200	https://dgrsart.s3.us-east-2.amazonaws.com/cdn/client-public/art/cards/s1_reward_class_soldier.webp	apps/shared/tcg-core/cards/definitions/new_babylon/s1_reward_class_soldier.ts
200	https://dgrsart.s3.us-east-2.amazonaws.com/cdn/client-public/art/cards/gen_antiquarian.webp	apps/shared/tcg-core/cards/definitions/antiquarian/gen_antiquarian.ts
200	https://dgrsart.s3.us-east-2.amazonaws.com/cdn/client-public/art/cards/s1_spell_234.webp	apps/shared/tcg-core/cards/definitions/antiquarian/s1_spell_234_preservation_field.ts
403	https://dgrsart.s3.us-east-2.amazonaws.com/cdn/client-public/art/cards/s1_struct_004.webp	apps/shared/tcg-core/cards/definitions/new_babylon/s1_struct_004_audit_tower.ts
200	https://dgrsart.s3.us-east-2.amazonaws.com/cdn/client-public/art/cards/s1_char_097.webp	apps/shared/tcg-core/cards/definitions/antiquarian/s1_char_061_temporal_archivist.ts
200	https://dgrsart.s3.us-east-2.amazonaws.com/cdn/client-public/art/cards/s1_pack_seed_governance.webp	apps/shared/tcg-core/cards/definitions/antiquarian/s1_pack_seed_governance.ts
200	https://dgrsart.s3.us-east-2.amazonaws.com/cdn/client-public/art/cards/s1_char_082.webp	apps/shared/tcg-core/cards/definitions/new_babylon/s1_char_082_spire_assassin.ts
200	https://dgrsart.s3.us-east-2.amazonaws.com/cdn/client-public/art/cards/s1_pack_041.webp	apps/shared/tcg-core/cards/definitions/antiquarian/s1_pack_041_the_archivist_supreme.ts
403	https://dgrsart.s3.us-east-2.amazonaws.com/cdn/client-public/art/cards/s1_struct_005.webp	apps/shared/tcg-core/cards/definitions/antiquarian/s1_struct_005_relic_archive.ts
403	https://dgrsart.s3.us-east-2.amazonaws.com/cdn/client-public/art/cards/s1_char_018_the_antiquarian.webp	apps/shared/tcg-core/cards/definitions/antiquarian/s1_char_018_the_antiquarian.ts
200	https://dgrsart.s3.us-east-2.amazonaws.com/cdn/client-public/art/cards/s1_char_062.webp	apps/shared/tcg-core/cards/definitions/antiquarian/s1_char_062_hourglass_golem.ts
200	https://dgrsart.s3.us-east-2.amazonaws.com/cdn/client-public/art/cards/s1_reward_discovery_all.webp	apps/shared/tcg-core/cards/definitions/antiquarian/s1_reward_discovery_all.ts
200	https://dgrsart.s3.us-east-2.amazonaws.com/cdn/client-public/art/cards/s1_pack_036.webp	apps/shared/tcg-core/cards/definitions/antiquarian/s1_pack_036_temporal_collapse.ts
200	https://dgrsart.s3.us-east-2.amazonaws.com/cdn/client-public/art/cards/s1_spell_121.webp	apps/shared/tcg-core/cards/definitions/antiquarian/s1_spell_121_epoch_rewind.ts
200	https://dgrsart.s3.us-east-2.amazonaws.com/cdn/client-public/art/cards/s1_char_063.webp	apps/shared/tcg-core/cards/definitions/antiquarian/s1_char_063_paradox_acolyte.ts
200	https://dgrsart.s3.us-east-2.amazonaws.com/cdn/client-public/art/cards/s1_char_064.webp	apps/shared/tcg-core/cards/definitions/antiquarian/s1_char_064_memory_thief.ts
200	https://dgrsart.s3.us-east-2.amazonaws.com/cdn/client-public/art/cards/s1_spell_233.webp	apps/shared/tcg-core/cards/definitions/antiquarian/s1_spell_233_era_shift.ts
200	https://dgrsart.s3.us-east-2.amazonaws.com/cdn/client-public/art/cards/s1_pack_042.webp	apps/shared/tcg-core/cards/definitions/antiquarian/s1_pack_042_memory_splice.ts
200	https://dgrsart.s3.us-east-2.amazonaws.com/cdn/client-public/art/cards/race/demagi_foot_soldier.webp	apps/shared/tcg-core/cards/definitions/race/demagi.ts
200	https://dgrsart.s3.us-east-2.amazonaws.com/cdn/client-public/art/cards/s1_char_123.webp	apps/shared/tcg-core/cards/definitions/antiquarian/s1_char_123_relic_scholar.ts
200	https://dgrsart.s3.us-east-2.amazonaws.com/cdn/client-public/art/cards/s1_char_122.webp	apps/shared/tcg-core/cards/definitions/antiquarian/s1_char_122_timeline_splitter.ts
200	https://dgrsart.s3.us-east-2.amazonaws.com/cdn/client-public/art/cards/s1_pack_007.webp	apps/shared/tcg-core/cards/definitions/antiquarian/s1_pack_007_archive_swarm.ts
200	https://dgrsart.s3.us-east-2.amazonaws.com/cdn/client-public/art/cards/s1_pack_040.webp	apps/shared/tcg-core/cards/definitions/antiquarian/s1_pack_040_fossil_sentinel.ts
200	https://dgrsart.s3.us-east-2.amazonaws.com/cdn/client-public/art/cards/s1_char_065.webp	apps/shared/tcg-core/cards/definitions/antiquarian/s1_char_065_age_ender.ts
200	https://dgrsart.s3.us-east-2.amazonaws.com/cdn/client-public/art/cards/s1_spell_120.webp	apps/shared/tcg-core/cards/definitions/antiquarian/s1_spell_120_timeline_collapse.ts
403	https://dgrsart.s3.us-east-2.amazonaws.com/cdn/client-public/art/cards/s1_curve_006.webp	apps/shared/tcg-core/cards/definitions/antiquarian/s1_curve_006_hourglass_sentinel.ts
200	https://dgrsart.s3.us-east-2.amazonaws.com/cdn/client-public/art/cards/s1_reward_vote_t1_acceptance.webp	apps/shared/tcg-core/cards/definitions/antiquarian/s1_reward_vote_t1_acceptance.ts
200	https://dgrsart.s3.us-east-2.amazonaws.com/cdn/client-public/art/cards/s1_reward_campaign_acceptance.webp	apps/shared/tcg-core/cards/definitions/antiquarian/s1_reward_campaign_acceptance.ts
200	https://dgrsart.s3.us-east-2.amazonaws.com/cdn/client-public/art/cards/s1_char_124.webp	apps/shared/tcg-core/cards/definitions/antiquarian/s1_char_124_age_walker.ts
200	https://dgrsart.s3.us-east-2.amazonaws.com/cdn/client-public/art/cards/s1_char_201.webp	apps/shared/tcg-core/cards/definitions/antiquarian/s1_char_201_chronoguard_sentinel.ts
200	https://dgrsart.s3.us-east-2.amazonaws.com/cdn/client-public/art/cards/s1_char_060.webp	apps/shared/tcg-core/cards/definitions/antiquarian/s1_char_060_relic_keeper.ts
200	https://dgrsart.s3.us-east-2.amazonaws.com/cdn/client-public/art/cards/s1_char_059.webp	apps/shared/tcg-core/cards/definitions/antiquarian/s1_char_059_chronosplicer.ts
200	https://dgrsart.s3.us-east-2.amazonaws.com/cdn/client-public/art/cards/s1_spell_230.webp	apps/shared/tcg-core/cards/definitions/antiquarian/s1_spell_230_chrono_anchor.ts
200	https://dgrsart.s3.us-east-2.amazonaws.com/cdn/client-public/art/cards/allegiance/babylon_clerk_t1.webp	apps/shared/tcg-core/cards/definitions/allegiance/new_babylon.ts
200	https://dgrsart.s3.us-east-2.amazonaws.com/cdn/client-public/art/cards/s1_char_043.webp	apps/shared/tcg-core/cards/definitions/antiquarian/s1_char_043_the_programmer.ts
200	https://dgrsart.s3.us-east-2.amazonaws.com/cdn/client-public/art/cards/s1_pack_039.webp	apps/shared/tcg-core/cards/definitions/antiquarian/s1_pack_039_age_of_reckoning.ts
200	https://dgrsart.s3.us-east-2.amazonaws.com/cdn/client-public/art/cards/race/quarchon_crystal_senator.webp	apps/shared/tcg-core/cards/definitions/race/quarchon.ts
200	https://dgrsart.s3.us-east-2.amazonaws.com/cdn/client-public/art/cards/allegiance/babylon_senator_t4.webp	apps/shared/tcg-core/cards/definitions/allegiance/new_babylon.ts
200	https://dgrsart.s3.us-east-2.amazonaws.com/cdn/client-public/art/cards/s1_char_058.webp	apps/shared/tcg-core/cards/definitions/antiquarian/s1_char_058_epoch_walker.ts
200	https://dgrsart.s3.us-east-2.amazonaws.com/cdn/client-public/art/cards/allegiance/antiquarian_curator_t3.webp	apps/shared/tcg-core/cards/definitions/allegiance/antiquarian.ts
200	https://dgrsart.s3.us-east-2.amazonaws.com/cdn/client-public/art/cards/s1_spell_122.webp	apps/shared/tcg-core/cards/definitions/antiquarian/s1_spell_122_archaeological_dig.ts
200	https://dgrsart.s3.us-east-2.amazonaws.com/cdn/client-public/art/cards/race/human_final_potential.webp	apps/shared/tcg-core/cards/definitions/race/human.ts
200	https://dgrsart.s3.us-east-2.amazonaws.com/cdn/client-public/art/cards/race/neyon_bondwalker.webp	apps/shared/tcg-core/cards/definitions/race/neyon.ts
200	https://dgrsart.s3.us-east-2.amazonaws.com/cdn/client-public/art/cards/allegiance/antiquarian_lorekeeper_t4.webp	apps/shared/tcg-core/cards/definitions/allegiance/antiquarian.ts
200	https://dgrsart.s3.us-east-2.amazonaws.com/cdn/client-public/art/cards/race/synthetic_watchtower.webp	apps/shared/tcg-core/cards/definitions/race/synthetic.ts
200	https://dgrsart.s3.us-east-2.amazonaws.com/cdn/client-public/art/cards/allegiance/babylon_tax_collector_t3.webp	apps/shared/tcg-core/cards/definitions/allegiance/new_babylon.ts
200	https://dgrsart.s3.us-east-2.amazonaws.com/cdn/client-public/art/cards/race/human_citizen_of_atarion.webp	apps/shared/tcg-core/cards/definitions/race/human.ts
200	https://dgrsart.s3.us-east-2.amazonaws.com/cdn/client-public/art/cards/race/synthetic_loyal_instrument.webp	apps/shared/tcg-core/cards/definitions/race/synthetic.ts
200	https://dgrsart.s3.us-east-2.amazonaws.com/cdn/client-public/art/cards/race/demagi_war_priest.webp	apps/shared/tcg-core/cards/definitions/race/demagi.ts
200	https://dgrsart.s3.us-east-2.amazonaws.com/cdn/client-public/art/cards/race/synthetic_worker.webp	apps/shared/tcg-core/cards/definitions/race/synthetic.ts
200	https://dgrsart.s3.us-east-2.amazonaws.com/cdn/client-public/art/cards/race/demagi_xethraal_archlord.webp	apps/shared/tcg-core/cards/definitions/race/demagi.ts
200	https://dgrsart.s3.us-east-2.amazonaws.com/cdn/client-public/art/cards/race/neyon_kael_first.webp	apps/shared/tcg-core/cards/definitions/race/neyon.ts
200	https://dgrsart.s3.us-east-2.amazonaws.com/cdn/client-public/art/cards/race/quarchon_latticework.webp	apps/shared/tcg-core/cards/definitions/race/quarchon.ts
200	https://dgrsart.s3.us-east-2.amazonaws.com/cdn/client-public/art/cards/allegiance/babylon_governor_t5.webp	apps/shared/tcg-core/cards/definitions/allegiance/new_babylon.ts
200	https://dgrsart.s3.us-east-2.amazonaws.com/cdn/client-public/art/cards/race/quarchon_archivist.webp	apps/shared/tcg-core/cards/definitions/race/quarchon.ts
200	https://dgrsart.s3.us-east-2.amazonaws.com/cdn/client-public/art/cards/race/neyon_adept.webp	apps/shared/tcg-core/cards/definitions/race/neyon.ts
200	https://dgrsart.s3.us-east-2.amazonaws.com/cdn/client-public/art/cards/allegiance/babylon_champion_t6.webp	apps/shared/tcg-core/cards/definitions/allegiance/new_babylon.ts
200	https://dgrsart.s3.us-east-2.amazonaws.com/cdn/client-public/art/cards/race/human_senate_legionary.webp	apps/shared/tcg-core/cards/definitions/race/human.ts
200	https://dgrsart.s3.us-east-2.amazonaws.com/cdn/client-public/art/cards/allegiance/architect_champion_t6.webp	apps/shared/tcg-core/cards/definitions/allegiance/architect.ts
200	https://dgrsart.s3.us-east-2.amazonaws.com/cdn/client-public/art/cards/allegiance/babylon_magistrate_t2.webp	apps/shared/tcg-core/cards/definitions/allegiance/new_babylon.ts
200	https://dgrsart.s3.us-east-2.amazonaws.com/cdn/client-public/art/cards/allegiance/architect_initiate_t1.webp	apps/shared/tcg-core/cards/definitions/allegiance/architect.ts
200	https://dgrsart.s3.us-east-2.amazonaws.com/cdn/client-public/art/cards/allegiance/antiquarian_scholar_t2.webp	apps/shared/tcg-core/cards/definitions/allegiance/antiquarian.ts
200	https://dgrsart.s3.us-east-2.amazonaws.com/cdn/client-public/art/cards/allegiance/insurgency_champion_t6.webp	apps/shared/tcg-core/cards/definitions/allegiance/insurgency.ts
200	https://dgrsart.s3.us-east-2.amazonaws.com/cdn/client-public/art/cards/allegiance/dreamer_acolyte_t1.webp	apps/shared/tcg-core/cards/definitions/allegiance/dreamer.ts
200	https://dgrsart.s3.us-east-2.amazonaws.com/cdn/client-public/art/cards/allegiance/insurgency_cell_leader_t3.webp	apps/shared/tcg-core/cards/definitions/allegiance/insurgency.ts
200	https://dgrsart.s3.us-east-2.amazonaws.com/cdn/client-public/art/cards/allegiance/insurgency_warlord_t5.webp	apps/shared/tcg-core/cards/definitions/allegiance/insurgency.ts
200	https://dgrsart.s3.us-east-2.amazonaws.com/cdn/client-public/art/cards/allegiance/antiquarian_archivekeeper_t5.webp	apps/shared/tcg-core/cards/definitions/allegiance/antiquarian.ts
200	https://dgrsart.s3.us-east-2.amazonaws.com/cdn/client-public/art/cards/allegiance/antiquarian_apprentice_t1.webp	apps/shared/tcg-core/cards/definitions/allegiance/antiquarian.ts
200	https://dgrsart.s3.us-east-2.amazonaws.com/cdn/client-public/art/cards/allegiance/architect_elite_t5.webp	apps/shared/tcg-core/cards/definitions/allegiance/architect.ts
200	https://dgrsart.s3.us-east-2.amazonaws.com/cdn/client-public/art/cards/allegiance/architect_servant_t2.webp	apps/shared/tcg-core/cards/definitions/allegiance/architect.ts
200	https://dgrsart.s3.us-east-2.amazonaws.com/cdn/client-public/art/cards/allegiance/antiquarian_champion_t6.webp	apps/shared/tcg-core/cards/definitions/allegiance/antiquarian.ts
200	https://dgrsart.s3.us-east-2.amazonaws.com/cdn/client-public/art/cards/allegiance/architect_veteran_t3.webp	apps/shared/tcg-core/cards/definitions/allegiance/architect.ts
200	https://dgrsart.s3.us-east-2.amazonaws.com/cdn/client-public/art/cards/allegiance/insurgency_operative_t2.webp	apps/shared/tcg-core/cards/definitions/allegiance/insurgency.ts
200	https://dgrsart.s3.us-east-2.amazonaws.com/cdn/client-public/art/cards/allegiance/architect_victorious_t4.webp	apps/shared/tcg-core/cards/definitions/allegiance/architect.ts
200	https://dgrsart.s3.us-east-2.amazonaws.com/cdn/client-public/art/cards/allegiance/thought_virus_champion_t6.webp	apps/shared/tcg-core/cards/definitions/allegiance/thought_virus.ts
200	https://dgrsart.s3.us-east-2.amazonaws.com/cdn/client-public/art/cards/allegiance/thought_virus_prime_vessel_t5.webp	apps/shared/tcg-core/cards/definitions/allegiance/thought_virus.ts
200	https://dgrsart.s3.us-east-2.amazonaws.com/cdn/client-public/art/cards/allegiance/dreamer_dreamwalker_t5.webp	apps/shared/tcg-core/cards/definitions/allegiance/dreamer.ts
200	https://dgrsart.s3.us-east-2.amazonaws.com/cdn/client-public/art/cards/allegiance/thought_virus_vector_t4.webp	apps/shared/tcg-core/cards/definitions/allegiance/thought_virus.ts
200	https://dgrsart.s3.us-east-2.amazonaws.com/cdn/client-public/art/cards/allegiance/insurgency_recruit_t1.webp	apps/shared/tcg-core/cards/definitions/allegiance/insurgency.ts
200	https://dgrsart.s3.us-east-2.amazonaws.com/cdn/client-public/art/cards/allegiance/dreamer_champion_t6.webp	apps/shared/tcg-core/cards/definitions/allegiance/dreamer.ts
200	https://dgrsart.s3.us-east-2.amazonaws.com/cdn/client-public/art/cards/allegiance/thought_virus_evangelist_t2.webp	apps/shared/tcg-core/cards/definitions/allegiance/thought_virus.ts
200	https://dgrsart.s3.us-east-2.amazonaws.com/cdn/client-public/art/cards/allegiance/thought_virus_carrier_t1.webp	apps/shared/tcg-core/cards/definitions/allegiance/thought_virus.ts
200	https://dgrsart.s3.us-east-2.amazonaws.com/cdn/client-public/art/cards/allegiance/dreamer_visionary_t3.webp	apps/shared/tcg-core/cards/definitions/allegiance/dreamer.ts
200	https://dgrsart.s3.us-east-2.amazonaws.com/cdn/client-public/art/cards/allegiance/dreamer_seer_t2.webp	apps/shared/tcg-core/cards/definitions/allegiance/dreamer.ts
200	https://dgrsart.s3.us-east-2.amazonaws.com/cdn/client-public/art/cards/s1_char_055.webp	apps/shared/tcg-core/cards/definitions/panopticon/s1_char_055_thought_censor.ts
200	https://dgrsart.s3.us-east-2.amazonaws.com/cdn/client-public/art/cards/allegiance/dreamer_prophet_t4.webp	apps/shared/tcg-core/cards/definitions/allegiance/dreamer.ts
200	https://dgrsart.s3.us-east-2.amazonaws.com/cdn/client-public/art/cards/allegiance/insurgency_commander_t4.webp	apps/shared/tcg-core/cards/definitions/allegiance/insurgency.ts
200	https://dgrsart.s3.us-east-2.amazonaws.com/cdn/client-public/art/cards/allegiance/thought_virus_strain_keeper_t3.webp	apps/shared/tcg-core/cards/definitions/allegiance/thought_virus.ts
200	https://dgrsart.s3.us-east-2.amazonaws.com/cdn/client-public/art/cards/s1_char_052.webp	apps/shared/tcg-core/cards/definitions/panopticon/s1_char_052_compliance_officer.ts
403	https://dgrsart.s3.us-east-2.amazonaws.com/cdn/client-public/art/cards/s2_watcher_001.webp	apps/shared/tcg-core/cards/definitions/panopticon/s2_watcher_001_l_signature.ts
403	https://dgrsart.s3.us-east-2.amazonaws.com/cdn/client-public/art/cards/s2_watcher_003.webp	apps/shared/tcg-core/cards/definitions/panopticon/s2_watcher_003_now_you_are_ours.ts
200	https://dgrsart.s3.us-east-2.amazonaws.com/cdn/client-public/art/cards/class/reader_of_tomorrows.webp	apps/shared/tcg-core/cards/definitions/class/oracle.ts
200	https://dgrsart.s3.us-east-2.amazonaws.com/cdn/client-public/art/cards/class/oracles_unbroken_signal.webp	apps/shared/tcg-core/cards/definitions/class/oracle.ts
200	https://dgrsart.s3.us-east-2.amazonaws.com/cdn/client-public/art/cards/class/hybrid_initiate.webp	apps/shared/tcg-core/cards/definitions/class/neyon.ts
200	https://dgrsart.s3.us-east-2.amazonaws.com/cdn/client-public/art/cards/s1_char_054.webp	apps/shared/tcg-core/cards/definitions/panopticon/s1_char_054_panoptic_drone.ts
200	https://dgrsart.s3.us-east-2.amazonaws.com/cdn/client-public/art/cards/s1_char_050.webp	apps/shared/tcg-core/cards/definitions/panopticon/s1_char_050_warden_prime.ts
403	https://dgrsart.s3.us-east-2.amazonaws.com/cdn/client-public/art/cards/s1_resurrect_004.webp	apps/shared/tcg-core/cards/definitions/panopticon/s1_resurrect_004_undying_witness.ts
200	https://dgrsart.s3.us-east-2.amazonaws.com/cdn/client-public/art/cards/s1_char_056.webp	apps/shared/tcg-core/cards/definitions/panopticon/s1_char_056_registry_clerk.ts
200	https://dgrsart.s3.us-east-2.amazonaws.com/cdn/client-public/art/cards/s1_char_057.webp	apps/shared/tcg-core/cards/definitions/panopticon/s1_char_057_blacksite_interrogator.ts
200	https://dgrsart.s3.us-east-2.amazonaws.com/cdn/client-public/art/cards/class/second_sight.webp	apps/shared/tcg-core/cards/definitions/class/oracle.ts
200	https://dgrsart.s3.us-east-2.amazonaws.com/cdn/client-public/art/cards/class/three_schools_master.webp	apps/shared/tcg-core/cards/definitions/class/neyon.ts
200	https://dgrsart.s3.us-east-2.amazonaws.com/cdn/client-public/art/cards/class/five_schools_avatar.webp	apps/shared/tcg-core/cards/definitions/class/neyon.ts
200	https://dgrsart.s3.us-east-2.amazonaws.com/cdn/client-public/art/cards/class/syncretic_adept.webp	apps/shared/tcg-core/cards/definitions/class/neyon.ts
200	https://dgrsart.s3.us-east-2.amazonaws.com/cdn/client-public/art/cards/s1_char_053.webp	apps/shared/tcg-core/cards/definitions/panopticon/s1_char_053_data_harvester.ts
200	https://dgrsart.s3.us-east-2.amazonaws.com/cdn/client-public/art/cards/s1_char_051.webp	apps/shared/tcg-core/cards/definitions/panopticon/s1_char_051_oculus_sentinel.ts
200	https://dgrsart.s3.us-east-2.amazonaws.com/cdn/client-public/art/cards/class/line_recruit.webp	apps/shared/tcg-core/cards/definitions/class/soldier.ts
200	https://dgrsart.s3.us-east-2.amazonaws.com/cdn/client-public/art/cards/class/auspex.webp	apps/shared/tcg-core/cards/definitions/class/oracle.ts
403	https://dgrsart.s3.us-east-2.amazonaws.com/cdn/client-public/art/cards/s2_watcher_002.webp	apps/shared/tcg-core/cards/definitions/panopticon/s2_watcher_002_the_coordinators_dossier.ts
200	https://dgrsart.s3.us-east-2.amazonaws.com/cdn/client-public/art/cards/class/kinetic_containment_sink.webp	apps/shared/tcg-core/cards/definitions/class/engineer.ts
200	https://dgrsart.s3.us-east-2.amazonaws.com/cdn/client-public/art/cards/class/prescient_glyph.webp	apps/shared/tcg-core/cards/definitions/class/oracle.ts
200	https://dgrsart.s3.us-east-2.amazonaws.com/cdn/client-public/art/cards/class/workshop_drone.webp	apps/shared/tcg-core/cards/definitions/class/engineer.ts
200	https://dgrsart.s3.us-east-2.amazonaws.com/cdn/client-public/art/cards/class/dual_discipline.webp	apps/shared/tcg-core/cards/definitions/class/neyon.ts
200	https://dgrsart.s3.us-east-2.amazonaws.com/cdn/client-public/art/cards/class/field_modification.webp	apps/shared/tcg-core/cards/definitions/class/engineer.ts
200	https://dgrsart.s3.us-east-2.amazonaws.com/cdn/client-public/art/cards/class/witness_remover.webp	apps/shared/tcg-core/cards/definitions/class/assassin.ts
200	https://dgrsart.s3.us-east-2.amazonaws.com/cdn/client-public/art/cards/class/akai_shi_first_apprentice.webp	apps/shared/tcg-core/cards/definitions/class/assassin.ts
200	https://dgrsart.s3.us-east-2.amazonaws.com/cdn/client-public/art/cards/class/burn_the_handler.webp	apps/shared/tcg-core/cards/definitions/class/spy.ts
200	https://dgrsart.s3.us-east-2.amazonaws.com/cdn/client-public/art/cards/class/engineers_apprentice.webp	apps/shared/tcg-core/cards/definitions/class/engineer.ts
200	https://dgrsart.s3.us-east-2.amazonaws.com/cdn/client-public/art/cards/class/shieldwall.webp	apps/shared/tcg-core/cards/definitions/class/soldier.ts
200	https://dgrsart.s3.us-east-2.amazonaws.com/cdn/client-public/art/cards/element/breeze_whisper.webp	apps/shared/tcg-core/cards/definitions/elemental/air.ts
200	https://dgrsart.s3.us-east-2.amazonaws.com/cdn/client-public/art/cards/element/skyrider.webp	apps/shared/tcg-core/cards/definitions/elemental/air.ts
200	https://dgrsart.s3.us-east-2.amazonaws.com/cdn/client-public/art/cards/element/blaze_lancer.webp	apps/shared/tcg-core/cards/definitions/elemental/fire.ts
200	https://dgrsart.s3.us-east-2.amazonaws.com/cdn/client-public/art/cards/element/the_first_flame.webp	apps/shared/tcg-core/cards/definitions/elemental/fire.ts
200	https://dgrsart.s3.us-east-2.amazonaws.com/cdn/client-public/art/cards/class/rally_the_line.webp	apps/shared/tcg-core/cards/definitions/class/soldier.ts
200	https://dgrsart.s3.us-east-2.amazonaws.com/cdn/client-public/art/cards/class/prototype_blueprint.webp	apps/shared/tcg-core/cards/definitions/class/engineer.ts
200	https://dgrsart.s3.us-east-2.amazonaws.com/cdn/client-public/art/cards/class/signal_ghost.webp	apps/shared/tcg-core/cards/definitions/class/spy.ts
200	https://dgrsart.s3.us-east-2.amazonaws.com/cdn/client-public/art/cards/class/twelfth_archon_apprentice.webp	apps/shared/tcg-core/cards/definitions/class/spy.ts
200	https://dgrsart.s3.us-east-2.amazonaws.com/cdn/client-public/art/cards/class/cover_name.webp	apps/shared/tcg-core/cards/definitions/class/spy.ts
200	https://dgrsart.s3.us-east-2.amazonaws.com/cdn/client-public/art/cards/class/iron_vanguard.webp	apps/shared/tcg-core/cards/definitions/class/soldier.ts
200	https://dgrsart.s3.us-east-2.amazonaws.com/cdn/client-public/art/cards/element/sleeping_continent.webp	apps/shared/tcg-core/cards/definitions/elemental/earth.ts
200	https://dgrsart.s3.us-east-2.amazonaws.com/cdn/client-public/art/cards/element/conflagration.webp	apps/shared/tcg-core/cards/definitions/elemental/fire.ts
200	https://dgrsart.s3.us-east-2.amazonaws.com/cdn/client-public/art/cards/class/dead_drop.webp	apps/shared/tcg-core/cards/definitions/class/spy.ts
200	https://dgrsart.s3.us-east-2.amazonaws.com/cdn/client-public/art/cards/element/spark_fragment.webp	apps/shared/tcg-core/cards/definitions/elemental/fire.ts
200	https://dgrsart.s3.us-east-2.amazonaws.com/cdn/client-public/art/cards/class/last_regiment_standing.webp	apps/shared/tcg-core/cards/definitions/class/soldier.ts
200	https://dgrsart.s3.us-east-2.amazonaws.com/cdn/client-public/art/cards/class/glass_blade_initiate.webp	apps/shared/tcg-core/cards/definitions/class/assassin.ts
200	https://dgrsart.s3.us-east-2.amazonaws.com/cdn/client-public/art/cards/class/silent_step.webp	apps/shared/tcg-core/cards/definitions/class/assassin.ts
200	https://dgrsart.s3.us-east-2.amazonaws.com/cdn/client-public/art/cards/element/ember_scout.webp	apps/shared/tcg-core/cards/definitions/elemental/fire.ts
200	https://dgrsart.s3.us-east-2.amazonaws.com/cdn/client-public/art/cards/class/execute_protocol.webp	apps/shared/tcg-core/cards/definitions/class/assassin.ts
200	https://dgrsart.s3.us-east-2.amazonaws.com/cdn/client-public/art/cards/element/cyclone_herald.webp	apps/shared/tcg-core/cards/definitions/elemental/air.ts
200	https://dgrsart.s3.us-east-2.amazonaws.com/cdn/client-public/art/cards/new_babylon/casino_mogul.webp	apps/shared/tcg-core/cards/definitions/s1_pack2/new_babylon.ts
200	https://dgrsart.s3.us-east-2.amazonaws.com/cdn/client-public/art/cards/element/mercy_current.webp	apps/shared/tcg-core/cards/definitions/elemental/water.ts
200	https://dgrsart.s3.us-east-2.amazonaws.com/cdn/client-public/art/cards/element/gale_chorus.webp	apps/shared/tcg-core/cards/definitions/elemental/air.ts
200	https://dgrsart.s3.us-east-2.amazonaws.com/cdn/client-public/art/cards/element/abyssal_form.webp	apps/shared/tcg-core/cards/definitions/elemental/water.ts
200	https://dgrsart.s3.us-east-2.amazonaws.com/cdn/client-public/art/cards/element/tectonic_warden.webp	apps/shared/tcg-core/cards/definitions/elemental/earth.ts
200	https://dgrsart.s3.us-east-2.amazonaws.com/cdn/client-public/art/cards/new_babylon/adjudicar_locke.webp	apps/shared/tcg-core/cards/definitions/s1_pack2/new_babylon.ts
200	https://dgrsart.s3.us-east-2.amazonaws.com/cdn/client-public/art/cards/element/tide_keeper.webp	apps/shared/tcg-core/cards/definitions/elemental/water.ts
200	https://dgrsart.s3.us-east-2.amazonaws.com/cdn/client-public/art/cards/element/mountain_vow.webp	apps/shared/tcg-core/cards/definitions/elemental/earth.ts
200	https://dgrsart.s3.us-east-2.amazonaws.com/cdn/client-public/art/cards/new_babylon/citadel_guardian.webp	apps/shared/tcg-core/cards/definitions/s1_pack2/new_babylon.ts
200	https://dgrsart.s3.us-east-2.amazonaws.com/cdn/client-public/art/cards/element/breath_before_language.webp	apps/shared/tcg-core/cards/definitions/elemental/air.ts
200	https://dgrsart.s3.us-east-2.amazonaws.com/cdn/client-public/art/cards/new_babylon/auros_the_honor.webp	apps/shared/tcg-core/cards/definitions/s1_pack2/new_babylon.ts
200	https://dgrsart.s3.us-east-2.amazonaws.com/cdn/client-public/art/cards/element/slate_golem.webp	apps/shared/tcg-core/cards/definitions/elemental/earth.ts
200	https://dgrsart.s3.us-east-2.amazonaws.com/cdn/client-public/art/cards/new_babylon/crystal_vault.webp	apps/shared/tcg-core/cards/definitions/s1_pack2/new_babylon.ts
200	https://dgrsart.s3.us-east-2.amazonaws.com/cdn/client-public/art/cards/element/dissolving_wave.webp	apps/shared/tcg-core/cards/definitions/elemental/water.ts
200	https://dgrsart.s3.us-east-2.amazonaws.com/cdn/client-public/art/cards/new_babylon/crystal_senator.webp	apps/shared/tcg-core/cards/definitions/s1_pack2/new_babylon.ts
200	https://dgrsart.s3.us-east-2.amazonaws.com/cdn/client-public/art/cards/new_babylon/district_enforcer.webp	apps/shared/tcg-core/cards/definitions/s1_pack2/new_babylon.ts
200	https://dgrsart.s3.us-east-2.amazonaws.com/cdn/client-public/art/cards/element/ocean_that_forgives.webp	apps/shared/tcg-core/cards/definitions/elemental/water.ts
200	https://dgrsart.s3.us-east-2.amazonaws.com/cdn/client-public/art/cards/element/rooted_sentinel.webp	apps/shared/tcg-core/cards/definitions/elemental/earth.ts
200	https://dgrsart.s3.us-east-2.amazonaws.com/cdn/client-public/art/cards/new_babylon/akai_shi_red_death.webp	apps/shared/tcg-core/cards/definitions/s1_pack2/new_babylon.ts
200	https://dgrsart.s3.us-east-2.amazonaws.com/cdn/client-public/art/cards/new_babylon/bounty_notice.webp	apps/shared/tcg-core/cards/definitions/s1_pack2/new_babylon.ts
200	https://dgrsart.s3.us-east-2.amazonaws.com/cdn/client-public/art/cards/new_babylon/akai_shi.webp	apps/shared/tcg-core/cards/definitions/s1_pack2/new_babylon.ts
200	https://dgrsart.s3.us-east-2.amazonaws.com/cdn/client-public/art/cards/new_babylon/adjudicator_locke.webp	apps/shared/tcg-core/cards/definitions/s1_pack2/new_babylon.ts
200	https://dgrsart.s3.us-east-2.amazonaws.com/cdn/client-public/art/cards/new_babylon/hostile_takeover.webp	apps/shared/tcg-core/cards/definitions/s1_pack2/new_babylon.ts
200	https://dgrsart.s3.us-east-2.amazonaws.com/cdn/client-public/art/cards/new_babylon/propaganda_herald.webp	apps/shared/tcg-core/cards/definitions/s1_pack2/new_babylon.ts
200	https://dgrsart.s3.us-east-2.amazonaws.com/cdn/client-public/art/cards/new_babylon/lockes_favor.webp	apps/shared/tcg-core/cards/definitions/s1_pack2/new_babylon.ts
200	https://dgrsart.s3.us-east-2.amazonaws.com/cdn/client-public/art/cards/new_babylon/leveraged_buyout.webp	apps/shared/tcg-core/cards/definitions/s1_pack2/new_babylon.ts
200	https://dgrsart.s3.us-east-2.amazonaws.com/cdn/client-public/art/cards/new_babylon/crystal_archive_guard.webp	apps/shared/tcg-core/cards/definitions/s1_pack2/new_babylon.ts
200	https://dgrsart.s3.us-east-2.amazonaws.com/cdn/client-public/art/cards/new_babylon/senator_voss.webp	apps/shared/tcg-core/cards/definitions/s1_pack2/new_babylon.ts
200	https://dgrsart.s3.us-east-2.amazonaws.com/cdn/client-public/art/cards/new_babylon/nebula_shark.webp	apps/shared/tcg-core/cards/definitions/s1_pack2/new_babylon.ts
200	https://dgrsart.s3.us-east-2.amazonaws.com/cdn/client-public/art/cards/new_babylon/market_manipulation.webp	apps/shared/tcg-core/cards/definitions/s1_pack2/new_babylon.ts
200	https://dgrsart.s3.us-east-2.amazonaws.com/cdn/client-public/art/cards/new_babylon/blood_tax.webp	apps/shared/tcg-core/cards/definitions/s1_pack2/new_babylon.ts
200	https://dgrsart.s3.us-east-2.amazonaws.com/cdn/client-public/art/cards/new_babylon/economic_sanctions.webp	apps/shared/tcg-core/cards/definitions/s1_pack2/new_babylon.ts
200	https://dgrsart.s3.us-east-2.amazonaws.com/cdn/client-public/art/cards/new_babylon/market_crash.webp	apps/shared/tcg-core/cards/definitions/s1_pack2/new_babylon.ts
200	https://dgrsart.s3.us-east-2.amazonaws.com/cdn/client-public/art/cards/new_babylon/fenra_the_moon_tyrant.webp	apps/shared/tcg-core/cards/definitions/s1_pack2/new_babylon.ts
200	https://dgrsart.s3.us-east-2.amazonaws.com/cdn/client-public/art/cards/new_babylon/liquidation_sale.webp	apps/shared/tcg-core/cards/definitions/s1_pack2/new_babylon.ts
200	https://dgrsart.s3.us-east-2.amazonaws.com/cdn/client-public/art/cards/new_babylon/debt_collector.webp	apps/shared/tcg-core/cards/definitions/s1_pack2/new_babylon.ts
200	https://dgrsart.s3.us-east-2.amazonaws.com/cdn/client-public/art/cards/new_babylon/master_soldier.webp	apps/shared/tcg-core/cards/definitions/s1_pack2/new_babylon.ts
200	https://dgrsart.s3.us-east-2.amazonaws.com/cdn/client-public/art/cards/new_babylon/galactic_tycoon.webp	apps/shared/tcg-core/cards/definitions/s1_pack2/new_babylon.ts
200	https://dgrsart.s3.us-east-2.amazonaws.com/cdn/client-public/art/cards/new_babylon/shadow_route_manifest.webp	apps/shared/tcg-core/cards/definitions/s1_pack2/new_babylon.ts
200	https://dgrsart.s3.us-east-2.amazonaws.com/cdn/client-public/art/cards/new_babylon/governor_thane.webp	apps/shared/tcg-core/cards/definitions/s1_pack2/new_babylon.ts
200	https://dgrsart.s3.us-east-2.amazonaws.com/cdn/client-public/art/cards/new_babylon/syndicate_foreman.webp	apps/shared/tcg-core/cards/definitions/s1_pack2/new_babylon.ts
200	https://dgrsart.s3.us-east-2.amazonaws.com/cdn/client-public/art/cards/new_babylon/spire_assassin.webp	apps/shared/tcg-core/cards/definitions/s1_pack2/new_babylon.ts
200	https://dgrsart.s3.us-east-2.amazonaws.com/cdn/client-public/art/cards/new_babylon/riri_ahlia_taskmaster.webp	apps/shared/tcg-core/cards/definitions/s1_pack2/new_babylon.ts
200	https://dgrsart.s3.us-east-2.amazonaws.com/cdn/client-public/art/cards/new_babylon/syndicate_broker.webp	apps/shared/tcg-core/cards/definitions/s1_pack2/new_babylon.ts
200	https://dgrsart.s3.us-east-2.amazonaws.com/cdn/client-public/art/cards/new_babylon/syndicate_enforcer.webp	apps/shared/tcg-core/cards/definitions/s1_pack2/new_babylon.ts
200	https://dgrsart.s3.us-east-2.amazonaws.com/cdn/client-public/art/cards/new_babylon/iron_decree.webp	apps/shared/tcg-core/cards/definitions/s1_pack2/new_babylon.ts
200	https://dgrsart.s3.us-east-2.amazonaws.com/cdn/client-public/art/cards/new_babylon/syndicate_contract.webp	apps/shared/tcg-core/cards/definitions/s1_pack2/new_babylon.ts
200	https://dgrsart.s3.us-east-2.amazonaws.com/cdn/client-public/art/cards/new_babylon/lockes_inner_circle.webp	apps/shared/tcg-core/cards/definitions/s1_pack2/new_babylon.ts
200	https://dgrsart.s3.us-east-2.amazonaws.com/cdn/client-public/art/cards/new_babylon/high_roller.webp	apps/shared/tcg-core/cards/definitions/s1_pack2/new_babylon.ts
200	https://dgrsart.s3.us-east-2.amazonaws.com/cdn/client-public/art/cards/new_babylon/hostile_acquisition.webp	apps/shared/tcg-core/cards/definitions/s1_pack2/new_babylon.ts
200	https://dgrsart.s3.us-east-2.amazonaws.com/cdn/client-public/art/cards/new_babylon/syndicate_overlord.webp	apps/shared/tcg-core/cards/definitions/s1_pack2/new_babylon.ts
200	https://dgrsart.s3.us-east-2.amazonaws.com/cdn/client-public/art/cards/new_babylon/trade_captain.webp	apps/shared/tcg-core/cards/definitions/s1_pack2/new_babylon.ts
200	https://dgrsart.s3.us-east-2.amazonaws.com/cdn/client-public/art/cards/new_babylon/the_authority_nb.webp	apps/shared/tcg-core/cards/definitions/s1_pack2/new_babylon.ts
200	https://dgrsart.s3.us-east-2.amazonaws.com/cdn/client-public/art/cards/new_babylon/the_human_nb.webp	apps/shared/tcg-core/cards/definitions/s1_pack2/new_babylon.ts
200	https://dgrsart.s3.us-east-2.amazonaws.com/cdn/client-public/art/cards/new_babylon/tax_collector.webp	apps/shared/tcg-core/cards/definitions/s1_pack2/new_babylon.ts
200	https://dgrsart.s3.us-east-2.amazonaws.com/cdn/client-public/art/cards/new_babylon/territory_commander.webp	apps/shared/tcg-core/cards/definitions/s1_pack2/new_babylon.ts
200	https://dgrsart.s3.us-east-2.amazonaws.com/cdn/client-public/art/cards/new_babylon/trade_embargo.webp	apps/shared/tcg-core/cards/definitions/s1_pack2/new_babylon.ts
200	https://dgrsart.s3.us-east-2.amazonaws.com/cdn/client-public/art/cards/new_babylon/trade_enforcer.webp	apps/shared/tcg-core/cards/definitions/s1_pack2/new_babylon.ts
200	https://dgrsart.s3.us-east-2.amazonaws.com/cdn/client-public/art/cards/new_babylon/sector_warden.webp	apps/shared/tcg-core/cards/definitions/s1_pack2/new_babylon.ts
200	https://dgrsart.s3.us-east-2.amazonaws.com/cdn/client-public/art/cards/new_babylon/tribunal_magistrate.webp	apps/shared/tcg-core/cards/definitions/s1_pack2/new_babylon.ts
200	https://dgrsart.s3.us-east-2.amazonaws.com/cdn/client-public/art/cards/dimension/cartographer_of_elsewhere.webp	apps/shared/tcg-core/cards/definitions/s1_pack2/dimension.ts
200	https://dgrsart.s3.us-east-2.amazonaws.com/cdn/client-public/art/cards/new_babylon/merchants_fortune.webp	apps/shared/tcg-core/cards/definitions/s1_pack2/new_babylon.ts
200	https://dgrsart.s3.us-east-2.amazonaws.com/cdn/client-public/art/cards/new_babylon/war_dividend.webp	apps/shared/tcg-core/cards/definitions/s1_pack2/new_babylon.ts
200	https://dgrsart.s3.us-east-2.amazonaws.com/cdn/client-public/art/cards/antiquarian/age_of_reckoning.webp	apps/shared/tcg-core/cards/definitions/s1_pack2/antiquarian.ts
200	https://dgrsart.s3.us-east-2.amazonaws.com/cdn/client-public/art/cards/dimension/ground_truth_witness.webp	apps/shared/tcg-core/cards/definitions/s1_pack2/dimension.ts
200	https://dgrsart.s3.us-east-2.amazonaws.com/cdn/client-public/art/cards/antiquarian/age_walker.webp	apps/shared/tcg-core/cards/definitions/s1_pack2/antiquarian.ts
200	https://dgrsart.s3.us-east-2.amazonaws.com/cdn/client-public/art/cards/dimension/parallax_walker.webp	apps/shared/tcg-core/cards/definitions/s1_pack2/dimension.ts
200	https://dgrsart.s3.us-east-2.amazonaws.com/cdn/client-public/art/cards/dimension/moment_keeper.webp	apps/shared/tcg-core/cards/definitions/s1_pack2/dimension.ts
200	https://dgrsart.s3.us-east-2.amazonaws.com/cdn/client-public/art/cards/antiquarian/chrono_anchor.webp	apps/shared/tcg-core/cards/definitions/s1_pack2/antiquarian.ts
200	https://dgrsart.s3.us-east-2.amazonaws.com/cdn/client-public/art/cards/antiquarian/age_ender.webp	apps/shared/tcg-core/cards/definitions/s1_pack2/antiquarian.ts
200	https://dgrsart.s3.us-east-2.amazonaws.com/cdn/client-public/art/cards/antiquarian/archaeological_dig.webp	apps/shared/tcg-core/cards/definitions/s1_pack2/antiquarian.ts
200	https://dgrsart.s3.us-east-2.amazonaws.com/cdn/client-public/art/cards/antiquarian/chrono_blade.webp	apps/shared/tcg-core/cards/definitions/s1_pack2/antiquarian.ts
200	https://dgrsart.s3.us-east-2.amazonaws.com/cdn/client-public/art/cards/dimension/hour_unmaker.webp	apps/shared/tcg-core/cards/definitions/s1_pack2/dimension.ts
200	https://dgrsart.s3.us-east-2.amazonaws.com/cdn/client-public/art/cards/antiquarian/age_of_silence.webp	apps/shared/tcg-core/cards/definitions/s1_pack2/antiquarian.ts
200	https://dgrsart.s3.us-east-2.amazonaws.com/cdn/client-public/art/cards/antiquarian/epoch_watcher.webp	apps/shared/tcg-core/cards/definitions/s1_pack2/antiquarian.ts
200	https://dgrsart.s3.us-east-2.amazonaws.com/cdn/client-public/art/cards/new_babylon/trade_scout.webp	apps/shared/tcg-core/cards/definitions/s1_pack2/new_babylon.ts
200	https://dgrsart.s3.us-east-2.amazonaws.com/cdn/client-public/art/cards/antiquarian/epoch_walker.webp	apps/shared/tcg-core/cards/definitions/s1_pack2/antiquarian.ts
200	https://dgrsart.s3.us-east-2.amazonaws.com/cdn/client-public/art/cards/antiquarian/complete_archive.webp	apps/shared/tcg-core/cards/definitions/s1_pack2/antiquarian.ts
200	https://dgrsart.s3.us-east-2.amazonaws.com/cdn/client-public/art/cards/antiquarian/memory_thief.webp	apps/shared/tcg-core/cards/definitions/s1_pack2/antiquarian.ts
200	https://dgrsart.s3.us-east-2.amazonaws.com/cdn/client-public/art/cards/dimension/consensus_weaver.webp	apps/shared/tcg-core/cards/definitions/s1_pack2/dimension.ts
200	https://dgrsart.s3.us-east-2.amazonaws.com/cdn/client-public/art/cards/antiquarian/epoch_rewind.webp	apps/shared/tcg-core/cards/definitions/s1_pack2/antiquarian.ts
200	https://dgrsart.s3.us-east-2.amazonaws.com/cdn/client-public/art/cards/dimension/folded_distance.webp	apps/shared/tcg-core/cards/definitions/s1_pack2/dimension.ts
200	https://dgrsart.s3.us-east-2.amazonaws.com/cdn/client-public/art/cards/antiquarian/the_antiquarian_general.webp	apps/shared/tcg-core/cards/definitions/s1_pack2/antiquarian.ts
200	https://dgrsart.s3.us-east-2.amazonaws.com/cdn/client-public/art/cards/dimension/bayes_adept.webp	apps/shared/tcg-core/cards/definitions/s1_pack2/dimension.ts
200	https://dgrsart.s3.us-east-2.amazonaws.com/cdn/client-public/art/cards/dimension/sum_over_histories.webp	apps/shared/tcg-core/cards/definitions/s1_pack2/dimension.ts
200	https://dgrsart.s3.us-east-2.amazonaws.com/cdn/client-public/art/cards/antiquarian/relic_keeper.webp	apps/shared/tcg-core/cards/definitions/s1_pack2/antiquarian.ts
200	https://dgrsart.s3.us-east-2.amazonaws.com/cdn/client-public/art/cards/antiquarian/relic_scholar.webp	apps/shared/tcg-core/cards/definitions/s1_pack2/antiquarian.ts
200	https://dgrsart.s3.us-east-2.amazonaws.com/cdn/client-public/art/cards/dimension/outcome_gambler.webp	apps/shared/tcg-core/cards/definitions/s1_pack2/dimension.ts
200	https://dgrsart.s3.us-east-2.amazonaws.com/cdn/client-public/art/cards/antiquarian/time_capsule.webp	apps/shared/tcg-core/cards/definitions/s1_pack2/antiquarian.ts
200	https://dgrsart.s3.us-east-2.amazonaws.com/cdn/client-public/art/cards/antiquarian/fossil_record.webp	apps/shared/tcg-core/cards/definitions/s1_pack2/antiquarian.ts
200	https://dgrsart.s3.us-east-2.amazonaws.com/cdn/client-public/art/cards/antiquarian/antiquarians_referendum.webp	apps/shared/tcg-core/cards/definitions/s1_pack2/antiquarian.ts
200	https://dgrsart.s3.us-east-2.amazonaws.com/cdn/client-public/art/cards/antiquarian/era_guardian.webp	apps/shared/tcg-core/cards/definitions/s1_pack2/antiquarian.ts
200	https://dgrsart.s3.us-east-2.amazonaws.com/cdn/client-public/art/cards/antiquarian/knowledge_keeper.webp	apps/shared/tcg-core/cards/definitions/s1_pack2/antiquarian.ts
200	https://dgrsart.s3.us-east-2.amazonaws.com/cdn/client-public/art/cards/antiquarian/questmaster.webp	apps/shared/tcg-core/cards/definitions/s1_pack2/antiquarian.ts
200	https://dgrsart.s3.us-east-2.amazonaws.com/cdn/client-public/art/cards/antiquarian/temporal_fracture.webp	apps/shared/tcg-core/cards/definitions/s1_pack2/antiquarian.ts
200	https://dgrsart.s3.us-east-2.amazonaws.com/cdn/client-public/art/cards/antiquarian/paradox_acolyte.webp	apps/shared/tcg-core/cards/definitions/s1_pack2/antiquarian.ts
200	https://dgrsart.s3.us-east-2.amazonaws.com/cdn/client-public/art/cards/antiquarian/the_archivist_supreme.webp	apps/shared/tcg-core/cards/definitions/s1_pack2/antiquarian.ts
200	https://dgrsart.s3.us-east-2.amazonaws.com/cdn/client-public/art/cards/antiquarian/stoic_guardian.webp	apps/shared/tcg-core/cards/definitions/s1_pack2/antiquarian.ts
200	https://dgrsart.s3.us-east-2.amazonaws.com/cdn/client-public/art/cards/antiquarian/era_shift.webp	apps/shared/tcg-core/cards/definitions/s1_pack2/antiquarian.ts
200	https://dgrsart.s3.us-east-2.amazonaws.com/cdn/client-public/art/cards/antiquarian/the_programmer.webp	apps/shared/tcg-core/cards/definitions/s1_pack2/antiquarian.ts
200	https://dgrsart.s3.us-east-2.amazonaws.com/cdn/client-public/art/cards/dimension/loop_walker.webp	apps/shared/tcg-core/cards/definitions/s1_pack2/dimension.ts
200	https://dgrsart.s3.us-east-2.amazonaws.com/cdn/client-public/art/cards/antiquarian/preservation_field.webp	apps/shared/tcg-core/cards/definitions/s1_pack2/antiquarian.ts
200	https://dgrsart.s3.us-east-2.amazonaws.com/cdn/client-public/art/cards/antiquarian/fossil_sentinel.webp	apps/shared/tcg-core/cards/definitions/s1_pack2/antiquarian.ts
200	https://dgrsart.s3.us-east-2.amazonaws.com/cdn/client-public/art/cards/antiquarian/memory_splice.webp	apps/shared/tcg-core/cards/definitions/s1_pack2/antiquarian.ts
200	https://dgrsart.s3.us-east-2.amazonaws.com/cdn/client-public/art/cards/dimension/thing_actually_happening.webp	apps/shared/tcg-core/cards/definitions/s1_pack2/dimension.ts
200	https://dgrsart.s3.us-east-2.amazonaws.com/cdn/client-public/art/cards/antiquarian/temporal_archivist.webp	apps/shared/tcg-core/cards/definitions/s1_pack2/antiquarian.ts
200	https://dgrsart.s3.us-east-2.amazonaws.com/cdn/client-public/art/cards/antiquarian/the_antiquarian_legendary.webp	apps/shared/tcg-core/cards/definitions/s1_pack2/antiquarian.ts
200	https://dgrsart.s3.us-east-2.amazonaws.com/cdn/client-public/art/cards/antiquarian/chronoguard_sentinel.webp	apps/shared/tcg-core/cards/definitions/s1_pack2/antiquarian.ts
200	https://dgrsart.s3.us-east-2.amazonaws.com/cdn/client-public/art/cards/antiquarian/temporal_collapse.webp	apps/shared/tcg-core/cards/definitions/s1_pack2/antiquarian.ts
200	https://dgrsart.s3.us-east-2.amazonaws.com/cdn/client-public/art/cards/antiquarian/hourglass_golem.webp	apps/shared/tcg-core/cards/definitions/s1_pack2/antiquarian.ts
200	https://dgrsart.s3.us-east-2.amazonaws.com/cdn/client-public/art/cards/antiquarian/chronosplicer.webp	apps/shared/tcg-core/cards/definitions/s1_pack2/antiquarian.ts
200	https://dgrsart.s3.us-east-2.amazonaws.com/cdn/client-public/art/cards/architect/archive_wyrm.webp	apps/shared/tcg-core/cards/definitions/s1_pack2/architect.ts
200	https://dgrsart.s3.us-east-2.amazonaws.com/cdn/client-public/art/cards/antiquarian/vaccine_protocol.webp	apps/shared/tcg-core/cards/definitions/s1_pack2/antiquarian.ts
200	https://dgrsart.s3.us-east-2.amazonaws.com/cdn/client-public/art/cards/antiquarian/timeline_collapse.webp	apps/shared/tcg-core/cards/definitions/s1_pack2/antiquarian.ts
200	https://dgrsart.s3.us-east-2.amazonaws.com/cdn/client-public/art/cards/architect/architects_mockery.webp	apps/shared/tcg-core/cards/definitions/s1_pack2/architect.ts
200	https://dgrsart.s3.us-east-2.amazonaws.com/cdn/client-public/art/cards/architect/arena_architect.webp	apps/shared/tcg-core/cards/definitions/s1_pack2/architect.ts
200	https://dgrsart.s3.us-east-2.amazonaws.com/cdn/client-public/art/cards/architect/general_alarik.webp	apps/shared/tcg-core/cards/definitions/s1_pack2/architect.ts
200	https://dgrsart.s3.us-east-2.amazonaws.com/cdn/client-public/art/cards/architect/architects_schematic.webp	apps/shared/tcg-core/cards/definitions/s1_pack2/architect.ts
200	https://dgrsart.s3.us-east-2.amazonaws.com/cdn/client-public/art/cards/architect/arena_enforcer.webp	apps/shared/tcg-core/cards/definitions/s1_pack2/architect.ts
200	https://dgrsart.s3.us-east-2.amazonaws.com/cdn/client-public/art/cards/architect/architects_mandate.webp	apps/shared/tcg-core/cards/definitions/s1_pack2/architect.ts
200	https://dgrsart.s3.us-east-2.amazonaws.com/cdn/client-public/art/cards/architect/calculated_retreat.webp	apps/shared/tcg-core/cards/definitions/s1_pack2/architect.ts
200	https://dgrsart.s3.us-east-2.amazonaws.com/cdn/client-public/art/cards/architect/cipher_logics_edge.webp	apps/shared/tcg-core/cards/definitions/s1_pack2/architect.ts
200	https://dgrsart.s3.us-east-2.amazonaws.com/cdn/client-public/art/cards/architect/chrome_archon.webp	apps/shared/tcg-core/cards/definitions/s1_pack2/architect.ts
200	https://dgrsart.s3.us-east-2.amazonaws.com/cdn/client-public/art/cards/architect/master_engineer.webp	apps/shared/tcg-core/cards/definitions/s1_pack2/architect.ts
200	https://dgrsart.s3.us-east-2.amazonaws.com/cdn/client-public/art/cards/architect/bronze_scarab.webp	apps/shared/tcg-core/cards/definitions/s1_pack2/architect.ts
200	https://dgrsart.s3.us-east-2.amazonaws.com/cdn/client-public/art/cards/antiquarian/timeline_splitter.webp	apps/shared/tcg-core/cards/definitions/s1_pack2/antiquarian.ts
200	https://dgrsart.s3.us-east-2.amazonaws.com/cdn/client-public/art/cards/architect/iron_beetle.webp	apps/shared/tcg-core/cards/definitions/s1_pack2/architect.ts
200	https://dgrsart.s3.us-east-2.amazonaws.com/cdn/client-public/art/cards/architect/dr_lyra_vox.webp	apps/shared/tcg-core/cards/definitions/s1_pack2/architect.ts
200	https://dgrsart.s3.us-east-2.amazonaws.com/cdn/client-public/art/cards/architect/data_hatchling.webp	apps/shared/tcg-core/cards/definitions/s1_pack2/architect.ts
200	https://dgrsart.s3.us-east-2.amazonaws.com/cdn/client-public/art/cards/architect/cipher_serpent.webp	apps/shared/tcg-core/cards/definitions/s1_pack2/architect.ts
200	https://dgrsart.s3.us-east-2.amazonaws.com/cdn/client-public/art/cards/architect/general_prometheus.webp	apps/shared/tcg-core/cards/definitions/s1_pack2/architect.ts
200	https://dgrsart.s3.us-east-2.amazonaws.com/cdn/client-public/art/cards/architect/pazaak_champion.webp	apps/shared/tcg-core/cards/definitions/s1_pack2/architect.ts
200	https://dgrsart.s3.us-east-2.amazonaws.com/cdn/client-public/art/cards/architect/gilt_juggernaut.webp	apps/shared/tcg-core/cards/definitions/s1_pack2/architect.ts
200	https://dgrsart.s3.us-east-2.amazonaws.com/cdn/client-public/art/cards/architect/panoptic_elara.webp	apps/shared/tcg-core/cards/definitions/s1_pack2/architect.ts
200	https://dgrsart.s3.us-east-2.amazonaws.com/cdn/client-public/art/cards/architect/calculated_checkmate.webp	apps/shared/tcg-core/cards/definitions/s1_pack2/architect.ts
200	https://dgrsart.s3.us-east-2.amazonaws.com/cdn/client-public/art/cards/architect/corrupted_ark_fragment.webp	apps/shared/tcg-core/cards/definitions/s1_pack2/architect.ts
200	https://dgrsart.s3.us-east-2.amazonaws.com/cdn/client-public/art/cards/architect/arena_protocol.webp	apps/shared/tcg-core/cards/definitions/s1_pack2/architect.ts
200	https://dgrsart.s3.us-east-2.amazonaws.com/cdn/client-public/art/cards/architect/collectors_trophy.webp	apps/shared/tcg-core/cards/definitions/s1_pack2/architect.ts
200	https://dgrsart.s3.us-east-2.amazonaws.com/cdn/client-public/art/cards/architect/panoptic_warden_foucault.webp	apps/shared/tcg-core/cards/definitions/s1_pack2/architect.ts
200	https://dgrsart.s3.us-east-2.amazonaws.com/cdn/client-public/art/cards/architect/game_masters_challenge.webp	apps/shared/tcg-core/cards/definitions/s1_pack2/architect.ts
200	https://dgrsart.s3.us-east-2.amazonaws.com/cdn/client-public/art/cards/architect/protocol_enforcer.webp	apps/shared/tcg-core/cards/definitions/s1_pack2/architect.ts
200	https://dgrsart.s3.us-east-2.amazonaws.com/cdn/client-public/art/cards/architect/panoptic_lockdown.webp	apps/shared/tcg-core/cards/definitions/s1_pack2/architect.ts
200	https://dgrsart.s3.us-east-2.amazonaws.com/cdn/client-public/art/cards/architect/surveillance_probe.webp	apps/shared/tcg-core/cards/definitions/s1_pack2/architect.ts
200	https://dgrsart.s3.us-east-2.amazonaws.com/cdn/client-public/art/cards/architect/schematic_sentinel.webp	apps/shared/tcg-core/cards/definitions/s1_pack2/architect.ts
200	https://dgrsart.s3.us-east-2.amazonaws.com/cdn/client-public/art/cards/architect/grandmasters_gambit.webp	apps/shared/tcg-core/cards/definitions/s1_pack2/architect.ts
200	https://dgrsart.s3.us-east-2.amazonaws.com/cdn/client-public/art/cards/architect/protocol_override.webp	apps/shared/tcg-core/cards/definitions/s1_pack2/architect.ts
200	https://dgrsart.s3.us-east-2.amazonaws.com/cdn/client-public/art/cards/architect/schematic_override.webp	apps/shared/tcg-core/cards/definitions/s1_pack2/architect.ts
200	https://dgrsart.s3.us-east-2.amazonaws.com/cdn/client-public/art/cards/architect/perfect_clone.webp	apps/shared/tcg-core/cards/definitions/s1_pack2/architect.ts
200	https://dgrsart.s3.us-east-2.amazonaws.com/cdn/client-public/art/cards/architect/grand_design.webp	apps/shared/tcg-core/cards/definitions/s1_pack2/architect.ts
200	https://dgrsart.s3.us-east-2.amazonaws.com/cdn/client-public/art/cards/architect/general_binath_vii.webp	apps/shared/tcg-core/cards/definitions/s1_pack2/architect.ts
200	https://dgrsart.s3.us-east-2.amazonaws.com/cdn/client-public/art/cards/architect/recursive_calibration.webp	apps/shared/tcg-core/cards/definitions/s1_pack2/architect.ts
200	https://dgrsart.s3.us-east-2.amazonaws.com/cdn/client-public/art/cards/architect/station_commander.webp	apps/shared/tcg-core/cards/definitions/s1_pack2/architect.ts
200	https://dgrsart.s3.us-east-2.amazonaws.com/cdn/client-public/art/cards/architect/inception_ark_sentry.webp	apps/shared/tcg-core/cards/definitions/s1_pack2/architect.ts
200	https://dgrsart.s3.us-east-2.amazonaws.com/cdn/client-public/art/cards/architect/master_of_rlyeh.webp	apps/shared/tcg-core/cards/definitions/s1_pack2/architect.ts
200	https://dgrsart.s3.us-east-2.amazonaws.com/cdn/client-public/art/cards/architect/module_integration.webp	apps/shared/tcg-core/cards/definitions/s1_pack2/architect.ts
200	https://dgrsart.s3.us-east-2.amazonaws.com/cdn/client-public/art/cards/architect/the_authority.webp	apps/shared/tcg-core/cards/definitions/s1_pack2/architect.ts
200	https://dgrsart.s3.us-east-2.amazonaws.com/cdn/client-public/art/cards/architect/senator_elara_voss.webp	apps/shared/tcg-core/cards/definitions/s1_pack2/architect.ts
200	https://dgrsart.s3.us-east-2.amazonaws.com/cdn/client-public/art/cards/architect/panopticon_override.webp	apps/shared/tcg-core/cards/definitions/s1_pack2/architect.ts
200	https://dgrsart.s3.us-east-2.amazonaws.com/cdn/client-public/art/cards/architect/system_purge.webp	apps/shared/tcg-core/cards/definitions/s1_pack2/architect.ts
200	https://dgrsart.s3.us-east-2.amazonaws.com/cdn/client-public/art/cards/architect/the_architect_legendary.webp	apps/shared/tcg-core/cards/definitions/s1_pack2/architect.ts
200	https://dgrsart.s3.us-east-2.amazonaws.com/cdn/client-public/art/cards/architect/terminus_bulwark.webp	apps/shared/tcg-core/cards/definitions/s1_pack2/architect.ts
200	https://dgrsart.s3.us-east-2.amazonaws.com/cdn/client-public/art/cards/architect/predetermined_outcome.webp	apps/shared/tcg-core/cards/definitions/s1_pack2/architect.ts
200	https://dgrsart.s3.us-east-2.amazonaws.com/cdn/client-public/art/cards/architect/the_conexus.webp	apps/shared/tcg-core/cards/definitions/s1_pack2/architect.ts
200	https://dgrsart.s3.us-east-2.amazonaws.com/cdn/client-public/art/cards/architect/the_humans_trust.webp	apps/shared/tcg-core/cards/definitions/s1_pack2/architect.ts
200	https://dgrsart.s3.us-east-2.amazonaws.com/cdn/client-public/art/cards/architect/the_game_master.webp	apps/shared/tcg-core/cards/definitions/s1_pack2/architect.ts
200	https://dgrsart.s3.us-east-2.amazonaws.com/cdn/client-public/art/cards/architect/the_detective_architect.webp	apps/shared/tcg-core/cards/definitions/s1_pack2/architect.ts
200	https://dgrsart.s3.us-east-2.amazonaws.com/cdn/client-public/art/cards/architect/the_collector_battle.webp	apps/shared/tcg-core/cards/definitions/s1_pack2/architect.ts
200	https://dgrsart.s3.us-east-2.amazonaws.com/cdn/client-public/art/cards/architect/the_meme.webp	apps/shared/tcg-core/cards/definitions/s1_pack2/architect.ts
200	https://dgrsart.s3.us-east-2.amazonaws.com/cdn/client-public/art/cards/architect/the_jailer_architect.webp	apps/shared/tcg-core/cards/definitions/s1_pack2/architect.ts
200	https://dgrsart.s3.us-east-2.amazonaws.com/cdn/client-public/art/cards/architect/the_architect_general.webp	apps/shared/tcg-core/cards/definitions/s1_pack2/architect.ts
200	https://dgrsart.s3.us-east-2.amazonaws.com/cdn/client-public/art/cards/panopticon/compliance_officer.webp	apps/shared/tcg-core/cards/definitions/s1_pack2/panopticon.ts
200	https://dgrsart.s3.us-east-2.amazonaws.com/cdn/client-public/art/cards/panopticon/panoptic_drone.webp	apps/shared/tcg-core/cards/definitions/s1_pack2/panopticon.ts
200	https://dgrsart.s3.us-east-2.amazonaws.com/cdn/client-public/art/cards/architect/the_necromancer_architect.webp	apps/shared/tcg-core/cards/definitions/s1_pack2/architect.ts
200	https://dgrsart.s3.us-east-2.amazonaws.com/cdn/client-public/art/cards/architect/three_moves.webp	apps/shared/tcg-core/cards/definitions/s1_pack2/architect.ts
200	https://dgrsart.s3.us-east-2.amazonaws.com/cdn/client-public/art/cards/neutral/arena_legend.webp	apps/shared/tcg-core/cards/definitions/s1_pack2/neutral.ts
200	https://dgrsart.s3.us-east-2.amazonaws.com/cdn/client-public/art/cards/neutral/bond_of_trust.webp	apps/shared/tcg-core/cards/definitions/s1_pack2/neutral.ts
200	https://dgrsart.s3.us-east-2.amazonaws.com/cdn/client-public/art/cards/panopticon/data_harvester.webp	apps/shared/tcg-core/cards/definitions/s1_pack2/panopticon.ts
200	https://dgrsart.s3.us-east-2.amazonaws.com/cdn/client-public/art/cards/architect/the_collector_puppet.webp	apps/shared/tcg-core/cards/definitions/s1_pack2/architect.ts
200	https://dgrsart.s3.us-east-2.amazonaws.com/cdn/client-public/art/cards/panopticon/oculus_sentinel.webp	apps/shared/tcg-core/cards/definitions/s1_pack2/panopticon.ts
200	https://dgrsart.s3.us-east-2.amazonaws.com/cdn/client-public/art/cards/neutral/arena_veteran.webp	apps/shared/tcg-core/cards/definitions/s1_pack2/neutral.ts
200	https://dgrsart.s3.us-east-2.amazonaws.com/cdn/client-public/art/cards/neutral/arena_aspirant.webp	apps/shared/tcg-core/cards/definitions/s1_pack2/neutral.ts
200	https://dgrsart.s3.us-east-2.amazonaws.com/cdn/client-public/art/cards/panopticon/thought_censor.webp	apps/shared/tcg-core/cards/definitions/s1_pack2/panopticon.ts
200	https://dgrsart.s3.us-east-2.amazonaws.com/cdn/client-public/art/cards/neutral/arena_champion.webp	apps/shared/tcg-core/cards/definitions/s1_pack2/neutral.ts
200	https://dgrsart.s3.us-east-2.amazonaws.com/cdn/client-public/art/cards/neutral/ark_defender.webp	apps/shared/tcg-core/cards/definitions/s1_pack2/neutral.ts
200	https://dgrsart.s3.us-east-2.amazonaws.com/cdn/client-public/art/cards/neutral/dischordian_logic_song.webp	apps/shared/tcg-core/cards/definitions/s1_pack2/neutral.ts
200	https://dgrsart.s3.us-east-2.amazonaws.com/cdn/client-public/art/cards/neutral/bounty_board.webp	apps/shared/tcg-core/cards/definitions/s1_pack2/neutral.ts
200	https://dgrsart.s3.us-east-2.amazonaws.com/cdn/client-public/art/cards/architect/the_politician.webp	apps/shared/tcg-core/cards/definitions/s1_pack2/architect.ts
200	https://dgrsart.s3.us-east-2.amazonaws.com/cdn/client-public/art/cards/neutral/black_market_dealer.webp	apps/shared/tcg-core/cards/definitions/s1_pack2/neutral.ts
200	https://dgrsart.s3.us-east-2.amazonaws.com/cdn/client-public/art/cards/neutral/ark_emergency_protocol.webp	apps/shared/tcg-core/cards/definitions/s1_pack2/neutral.ts
200	https://dgrsart.s3.us-east-2.amazonaws.com/cdn/client-public/art/cards/neutral/building_the_architect.webp	apps/shared/tcg-core/cards/definitions/s1_pack2/neutral.ts
200	https://dgrsart.s3.us-east-2.amazonaws.com/cdn/client-public/art/cards/architect/the_twelfth_archon.webp	apps/shared/tcg-core/cards/definitions/s1_pack2/architect.ts
200	https://dgrsart.s3.us-east-2.amazonaws.com/cdn/client-public/art/cards/neutral/compassion_protocol.webp	apps/shared/tcg-core/cards/definitions/s1_pack2/neutral.ts
200	https://dgrsart.s3.us-east-2.amazonaws.com/cdn/client-public/art/cards/panopticon/blacksite_interrogator.webp	apps/shared/tcg-core/cards/definitions/s1_pack2/panopticon.ts
200	https://dgrsart.s3.us-east-2.amazonaws.com/cdn/client-public/art/cards/neutral/courier_sprite.webp	apps/shared/tcg-core/cards/definitions/s1_pack2/neutral.ts
200	https://dgrsart.s3.us-east-2.amazonaws.com/cdn/client-public/art/cards/neutral/dischordian_logic_spell.webp	apps/shared/tcg-core/cards/definitions/s1_pack2/neutral.ts
200	https://dgrsart.s3.us-east-2.amazonaws.com/cdn/client-public/art/cards/neutral/dedicated_operative.webp	apps/shared/tcg-core/cards/definitions/s1_pack2/neutral.ts
200	https://dgrsart.s3.us-east-2.amazonaws.com/cdn/client-public/art/cards/panopticon/registry_clerk.webp	apps/shared/tcg-core/cards/definitions/s1_pack2/panopticon.ts
200	https://dgrsart.s3.us-east-2.amazonaws.com/cdn/client-public/art/cards/neutral/dimensional_rift.webp	apps/shared/tcg-core/cards/definitions/s1_pack2/neutral.ts
200	https://dgrsart.s3.us-east-2.amazonaws.com/cdn/client-public/art/cards/panopticon/warden_prime.webp	apps/shared/tcg-core/cards/definitions/s1_pack2/panopticon.ts
200	https://dgrsart.s3.us-east-2.amazonaws.com/cdn/client-public/art/cards/neutral/incubator_prime.webp	apps/shared/tcg-core/cards/definitions/s1_pack2/neutral.ts
200	https://dgrsart.s3.us-east-2.amazonaws.com/cdn/client-public/art/cards/neutral/echo_of_the_fall.webp	apps/shared/tcg-core/cards/definitions/s1_pack2/neutral.ts
200	https://dgrsart.s3.us-east-2.amazonaws.com/cdn/client-public/art/cards/neutral/echo_chamber.webp	apps/shared/tcg-core/cards/definitions/s1_pack2/neutral.ts
200	https://dgrsart.s3.us-east-2.amazonaws.com/cdn/client-public/art/cards/architect/white_oracle.webp	apps/shared/tcg-core/cards/definitions/s1_pack2/architect.ts
200	https://dgrsart.s3.us-east-2.amazonaws.com/cdn/client-public/art/cards/neutral/elara_ship_intelligence.webp	apps/shared/tcg-core/cards/definitions/s1_pack2/neutral.ts
200	https://dgrsart.s3.us-east-2.amazonaws.com/cdn/client-public/art/cards/neutral/draft_master.webp	apps/shared/tcg-core/cards/definitions/s1_pack2/neutral.ts
200	https://dgrsart.s3.us-east-2.amazonaws.com/cdn/client-public/art/cards/neutral/lucky_break.webp	apps/shared/tcg-core/cards/definitions/s1_pack2/neutral.ts
200	https://dgrsart.s3.us-east-2.amazonaws.com/cdn/client-public/art/cards/neutral/ambassador_veron.webp	apps/shared/tcg-core/cards/definitions/s1_pack2/neutral.ts
200	https://dgrsart.s3.us-east-2.amazonaws.com/cdn/client-public/art/cards/neutral/charitable_spirit.webp	apps/shared/tcg-core/cards/definitions/s1_pack2/neutral.ts
200	https://dgrsart.s3.us-east-2.amazonaws.com/cdn/client-public/art/cards/neutral/battle_hardened_companion.webp	apps/shared/tcg-core/cards/definitions/s1_pack2/neutral.ts
200	https://dgrsart.s3.us-east-2.amazonaws.com/cdn/client-public/art/cards/neutral/elara_awakened.webp	apps/shared/tcg-core/cards/definitions/s1_pack2/neutral.ts
200	https://dgrsart.s3.us-east-2.amazonaws.com/cdn/client-public/art/cards/neutral/bloodline_inheritor.webp	apps/shared/tcg-core/cards/definitions/s1_pack2/neutral.ts
200	https://dgrsart.s3.us-east-2.amazonaws.com/cdn/client-public/art/cards/neutral/hired_blade.webp	apps/shared/tcg-core/cards/definitions/s1_pack2/neutral.ts
200	https://dgrsart.s3.us-east-2.amazonaws.com/cdn/client-public/art/cards/neutral/elaras_final_gift.webp	apps/shared/tcg-core/cards/definitions/s1_pack2/neutral.ts
200	https://dgrsart.s3.us-east-2.amazonaws.com/cdn/client-public/art/cards/neutral/first_ascension.webp	apps/shared/tcg-core/cards/definitions/s1_pack2/neutral.ts
200	https://dgrsart.s3.us-east-2.amazonaws.com/cdn/client-public/art/cards/neutral/emergency_protocol.webp	apps/shared/tcg-core/cards/definitions/s1_pack2/neutral.ts
200	https://dgrsart.s3.us-east-2.amazonaws.com/cdn/client-public/art/cards/neutral/border_scout.webp	apps/shared/tcg-core/cards/definitions/s1_pack2/neutral.ts
200	https://dgrsart.s3.us-east-2.amazonaws.com/cdn/client-public/art/cards/neutral/elaras_guidance.webp	apps/shared/tcg-core/cards/definitions/s1_pack2/neutral.ts
200	https://dgrsart.s3.us-east-2.amazonaws.com/cdn/client-public/art/cards/neutral/elara_general.webp	apps/shared/tcg-core/cards/definitions/s1_pack2/neutral.ts
200	https://dgrsart.s3.us-east-2.amazonaws.com/cdn/client-public/art/cards/neutral/drifter.webp	apps/shared/tcg-core/cards/definitions/s1_pack2/neutral.ts
200	https://dgrsart.s3.us-east-2.amazonaws.com/cdn/client-public/art/cards/neutral/hired_gun.webp	apps/shared/tcg-core/cards/definitions/s1_pack2/neutral.ts
200	https://dgrsart.s3.us-east-2.amazonaws.com/cdn/client-public/art/cards/neutral/evolved_familiar.webp	apps/shared/tcg-core/cards/definitions/s1_pack2/neutral.ts
200	https://dgrsart.s3.us-east-2.amazonaws.com/cdn/client-public/art/cards/neutral/honored_rival.webp	apps/shared/tcg-core/cards/definitions/s1_pack2/neutral.ts
200	https://dgrsart.s3.us-east-2.amazonaws.com/cdn/client-public/art/cards/neutral/elara_advocate.webp	apps/shared/tcg-core/cards/definitions/s1_pack2/neutral.ts
200	https://dgrsart.s3.us-east-2.amazonaws.com/cdn/client-public/art/cards/neutral/field_medic_vote.webp	apps/shared/tcg-core/cards/definitions/s1_pack2/neutral.ts
200	https://dgrsart.s3.us-east-2.amazonaws.com/cdn/client-public/art/cards/neutral/graduated_operative.webp	apps/shared/tcg-core/cards/definitions/s1_pack2/neutral.ts
200	https://dgrsart.s3.us-east-2.amazonaws.com/cdn/client-public/art/cards/neutral/field_medic.webp	apps/shared/tcg-core/cards/definitions/s1_pack2/neutral.ts
200	https://dgrsart.s3.us-east-2.amazonaws.com/cdn/client-public/art/cards/neutral/lip_service.webp	apps/shared/tcg-core/cards/definitions/s1_pack2/neutral.ts
200	https://dgrsart.s3.us-east-2.amazonaws.com/cdn/client-public/art/cards/neutral/guild_officer.webp	apps/shared/tcg-core/cards/definitions/s1_pack2/neutral.ts
200	https://dgrsart.s3.us-east-2.amazonaws.com/cdn/client-public/art/cards/neutral/nythera_ship_intelligence.webp	apps/shared/tcg-core/cards/definitions/s1_pack2/neutral.ts
200	https://dgrsart.s3.us-east-2.amazonaws.com/cdn/client-public/art/cards/neutral/neutral_observer.webp	apps/shared/tcg-core/cards/definitions/s1_pack2/neutral.ts
200	https://dgrsart.s3.us-east-2.amazonaws.com/cdn/client-public/art/cards/neutral/halls_blessing.webp	apps/shared/tcg-core/cards/definitions/s1_pack2/neutral.ts
200	https://dgrsart.s3.us-east-2.amazonaws.com/cdn/client-public/art/cards/neutral/nythera_awakened.webp	apps/shared/tcg-core/cards/definitions/s1_pack2/neutral.ts
200	https://dgrsart.s3.us-east-2.amazonaws.com/cdn/client-public/art/cards/neutral/guild_founder.webp	apps/shared/tcg-core/cards/definitions/s1_pack2/neutral.ts
200	https://dgrsart.s3.us-east-2.amazonaws.com/cdn/client-public/art/cards/neutral/ironclad_veteran.webp	apps/shared/tcg-core/cards/definitions/s1_pack2/neutral.ts
200	https://dgrsart.s3.us-east-2.amazonaws.com/cdn/client-public/art/cards/neutral/holiday_feast.webp	apps/shared/tcg-core/cards/definitions/s1_pack2/neutral.ts
200	https://dgrsart.s3.us-east-2.amazonaws.com/cdn/client-public/art/cards/neutral/rally_the_warband.webp	apps/shared/tcg-core/cards/definitions/s1_pack2/neutral.ts
200	https://dgrsart.s3.us-east-2.amazonaws.com/cdn/client-public/art/cards/neutral/nonos.webp	apps/shared/tcg-core/cards/definitions/s1_pack2/neutral.ts
200	https://dgrsart.s3.us-east-2.amazonaws.com/cdn/client-public/art/cards/neutral/lucky_spinner.webp	apps/shared/tcg-core/cards/definitions/s1_pack2/neutral.ts
200	https://dgrsart.s3.us-east-2.amazonaws.com/cdn/client-public/art/cards/neutral/holiday_surprise.webp	apps/shared/tcg-core/cards/definitions/s1_pack2/neutral.ts
200	https://dgrsart.s3.us-east-2.amazonaws.com/cdn/client-public/art/cards/neutral/judgment_day.webp	apps/shared/tcg-core/cards/definitions/s1_pack2/neutral.ts
200	https://dgrsart.s3.us-east-2.amazonaws.com/cdn/client-public/art/cards/neutral/legions_wisdom.webp	apps/shared/tcg-core/cards/definitions/s1_pack2/neutral.ts
200	https://dgrsart.s3.us-east-2.amazonaws.com/cdn/client-public/art/cards/neutral/shades_of_grey.webp	apps/shared/tcg-core/cards/definitions/s1_pack2/neutral.ts
200	https://dgrsart.s3.us-east-2.amazonaws.com/cdn/client-public/art/cards/neutral/the_programmer.webp	apps/shared/tcg-core/cards/definitions/s1_pack2/neutral.ts
200	https://dgrsart.s3.us-east-2.amazonaws.com/cdn/client-public/art/cards/neutral/raid_champion.webp	apps/shared/tcg-core/cards/definitions/s1_pack2/neutral.ts
200	https://dgrsart.s3.us-east-2.amazonaws.com/cdn/client-public/art/cards/neutral/season_one_commemorative.webp	apps/shared/tcg-core/cards/definitions/s1_pack2/neutral.ts
200	https://dgrsart.s3.us-east-2.amazonaws.com/cdn/client-public/art/cards/neutral/objective_secured.webp	apps/shared/tcg-core/cards/definitions/s1_pack2/neutral.ts
200	https://dgrsart.s3.us-east-2.amazonaws.com/cdn/client-public/art/cards/neutral/the_inception.webp	apps/shared/tcg-core/cards/definitions/s1_pack2/neutral.ts
200	https://dgrsart.s3.us-east-2.amazonaws.com/cdn/client-public/art/cards/neutral/scrapyard_golem.webp	apps/shared/tcg-core/cards/definitions/s1_pack2/neutral.ts
200	https://dgrsart.s3.us-east-2.amazonaws.com/cdn/client-public/art/cards/neutral/the_enigmas_lament.webp	apps/shared/tcg-core/cards/definitions/s1_pack2/neutral.ts
200	https://dgrsart.s3.us-east-2.amazonaws.com/cdn/client-public/art/cards/neutral/quintessence_guardian.webp	apps/shared/tcg-core/cards/definitions/s1_pack2/neutral.ts
200	https://dgrsart.s3.us-east-2.amazonaws.com/cdn/client-public/art/cards/neutral/supply_runner.webp	apps/shared/tcg-core/cards/definitions/s1_pack2/neutral.ts
200	https://dgrsart.s3.us-east-2.amazonaws.com/cdn/client-public/art/cards/neutral/seasons_end.webp	apps/shared/tcg-core/cards/definitions/s1_pack2/neutral.ts
200	https://dgrsart.s3.us-east-2.amazonaws.com/cdn/client-public/art/cards/neutral/the_book_of_daniel_2.webp	apps/shared/tcg-core/cards/definitions/s1_pack2/neutral.ts
200	https://dgrsart.s3.us-east-2.amazonaws.com/cdn/client-public/art/cards/neutral/smugglers_cache.webp	apps/shared/tcg-core/cards/definitions/s1_pack2/neutral.ts
200	https://dgrsart.s3.us-east-2.amazonaws.com/cdn/client-public/art/cards/neutral/nythera_general.webp	apps/shared/tcg-core/cards/definitions/s1_pack2/neutral.ts
200	https://dgrsart.s3.us-east-2.amazonaws.com/cdn/client-public/art/cards/neutral/the_student.webp	apps/shared/tcg-core/cards/definitions/s1_pack2/neutral.ts
200	https://dgrsart.s3.us-east-2.amazonaws.com/cdn/client-public/art/cards/neutral/the_burnt_card.webp	apps/shared/tcg-core/cards/definitions/s1_pack2/neutral.ts
200	https://dgrsart.s3.us-east-2.amazonaws.com/cdn/client-public/art/cards/neutral/ruin_stalker.webp	apps/shared/tcg-core/cards/definitions/s1_pack2/neutral.ts
200	https://dgrsart.s3.us-east-2.amazonaws.com/cdn/client-public/art/cards/neutral/traces_of_something_spiritual.webp	apps/shared/tcg-core/cards/definitions/s1_pack2/neutral.ts
200	https://dgrsart.s3.us-east-2.amazonaws.com/cdn/client-public/art/cards/neutral/unscathed_victor.webp	apps/shared/tcg-core/cards/definitions/s1_pack2/neutral.ts
200	https://dgrsart.s3.us-east-2.amazonaws.com/cdn/client-public/art/cards/neutral/trusted_ally.webp	apps/shared/tcg-core/cards/definitions/s1_pack2/neutral.ts
200	https://dgrsart.s3.us-east-2.amazonaws.com/cdn/client-public/art/cards/neutral/transcended_one.webp	apps/shared/tcg-core/cards/definitions/s1_pack2/neutral.ts
200	https://dgrsart.s3.us-east-2.amazonaws.com/cdn/client-public/art/cards/thought_virus/cortex_ravager.webp	apps/shared/tcg-core/cards/definitions/s1_pack2/thought_virus.ts
200	https://dgrsart.s3.us-east-2.amazonaws.com/cdn/client-public/art/cards/neutral/the_balanced_witness.webp	apps/shared/tcg-core/cards/definitions/s1_pack2/neutral.ts
200	https://dgrsart.s3.us-east-2.amazonaws.com/cdn/client-public/art/cards/thought_virus/corruption_wave.webp	apps/shared/tcg-core/cards/definitions/s1_pack2/thought_virus.ts
200	https://dgrsart.s3.us-east-2.amazonaws.com/cdn/client-public/art/cards/neutral/undefeated_drafter.webp	apps/shared/tcg-core/cards/definitions/s1_pack2/neutral.ts
200	https://dgrsart.s3.us-east-2.amazonaws.com/cdn/client-public/art/cards/neutral/universal_adapter.webp	apps/shared/tcg-core/cards/definitions/s1_pack2/neutral.ts
200	https://dgrsart.s3.us-east-2.amazonaws.com/cdn/client-public/art/cards/neutral/void_crystal.webp	apps/shared/tcg-core/cards/definitions/s1_pack2/neutral.ts
200	https://dgrsart.s3.us-east-2.amazonaws.com/cdn/client-public/art/cards/thought_virus/assimilate.webp	apps/shared/tcg-core/cards/definitions/s1_pack2/thought_virus.ts
200	https://dgrsart.s3.us-east-2.amazonaws.com/cdn/client-public/art/cards/thought_virus/clone_racer.webp	apps/shared/tcg-core/cards/definitions/s1_pack2/thought_virus.ts
200	https://dgrsart.s3.us-east-2.amazonaws.com/cdn/client-public/art/cards/neutral/sixth_sense.webp	apps/shared/tcg-core/cards/definitions/s1_pack2/neutral.ts
200	https://dgrsart.s3.us-east-2.amazonaws.com/cdn/client-public/art/cards/neutral/the_detective.webp	apps/shared/tcg-core/cards/definitions/s1_pack2/neutral.ts
200	https://dgrsart.s3.us-east-2.amazonaws.com/cdn/client-public/art/cards/thought_virus/cognitive_blight.webp	apps/shared/tcg-core/cards/definitions/s1_pack2/thought_virus.ts
200	https://dgrsart.s3.us-east-2.amazonaws.com/cdn/client-public/art/cards/thought_virus/consumed_host.webp	apps/shared/tcg-core/cards/definitions/s1_pack2/thought_virus.ts
200	https://dgrsart.s3.us-east-2.amazonaws.com/cdn/client-public/art/cards/neutral/the_game_master.webp	apps/shared/tcg-core/cards/definitions/s1_pack2/neutral.ts
200	https://dgrsart.s3.us-east-2.amazonaws.com/cdn/client-public/art/cards/neutral/the_two_witnesses.webp	apps/shared/tcg-core/cards/definitions/s1_pack2/neutral.ts
200	https://dgrsart.s3.us-east-2.amazonaws.com/cdn/client-public/art/cards/neutral/threefold_reborn.webp	apps/shared/tcg-core/cards/definitions/s1_pack2/neutral.ts
200	https://dgrsart.s3.us-east-2.amazonaws.com/cdn/client-public/art/cards/thought_virus/infected_drone.webp	apps/shared/tcg-core/cards/definitions/s1_pack2/thought_virus.ts
200	https://dgrsart.s3.us-east-2.amazonaws.com/cdn/client-public/art/cards/thought_virus/cognitive_decay.webp	apps/shared/tcg-core/cards/definitions/s1_pack2/thought_virus.ts
200	https://dgrsart.s3.us-east-2.amazonaws.com/cdn/client-public/art/cards/thought_virus/identity_fragment.webp	apps/shared/tcg-core/cards/definitions/s1_pack2/thought_virus.ts
200	https://dgrsart.s3.us-east-2.amazonaws.com/cdn/client-public/art/cards/neutral/wandering_merchant.webp	apps/shared/tcg-core/cards/definitions/s1_pack2/neutral.ts
200	https://dgrsart.s3.us-east-2.amazonaws.com/cdn/client-public/art/cards/neutral/the_seer.webp	apps/shared/tcg-core/cards/definitions/s1_pack2/neutral.ts
200	https://dgrsart.s3.us-east-2.amazonaws.com/cdn/client-public/art/cards/thought_virus/kael_the_source.webp	apps/shared/tcg-core/cards/definitions/s1_pack2/thought_virus.ts
200	https://dgrsart.s3.us-east-2.amazonaws.com/cdn/client-public/art/cards/thought_virus/dusk_herald.webp	apps/shared/tcg-core/cards/definitions/s1_pack2/thought_virus.ts
200	https://dgrsart.s3.us-east-2.amazonaws.com/cdn/client-public/art/cards/thought_virus/neural_plague_carrier.webp	apps/shared/tcg-core/cards/definitions/s1_pack2/thought_virus.ts
200	https://dgrsart.s3.us-east-2.amazonaws.com/cdn/client-public/art/cards/thought_virus/mind_rot_drone.webp	apps/shared/tcg-core/cards/definitions/s1_pack2/thought_virus.ts
200	https://dgrsart.s3.us-east-2.amazonaws.com/cdn/client-public/art/cards/neutral/void_touched_specimen.webp	apps/shared/tcg-core/cards/definitions/s1_pack2/neutral.ts
200	https://dgrsart.s3.us-east-2.amazonaws.com/cdn/client-public/art/cards/thought_virus/patient_zero.webp	apps/shared/tcg-core/cards/definitions/s1_pack2/thought_virus.ts
200	https://dgrsart.s3.us-east-2.amazonaws.com/cdn/client-public/art/cards/thought_virus/memetic_carrier.webp	apps/shared/tcg-core/cards/definitions/s1_pack2/thought_virus.ts
200	https://dgrsart.s3.us-east-2.amazonaws.com/cdn/client-public/art/cards/thought_virus/neural_overwrite.webp	apps/shared/tcg-core/cards/definitions/s1_pack2/thought_virus.ts
200	https://dgrsart.s3.us-east-2.amazonaws.com/cdn/client-public/art/cards/thought_virus/plague_herald.webp	apps/shared/tcg-core/cards/definitions/s1_pack2/thought_virus.ts
200	https://dgrsart.s3.us-east-2.amazonaws.com/cdn/client-public/art/cards/thought_virus/swarm_survivor.webp	apps/shared/tcg-core/cards/definitions/s1_pack2/thought_virus.ts
200	https://dgrsart.s3.us-east-2.amazonaws.com/cdn/client-public/art/cards/thought_virus/spore_burst.webp	apps/shared/tcg-core/cards/definitions/s1_pack2/thought_virus.ts
200	https://dgrsart.s3.us-east-2.amazonaws.com/cdn/client-public/art/cards/thought_virus/source_fragment.webp	apps/shared/tcg-core/cards/definitions/s1_pack2/thought_virus.ts
200	https://dgrsart.s3.us-east-2.amazonaws.com/cdn/client-public/art/cards/thought_virus/nihilistic_mercy.webp	apps/shared/tcg-core/cards/definitions/s1_pack2/thought_virus.ts
200	https://dgrsart.s3.us-east-2.amazonaws.com/cdn/client-public/art/cards/thought_virus/memory_consumption.webp	apps/shared/tcg-core/cards/definitions/s1_pack2/thought_virus.ts
200	https://dgrsart.s3.us-east-2.amazonaws.com/cdn/client-public/art/cards/thought_virus/spore_cloud.webp	apps/shared/tcg-core/cards/definitions/s1_pack2/thought_virus.ts
200	https://dgrsart.s3.us-east-2.amazonaws.com/cdn/client-public/art/cards/thought_virus/terminal_stage.webp	apps/shared/tcg-core/cards/definitions/s1_pack2/thought_virus.ts
200	https://dgrsart.s3.us-east-2.amazonaws.com/cdn/client-public/art/cards/thought_virus/neural_parasite.webp	apps/shared/tcg-core/cards/definitions/s1_pack2/thought_virus.ts
200	https://dgrsart.s3.us-east-2.amazonaws.com/cdn/client-public/art/cards/thought_virus/infection_vector.webp	apps/shared/tcg-core/cards/definitions/s1_pack2/thought_virus.ts
200	https://dgrsart.s3.us-east-2.amazonaws.com/cdn/client-public/art/cards/thought_virus/master_assassin.webp	apps/shared/tcg-core/cards/definitions/s1_pack2/thought_virus.ts
200	https://dgrsart.s3.us-east-2.amazonaws.com/cdn/client-public/art/cards/thought_virus/terminus_spire_guard.webp	apps/shared/tcg-core/cards/definitions/s1_pack2/thought_virus.ts
200	https://dgrsart.s3.us-east-2.amazonaws.com/cdn/client-public/art/cards/thought_virus/terminus_dreadnought.webp	apps/shared/tcg-core/cards/definitions/s1_pack2/thought_virus.ts
200	https://dgrsart.s3.us-east-2.amazonaws.com/cdn/client-public/art/cards/thought_virus/plague_architect.webp	apps/shared/tcg-core/cards/definitions/s1_pack2/thought_virus.ts
200	https://dgrsart.s3.us-east-2.amazonaws.com/cdn/client-public/art/cards/thought_virus/kael_patient_zero.webp	apps/shared/tcg-core/cards/definitions/s1_pack2/thought_virus.ts
200	https://dgrsart.s3.us-east-2.amazonaws.com/cdn/client-public/art/cards/thought_virus/the_source_legendary.webp	apps/shared/tcg-core/cards/definitions/s1_pack2/thought_virus.ts
200	https://dgrsart.s3.us-east-2.amazonaws.com/cdn/client-public/art/cards/thought_virus/kaels_memory.webp	apps/shared/tcg-core/cards/definitions/s1_pack2/thought_virus.ts
200	https://dgrsart.s3.us-east-2.amazonaws.com/cdn/client-public/art/cards/thought_virus/noise_agent.webp	apps/shared/tcg-core/cards/definitions/s1_pack2/thought_virus.ts
200	https://dgrsart.s3.us-east-2.amazonaws.com/cdn/client-public/art/cards/thought_virus/strain_the_redeemed.webp	apps/shared/tcg-core/cards/definitions/s1_pack2/thought_virus.ts
200	https://dgrsart.s3.us-east-2.amazonaws.com/cdn/client-public/art/cards/thought_virus/neural_hive.webp	apps/shared/tcg-core/cards/definitions/s1_pack2/thought_virus.ts
200	https://dgrsart.s3.us-east-2.amazonaws.com/cdn/client-public/art/cards/thought_virus/synaptic_horror.webp	apps/shared/tcg-core/cards/definitions/s1_pack2/thought_virus.ts
200	https://dgrsart.s3.us-east-2.amazonaws.com/cdn/client-public/art/cards/insurgency/encrypted_broadcast.webp	apps/shared/tcg-core/cards/definitions/s1_pack2/insurgency.ts
200	https://dgrsart.s3.us-east-2.amazonaws.com/cdn/client-public/art/cards/thought_virus/the_host.webp	apps/shared/tcg-core/cards/definitions/s1_pack2/thought_virus.ts
200	https://dgrsart.s3.us-east-2.amazonaws.com/cdn/client-public/art/cards/thought_virus/viral_vector.webp	apps/shared/tcg-core/cards/definitions/s1_pack2/thought_virus.ts
200	https://dgrsart.s3.us-east-2.amazonaws.com/cdn/client-public/art/cards/thought_virus/quarantine_field.webp	apps/shared/tcg-core/cards/definitions/s1_pack2/thought_virus.ts
200	https://dgrsart.s3.us-east-2.amazonaws.com/cdn/client-public/art/cards/thought_virus/plague_wind.webp	apps/shared/tcg-core/cards/definitions/s1_pack2/thought_virus.ts
200	https://dgrsart.s3.us-east-2.amazonaws.com/cdn/client-public/art/cards/thought_virus/the_sacrificed.webp	apps/shared/tcg-core/cards/definitions/s1_pack2/thought_virus.ts
200	https://dgrsart.s3.us-east-2.amazonaws.com/cdn/client-public/art/cards/thought_virus/void_grub.webp	apps/shared/tcg-core/cards/definitions/s1_pack2/thought_virus.ts
200	https://dgrsart.s3.us-east-2.amazonaws.com/cdn/client-public/art/cards/insurgency/fungal_colossus.webp	apps/shared/tcg-core/cards/definitions/s1_pack2/insurgency.ts
200	https://dgrsart.s3.us-east-2.amazonaws.com/cdn/client-public/art/cards/thought_virus/viral_bloom.webp	apps/shared/tcg-core/cards/definitions/s1_pack2/thought_virus.ts
200	https://dgrsart.s3.us-east-2.amazonaws.com/cdn/client-public/art/cards/insurgency/agent_zero_reborn.webp	apps/shared/tcg-core/cards/definitions/s1_pack2/insurgency.ts
200	https://dgrsart.s3.us-east-2.amazonaws.com/cdn/client-public/art/cards/insurgency/echo_the_resonance.webp	apps/shared/tcg-core/cards/definitions/s1_pack2/insurgency.ts
200	https://dgrsart.s3.us-east-2.amazonaws.com/cdn/client-public/art/cards/insurgency/fresh_recruit.webp	apps/shared/tcg-core/cards/definitions/s1_pack2/insurgency.ts
200	https://dgrsart.s3.us-east-2.amazonaws.com/cdn/client-public/art/cards/thought_virus/viral_cascade.webp	apps/shared/tcg-core/cards/definitions/s1_pack2/thought_virus.ts
200	https://dgrsart.s3.us-east-2.amazonaws.com/cdn/client-public/art/cards/insurgency/iron_lion_general.webp	apps/shared/tcg-core/cards/definitions/s1_pack2/insurgency.ts
200	https://dgrsart.s3.us-east-2.amazonaws.com/cdn/client-public/art/cards/thought_virus/void_sentinel.webp	apps/shared/tcg-core/cards/definitions/s1_pack2/thought_virus.ts
200	https://dgrsart.s3.us-east-2.amazonaws.com/cdn/client-public/art/cards/insurgency/dead_signal_burst.webp	apps/shared/tcg-core/cards/definitions/s1_pack2/insurgency.ts
200	https://dgrsart.s3.us-east-2.amazonaws.com/cdn/client-public/art/cards/thought_virus/terminus_protocol.webp	apps/shared/tcg-core/cards/definitions/s1_pack2/thought_virus.ts
200	https://dgrsart.s3.us-east-2.amazonaws.com/cdn/client-public/art/cards/insurgency/ambush_protocol.webp	apps/shared/tcg-core/cards/definitions/s1_pack2/insurgency.ts
200	https://dgrsart.s3.us-east-2.amazonaws.com/cdn/client-public/art/cards/insurgency/mycelial_bloom.webp	apps/shared/tcg-core/cards/definitions/s1_pack2/insurgency.ts
200	https://dgrsart.s3.us-east-2.amazonaws.com/cdn/client-public/art/cards/insurgency/guerrilla_cell.webp	apps/shared/tcg-core/cards/definitions/s1_pack2/insurgency.ts
200	https://dgrsart.s3.us-east-2.amazonaws.com/cdn/client-public/art/cards/thought_virus/vector_swarm.webp	apps/shared/tcg-core/cards/definitions/s1_pack2/thought_virus.ts
200	https://dgrsart.s3.us-east-2.amazonaws.com/cdn/client-public/art/cards/thought_virus/the_source_general.webp	apps/shared/tcg-core/cards/definitions/s1_pack2/thought_virus.ts
200	https://dgrsart.s3.us-east-2.amazonaws.com/cdn/client-public/art/cards/insurgency/i_love_war.webp	apps/shared/tcg-core/cards/definitions/s1_pack2/insurgency.ts
200	https://dgrsart.s3.us-east-2.amazonaws.com/cdn/client-public/art/cards/insurgency/flicker_fiend.webp	apps/shared/tcg-core/cards/definitions/s1_pack2/insurgency.ts
200	https://dgrsart.s3.us-east-2.amazonaws.com/cdn/client-public/art/cards/insurgency/dead_frequency_jam.webp	apps/shared/tcg-core/cards/definitions/s1_pack2/insurgency.ts
200	https://dgrsart.s3.us-east-2.amazonaws.com/cdn/client-public/art/cards/thought_virus/terminus_sovereign.webp	apps/shared/tcg-core/cards/definitions/s1_pack2/thought_virus.ts
200	https://dgrsart.s3.us-east-2.amazonaws.com/cdn/client-public/art/cards/insurgency/safe_house.webp	apps/shared/tcg-core/cards/definitions/s1_pack2/insurgency.ts
200	https://dgrsart.s3.us-east-2.amazonaws.com/cdn/client-public/art/cards/insurgency/insurgent_commander.webp	apps/shared/tcg-core/cards/definitions/s1_pack2/insurgency.ts
200	https://dgrsart.s3.us-east-2.amazonaws.com/cdn/client-public/art/cards/insurgency/kael_the_recruiter.webp	apps/shared/tcg-core/cards/definitions/s1_pack2/insurgency.ts
200	https://dgrsart.s3.us-east-2.amazonaws.com/cdn/client-public/art/cards/thought_virus/void_leviathan.webp	apps/shared/tcg-core/cards/definitions/s1_pack2/thought_virus.ts
200	https://dgrsart.s3.us-east-2.amazonaws.com/cdn/client-public/art/cards/thought_virus/void_arena_rift.webp	apps/shared/tcg-core/cards/definitions/s1_pack2/thought_virus.ts
200	https://dgrsart.s3.us-east-2.amazonaws.com/cdn/client-public/art/cards/insurgency/iron_lion_legendary.webp	apps/shared/tcg-core/cards/definitions/s1_pack2/insurgency.ts
200	https://dgrsart.s3.us-east-2.amazonaws.com/cdn/client-public/art/cards/insurgency/liberation_protocol.webp	apps/shared/tcg-core/cards/definitions/s1_pack2/insurgency.ts
200	https://dgrsart.s3.us-east-2.amazonaws.com/cdn/client-public/art/cards/insurgency/agent_zero_legendary.webp	apps/shared/tcg-core/cards/definitions/s1_pack2/insurgency.ts
200	https://dgrsart.s3.us-east-2.amazonaws.com/cdn/client-public/art/cards/insurgency/rebels_conviction.webp	apps/shared/tcg-core/cards/definitions/s1_pack2/insurgency.ts
200	https://dgrsart.s3.us-east-2.amazonaws.com/cdn/client-public/art/cards/insurgency/mission_briefing.webp	apps/shared/tcg-core/cards/definitions/s1_pack2/insurgency.ts
200	https://dgrsart.s3.us-east-2.amazonaws.com/cdn/client-public/art/cards/thought_virus/void_stalker.webp	apps/shared/tcg-core/cards/definitions/s1_pack2/thought_virus.ts
200	https://dgrsart.s3.us-east-2.amazonaws.com/cdn/client-public/art/cards/insurgency/covert_operative.webp	apps/shared/tcg-core/cards/definitions/s1_pack2/insurgency.ts
200	https://dgrsart.s3.us-east-2.amazonaws.com/cdn/client-public/art/cards/insurgency/inferno_djinn.webp	apps/shared/tcg-core/cards/definitions/s1_pack2/insurgency.ts
200	https://dgrsart.s3.us-east-2.amazonaws.com/cdn/client-public/art/cards/insurgency/saboteur.webp	apps/shared/tcg-core/cards/definitions/s1_pack2/insurgency.ts
200	https://dgrsart.s3.us-east-2.amazonaws.com/cdn/client-public/art/cards/insurgency/master_spy.webp	apps/shared/tcg-core/cards/definitions/s1_pack2/insurgency.ts
200	https://dgrsart.s3.us-east-2.amazonaws.com/cdn/client-public/art/cards/insurgency/rebel_yell.webp	apps/shared/tcg-core/cards/definitions/s1_pack2/insurgency.ts
200	https://dgrsart.s3.us-east-2.amazonaws.com/cdn/client-public/art/cards/insurgency/spark_imp.webp	apps/shared/tcg-core/cards/definitions/s1_pack2/insurgency.ts
200	https://dgrsart.s3.us-east-2.amazonaws.com/cdn/client-public/art/cards/insurgency/smugglers_cache.webp	apps/shared/tcg-core/cards/definitions/s1_pack2/insurgency.ts
200	https://dgrsart.s3.us-east-2.amazonaws.com/cdn/client-public/art/cards/insurgency/agent_zero_general.webp	apps/shared/tcg-core/cards/definitions/s1_pack2/insurgency.ts
200	https://dgrsart.s3.us-east-2.amazonaws.com/cdn/client-public/art/cards/insurgency/the_hierophant.webp	apps/shared/tcg-core/cards/definitions/s1_pack2/insurgency.ts
200	https://dgrsart.s3.us-east-2.amazonaws.com/cdn/client-public/art/cards/insurgency/rebel_arsenal.webp	apps/shared/tcg-core/cards/definitions/s1_pack2/insurgency.ts
200	https://dgrsart.s3.us-east-2.amazonaws.com/cdn/client-public/art/cards/insurgency/signal_operative.webp	apps/shared/tcg-core/cards/definitions/s1_pack2/insurgency.ts
200	https://dgrsart.s3.us-east-2.amazonaws.com/cdn/client-public/art/cards/insurgency/signal_booster.webp	apps/shared/tcg-core/cards/definitions/s1_pack2/insurgency.ts
200	https://dgrsart.s3.us-east-2.amazonaws.com/cdn/client-public/art/cards/insurgency/jericho_jones.webp	apps/shared/tcg-core/cards/definitions/s1_pack2/insurgency.ts
200	https://dgrsart.s3.us-east-2.amazonaws.com/cdn/client-public/art/cards/insurgency/scorched_earth.webp	apps/shared/tcg-core/cards/definitions/s1_pack2/insurgency.ts
200	https://dgrsart.s3.us-east-2.amazonaws.com/cdn/client-public/art/cards/insurgency/guerrilla_strike.webp	apps/shared/tcg-core/cards/definitions/s1_pack2/insurgency.ts
200	https://dgrsart.s3.us-east-2.amazonaws.com/cdn/client-public/art/cards/insurgency/intel_leak.webp	apps/shared/tcg-core/cards/definitions/s1_pack2/insurgency.ts
200	https://dgrsart.s3.us-east-2.amazonaws.com/cdn/client-public/art/cards/insurgency/the_nomad.webp	apps/shared/tcg-core/cards/definitions/s1_pack2/insurgency.ts
200	https://dgrsart.s3.us-east-2.amazonaws.com/cdn/client-public/art/cards/insurgency/kael.webp	apps/shared/tcg-core/cards/definitions/s1_pack2/insurgency.ts
200	https://dgrsart.s3.us-east-2.amazonaws.com/cdn/client-public/art/cards/insurgency/supply_drop.webp	apps/shared/tcg-core/cards/definitions/s1_pack2/insurgency.ts
200	https://dgrsart.s3.us-east-2.amazonaws.com/cdn/client-public/art/cards/insurgency/signal_repeater.webp	apps/shared/tcg-core/cards/definitions/s1_pack2/insurgency.ts
200	https://dgrsart.s3.us-east-2.amazonaws.com/cdn/client-public/art/cards/insurgency/the_eyes.webp	apps/shared/tcg-core/cards/definitions/s1_pack2/insurgency.ts
200	https://dgrsart.s3.us-east-2.amazonaws.com/cdn/client-public/art/cards/insurgency/the_engineer_insurgency.webp	apps/shared/tcg-core/cards/definitions/s1_pack2/insurgency.ts
200	https://dgrsart.s3.us-east-2.amazonaws.com/cdn/client-public/art/cards/dreamer/arcane_monarch.webp	apps/shared/tcg-core/cards/definitions/s1_pack2/dreamer.ts
200	https://dgrsart.s3.us-east-2.amazonaws.com/cdn/client-public/art/cards/dreamer/astral_warden.webp	apps/shared/tcg-core/cards/definitions/s1_pack2/dreamer.ts
200	https://dgrsart.s3.us-east-2.amazonaws.com/cdn/client-public/art/cards/insurgency/the_oracle_insurgency.webp	apps/shared/tcg-core/cards/definitions/s1_pack2/insurgency.ts
200	https://dgrsart.s3.us-east-2.amazonaws.com/cdn/client-public/art/cards/insurgency/signal_intercept.webp	apps/shared/tcg-core/cards/definitions/s1_pack2/insurgency.ts
200	https://dgrsart.s3.us-east-2.amazonaws.com/cdn/client-public/art/cards/insurgency/spore_seedling.webp	apps/shared/tcg-core/cards/definitions/s1_pack2/insurgency.ts
200	https://dgrsart.s3.us-east-2.amazonaws.com/cdn/client-public/art/cards/insurgency/the_recruiter.webp	apps/shared/tcg-core/cards/definitions/s1_pack2/insurgency.ts
200	https://dgrsart.s3.us-east-2.amazonaws.com/cdn/client-public/art/cards/insurgency/zeros_parting_gift.webp	apps/shared/tcg-core/cards/definitions/s1_pack2/insurgency.ts
200	https://dgrsart.s3.us-east-2.amazonaws.com/cdn/client-public/art/cards/insurgency/wraith_calder.webp	apps/shared/tcg-core/cards/definitions/s1_pack2/insurgency.ts
200	https://dgrsart.s3.us-east-2.amazonaws.com/cdn/client-public/art/cards/dreamer/dawn_ascendant.webp	apps/shared/tcg-core/cards/definitions/s1_pack2/dreamer.ts
200	https://dgrsart.s3.us-east-2.amazonaws.com/cdn/client-public/art/cards/insurgency/void_flame_runner.webp	apps/shared/tcg-core/cards/definitions/s1_pack2/insurgency.ts
200	https://dgrsart.s3.us-east-2.amazonaws.com/cdn/client-public/art/cards/dreamer/dream_sentinel.webp	apps/shared/tcg-core/cards/definitions/s1_pack2/dreamer.ts
200	https://dgrsart.s3.us-east-2.amazonaws.com/cdn/client-public/art/cards/dreamer/oracles_blessing.webp	apps/shared/tcg-core/cards/definitions/s1_pack2/dreamer.ts
200	https://dgrsart.s3.us-east-2.amazonaws.com/cdn/client-public/art/cards/dreamer/probability_surge.webp	apps/shared/tcg-core/cards/definitions/s1_pack2/dreamer.ts
200	https://dgrsart.s3.us-east-2.amazonaws.com/cdn/client-public/art/cards/dreamer/minds_eye.webp	apps/shared/tcg-core/cards/definitions/s1_pack2/dreamer.ts
200	https://dgrsart.s3.us-east-2.amazonaws.com/cdn/client-public/art/cards/insurgency/the_shadow_tongue.webp	apps/shared/tcg-core/cards/definitions/s1_pack2/insurgency.ts
200	https://dgrsart.s3.us-east-2.amazonaws.com/cdn/client-public/art/cards/dreamer/entropy_roll.webp	apps/shared/tcg-core/cards/definitions/s1_pack2/dreamer.ts
200	https://dgrsart.s3.us-east-2.amazonaws.com/cdn/client-public/art/cards/dreamer/dream_walk.webp	apps/shared/tcg-core/cards/definitions/s1_pack2/dreamer.ts
200	https://dgrsart.s3.us-east-2.amazonaws.com/cdn/client-public/art/cards/dreamer/echoes_of_the_fall.webp	apps/shared/tcg-core/cards/definitions/s1_pack2/dreamer.ts
200	https://dgrsart.s3.us-east-2.amazonaws.com/cdn/client-public/art/cards/dreamer/destiny.webp	apps/shared/tcg-core/cards/definitions/s1_pack2/dreamer.ts
200	https://dgrsart.s3.us-east-2.amazonaws.com/cdn/client-public/art/cards/dreamer/glyph_larva.webp	apps/shared/tcg-core/cards/definitions/s1_pack2/dreamer.ts
200	https://dgrsart.s3.us-east-2.amazonaws.com/cdn/client-public/art/cards/dreamer/chrono_kitten.webp	apps/shared/tcg-core/cards/definitions/s1_pack2/dreamer.ts
200	https://dgrsart.s3.us-east-2.amazonaws.com/cdn/client-public/art/cards/dreamer/the_advocate.webp	apps/shared/tcg-core/cards/definitions/s1_pack2/dreamer.ts
200	https://dgrsart.s3.us-east-2.amazonaws.com/cdn/client-public/art/cards/dreamer/golden_prophecy_shard.webp	apps/shared/tcg-core/cards/definitions/s1_pack2/dreamer.ts
200	https://dgrsart.s3.us-east-2.amazonaws.com/cdn/client-public/art/cards/dreamer/sigil_moth.webp	apps/shared/tcg-core/cards/definitions/s1_pack2/dreamer.ts
200	https://dgrsart.s3.us-east-2.amazonaws.com/cdn/client-public/art/cards/dreamer/awakened_neyon.webp	apps/shared/tcg-core/cards/definitions/s1_pack2/dreamer.ts
200	https://dgrsart.s3.us-east-2.amazonaws.com/cdn/client-public/art/cards/dreamer/fox_kit.webp	apps/shared/tcg-core/cards/definitions/s1_pack2/dreamer.ts
200	https://dgrsart.s3.us-east-2.amazonaws.com/cdn/client-public/art/cards/dreamer/fates_edge.webp	apps/shared/tcg-core/cards/definitions/s1_pack2/dreamer.ts
200	https://dgrsart.s3.us-east-2.amazonaws.com/cdn/client-public/art/cards/dreamer/dream_weave.webp	apps/shared/tcg-core/cards/definitions/s1_pack2/dreamer.ts
200	https://dgrsart.s3.us-east-2.amazonaws.com/cdn/client-public/art/cards/dreamer/master_oracle.webp	apps/shared/tcg-core/cards/definitions/s1_pack2/dreamer.ts
200	https://dgrsart.s3.us-east-2.amazonaws.com/cdn/client-public/art/cards/dreamer/epoch_panther.webp	apps/shared/tcg-core/cards/definitions/s1_pack2/dreamer.ts
200	https://dgrsart.s3.us-east-2.amazonaws.com/cdn/client-public/art/cards/dreamer/starlight_familiar.webp	apps/shared/tcg-core/cards/definitions/s1_pack2/dreamer.ts
200	https://dgrsart.s3.us-east-2.amazonaws.com/cdn/client-public/art/cards/dreamer/the_ascended_oracle.webp	apps/shared/tcg-core/cards/definitions/s1_pack2/dreamer.ts
200	https://dgrsart.s3.us-east-2.amazonaws.com/cdn/client-public/art/cards/dreamer/precognition.webp	apps/shared/tcg-core/cards/definitions/s1_pack2/dreamer.ts
200	https://dgrsart.s3.us-east-2.amazonaws.com/cdn/client-public/art/cards/dreamer/nythera.webp	apps/shared/tcg-core/cards/definitions/s1_pack2/dreamer.ts
200	https://dgrsart.s3.us-east-2.amazonaws.com/cdn/client-public/art/cards/dreamer/holographic_apex_fox.webp	apps/shared/tcg-core/cards/definitions/s1_pack2/dreamer.ts
200	https://dgrsart.s3.us-east-2.amazonaws.com/cdn/client-public/art/cards/dreamer/lux_the_light.webp	apps/shared/tcg-core/cards/definitions/s1_pack2/dreamer.ts
200	https://dgrsart.s3.us-east-2.amazonaws.com/cdn/client-public/art/cards/dreamer/spectral_fox.webp	apps/shared/tcg-core/cards/definitions/s1_pack2/dreamer.ts
200	https://dgrsart.s3.us-east-2.amazonaws.com/cdn/client-public/art/cards/dreamer/lucid_clarity.webp	apps/shared/tcg-core/cards/definitions/s1_pack2/dreamer.ts
200	https://dgrsart.s3.us-east-2.amazonaws.com/cdn/client-public/art/cards/dreamer/investigators_lens.webp	apps/shared/tcg-core/cards/definitions/s1_pack2/dreamer.ts
200	https://dgrsart.s3.us-east-2.amazonaws.com/cdn/client-public/art/cards/dreamer/oracles_memory_fragment.webp	apps/shared/tcg-core/cards/definitions/s1_pack2/dreamer.ts
200	https://dgrsart.s3.us-east-2.amazonaws.com/cdn/client-public/art/cards/dreamer/oracles_wrath.webp	apps/shared/tcg-core/cards/definitions/s1_pack2/dreamer.ts
200	https://dgrsart.s3.us-east-2.amazonaws.com/cdn/client-public/art/cards/dreamer/signal_bearer.webp	apps/shared/tcg-core/cards/definitions/s1_pack2/dreamer.ts
200	https://dgrsart.s3.us-east-2.amazonaws.com/cdn/client-public/art/cards/dreamer/resurrection_protocol.webp	apps/shared/tcg-core/cards/definitions/s1_pack2/dreamer.ts
200	https://dgrsart.s3.us-east-2.amazonaws.com/cdn/client-public/art/cards/dreamer/the_dreamer_legendary.webp	apps/shared/tcg-core/cards/definitions/s1_pack2/dreamer.ts
200	https://dgrsart.s3.us-east-2.amazonaws.com/cdn/client-public/art/cards/dreamer/reality_fracture.webp	apps/shared/tcg-core/cards/definitions/s1_pack2/dreamer.ts
200	https://dgrsart.s3.us-east-2.amazonaws.com/cdn/client-public/art/cards/dreamer/probability_storm.webp	apps/shared/tcg-core/cards/definitions/s1_pack2/dreamer.ts
200	https://dgrsart.s3.us-east-2.amazonaws.com/cdn/client-public/art/cards/dreamer/reality_anchor.webp	apps/shared/tcg-core/cards/definitions/s1_pack2/dreamer.ts
200	https://dgrsart.s3.us-east-2.amazonaws.com/cdn/client-public/art/cards/dreamer/prophecy_keeper.webp	apps/shared/tcg-core/cards/definitions/s1_pack2/dreamer.ts
200	https://dgrsart.s3.us-east-2.amazonaws.com/cdn/client-public/art/cards/dreamer/the_forgotten.webp	apps/shared/tcg-core/cards/definitions/s1_pack2/dreamer.ts
200	https://dgrsart.s3.us-east-2.amazonaws.com/cdn/client-public/art/cards/dreamer/prophecy_incarnate.webp	apps/shared/tcg-core/cards/definitions/s1_pack2/dreamer.ts
200	https://dgrsart.s3.us-east-2.amazonaws.com/cdn/client-public/art/cards/dreamer/prophetic_collapse.webp	apps/shared/tcg-core/cards/definitions/s1_pack2/dreamer.ts
200	https://dgrsart.s3.us-east-2.amazonaws.com/cdn/client-public/art/cards/dreamer/the_dreamer_general.webp	apps/shared/tcg-core/cards/definitions/s1_pack2/dreamer.ts
200	https://dgrsart.s3.us-east-2.amazonaws.com/cdn/client-public/art/cards/dreamer/the_degen.webp	apps/shared/tcg-core/cards/definitions/s1_pack2/dreamer.ts
200	https://dgrsart.s3.us-east-2.amazonaws.com/cdn/client-public/art/cards/dreamer/the_enigma_epic.webp	apps/shared/tcg-core/cards/definitions/s1_pack2/dreamer.ts
200	https://dgrsart.s3.us-east-2.amazonaws.com/cdn/client-public/art/cards/dreamer/the_enigma_legendary.webp	apps/shared/tcg-core/cards/definitions/s1_pack2/dreamer.ts
200	https://dgrsart.s3.us-east-2.amazonaws.com/cdn/client-public/art/cards/dreamer/temporal_cat.webp	apps/shared/tcg-core/cards/definitions/s1_pack2/dreamer.ts
200	https://dgrsart.s3.us-east-2.amazonaws.com/cdn/client-public/art/cards/s1_spell_112.webp	apps/shared/tcg-core/cards/definitions/thought_virus/s1_spell_112_viral_cascade.ts
200	https://dgrsart.s3.us-east-2.amazonaws.com/cdn/client-public/art/cards/dreamer/the_oracle_prophet.webp	apps/shared/tcg-core/cards/definitions/s1_pack2/dreamer.ts
200	https://dgrsart.s3.us-east-2.amazonaws.com/cdn/client-public/art/cards/dreamer/the_judge.webp	apps/shared/tcg-core/cards/definitions/s1_pack2/dreamer.ts
200	https://dgrsart.s3.us-east-2.amazonaws.com/cdn/client-public/art/cards/dreamer/vision_walker.webp	apps/shared/tcg-core/cards/definitions/s1_pack2/dreamer.ts
200	https://dgrsart.s3.us-east-2.amazonaws.com/cdn/client-public/art/cards/dreamer/vortex_seal.webp	apps/shared/tcg-core/cards/definitions/s1_pack2/dreamer.ts
200	https://dgrsart.s3.us-east-2.amazonaws.com/cdn/client-public/art/cards/dreamer/the_knowledge.webp	apps/shared/tcg-core/cards/definitions/s1_pack2/dreamer.ts
200	https://dgrsart.s3.us-east-2.amazonaws.com/cdn/client-public/art/cards/dreamer/the_prisoner.webp	apps/shared/tcg-core/cards/definitions/s1_pack2/dreamer.ts
200	https://dgrsart.s3.us-east-2.amazonaws.com/cdn/client-public/art/cards/dreamer/the_seer.webp	apps/shared/tcg-core/cards/definitions/s1_pack2/dreamer.ts
200	https://dgrsart.s3.us-east-2.amazonaws.com/cdn/client-public/art/cards/dreamer/the_resurrectionist.webp	apps/shared/tcg-core/cards/definitions/s1_pack2/dreamer.ts
200	https://dgrsart.s3.us-east-2.amazonaws.com/cdn/client-public/art/cards/dreamer/the_oracle_dreamer.webp	apps/shared/tcg-core/cards/definitions/s1_pack2/dreamer.ts
200	https://dgrsart.s3.us-east-2.amazonaws.com/cdn/client-public/art/cards/dreamer/the_inventor.webp	apps/shared/tcg-core/cards/definitions/s1_pack2/dreamer.ts
200	https://dgrsart.s3.us-east-2.amazonaws.com/cdn/client-public/art/cards/s1_pack_id_kael_source.webp	apps/shared/tcg-core/cards/definitions/thought_virus/s1_pack_id_kael_source.ts
200	https://dgrsart.s3.us-east-2.amazonaws.com/cdn/client-public/art/cards/s1_pack_pet_void_crawler_2.webp	apps/shared/tcg-core/cards/definitions/thought_virus/s1_pack_pet_void_crawler_2.ts
200	https://dgrsart.s3.us-east-2.amazonaws.com/cdn/client-public/art/cards/s1_spell_220.webp	apps/shared/tcg-core/cards/definitions/thought_virus/s1_spell_220_assimilate.ts
200	https://dgrsart.s3.us-east-2.amazonaws.com/cdn/client-public/art/cards/dreamer/vortex_walker.webp	apps/shared/tcg-core/cards/definitions/s1_pack2/dreamer.ts
200	https://dgrsart.s3.us-east-2.amazonaws.com/cdn/client-public/art/cards/s1_pack_pet_void_crawler_1.webp	apps/shared/tcg-core/cards/definitions/thought_virus/s1_pack_pet_void_crawler_1.ts
200	https://dgrsart.s3.us-east-2.amazonaws.com/cdn/client-public/art/cards/dreamer/vision_weaver.webp	apps/shared/tcg-core/cards/definitions/s1_pack2/dreamer.ts
200	https://dgrsart.s3.us-east-2.amazonaws.com/cdn/client-public/art/cards/s1_reward_swarm_champion.webp	apps/shared/tcg-core/cards/definitions/thought_virus/s1_reward_swarm_champion.ts
200	https://dgrsart.s3.us-east-2.amazonaws.com/cdn/client-public/art/cards/s1_pack_026.webp	apps/shared/tcg-core/cards/definitions/thought_virus/s1_pack_026_neural_hive.ts
200	https://dgrsart.s3.us-east-2.amazonaws.com/cdn/client-public/art/cards/s1_char_077.webp	apps/shared/tcg-core/cards/definitions/thought_virus/s1_char_077_mind_rot_drone.ts
200	https://dgrsart.s3.us-east-2.amazonaws.com/cdn/client-public/art/cards/s1_char_070.webp	apps/shared/tcg-core/cards/definitions/thought_virus/s1_char_070_patient_zero.ts
200	https://dgrsart.s3.us-east-2.amazonaws.com/cdn/client-public/art/cards/s1_pack_id_kael_patient_zero.webp	apps/shared/tcg-core/cards/definitions/thought_virus/s1_pack_id_kael_patient_zero.ts
200	https://dgrsart.s3.us-east-2.amazonaws.com/cdn/client-public/art/cards/dreamer/vision_cascade.webp	apps/shared/tcg-core/cards/definitions/s1_pack2/dreamer.ts
200	https://dgrsart.s3.us-east-2.amazonaws.com/cdn/client-public/art/cards/dreamer/top_floor_door.webp	apps/shared/tcg-core/cards/definitions/s1_pack2/dreamer.ts
200	https://dgrsart.s3.us-east-2.amazonaws.com/cdn/client-public/art/cards/s1_reward_circuit_survive.webp	apps/shared/tcg-core/cards/definitions/thought_virus/s1_reward_circuit_survive.ts
200	https://dgrsart.s3.us-east-2.amazonaws.com/cdn/client-public/art/cards/s1_pack_027.webp	apps/shared/tcg-core/cards/definitions/thought_virus/s1_pack_027_terminus_dreadnought.ts
200	https://dgrsart.s3.us-east-2.amazonaws.com/cdn/client-public/art/cards/s1_pack_cosm_armor_void.webp	apps/shared/tcg-core/cards/definitions/thought_virus/s1_pack_cosm_armor_void.ts
200	https://dgrsart.s3.us-east-2.amazonaws.com/cdn/client-public/art/cards/s1_char_115.webp	apps/shared/tcg-core/cards/definitions/thought_virus/s1_char_115_consumed_host.ts
200	https://dgrsart.s3.us-east-2.amazonaws.com/cdn/client-public/art/cards/s1_char_071.webp	apps/shared/tcg-core/cards/definitions/thought_virus/s1_char_071_neural_parasite.ts
200	https://dgrsart.s3.us-east-2.amazonaws.com/cdn/client-public/art/cards/s1_reward_boss_source.webp	apps/shared/tcg-core/cards/definitions/thought_virus/s1_reward_boss_source.ts
200	https://dgrsart.s3.us-east-2.amazonaws.com/cdn/client-public/art/cards/s1_spell_221.webp	apps/shared/tcg-core/cards/definitions/thought_virus/s1_spell_221_cognitive_decay.ts
200	https://dgrsart.s3.us-east-2.amazonaws.com/cdn/client-public/art/cards/s1_spell_223.webp	apps/shared/tcg-core/cards/definitions/thought_virus/s1_spell_223_spore_burst.ts
200	https://dgrsart.s3.us-east-2.amazonaws.com/cdn/client-public/art/cards/s1_spell_113.webp	apps/shared/tcg-core/cards/definitions/thought_virus/s1_spell_113_memory_consumption.ts
200	https://dgrsart.s3.us-east-2.amazonaws.com/cdn/client-public/art/cards/s1_reward_eidolon_strain.webp	apps/shared/tcg-core/cards/definitions/thought_virus/s1_reward_eidolon_strain.ts
200	https://dgrsart.s3.us-east-2.amazonaws.com/cdn/client-public/art/cards/s1_spell_218.webp	apps/shared/tcg-core/cards/definitions/thought_virus/s1_spell_218_infection_vector.ts
200	https://dgrsart.s3.us-east-2.amazonaws.com/cdn/client-public/art/cards/s1_reward_cycle_dark.webp	apps/shared/tcg-core/cards/definitions/thought_virus/s1_reward_cycle_dark.ts
200	https://dgrsart.s3.us-east-2.amazonaws.com/cdn/client-public/art/cards/s1_reward_class_assassin.webp	apps/shared/tcg-core/cards/definitions/thought_virus/s1_reward_class_assassin.ts
200	https://dgrsart.s3.us-east-2.amazonaws.com/cdn/client-public/art/cards/s1_char_049.webp	apps/shared/tcg-core/cards/definitions/thought_virus/s1_char_049_the_source.ts
200	https://dgrsart.s3.us-east-2.amazonaws.com/cdn/client-public/art/cards/s1_pack_cosm_tower_skin.webp	apps/shared/tcg-core/cards/definitions/thought_virus/s1_pack_cosm_tower_skin.ts
200	https://dgrsart.s3.us-east-2.amazonaws.com/cdn/client-public/art/cards/s1_spell_222.webp	apps/shared/tcg-core/cards/definitions/thought_virus/s1_spell_222_terminal_stage.ts
403	https://dgrsart.s3.us-east-2.amazonaws.com/cdn/client-public/art/cards/s1_resurrect_002.webp	apps/shared/tcg-core/cards/definitions/thought_virus/s1_resurrect_002_persistent_strain.ts
200	https://dgrsart.s3.us-east-2.amazonaws.com/cdn/client-public/art/cards/s1_char_114.webp	apps/shared/tcg-core/cards/definitions/thought_virus/s1_char_114_viral_vector.ts
200	https://dgrsart.s3.us-east-2.amazonaws.com/cdn/client-public/art/cards/s1_reward_crew_sacrifice.webp	apps/shared/tcg-core/cards/definitions/thought_virus/s1_reward_crew_sacrifice.ts
200	https://dgrsart.s3.us-east-2.amazonaws.com/cdn/client-public/art/cards/s1_spell_114.webp	apps/shared/tcg-core/cards/definitions/thought_virus/s1_spell_114_neural_overwrite.ts
200	https://dgrsart.s3.us-east-2.amazonaws.com/cdn/client-public/art/cards/s1_reward_outbreak_contain.webp	apps/shared/tcg-core/cards/definitions/thought_virus/s1_reward_outbreak_contain.ts
200	https://dgrsart.s3.us-east-2.amazonaws.com/cdn/client-public/art/cards/gen_thought_virus.webp	apps/shared/tcg-core/cards/definitions/thought_virus/gen_thought_virus.ts
200	https://dgrsart.s3.us-east-2.amazonaws.com/cdn/client-public/art/cards/s1_char_200.webp	apps/shared/tcg-core/cards/definitions/thought_virus/s1_char_200_cortex_ravager.ts
200	https://dgrsart.s3.us-east-2.amazonaws.com/cdn/client-public/art/cards/s1_pack_025.webp	apps/shared/tcg-core/cards/definitions/thought_virus/s1_pack_025_corruption_wave.ts
200	https://dgrsart.s3.us-east-2.amazonaws.com/cdn/client-public/art/cards/s1_char_075.webp	apps/shared/tcg-core/cards/definitions/thought_virus/s1_char_075_plague_herald.ts
200	https://dgrsart.s3.us-east-2.amazonaws.com/cdn/client-public/art/cards/s1_char_074.webp	apps/shared/tcg-core/cards/definitions/thought_virus/s1_char_074_vector_swarm.ts
200	https://dgrsart.s3.us-east-2.amazonaws.com/cdn/client-public/art/cards/s1_pack_023.webp	apps/shared/tcg-core/cards/definitions/thought_virus/s1_pack_023_infected_drone.ts
200	https://dgrsart.s3.us-east-2.amazonaws.com/cdn/client-public/art/cards/s1_char_113.webp	apps/shared/tcg-core/cards/definitions/thought_virus/s1_char_113_terminus_sovereign.ts
200	https://dgrsart.s3.us-east-2.amazonaws.com/cdn/client-public/art/cards/s1_pack_028.webp	apps/shared/tcg-core/cards/definitions/thought_virus/s1_pack_028_spore_cloud.ts
200	https://dgrsart.s3.us-east-2.amazonaws.com/cdn/client-public/art/cards/s1_reward_swarm_survive.webp	apps/shared/tcg-core/cards/definitions/thought_virus/s1_reward_swarm_survive.ts
200	https://dgrsart.s3.us-east-2.amazonaws.com/cdn/client-public/art/cards/s1_char_073.webp	apps/shared/tcg-core/cards/definitions/thought_virus/s1_char_073_cognitive_blight.ts
200	https://dgrsart.s3.us-east-2.amazonaws.com/cdn/client-public/art/cards/s1_reward_palimpsest_noise.webp	apps/shared/tcg-core/cards/definitions/thought_virus/s1_reward_palimpsest_noise.ts
200	https://dgrsart.s3.us-east-2.amazonaws.com/cdn/client-public/art/cards/s1_spell_219.webp	apps/shared/tcg-core/cards/definitions/thought_virus/s1_spell_219_plague_wind.ts
200	https://dgrsart.s3.us-east-2.amazonaws.com/cdn/client-public/art/cards/s1_char_088.webp	apps/shared/tcg-core/cards/definitions/neutral/s1_char_088_field_medic.ts
200	https://dgrsart.s3.us-east-2.amazonaws.com/cdn/client-public/art/cards/s1_pack_024.webp	apps/shared/tcg-core/cards/definitions/thought_virus/s1_pack_024_plague_architect.ts
403	https://dgrsart.s3.us-east-2.amazonaws.com/cdn/client-public/art/cards/s1_blast_004.webp	apps/shared/tcg-core/cards/definitions/thought_virus/s1_blast_004_pyre_swarm.ts
200	https://dgrsart.s3.us-east-2.amazonaws.com/cdn/client-public/art/cards/s1_reward_graduate_deploy.webp	apps/shared/tcg-core/cards/definitions/neutral/s1_reward_graduate_deploy.ts
200	https://dgrsart.s3.us-east-2.amazonaws.com/cdn/client-public/art/cards/s1_char_032.webp	apps/shared/tcg-core/cards/definitions/thought_virus/s1_char_032_the_host.ts
200	https://dgrsart.s3.us-east-2.amazonaws.com/cdn/client-public/art/cards/s1_char_076.webp	apps/shared/tcg-core/cards/definitions/thought_virus/s1_char_076_synaptic_horror.ts
200	https://dgrsart.s3.us-east-2.amazonaws.com/cdn/client-public/art/cards/s1_char_116.webp	apps/shared/tcg-core/cards/definitions/thought_virus/s1_char_116_neural_plague_carrier.ts
200	https://dgrsart.s3.us-east-2.amazonaws.com/cdn/client-public/art/cards/s1_reward_prestige_t7.webp	apps/shared/tcg-core/cards/definitions/neutral/s1_reward_prestige_t7.ts
200	https://dgrsart.s3.us-east-2.amazonaws.com/cdn/client-public/art/cards/s1_char_090.webp	apps/shared/tcg-core/cards/definitions/neutral/s1_char_090_hired_blade.ts
200	https://dgrsart.s3.us-east-2.amazonaws.com/cdn/client-public/art/cards/s1_char_072.webp	apps/shared/tcg-core/cards/definitions/thought_virus/s1_char_072_memetic_carrier.ts
200	https://dgrsart.s3.us-east-2.amazonaws.com/cdn/client-public/art/cards/s1_song_070.webp	apps/shared/tcg-core/cards/definitions/neutral/s1_song_070_traces_of_something_spiritual.ts
200	https://dgrsart.s3.us-east-2.amazonaws.com/cdn/client-public/art/cards/s1_song_061.webp	apps/shared/tcg-core/cards/definitions/neutral/s1_song_061_the_enigmas_lament.ts
200	https://dgrsart.s3.us-east-2.amazonaws.com/cdn/client-public/art/cards/s1_reward_companion_kael.webp	apps/shared/tcg-core/cards/definitions/thought_virus/s1_reward_companion_kael.ts
200	https://dgrsart.s3.us-east-2.amazonaws.com/cdn/client-public/art/cards/s1_pack_cosm_board_void.webp	apps/shared/tcg-core/cards/definitions/thought_virus/s1_pack_cosm_board_void.ts
200	https://dgrsart.s3.us-east-2.amazonaws.com/cdn/client-public/art/cards/s1_reward_draft_winner.webp	apps/shared/tcg-core/cards/definitions/neutral/s1_reward_draft_winner.ts
200	https://dgrsart.s3.us-east-2.amazonaws.com/cdn/client-public/art/cards/s1_spell_115.webp	apps/shared/tcg-core/cards/definitions/thought_virus/s1_spell_115_nihilistic_mercy.ts
403	https://dgrsart.s3.us-east-2.amazonaws.com/cdn/client-public/art/cards/gen_game_master_original.webp	apps/shared/tcg-core/cards/definitions/neutral/gen_game_master_original.ts
200	https://dgrsart.s3.us-east-2.amazonaws.com/cdn/client-public/art/cards/s1_char_093.webp	apps/shared/tcg-core/cards/definitions/neutral/s1_char_093_ironclad_veteran.ts
200	https://dgrsart.s3.us-east-2.amazonaws.com/cdn/client-public/art/cards/s1_pack_022.webp	apps/shared/tcg-core/cards/definitions/thought_virus/s1_pack_022_viral_bloom.ts
200	https://dgrsart.s3.us-east-2.amazonaws.com/cdn/client-public/art/cards/s1_pack_pet_void_crawler_3.webp	apps/shared/tcg-core/cards/definitions/thought_virus/s1_pack_pet_void_crawler_3.ts
200	https://dgrsart.s3.us-east-2.amazonaws.com/cdn/client-public/art/cards/s1_reward_guild_founder.webp	apps/shared/tcg-core/cards/definitions/neutral/s1_reward_guild_founder.ts
200	https://dgrsart.s3.us-east-2.amazonaws.com/cdn/client-public/art/cards/s1_reward_seasonal_s1.webp	apps/shared/tcg-core/cards/definitions/neutral/s1_reward_seasonal_s1.ts
200	https://dgrsart.s3.us-east-2.amazonaws.com/cdn/client-public/art/cards/s1_reward_pet_evolve.webp	apps/shared/tcg-core/cards/definitions/neutral/s1_reward_pet_evolve.ts
200	https://dgrsart.s3.us-east-2.amazonaws.com/cdn/client-public/art/cards/s1_reward_companion_elara.webp	apps/shared/tcg-core/cards/definitions/neutral/s1_reward_companion_elara.ts
403	https://dgrsart.s3.us-east-2.amazonaws.com/cdn/client-public/art/cards/s1_neutral_push_001.webp	apps/shared/tcg-core/cards/definitions/neutral/engine_demo_cards.ts
403	https://dgrsart.s3.us-east-2.amazonaws.com/cdn/client-public/art/cards/s1_neutral_dispel_001.webp	apps/shared/tcg-core/cards/definitions/neutral/engine_demo_cards.ts
200	https://dgrsart.s3.us-east-2.amazonaws.com/cdn/client-public/art/cards/s1_reward_casino_jackpot.webp	apps/shared/tcg-core/cards/definitions/neutral/s1_reward_casino_jackpot.ts
403	https://dgrsart.s3.us-east-2.amazonaws.com/cdn/client-public/art/cards/s1_neutral_resurrect_001.webp	apps/shared/tcg-core/cards/definitions/neutral/engine_demo_cards.ts
200	https://dgrsart.s3.us-east-2.amazonaws.com/cdn/client-public/art/cards/s1_spell_123.webp	apps/shared/tcg-core/cards/definitions/neutral/s1_spell_123_dischordian_logic.ts
200	https://dgrsart.s3.us-east-2.amazonaws.com/cdn/client-public/art/cards/s1_reward_circuit_1st.webp	apps/shared/tcg-core/cards/definitions/thought_virus/s1_reward_circuit_1st.ts
200	https://dgrsart.s3.us-east-2.amazonaws.com/cdn/client-public/art/cards/s1_reward_casino_slots.webp	apps/shared/tcg-core/cards/definitions/neutral/s1_reward_casino_slots.ts
403	https://dgrsart.s3.us-east-2.amazonaws.com/cdn/client-public/art/cards/s1_neutral_pack_001.webp	apps/shared/tcg-core/cards/definitions/neutral/engine_demo_cards.ts
403	https://dgrsart.s3.us-east-2.amazonaws.com/cdn/client-public/art/cards/s1_neutral_onmove_001.webp	apps/shared/tcg-core/cards/definitions/neutral/engine_demo_cards.ts
403	https://dgrsart.s3.us-east-2.amazonaws.com/cdn/client-public/art/cards/burnt_card_placeholder.webp	apps/shared/tcg-core/cards/definitions/neutral/burnt_card_placeholder.ts
200	https://dgrsart.s3.us-east-2.amazonaws.com/cdn/client-public/art/cards/s1_song_084.webp	apps/shared/tcg-core/cards/definitions/neutral/s1_song_084_judgment_day.ts
403	https://dgrsart.s3.us-east-2.amazonaws.com/cdn/client-public/art/cards/s1_neutral_if_001.webp	apps/shared/tcg-core/cards/definitions/neutral/engine_demo_cards.ts
403	https://dgrsart.s3.us-east-2.amazonaws.com/cdn/client-public/art/cards/s1_neutral_struct_001.webp	apps/shared/tcg-core/cards/definitions/neutral/engine_demo_cards.ts
403	https://dgrsart.s3.us-east-2.amazonaws.com/cdn/client-public/art/cards/s1_neutral_zeal_001.webp	apps/shared/tcg-core/cards/definitions/neutral/engine_demo_cards.ts
200	https://dgrsart.s3.us-east-2.amazonaws.com/cdn/client-public/art/cards/s1_reward_vote_t1_empathy.webp	apps/shared/tcg-core/cards/definitions/neutral/s1_reward_vote_t1_empathy.ts
200	https://dgrsart.s3.us-east-2.amazonaws.com/cdn/client-public/art/cards/s1_reward_bonus_complete.webp	apps/shared/tcg-core/cards/definitions/neutral/s1_reward_bonus_complete.ts
403	https://dgrsart.s3.us-east-2.amazonaws.com/cdn/client-public/art/cards/gen_programmer.webp	apps/shared/tcg-core/cards/definitions/neutral/gen_programmer.ts
200	https://dgrsart.s3.us-east-2.amazonaws.com/cdn/client-public/art/cards/s1_reward_raid_perfect.webp	apps/shared/tcg-core/cards/definitions/neutral/s1_reward_raid_perfect.ts
200	https://dgrsart.s3.us-east-2.amazonaws.com/cdn/client-public/art/cards/s1_reward_raid_contrib.webp	apps/shared/tcg-core/cards/definitions/neutral/s1_reward_raid_contrib.ts
200	https://dgrsart.s3.us-east-2.amazonaws.com/cdn/client-public/art/cards/s1_song_063.webp	apps/shared/tcg-core/cards/definitions/neutral/s1_song_063_building_the_architect.ts
200	https://dgrsart.s3.us-east-2.amazonaws.com/cdn/client-public/art/cards/s1_pack_044.webp	apps/shared/tcg-core/cards/definitions/neutral/s1_pack_044_ark_defender.ts
200	https://dgrsart.s3.us-east-2.amazonaws.com/cdn/client-public/art/cards/s1_song_066.webp	apps/shared/tcg-core/cards/definitions/neutral/s1_song_066_the_book_of_daniel.ts
200	https://dgrsart.s3.us-east-2.amazonaws.com/cdn/client-public/art/cards/s1_pack_048.webp	apps/shared/tcg-core/cards/definitions/neutral/s1_pack_048_elaras_final_gift.ts
403	https://dgrsart.s3.us-east-2.amazonaws.com/cdn/client-public/art/cards/card_locke_sworn_pen_title.webp	apps/shared/tcg-core/cards/definitions/neutral/house_oath_titles.ts
200	https://dgrsart.s3.us-east-2.amazonaws.com/cdn/client-public/art/cards/s1_char_087.webp	apps/shared/tcg-core/cards/definitions/neutral/s1_char_087_scrapyard_golem.ts
200	https://dgrsart.s3.us-east-2.amazonaws.com/cdn/client-public/art/cards/s1_song_060.webp	apps/shared/tcg-core/cards/definitions/neutral/s1_song_060_nonos.ts
200	https://dgrsart.s3.us-east-2.amazonaws.com/cdn/client-public/art/cards/s1_song_079.webp	apps/shared/tcg-core/cards/definitions/neutral/s1_song_079_shades_of_grey.ts
200	https://dgrsart.s3.us-east-2.amazonaws.com/cdn/client-public/art/cards/s1_char_086.webp	apps/shared/tcg-core/cards/definitions/neutral/s1_char_086_wandering_merchant.ts
200	https://dgrsart.s3.us-east-2.amazonaws.com/cdn/client-public/art/cards/s1_pack_cosm_title_echo.webp	apps/shared/tcg-core/cards/definitions/neutral/s1_pack_cosm_title_echo.ts
200	https://dgrsart.s3.us-east-2.amazonaws.com/cdn/client-public/art/cards/gen_neutral.webp	apps/shared/tcg-core/cards/definitions/neutral/gen_neutral.ts
403	https://dgrsart.s3.us-east-2.amazonaws.com/cdn/client-public/art/cards/s1_neutral_oncardplayed_001.webp	apps/shared/tcg-core/cards/definitions/neutral/engine_demo_cards.ts
403	https://dgrsart.s3.us-east-2.amazonaws.com/cdn/client-public/art/cards/card_thaloria_witness_title.webp	apps/shared/tcg-core/cards/definitions/neutral/house_oath_titles.ts
200	https://dgrsart.s3.us-east-2.amazonaws.com/cdn/client-public/art/cards/s1_pack_045.webp	apps/shared/tcg-core/cards/definitions/neutral/s1_pack_045_universal_adapter.ts
200	https://dgrsart.s3.us-east-2.amazonaws.com/cdn/client-public/art/cards/s1_reward_prestige_t5.webp	apps/shared/tcg-core/cards/definitions/neutral/s1_reward_prestige_t5.ts
403	https://dgrsart.s3.us-east-2.amazonaws.com/cdn/client-public/art/cards/s1_neutral_summonednear_001.webp	apps/shared/tcg-core/cards/definitions/neutral/engine_demo_cards.ts
200	https://dgrsart.s3.us-east-2.amazonaws.com/cdn/client-public/art/cards/s1_reward_pvp_diamond.webp	apps/shared/tcg-core/cards/definitions/neutral/s1_reward_pvp_diamond.ts
200	https://dgrsart.s3.us-east-2.amazonaws.com/cdn/client-public/art/cards/s1_char_092.webp	apps/shared/tcg-core/cards/definitions/neutral/s1_char_092_ruin_stalker.ts
200	https://dgrsart.s3.us-east-2.amazonaws.com/cdn/client-public/art/cards/s1_pack_id_elara_ship_ai.webp	apps/shared/tcg-core/cards/definitions/neutral/s1_pack_id_elara_ship_ai.ts
200	https://dgrsart.s3.us-east-2.amazonaws.com/cdn/client-public/art/cards/s1_pack_id_human_student.webp	apps/shared/tcg-core/cards/definitions/neutral/s1_pack_id_human_student.ts
200	https://dgrsart.s3.us-east-2.amazonaws.com/cdn/client-public/art/cards/s1_reward_graduate_master.webp	apps/shared/tcg-core/cards/definitions/neutral/s1_reward_graduate_master.ts
200	https://dgrsart.s3.us-east-2.amazonaws.com/cdn/client-public/art/cards/s1_song_062.webp	apps/shared/tcg-core/cards/definitions/neutral/s1_song_062_the_two_witnesses.ts
200	https://dgrsart.s3.us-east-2.amazonaws.com/cdn/client-public/art/cards/s1_pack_046.webp	apps/shared/tcg-core/cards/definitions/neutral/s1_pack_046_dimensional_rift.ts
200	https://dgrsart.s3.us-east-2.amazonaws.com/cdn/client-public/art/cards/s1_pack_id_human_detective.webp	apps/shared/tcg-core/cards/definitions/neutral/s1_pack_id_human_detective.ts
200	https://dgrsart.s3.us-east-2.amazonaws.com/cdn/client-public/art/cards/s1_spell_124.webp	apps/shared/tcg-core/cards/definitions/neutral/s1_spell_124_ark_emergency_protocol.ts
200	https://dgrsart.s3.us-east-2.amazonaws.com/cdn/client-public/art/cards/s1_reward_draft_perfect.webp	apps/shared/tcg-core/cards/definitions/neutral/s1_reward_draft_perfect.ts
200	https://dgrsart.s3.us-east-2.amazonaws.com/cdn/client-public/art/cards/s1_pack_seed_gene.webp	apps/shared/tcg-core/cards/definitions/neutral/s1_pack_seed_gene.ts
200	https://dgrsart.s3.us-east-2.amazonaws.com/cdn/client-public/art/cards/s1_reward_pvp_bronze.webp	apps/shared/tcg-core/cards/definitions/neutral/s1_reward_pvp_bronze.ts
200	https://dgrsart.s3.us-east-2.amazonaws.com/cdn/client-public/art/cards/s1_reward_challenge_streak.webp	apps/shared/tcg-core/cards/definitions/neutral/s1_reward_challenge_streak.ts
200	https://dgrsart.s3.us-east-2.amazonaws.com/cdn/client-public/art/cards/s1_pack_id_elara_panoptic.webp	apps/shared/tcg-core/cards/definitions/neutral/s1_pack_id_elara_panoptic.ts
200	https://dgrsart.s3.us-east-2.amazonaws.com/cdn/client-public/art/cards/s1_reward_guild_hall.webp	apps/shared/tcg-core/cards/definitions/neutral/s1_reward_guild_hall.ts
200	https://dgrsart.s3.us-east-2.amazonaws.com/cdn/client-public/art/cards/s1_reward_crew_bloodline.webp	apps/shared/tcg-core/cards/definitions/neutral/s1_reward_crew_bloodline.ts
200	https://dgrsart.s3.us-east-2.amazonaws.com/cdn/client-public/art/cards/s1_reward_daily_streak.webp	apps/shared/tcg-core/cards/definitions/neutral/s1_reward_daily_streak.ts
403	https://dgrsart.s3.us-east-2.amazonaws.com/cdn/client-public/art/cards/gen_seer.webp	apps/shared/tcg-core/cards/definitions/neutral/gen_seer.ts
200	https://dgrsart.s3.us-east-2.amazonaws.com/cdn/client-public/art/cards/s1_reward_companion_all.webp	apps/shared/tcg-core/cards/definitions/neutral/s1_reward_companion_all.ts
200	https://dgrsart.s3.us-east-2.amazonaws.com/cdn/client-public/art/cards/s1_char_004.webp	apps/shared/tcg-core/cards/definitions/neutral/s1_char_004_ambassador_veron.ts
200	https://dgrsart.s3.us-east-2.amazonaws.com/cdn/client-public/art/cards/s1_char_091.webp	apps/shared/tcg-core/cards/definitions/neutral/s1_char_091_border_scout.ts
200	https://dgrsart.s3.us-east-2.amazonaws.com/cdn/client-public/art/cards/s1_song_065.webp	apps/shared/tcg-core/cards/definitions/neutral/s1_song_065_sixth_sense.ts
200	https://dgrsart.s3.us-east-2.amazonaws.com/cdn/client-public/art/cards/s1_reward_prestige_t1.webp	apps/shared/tcg-core/cards/definitions/neutral/s1_reward_prestige_t1.ts
200	https://dgrsart.s3.us-east-2.amazonaws.com/cdn/client-public/art/cards/s1_reward_raid_boss.webp	apps/shared/tcg-core/cards/definitions/neutral/s1_reward_raid_boss.ts
200	https://dgrsart.s3.us-east-2.amazonaws.com/cdn/client-public/art/cards/s1_reward_crew_incubator.webp	apps/shared/tcg-core/cards/definitions/neutral/s1_reward_crew_incubator.ts
200	https://dgrsart.s3.us-east-2.amazonaws.com/cdn/client-public/art/cards/s1_reward_pvp_gold.webp	apps/shared/tcg-core/cards/definitions/neutral/s1_reward_pvp_gold.ts
200	https://dgrsart.s3.us-east-2.amazonaws.com/cdn/client-public/art/cards/s1_reward_companion_max.webp	apps/shared/tcg-core/cards/definitions/neutral/s1_reward_companion_max.ts
200	https://dgrsart.s3.us-east-2.amazonaws.com/cdn/client-public/art/cards/s1_reward_pet_streak.webp	apps/shared/tcg-core/cards/definitions/neutral/s1_reward_pet_streak.ts
200	https://dgrsart.s3.us-east-2.amazonaws.com/cdn/client-public/art/cards/s1_reward_guild_officer.webp	apps/shared/tcg-core/cards/definitions/neutral/s1_reward_guild_officer.ts
200	https://dgrsart.s3.us-east-2.amazonaws.com/cdn/client-public/art/cards/s1_reward_campaign_balanced.webp	apps/shared/tcg-core/cards/definitions/neutral/s1_reward_campaign_balanced.ts
200	https://dgrsart.s3.us-east-2.amazonaws.com/cdn/client-public/art/cards/s1_reward_campaign_empathy.webp	apps/shared/tcg-core/cards/definitions/neutral/s1_reward_campaign_empathy.ts
200	https://dgrsart.s3.us-east-2.amazonaws.com/cdn/client-public/art/cards/s1_pack_id_elara_advocate.webp	apps/shared/tcg-core/cards/definitions/neutral/s1_pack_id_elara_advocate.ts
200	https://dgrsart.s3.us-east-2.amazonaws.com/cdn/client-public/art/cards/s1_pack_047.webp	apps/shared/tcg-core/cards/definitions/neutral/s1_pack_047_emergency_protocol.ts
200	https://dgrsart.s3.us-east-2.amazonaws.com/cdn/client-public/art/cards/s1_pack_049.webp	apps/shared/tcg-core/cards/definitions/neutral/s1_pack_049_the_inception.ts
200	https://dgrsart.s3.us-east-2.amazonaws.com/cdn/client-public/art/cards/s1_char_089.webp	apps/shared/tcg-core/cards/definitions/neutral/s1_char_089_courier_sprite.ts
200	https://dgrsart.s3.us-east-2.amazonaws.com/cdn/client-public/art/cards/s1_reward_xmas_gift.webp	apps/shared/tcg-core/cards/definitions/neutral/s1_reward_xmas_gift.ts
200	https://dgrsart.s3.us-east-2.amazonaws.com/cdn/client-public/art/cards/s1_song_064.webp	apps/shared/tcg-core/cards/definitions/neutral/s1_song_064_dischordian_logic.ts
200	https://dgrsart.s3.us-east-2.amazonaws.com/cdn/client-public/art/cards/s1_pack_043.webp	apps/shared/tcg-core/cards/definitions/neutral/s1_pack_043_void_crystal.ts
200	https://dgrsart.s3.us-east-2.amazonaws.com/cdn/client-public/art/cards/s1_song_059.webp	apps/shared/tcg-core/cards/definitions/neutral/s1_song_059_lip_service.ts
200	https://dgrsart.s3.us-east-2.amazonaws.com/cdn/client-public/art/cards/s1_reward_prestige_t3.webp	apps/shared/tcg-core/cards/definitions/neutral/s1_reward_prestige_t3.ts
403	https://dgrsart.s3.us-east-2.amazonaws.com/cdn/client-public/art/cards/s1_resurrect_005.webp	apps/shared/tcg-core/cards/definitions/neutral/s1_resurrect_005_eternal_pilgrim.ts
200	https://dgrsart.s3.us-east-2.amazonaws.com/cdn/client-public/art/cards/s1_pack_006.webp	apps/shared/tcg-core/cards/definitions/architect/s1_pack_006_chrome_archon.ts
200	https://dgrsart.s3.us-east-2.amazonaws.com/cdn/client-public/art/cards/s1_pack_cosm_emote_taunt.webp	apps/shared/tcg-core/cards/definitions/architect/s1_pack_cosm_emote_taunt.ts
200	https://dgrsart.s3.us-east-2.amazonaws.com/cdn/client-public/art/cards/s1_reward_boss_collector.webp	apps/shared/tcg-core/cards/definitions/architect/s1_reward_boss_collector.ts
200	https://dgrsart.s3.us-east-2.amazonaws.com/cdn/client-public/art/cards/s1_pack_cosm_badge_s1.webp	apps/shared/tcg-core/cards/definitions/neutral/s1_pack_cosm_badge_s1.ts
200	https://dgrsart.s3.us-east-2.amazonaws.com/cdn/client-public/art/cards/s1_char_006.webp	apps/shared/tcg-core/cards/definitions/architect/s1_char_006_dr_lyra_vox.ts
200	https://dgrsart.s3.us-east-2.amazonaws.com/cdn/client-public/art/cards/s1_char_042.webp	apps/shared/tcg-core/cards/definitions/architect/s1_char_042_the_politician.ts
200	https://dgrsart.s3.us-east-2.amazonaws.com/cdn/client-public/art/cards/s1_char_021.webp	apps/shared/tcg-core/cards/definitions/architect/s1_char_021_the_conexus.ts
200	https://dgrsart.s3.us-east-2.amazonaws.com/cdn/client-public/art/cards/s1_reward_station_module.webp	apps/shared/tcg-core/cards/definitions/architect/s1_reward_station_module.ts
200	https://dgrsart.s3.us-east-2.amazonaws.com/cdn/client-public/art/cards/s1_reward_xmas_charity.webp	apps/shared/tcg-core/cards/definitions/neutral/s1_reward_xmas_charity.ts
200	https://dgrsart.s3.us-east-2.amazonaws.com/cdn/client-public/art/cards/s1_reward_vote_t1_balanced.webp	apps/shared/tcg-core/cards/definitions/neutral/s1_reward_vote_t1_balanced.ts
200	https://dgrsart.s3.us-east-2.amazonaws.com/cdn/client-public/art/cards/s1_char_013.webp	apps/shared/tcg-core/cards/definitions/architect/s1_char_013_master_of_rlyeh.ts
200	https://dgrsart.s3.us-east-2.amazonaws.com/cdn/client-public/art/cards/s1_pack_pet_data_serpent_2.webp	apps/shared/tcg-core/cards/definitions/architect/s1_pack_pet_data_serpent_2.ts
200	https://dgrsart.s3.us-east-2.amazonaws.com/cdn/client-public/art/cards/s1_spell_100.webp	apps/shared/tcg-core/cards/definitions/architect/s1_spell_100_schematic_override.ts
200	https://dgrsart.s3.us-east-2.amazonaws.com/cdn/client-public/art/cards/s1_reward_casino_pazaak.webp	apps/shared/tcg-core/cards/definitions/architect/s1_reward_casino_pazaak.ts
200	https://dgrsart.s3.us-east-2.amazonaws.com/cdn/client-public/art/cards/s1_char_101.webp	apps/shared/tcg-core/cards/definitions/architect/s1_char_101_panoptic_warden_foucault.ts
200	https://dgrsart.s3.us-east-2.amazonaws.com/cdn/client-public/art/cards/s1_char_038.webp	apps/shared/tcg-core/cards/definitions/architect/s1_char_038_the_meme.ts
200	https://dgrsart.s3.us-east-2.amazonaws.com/cdn/client-public/art/cards/s1_spell_202.webp	apps/shared/tcg-core/cards/definitions/architect/s1_spell_202_system_purge.ts
200	https://dgrsart.s3.us-east-2.amazonaws.com/cdn/client-public/art/cards/s1_char_100.webp	apps/shared/tcg-core/cards/definitions/architect/s1_char_100_the_collector.ts
200	https://dgrsart.s3.us-east-2.amazonaws.com/cdn/client-public/art/cards/s1_pack_001.webp	apps/shared/tcg-core/cards/definitions/architect/s1_pack_001_panopticon_override.ts
200	https://dgrsart.s3.us-east-2.amazonaws.com/cdn/client-public/art/cards/s1_char_009.webp	apps/shared/tcg-core/cards/definitions/architect/s1_char_009_general_prometheus.ts
200	https://dgrsart.s3.us-east-2.amazonaws.com/cdn/client-public/art/cards/s1_reward_eidolon_cipher.webp	apps/shared/tcg-core/cards/definitions/architect/s1_reward_eidolon_cipher.ts
200	https://dgrsart.s3.us-east-2.amazonaws.com/cdn/client-public/art/cards/s1_reward_pvp_legend.webp	apps/shared/tcg-core/cards/definitions/neutral/s1_reward_pvp_legend.ts
200	https://dgrsart.s3.us-east-2.amazonaws.com/cdn/client-public/art/cards/s1_spell_201.webp	apps/shared/tcg-core/cards/definitions/architect/s1_spell_201_protocol_override.ts
200	https://dgrsart.s3.us-east-2.amazonaws.com/cdn/client-public/art/cards/s1_reward_crew_clone.webp	apps/shared/tcg-core/cards/definitions/architect/s1_reward_crew_clone.ts
200	https://dgrsart.s3.us-east-2.amazonaws.com/cdn/client-public/art/cards/s1_spell_200.webp	apps/shared/tcg-core/cards/definitions/architect/s1_spell_200_surveillance_grid.ts
200	https://dgrsart.s3.us-east-2.amazonaws.com/cdn/client-public/art/cards/s1_spell_204.webp	apps/shared/tcg-core/cards/definitions/architect/s1_spell_204_architects_mandate.ts
200	https://dgrsart.s3.us-east-2.amazonaws.com/cdn/client-public/art/cards/s1_pack_id_human_archon.webp	apps/shared/tcg-core/cards/definitions/architect/s1_pack_id_human_archon.ts
403	https://dgrsart.s3.us-east-2.amazonaws.com/cdn/client-public/art/cards/s1_zeal_002.webp	apps/shared/tcg-core/cards/definitions/architect/s1_zeal_002_engine_warden.ts
403	https://dgrsart.s3.us-east-2.amazonaws.com/cdn/client-public/art/cards/gen_authority.webp	apps/shared/tcg-core/cards/definitions/architect/gen_authority.ts
200	https://dgrsart.s3.us-east-2.amazonaws.com/cdn/client-public/art/cards/s1_reward_chess_tourney.webp	apps/shared/tcg-core/cards/definitions/architect/s1_reward_chess_tourney.ts
200	https://dgrsart.s3.us-east-2.amazonaws.com/cdn/client-public/art/cards/s1_spell_203.webp	apps/shared/tcg-core/cards/definitions/architect/s1_spell_203_calculated_retreat.ts
200	https://dgrsart.s3.us-east-2.amazonaws.com/cdn/client-public/art/cards/s1_pack_003.webp	apps/shared/tcg-core/cards/definitions/architect/s1_pack_003_arena_architect.ts
200	https://dgrsart.s3.us-east-2.amazonaws.com/cdn/client-public/art/cards/s1_reward_tower_wave50.webp	apps/shared/tcg-core/cards/definitions/architect/s1_reward_tower_wave50.ts
200	https://dgrsart.s3.us-east-2.amazonaws.com/cdn/client-public/art/cards/s1_pack_seed_chess.webp	apps/shared/tcg-core/cards/definitions/architect/s1_pack_seed_chess.ts
403	https://dgrsart.s3.us-east-2.amazonaws.com/cdn/client-public/art/cards/s1_curve_007.webp	apps/shared/tcg-core/cards/definitions/architect/s1_curve_007_schematic_bastion.ts
200	https://dgrsart.s3.us-east-2.amazonaws.com/cdn/client-public/art/cards/s1_spell_102.webp	apps/shared/tcg-core/cards/definitions/architect/s1_spell_102_arena_protocol.ts
403	https://dgrsart.s3.us-east-2.amazonaws.com/cdn/client-public/art/cards/s1_struct_002.webp	apps/shared/tcg-core/cards/definitions/architect/s1_struct_002_observation_pylon.ts
200	https://dgrsart.s3.us-east-2.amazonaws.com/cdn/client-public/art/cards/s1_char_104.webp	apps/shared/tcg-core/cards/definitions/architect/s1_char_104_white_oracle.ts
200	https://dgrsart.s3.us-east-2.amazonaws.com/cdn/client-public/art/cards/s1_pack_pet_data_serpent_3.webp	apps/shared/tcg-core/cards/definitions/architect/s1_pack_pet_data_serpent_3.ts
200	https://dgrsart.s3.us-east-2.amazonaws.com/cdn/client-public/art/cards/s1_reward_chess_win.webp	apps/shared/tcg-core/cards/definitions/architect/s1_reward_chess_win.ts
200	https://dgrsart.s3.us-east-2.amazonaws.com/cdn/client-public/art/cards/s1_reward_station_complete.webp	apps/shared/tcg-core/cards/definitions/architect/s1_reward_station_complete.ts
200	https://dgrsart.s3.us-east-2.amazonaws.com/cdn/client-public/art/cards/gen_architect.webp	apps/shared/tcg-core/cards/definitions/architect/gen_architect.ts
200	https://dgrsart.s3.us-east-2.amazonaws.com/cdn/client-public/art/cards/s1_pack_pet_gilt_beetle_2.webp	apps/shared/tcg-core/cards/definitions/architect/s1_pack_pet_gilt_beetle_2.ts
200	https://dgrsart.s3.us-east-2.amazonaws.com/cdn/client-public/art/cards/s1_char_035.webp	apps/shared/tcg-core/cards/definitions/architect/s1_char_035_the_jailer.ts
200	https://dgrsart.s3.us-east-2.amazonaws.com/cdn/client-public/art/cards/s1_pack_pet_gilt_beetle_3.webp	apps/shared/tcg-core/cards/definitions/architect/s1_pack_pet_gilt_beetle_3.ts
200	https://dgrsart.s3.us-east-2.amazonaws.com/cdn/client-public/art/cards/s1_char_024.webp	apps/shared/tcg-core/cards/definitions/architect/s1_char_024_the_detective.ts
200	https://dgrsart.s3.us-east-2.amazonaws.com/cdn/client-public/art/cards/s1_char_102.webp	apps/shared/tcg-core/cards/definitions/architect/s1_char_102_arena_enforcer.ts
200	https://dgrsart.s3.us-east-2.amazonaws.com/cdn/client-public/art/cards/s1_char_103.webp	apps/shared/tcg-core/cards/definitions/architect/s1_char_103_inception_ark_sentry.ts
403	https://dgrsart.s3.us-east-2.amazonaws.com/cdn/client-public/art/cards/s1_warlord_three_moves.webp	apps/shared/tcg-core/cards/definitions/architect/s1_warlord_three_moves.ts
200	https://dgrsart.s3.us-east-2.amazonaws.com/cdn/client-public/art/cards/s1_pack_pet_gilt_beetle_1.webp	apps/shared/tcg-core/cards/definitions/architect/s1_pack_pet_gilt_beetle_1.ts
200	https://dgrsart.s3.us-east-2.amazonaws.com/cdn/client-public/art/cards/s1_char_008.webp	apps/shared/tcg-core/cards/definitions/architect/s1_char_008_general_binath.ts
200	https://dgrsart.s3.us-east-2.amazonaws.com/cdn/client-public/art/cards/s1_pack_004.webp	apps/shared/tcg-core/cards/definitions/architect/s1_pack_004_protocol_enforcer.ts
200	https://dgrsart.s3.us-east-2.amazonaws.com/cdn/client-public/art/cards/s1_char_030.webp	apps/shared/tcg-core/cards/definitions/architect/s1_char_030_the_game_master.ts
200	https://dgrsart.s3.us-east-2.amazonaws.com/cdn/client-public/art/cards/s1_reward_companion_human.webp	apps/shared/tcg-core/cards/definitions/architect/s1_reward_companion_human.ts
200	https://dgrsart.s3.us-east-2.amazonaws.com/cdn/client-public/art/cards/s1_spell_103.webp	apps/shared/tcg-core/cards/definitions/architect/s1_spell_103_recursive_calibration.ts
200	https://dgrsart.s3.us-east-2.amazonaws.com/cdn/client-public/art/cards/s1_char_022.webp	apps/shared/tcg-core/cards/definitions/architect/s1_char_022_the_collector.ts
200	https://dgrsart.s3.us-east-2.amazonaws.com/cdn/client-public/art/cards/s1_spell_205.webp	apps/shared/tcg-core/cards/definitions/architect/s1_spell_205_panoptic_lockdown.ts
200	https://dgrsart.s3.us-east-2.amazonaws.com/cdn/client-public/art/cards/s1_pack_002.webp	apps/shared/tcg-core/cards/definitions/architect/s1_pack_002_schematic_sentinel.ts
200	https://dgrsart.s3.us-east-2.amazonaws.com/cdn/client-public/art/cards/s1_pack_pet_data_serpent_1.webp	apps/shared/tcg-core/cards/definitions/architect/s1_pack_pet_data_serpent_1.ts
200	https://dgrsart.s3.us-east-2.amazonaws.com/cdn/client-public/art/cards/s1_char_019.webp	apps/shared/tcg-core/cards/definitions/architect/s1_char_019_the_architect.ts
200	https://dgrsart.s3.us-east-2.amazonaws.com/cdn/client-public/art/cards/s1_reward_class_neyon.webp	apps/shared/tcg-core/cards/definitions/dreamer/s1_reward_class_neyon.ts
200	https://dgrsart.s3.us-east-2.amazonaws.com/cdn/client-public/art/cards/s1_char_023.webp	apps/shared/tcg-core/cards/definitions/dreamer/s1_char_023_the_degen.ts
403	https://dgrsart.s3.us-east-2.amazonaws.com/cdn/client-public/art/cards/hierarchy/lord_pale_emissary.webp	apps/shared/tcg-core/cards/definitions/s2_hierarchy/pale_emissary.ts
200	https://dgrsart.s3.us-east-2.amazonaws.com/cdn/client-public/art/cards/s1_reward_campaign_finale.webp	apps/shared/tcg-core/cards/definitions/dreamer/s1_reward_campaign_finale.ts
200	https://dgrsart.s3.us-east-2.amazonaws.com/cdn/client-public/art/cards/s1_char_016.webp	apps/shared/tcg-core/cards/definitions/architect/s1_char_016_senator_elara_voss.ts
403	https://dgrsart.s3.us-east-2.amazonaws.com/cdn/client-public/art/cards/s1_curve_003.webp	apps/shared/tcg-core/cards/definitions/dreamer/s1_curve_003_glimmer_wisp.ts
200	https://dgrsart.s3.us-east-2.amazonaws.com/cdn/client-public/art/cards/s1_char_007.webp	apps/shared/tcg-core/cards/definitions/architect/s1_char_007_general_alarik.ts
403	https://dgrsart.s3.us-east-2.amazonaws.com/cdn/client-public/art/cards/s1_blast_002.webp	apps/shared/tcg-core/cards/definitions/architect/s1_blast_002_arc_lance.ts
200	https://dgrsart.s3.us-east-2.amazonaws.com/cdn/client-public/art/cards/s1_char_015.webp	apps/shared/tcg-core/cards/definitions/architect/s1_char_015_panoptic_elara.ts
200	https://dgrsart.s3.us-east-2.amazonaws.com/cdn/client-public/art/cards/s1_char_034.webp	apps/shared/tcg-core/cards/definitions/dreamer/s1_char_034_the_inventor.ts
200	https://dgrsart.s3.us-east-2.amazonaws.com/cdn/client-public/art/cards/s1_reward_boss_architect.webp	apps/shared/tcg-core/cards/definitions/architect/s1_reward_boss_architect.ts
403	https://dgrsart.s3.us-east-2.amazonaws.com/cdn/client-public/art/cards/hierarchy/lord_master_of_rlyeh.webp	apps/shared/tcg-core/cards/definitions/s2_hierarchy/master_of_rlyeh.ts
200	https://dgrsart.s3.us-east-2.amazonaws.com/cdn/client-public/art/cards/s1_reward_casino_dice.webp	apps/shared/tcg-core/cards/definitions/dreamer/s1_reward_casino_dice.ts
200	https://dgrsart.s3.us-east-2.amazonaws.com/cdn/client-public/art/cards/s1_reward_class_engineer.webp	apps/shared/tcg-core/cards/definitions/architect/s1_reward_class_engineer.ts
200	https://dgrsart.s3.us-east-2.amazonaws.com/cdn/client-public/art/cards/s1_spell_101.webp	apps/shared/tcg-core/cards/definitions/architect/s1_spell_101_predetermined_outcome.ts
403	https://dgrsart.s3.us-east-2.amazonaws.com/cdn/client-public/art/cards/s1_curve_002.webp	apps/shared/tcg-core/cards/definitions/architect/s1_curve_002_schematic_spark.ts
200	https://dgrsart.s3.us-east-2.amazonaws.com/cdn/client-public/art/cards/s1_pack_cosm_ship_theme.webp	apps/shared/tcg-core/cards/definitions/architect/s1_pack_cosm_ship_theme.ts
200	https://dgrsart.s3.us-east-2.amazonaws.com/cdn/client-public/art/cards/s1_char_036.webp	apps/shared/tcg-core/cards/definitions/dreamer/s1_char_036_the_judge.ts
200	https://dgrsart.s3.us-east-2.amazonaws.com/cdn/client-public/art/cards/s1_pack_pet_holo_fox_2.webp	apps/shared/tcg-core/cards/definitions/dreamer/s1_pack_pet_holo_fox_2.ts
200	https://dgrsart.s3.us-east-2.amazonaws.com/cdn/client-public/art/cards/s1_reward_vortex_close.webp	apps/shared/tcg-core/cards/definitions/dreamer/s1_reward_vortex_close.ts
200	https://dgrsart.s3.us-east-2.amazonaws.com/cdn/client-public/art/cards/s1_pack_pet_holo_fox_1.webp	apps/shared/tcg-core/cards/definitions/dreamer/s1_pack_pet_holo_fox_1.ts
200	https://dgrsart.s3.us-east-2.amazonaws.com/cdn/client-public/art/cards/s1_char_017.webp	apps/shared/tcg-core/cards/definitions/dreamer/s1_char_017_the_advocate.ts
200	https://dgrsart.s3.us-east-2.amazonaws.com/cdn/client-public/art/cards/s1_char_039.webp	apps/shared/tcg-core/cards/definitions/architect/s1_char_039_the_necromancer.ts
200	https://dgrsart.s3.us-east-2.amazonaws.com/cdn/client-public/art/cards/s1_spell_214.webp	apps/shared/tcg-core/cards/definitions/dreamer/s1_spell_214_minds_eye.ts
200	https://dgrsart.s3.us-east-2.amazonaws.com/cdn/client-public/art/cards/s1_reward_vortex_master.webp	apps/shared/tcg-core/cards/definitions/dreamer/s1_reward_vortex_master.ts
200	https://dgrsart.s3.us-east-2.amazonaws.com/cdn/client-public/art/cards/s1_pack_pet_temporal_kitten_1.webp	apps/shared/tcg-core/cards/definitions/dreamer/s1_pack_pet_temporal_kitten_1.ts
200	https://dgrsart.s3.us-east-2.amazonaws.com/cdn/client-public/art/cards/s1_spell_212.webp	apps/shared/tcg-core/cards/definitions/dreamer/s1_spell_212_lucid_clarity.ts
200	https://dgrsart.s3.us-east-2.amazonaws.com/cdn/client-public/art/cards/s1_pack_020.webp	apps/shared/tcg-core/cards/definitions/dreamer/s1_pack_020_prophecy_incarnate.ts
200	https://dgrsart.s3.us-east-2.amazonaws.com/cdn/client-public/art/cards/s1_pack_id_oracle_prophet.webp	apps/shared/tcg-core/cards/definitions/dreamer/s1_pack_id_oracle_prophet.ts
403	https://dgrsart.s3.us-east-2.amazonaws.com/cdn/client-public/art/cards/s1_curve_008.webp	apps/shared/tcg-core/cards/definitions/dreamer/s1_curve_008_vision_anchor.ts
200	https://dgrsart.s3.us-east-2.amazonaws.com/cdn/client-public/art/cards/s1_pack_cosm_frame_gold.webp	apps/shared/tcg-core/cards/definitions/dreamer/s1_pack_cosm_frame_gold.ts
200	https://dgrsart.s3.us-east-2.amazonaws.com/cdn/client-public/art/cards/s1_char_045.webp	apps/shared/tcg-core/cards/definitions/dreamer/s1_char_045_the_resurrectionist.ts
200	https://dgrsart.s3.us-east-2.amazonaws.com/cdn/client-public/art/cards/s1_reward_campaign_truth.webp	apps/shared/tcg-core/cards/definitions/dreamer/s1_reward_campaign_truth.ts
200	https://dgrsart.s3.us-east-2.amazonaws.com/cdn/client-public/art/cards/s1_char_014.webp	apps/shared/tcg-core/cards/definitions/dreamer/s1_char_014_nythera.ts
200	https://dgrsart.s3.us-east-2.amazonaws.com/cdn/client-public/art/cards/s1_char_029.webp	apps/shared/tcg-core/cards/definitions/dreamer/s1_char_029_the_forgotten.ts
200	https://dgrsart.s3.us-east-2.amazonaws.com/cdn/client-public/art/cards/s1_spell_109.webp	apps/shared/tcg-core/cards/definitions/dreamer/s1_spell_109_vision_cascade.ts
403	https://dgrsart.s3.us-east-2.amazonaws.com/cdn/client-public/art/cards/hierarchy/lord_reckoning_daughter.webp	apps/shared/tcg-core/cards/definitions/s2_hierarchy/reckoning_daughter.ts
200	https://dgrsart.s3.us-east-2.amazonaws.com/cdn/client-public/art/cards/s1_spell_108.webp	apps/shared/tcg-core/cards/definitions/dreamer/s1_spell_108_prophetic_collapse.ts
200	https://dgrsart.s3.us-east-2.amazonaws.com/cdn/client-public/art/cards/s1_pack_id_oracle_ascended.webp	apps/shared/tcg-core/cards/definitions/dreamer/s1_pack_id_oracle_ascended.ts
200	https://dgrsart.s3.us-east-2.amazonaws.com/cdn/client-public/art/cards/s1_reward_eidolon_lux.webp	apps/shared/tcg-core/cards/definitions/dreamer/s1_reward_eidolon_lux.ts
200	https://dgrsart.s3.us-east-2.amazonaws.com/cdn/client-public/art/cards/s1_char_110.webp	apps/shared/tcg-core/cards/definitions/dreamer/s1_char_110_prophecy_keeper.ts
200	https://dgrsart.s3.us-east-2.amazonaws.com/cdn/client-public/art/cards/s1_pack_pet_temporal_kitten_3.webp	apps/shared/tcg-core/cards/definitions/dreamer/s1_pack_pet_temporal_kitten_3.ts
200	https://dgrsart.s3.us-east-2.amazonaws.com/cdn/client-public/art/cards/s1_char_109.webp	apps/shared/tcg-core/cards/definitions/dreamer/s1_char_109_the_enigma.ts
200	https://dgrsart.s3.us-east-2.amazonaws.com/cdn/client-public/art/cards/s1_spell_213.webp	apps/shared/tcg-core/cards/definitions/dreamer/s1_spell_213_precognition.ts
200	https://dgrsart.s3.us-east-2.amazonaws.com/cdn/client-public/art/cards/s1_pack_021.webp	apps/shared/tcg-core/cards/definitions/dreamer/s1_pack_021_starlight_familiar.ts
200	https://dgrsart.s3.us-east-2.amazonaws.com/cdn/client-public/art/cards/s1_pack_id_oracle_prisoner.webp	apps/shared/tcg-core/cards/definitions/dreamer/s1_pack_id_oracle_prisoner.ts
200	https://dgrsart.s3.us-east-2.amazonaws.com/cdn/client-public/art/cards/s1_pack_018.webp	apps/shared/tcg-core/cards/definitions/dreamer/s1_pack_018_dream_sentinel.ts
200	https://dgrsart.s3.us-east-2.amazonaws.com/cdn/client-public/art/cards/s1_pack_pet_glyph_moth_2.webp	apps/shared/tcg-core/cards/definitions/dreamer/s1_pack_pet_glyph_moth_2.ts
200	https://dgrsart.s3.us-east-2.amazonaws.com/cdn/client-public/art/cards/s1_spell_217.webp	apps/shared/tcg-core/cards/definitions/dreamer/s1_spell_217_dream_weave.ts
200	https://dgrsart.s3.us-east-2.amazonaws.com/cdn/client-public/art/cards/s1_reward_vote_t1_truth.webp	apps/shared/tcg-core/cards/definitions/dreamer/s1_reward_vote_t1_truth.ts
200	https://dgrsart.s3.us-east-2.amazonaws.com/cdn/client-public/art/cards/s1_spell_216.webp	apps/shared/tcg-core/cards/definitions/dreamer/s1_spell_216_oracles_blessing.ts
200	https://dgrsart.s3.us-east-2.amazonaws.com/cdn/client-public/art/cards/gen_dreamer.webp	apps/shared/tcg-core/cards/definitions/dreamer/gen_dreamer.ts
200	https://dgrsart.s3.us-east-2.amazonaws.com/cdn/client-public/art/cards/s1_pack_016.webp	apps/shared/tcg-core/cards/definitions/dreamer/s1_pack_016_vision_weaver.ts
200	https://dgrsart.s3.us-east-2.amazonaws.com/cdn/client-public/art/cards/s1_song_082.webp	apps/shared/tcg-core/cards/definitions/dreamer/s1_song_082_top_floor_door.ts
200	https://dgrsart.s3.us-east-2.amazonaws.com/cdn/client-public/art/cards/s1_reward_class_oracle.webp	apps/shared/tcg-core/cards/definitions/dreamer/s1_reward_class_oracle.ts
200	https://dgrsart.s3.us-east-2.amazonaws.com/cdn/client-public/art/cards/s1_char_005.webp	apps/shared/tcg-core/cards/definitions/dreamer/s1_char_005_destiny.ts
200	https://dgrsart.s3.us-east-2.amazonaws.com/cdn/client-public/art/cards/s1_reward_cycle_light.webp	apps/shared/tcg-core/cards/definitions/dreamer/s1_reward_cycle_light.ts
200	https://dgrsart.s3.us-east-2.amazonaws.com/cdn/client-public/art/cards/s1_pack_pet_temporal_kitten_2.webp	apps/shared/tcg-core/cards/definitions/dreamer/s1_pack_pet_temporal_kitten_2.ts
200	https://dgrsart.s3.us-east-2.amazonaws.com/cdn/client-public/art/cards/s1_pack_015.webp	apps/shared/tcg-core/cards/definitions/dreamer/s1_pack_015_probability_surge.ts
200	https://dgrsart.s3.us-east-2.amazonaws.com/cdn/client-public/art/cards/s1_char_046.webp	apps/shared/tcg-core/cards/definitions/dreamer/s1_char_046_the_seer.ts
403	https://dgrsart.s3.us-east-2.amazonaws.com/cdn/client-public/art/cards/s1_struct_003.webp	apps/shared/tcg-core/cards/definitions/dreamer/s1_struct_003_dream_anchor.ts
200	https://dgrsart.s3.us-east-2.amazonaws.com/cdn/client-public/art/cards/s1_pack_pet_glyph_moth_1.webp	apps/shared/tcg-core/cards/definitions/dreamer/s1_pack_pet_glyph_moth_1.ts
200	https://dgrsart.s3.us-east-2.amazonaws.com/cdn/client-public/art/cards/s1_char_027.webp	apps/shared/tcg-core/cards/definitions/dreamer/s1_char_027_the_enigma.ts
200	https://dgrsart.s3.us-east-2.amazonaws.com/cdn/client-public/art/cards/s1_pack_019.webp	apps/shared/tcg-core/cards/definitions/dreamer/s1_pack_019_oracles_wrath.ts
200	https://dgrsart.s3.us-east-2.amazonaws.com/cdn/client-public/art/cards/s1_spell_215.webp	apps/shared/tcg-core/cards/definitions/dreamer/s1_spell_215_reality_fracture.ts
200	https://dgrsart.s3.us-east-2.amazonaws.com/cdn/client-public/art/cards/s1_spell_111.webp	apps/shared/tcg-core/cards/definitions/dreamer/s1_spell_111_probability_storm.ts
200	https://dgrsart.s3.us-east-2.amazonaws.com/cdn/client-public/art/cards/s1_pack_cosm_card_back.webp	apps/shared/tcg-core/cards/definitions/dreamer/s1_pack_cosm_card_back.ts
200	https://dgrsart.s3.us-east-2.amazonaws.com/cdn/client-public/art/cards/s1_pack_pet_holo_fox_3.webp	apps/shared/tcg-core/cards/definitions/dreamer/s1_pack_pet_holo_fox_3.ts
200	https://dgrsart.s3.us-east-2.amazonaws.com/cdn/client-public/art/cards/s1_char_111.webp	apps/shared/tcg-core/cards/definitions/dreamer/s1_char_111_vision_walker.ts
200	https://dgrsart.s3.us-east-2.amazonaws.com/cdn/client-public/art/cards/s1_char_203.webp	apps/shared/tcg-core/cards/definitions/dreamer/s1_char_203_astral_warden.ts
200	https://dgrsart.s3.us-east-2.amazonaws.com/cdn/client-public/art/cards/s1_reward_palimpsest_signal.webp	apps/shared/tcg-core/cards/definitions/dreamer/s1_reward_palimpsest_signal.ts
200	https://dgrsart.s3.us-east-2.amazonaws.com/cdn/client-public/art/cards/imprint/oracle_t1.webp	apps/shared/tcg-core/cards/definitions/imprint/the_oracle.ts
200	https://dgrsart.s3.us-east-2.amazonaws.com/cdn/client-public/art/cards/s1_char_112.webp	apps/shared/tcg-core/cards/definitions/dreamer/s1_char_112_reality_anchor.ts
200	https://dgrsart.s3.us-east-2.amazonaws.com/cdn/client-public/art/cards/imprint/akai_shi_t4.webp	apps/shared/tcg-core/cards/definitions/imprint/akai_shi.ts
200	https://dgrsart.s3.us-east-2.amazonaws.com/cdn/client-public/art/cards/s1_spell_110.webp	apps/shared/tcg-core/cards/definitions/dreamer/s1_spell_110_dream_walk.ts
200	https://dgrsart.s3.us-east-2.amazonaws.com/cdn/client-public/art/cards/s1_pack_017.webp	apps/shared/tcg-core/cards/definitions/dreamer/s1_pack_017_fates_edge.ts
200	https://dgrsart.s3.us-east-2.amazonaws.com/cdn/client-public/art/cards/imprint/oracle_t5.webp	apps/shared/tcg-core/cards/definitions/imprint/the_oracle.ts
200	https://dgrsart.s3.us-east-2.amazonaws.com/cdn/client-public/art/cards/imprint/akai_shi_t2.webp	apps/shared/tcg-core/cards/definitions/imprint/akai_shi.ts
200	https://dgrsart.s3.us-east-2.amazonaws.com/cdn/client-public/art/cards/s1_char_037.webp	apps/shared/tcg-core/cards/definitions/dreamer/s1_char_037_the_knowledge.ts
200	https://dgrsart.s3.us-east-2.amazonaws.com/cdn/client-public/art/cards/s1_pack_pet_glyph_moth_3.webp	apps/shared/tcg-core/cards/definitions/dreamer/s1_pack_pet_glyph_moth_3.ts
200	https://dgrsart.s3.us-east-2.amazonaws.com/cdn/client-public/art/cards/s1_char_025.webp	apps/shared/tcg-core/cards/definitions/dreamer/s1_char_025_the_dreamer.ts
200	https://dgrsart.s3.us-east-2.amazonaws.com/cdn/client-public/art/cards/imprint/akai_shi_t1.webp	apps/shared/tcg-core/cards/definitions/imprint/akai_shi.ts
200	https://dgrsart.s3.us-east-2.amazonaws.com/cdn/client-public/art/cards/imprint/jailer_t1.webp	apps/shared/tcg-core/cards/definitions/imprint/the_jailer.ts
200	https://dgrsart.s3.us-east-2.amazonaws.com/cdn/client-public/art/cards/imprint/architect_t3.webp	apps/shared/tcg-core/cards/definitions/imprint/the_architect.ts
200	https://dgrsart.s3.us-east-2.amazonaws.com/cdn/client-public/art/cards/imprint/akai_shi_t5.webp	apps/shared/tcg-core/cards/definitions/imprint/akai_shi.ts
200	https://dgrsart.s3.us-east-2.amazonaws.com/cdn/client-public/art/cards/imprint/architect_t2.webp	apps/shared/tcg-core/cards/definitions/imprint/the_architect.ts
200	https://dgrsart.s3.us-east-2.amazonaws.com/cdn/client-public/art/cards/imprint/architect_t1.webp	apps/shared/tcg-core/cards/definitions/imprint/the_architect.ts
200	https://dgrsart.s3.us-east-2.amazonaws.com/cdn/client-public/art/cards/imprint/jailer_t2.webp	apps/shared/tcg-core/cards/definitions/imprint/the_jailer.ts
200	https://dgrsart.s3.us-east-2.amazonaws.com/cdn/client-public/art/cards/imprint/oracle_t2.webp	apps/shared/tcg-core/cards/definitions/imprint/the_oracle.ts
200	https://dgrsart.s3.us-east-2.amazonaws.com/cdn/client-public/art/cards/imprint/architect_t5.webp	apps/shared/tcg-core/cards/definitions/imprint/the_architect.ts
200	https://dgrsart.s3.us-east-2.amazonaws.com/cdn/client-public/art/cards/imprint/collector_t2.webp	apps/shared/tcg-core/cards/definitions/imprint/the_collector.ts
200	https://dgrsart.s3.us-east-2.amazonaws.com/cdn/client-public/art/cards/imprint/akai_shi_t3.webp	apps/shared/tcg-core/cards/definitions/imprint/akai_shi.ts
200	https://dgrsart.s3.us-east-2.amazonaws.com/cdn/client-public/art/cards/imprint/oracle_t3.webp	apps/shared/tcg-core/cards/definitions/imprint/the_oracle.ts
200	https://dgrsart.s3.us-east-2.amazonaws.com/cdn/client-public/art/cards/imprint/iron_lion_t5.webp	apps/shared/tcg-core/cards/definitions/imprint/iron_lion.ts
200	https://dgrsart.s3.us-east-2.amazonaws.com/cdn/client-public/art/cards/imprint/jailer_t3.webp	apps/shared/tcg-core/cards/definitions/imprint/the_jailer.ts
200	https://dgrsart.s3.us-east-2.amazonaws.com/cdn/client-public/art/cards/imprint/architect_t4.webp	apps/shared/tcg-core/cards/definitions/imprint/the_architect.ts
200	https://dgrsart.s3.us-east-2.amazonaws.com/cdn/client-public/art/cards/imprint/jailer_t5.webp	apps/shared/tcg-core/cards/definitions/imprint/the_jailer.ts
200	https://dgrsart.s3.us-east-2.amazonaws.com/cdn/client-public/art/cards/imprint/oracle_t4.webp	apps/shared/tcg-core/cards/definitions/imprint/the_oracle.ts
200	https://dgrsart.s3.us-east-2.amazonaws.com/cdn/client-public/art/cards/imprint/iron_lion_t3.webp	apps/shared/tcg-core/cards/definitions/imprint/iron_lion.ts
200	https://dgrsart.s3.us-east-2.amazonaws.com/cdn/client-public/art/cards/imprint/iron_lion_t2.webp	apps/shared/tcg-core/cards/definitions/imprint/iron_lion.ts
200	https://dgrsart.s3.us-east-2.amazonaws.com/cdn/client-public/art/cards/imprint/jailer_t4.webp	apps/shared/tcg-core/cards/definitions/imprint/the_jailer.ts
200	https://dgrsart.s3.us-east-2.amazonaws.com/cdn/client-public/art/cards/imprint/human_t3.webp	apps/shared/tcg-core/cards/definitions/imprint/the_human.ts
200	https://dgrsart.s3.us-east-2.amazonaws.com/cdn/client-public/art/cards/imprint/foucault_t1.webp	apps/shared/tcg-core/cards/definitions/imprint/foucault.ts
200	https://dgrsart.s3.us-east-2.amazonaws.com/cdn/client-public/art/cards/imprint/collector_t3.webp	apps/shared/tcg-core/cards/definitions/imprint/the_collector.ts
200	https://dgrsart.s3.us-east-2.amazonaws.com/cdn/client-public/art/cards/imprint/agent_zero_t4.webp	apps/shared/tcg-core/cards/definitions/imprint/agent_zero.ts
200	https://dgrsart.s3.us-east-2.amazonaws.com/cdn/client-public/art/cards/imprint/iron_lion_t4.webp	apps/shared/tcg-core/cards/definitions/imprint/iron_lion.ts
200	https://dgrsart.s3.us-east-2.amazonaws.com/cdn/client-public/art/cards/imprint/human_t2.webp	apps/shared/tcg-core/cards/definitions/imprint/the_human.ts
200	https://dgrsart.s3.us-east-2.amazonaws.com/cdn/client-public/art/cards/imprint/enigma_t1.webp	apps/shared/tcg-core/cards/definitions/imprint/the_enigma.ts
200	https://dgrsart.s3.us-east-2.amazonaws.com/cdn/client-public/art/cards/imprint/agent_zero_t2.webp	apps/shared/tcg-core/cards/definitions/imprint/agent_zero.ts
200	https://dgrsart.s3.us-east-2.amazonaws.com/cdn/client-public/art/cards/imprint/source_t5.webp	apps/shared/tcg-core/cards/definitions/imprint/the_source.ts
200	https://dgrsart.s3.us-east-2.amazonaws.com/cdn/client-public/art/cards/imprint/agent_zero_t1.webp	apps/shared/tcg-core/cards/definitions/imprint/agent_zero.ts
200	https://dgrsart.s3.us-east-2.amazonaws.com/cdn/client-public/art/cards/imprint/agent_zero_t5.webp	apps/shared/tcg-core/cards/definitions/imprint/agent_zero.ts
200	https://dgrsart.s3.us-east-2.amazonaws.com/cdn/client-public/art/cards/imprint/agent_zero_t3.webp	apps/shared/tcg-core/cards/definitions/imprint/agent_zero.ts
200	https://dgrsart.s3.us-east-2.amazonaws.com/cdn/client-public/art/cards/imprint/source_t3.webp	apps/shared/tcg-core/cards/definitions/imprint/the_source.ts
200	https://dgrsart.s3.us-east-2.amazonaws.com/cdn/client-public/art/cards/imprint/iron_lion_t1.webp	apps/shared/tcg-core/cards/definitions/imprint/iron_lion.ts
200	https://dgrsart.s3.us-east-2.amazonaws.com/cdn/client-public/art/cards/imprint/human_t4.webp	apps/shared/tcg-core/cards/definitions/imprint/the_human.ts
200	https://dgrsart.s3.us-east-2.amazonaws.com/cdn/client-public/art/cards/imprint/enigma_t3.webp	apps/shared/tcg-core/cards/definitions/imprint/the_enigma.ts
200	https://dgrsart.s3.us-east-2.amazonaws.com/cdn/client-public/art/cards/imprint/foucault_t2.webp	apps/shared/tcg-core/cards/definitions/imprint/foucault.ts
200	https://dgrsart.s3.us-east-2.amazonaws.com/cdn/client-public/art/cards/imprint/foucault_t3.webp	apps/shared/tcg-core/cards/definitions/imprint/foucault.ts
200	https://dgrsart.s3.us-east-2.amazonaws.com/cdn/client-public/art/cards/imprint/human_t1.webp	apps/shared/tcg-core/cards/definitions/imprint/the_human.ts
200	https://dgrsart.s3.us-east-2.amazonaws.com/cdn/client-public/art/cards/imprint/human_t5.webp	apps/shared/tcg-core/cards/definitions/imprint/the_human.ts
200	https://dgrsart.s3.us-east-2.amazonaws.com/cdn/client-public/art/cards/imprint/collector_t1.webp	apps/shared/tcg-core/cards/definitions/imprint/the_collector.ts
200	https://dgrsart.s3.us-east-2.amazonaws.com/cdn/client-public/art/cards/imprint/collector_t4.webp	apps/shared/tcg-core/cards/definitions/imprint/the_collector.ts
200	https://dgrsart.s3.us-east-2.amazonaws.com/cdn/client-public/art/cards/imprint/foucault_t5.webp	apps/shared/tcg-core/cards/definitions/imprint/foucault.ts
200	https://dgrsart.s3.us-east-2.amazonaws.com/cdn/client-public/art/cards/imprint/enigma_t4.webp	apps/shared/tcg-core/cards/definitions/imprint/the_enigma.ts
200	https://dgrsart.s3.us-east-2.amazonaws.com/cdn/client-public/art/cards/imprint/enigma_t5.webp	apps/shared/tcg-core/cards/definitions/imprint/the_enigma.ts
200	https://dgrsart.s3.us-east-2.amazonaws.com/cdn/client-public/art/cards/imprint/antiquarian_t2.webp	apps/shared/tcg-core/cards/definitions/imprint/antiquarian.ts
200	https://dgrsart.s3.us-east-2.amazonaws.com/cdn/client-public/art/cards/imprint/source_t1.webp	apps/shared/tcg-core/cards/definitions/imprint/the_source.ts
200	https://dgrsart.s3.us-east-2.amazonaws.com/cdn/client-public/art/cards/imprint/antiquarian_t1.webp	apps/shared/tcg-core/cards/definitions/imprint/antiquarian.ts
200	https://dgrsart.s3.us-east-2.amazonaws.com/cdn/client-public/art/cards/imprint/enigma_t2.webp	apps/shared/tcg-core/cards/definitions/imprint/the_enigma.ts
200	https://dgrsart.s3.us-east-2.amazonaws.com/cdn/client-public/art/cards/imprint/necromancer_t2.webp	apps/shared/tcg-core/cards/definitions/imprint/the_necromancer.ts
200	https://dgrsart.s3.us-east-2.amazonaws.com/cdn/client-public/art/cards/imprint/source_t4.webp	apps/shared/tcg-core/cards/definitions/imprint/the_source.ts
200	https://dgrsart.s3.us-east-2.amazonaws.com/cdn/client-public/art/cards/imprint/collector_t5.webp	apps/shared/tcg-core/cards/definitions/imprint/the_collector.ts
200	https://dgrsart.s3.us-east-2.amazonaws.com/cdn/client-public/art/cards/imprint/locke_t2.webp	apps/shared/tcg-core/cards/definitions/imprint/locke.ts
200	https://dgrsart.s3.us-east-2.amazonaws.com/cdn/client-public/art/cards/imprint/source_t2.webp	apps/shared/tcg-core/cards/definitions/imprint/the_source.ts
200	https://dgrsart.s3.us-east-2.amazonaws.com/cdn/client-public/art/cards/imprint/necromancer_t4.webp	apps/shared/tcg-core/cards/definitions/imprint/the_necromancer.ts
200	https://dgrsart.s3.us-east-2.amazonaws.com/cdn/client-public/art/cards/imprint/antiquarian_t3.webp	apps/shared/tcg-core/cards/definitions/imprint/antiquarian.ts
200	https://dgrsart.s3.us-east-2.amazonaws.com/cdn/client-public/art/cards/imprint/antiquarian_t4.webp	apps/shared/tcg-core/cards/definitions/imprint/antiquarian.ts
200	https://dgrsart.s3.us-east-2.amazonaws.com/cdn/client-public/art/cards/imprint/detective_t3.webp	apps/shared/tcg-core/cards/definitions/imprint/the_detective.ts
200	https://dgrsart.s3.us-east-2.amazonaws.com/cdn/client-public/art/cards/imprint/antiquarian_t5.webp	apps/shared/tcg-core/cards/definitions/imprint/antiquarian.ts
200	https://dgrsart.s3.us-east-2.amazonaws.com/cdn/client-public/art/cards/imprint/locke_t3.webp	apps/shared/tcg-core/cards/definitions/imprint/locke.ts
200	https://dgrsart.s3.us-east-2.amazonaws.com/cdn/client-public/art/cards/imprint/necromancer_t5.webp	apps/shared/tcg-core/cards/definitions/imprint/the_necromancer.ts
200	https://dgrsart.s3.us-east-2.amazonaws.com/cdn/client-public/art/cards/imprint/dreamer_t3.webp	apps/shared/tcg-core/cards/definitions/imprint/the_dreamer.ts
200	https://dgrsart.s3.us-east-2.amazonaws.com/cdn/client-public/art/cards/imprint/engineer_t1.webp	apps/shared/tcg-core/cards/definitions/imprint/the_engineer.ts
200	https://dgrsart.s3.us-east-2.amazonaws.com/cdn/client-public/art/cards/imprint/foucault_t4.webp	apps/shared/tcg-core/cards/definitions/imprint/foucault.ts
200	https://dgrsart.s3.us-east-2.amazonaws.com/cdn/client-public/art/cards/imprint/necromancer_t1.webp	apps/shared/tcg-core/cards/definitions/imprint/the_necromancer.ts
200	https://dgrsart.s3.us-east-2.amazonaws.com/cdn/client-public/art/cards/imprint/detective_t2.webp	apps/shared/tcg-core/cards/definitions/imprint/the_detective.ts
200	https://dgrsart.s3.us-east-2.amazonaws.com/cdn/client-public/art/cards/imprint/necromancer_t3.webp	apps/shared/tcg-core/cards/definitions/imprint/the_necromancer.ts
200	https://dgrsart.s3.us-east-2.amazonaws.com/cdn/client-public/art/cards/imprint/engineer_t2.webp	apps/shared/tcg-core/cards/definitions/imprint/the_engineer.ts
200	https://dgrsart.s3.us-east-2.amazonaws.com/cdn/client-public/art/cards/imprint/elara_t2.webp	apps/shared/tcg-core/cards/definitions/imprint/elara.ts
200	https://dgrsart.s3.us-east-2.amazonaws.com/cdn/client-public/art/cards/imprint/elara_t1.webp	apps/shared/tcg-core/cards/definitions/imprint/elara.ts
200	https://dgrsart.s3.us-east-2.amazonaws.com/cdn/client-public/art/cards/imprint/dreamer_t4.webp	apps/shared/tcg-core/cards/definitions/imprint/the_dreamer.ts
200	https://dgrsart.s3.us-east-2.amazonaws.com/cdn/client-public/art/cards/imprint/detective_t4.webp	apps/shared/tcg-core/cards/definitions/imprint/the_detective.ts
200	https://dgrsart.s3.us-east-2.amazonaws.com/cdn/client-public/art/cards/imprint/locke_t4.webp	apps/shared/tcg-core/cards/definitions/imprint/locke.ts
200	https://dgrsart.s3.us-east-2.amazonaws.com/cdn/client-public/art/cards/imprint/locke_t1.webp	apps/shared/tcg-core/cards/definitions/imprint/locke.ts
200	https://dgrsart.s3.us-east-2.amazonaws.com/cdn/client-public/art/cards/tok_spore_1_1.webp	apps/shared/tcg-core/cards/tokens/tok_spore_1_1.ts
200	https://dgrsart.s3.us-east-2.amazonaws.com/cdn/client-public/art/cards/imprint/elara_t3.webp	apps/shared/tcg-core/cards/definitions/imprint/elara.ts
403	https://dgrsart.s3.us-east-2.amazonaws.com/cdn/client-public/audio/album1/T18.mp3	apps/shared/dreamerVisions.ts
200	https://dgrsart.s3.us-east-2.amazonaws.com/cdn/client-public/art/cards/imprint/dreamer_t5.webp	apps/shared/tcg-core/cards/definitions/imprint/the_dreamer.ts
200	https://dgrsart.s3.us-east-2.amazonaws.com/cdn/client-public/art/cards/imprint/dreamer_t2.webp	apps/shared/tcg-core/cards/definitions/imprint/the_dreamer.ts
200	https://dgrsart.s3.us-east-2.amazonaws.com/cdn/client-public/audio/ambient/celebration/seeker-meadow.mp3	apps/shared/celebrationParkMap.ts
200	https://dgrsart.s3.us-east-2.amazonaws.com/cdn/client-public/art/cards/imprint/dreamer_t1.webp	apps/shared/tcg-core/cards/definitions/imprint/the_dreamer.ts
200	https://dgrsart.s3.us-east-2.amazonaws.com/cdn/client-public/audio/ambient/celebration/watchers-promenade.mp3	apps/shared/celebrationParkMap.ts
200	https://dgrsart.s3.us-east-2.amazonaws.com/cdn/client-public/art/cards/imprint/detective_t1.webp	apps/shared/tcg-core/cards/definitions/imprint/the_detective.ts
200	https://dgrsart.s3.us-east-2.amazonaws.com/cdn/client-public/art/cards/imprint/locke_t5.webp	apps/shared/tcg-core/cards/definitions/imprint/locke.ts
200	https://dgrsart.s3.us-east-2.amazonaws.com/cdn/client-public/audio/album1/T03.mp3	apps/shared/dreamerVisions.ts
200	https://dgrsart.s3.us-east-2.amazonaws.com/cdn/client-public/art/cards/imprint/elara_t5.webp	apps/shared/tcg-core/cards/definitions/imprint/elara.ts
200	https://dgrsart.s3.us-east-2.amazonaws.com/cdn/client-public/audio/act2/bench-elara-ambient.mp3	apps/shared/act2Interlude.ts
200	https://dgrsart.s3.us-east-2.amazonaws.com/cdn/client-public/art/cards/token_crystal_senator_5_5.webp	apps/shared/tcg-core/cards/tokens/token_crystal_senator_5_5.ts
200	https://dgrsart.s3.us-east-2.amazonaws.com/cdn/client-public/audio/ambient/celebration/princes-domain.mp3	apps/shared/celebrationParkMap.ts
200	https://dgrsart.s3.us-east-2.amazonaws.com/cdn/client-public/art/cards/imprint/engineer_t4.webp	apps/shared/tcg-core/cards/definitions/imprint/the_engineer.ts
200	https://dgrsart.s3.us-east-2.amazonaws.com/cdn/client-public/art/cards/tok_calculation.webp	apps/shared/tcg-core/cards/tokens/tok_calculation.ts
403	https://dgrsart.s3.us-east-2.amazonaws.com/cdn/client-public/audio/album1/T11.mp3	apps/shared/dreamerVisions.ts
403	https://dgrsart.s3.us-east-2.amazonaws.com/cdn/client-public/audio/album1/T23.mp3	apps/shared/dreamerVisions.ts
200	https://dgrsart.s3.us-east-2.amazonaws.com/cdn/client-public/art/cards/imprint/elara_t4.webp	apps/shared/tcg-core/cards/definitions/imprint/elara.ts
200	https://dgrsart.s3.us-east-2.amazonaws.com/cdn/client-public/art/cards/tok_dream_wisp_1_1.webp	apps/shared/tcg-core/cards/tokens/tok_dream_wisp_1_1.ts
200	https://dgrsart.s3.us-east-2.amazonaws.com/cdn/client-public/art/cards/imprint/engineer_t3.webp	apps/shared/tcg-core/cards/definitions/imprint/the_engineer.ts
200	https://dgrsart.s3.us-east-2.amazonaws.com/cdn/client-public/art/cards/imprint/detective_t5.webp	apps/shared/tcg-core/cards/definitions/imprint/the_detective.ts
200	https://dgrsart.s3.us-east-2.amazonaws.com/cdn/client-public/audio/act2/bench-first-power-on.mp3	apps/shared/act2Interlude.ts
200	https://dgrsart.s3.us-east-2.amazonaws.com/cdn/client-public/art/cards/tok_infected_2_2.webp	apps/shared/tcg-core/cards/tokens/tok_infected_2_2.ts
200	https://dgrsart.s3.us-east-2.amazonaws.com/cdn/client-public/audio/act2/bench-out-of-memory-energy.mp3	apps/shared/act2Interlude.ts
200	https://dgrsart.s3.us-east-2.amazonaws.com/cdn/client-public/art/cards/token_wolf_2_2.webp	apps/shared/tcg-core/cards/tokens/token_wolf_2_2.ts
200	https://dgrsart.s3.us-east-2.amazonaws.com/cdn/client-public/audio/act2/zephyr-tier-8.mp3	apps/shared/act2Interlude.ts
200	https://dgrsart.s3.us-east-2.amazonaws.com/cdn/client-public/audio/act2/zephyr-tier-3.mp3	apps/shared/act2Interlude.ts
200	https://dgrsart.s3.us-east-2.amazonaws.com/cdn/client-public/audio/act2/bench-first-light-craft.mp3	apps/shared/act2Interlude.ts
200	https://dgrsart.s3.us-east-2.amazonaws.com/cdn/client-public/audio/act2/bench-first-dark-craft.mp3	apps/shared/act2Interlude.ts
200	https://dgrsart.s3.us-east-2.amazonaws.com/cdn/client-public/art/cards/imprint/engineer_t5.webp	apps/shared/tcg-core/cards/definitions/imprint/the_engineer.ts
200	https://dgrsart.s3.us-east-2.amazonaws.com/cdn/client-public/audio/ambient/celebration/chorus-plaza.mp3	apps/shared/celebrationParkMap.ts
200	https://dgrsart.s3.us-east-2.amazonaws.com/cdn/client-public/audio/act2/zephyr-tier-5.mp3	apps/shared/act2Interlude.ts
200	https://dgrsart.s3.us-east-2.amazonaws.com/cdn/client-public/audio/act2/left-gm-first-contact.mp3	apps/shared/act2Interlude.ts
200	https://dgrsart.s3.us-east-2.amazonaws.com/cdn/client-public/audio/act2/bench-human-ambient.mp3	apps/shared/act2Interlude.ts
200	https://dgrsart.s3.us-east-2.amazonaws.com/cdn/client-public/audio/act2/left-gm-first-defeat.mp3	apps/shared/act2Interlude.ts
200	https://dgrsart.s3.us-east-2.amazonaws.com/cdn/client-public/audio/act2/silence-of-two-witnesses-ambient.mp3	apps/shared/songSlideshows.ts
200	https://dgrsart.s3.us-east-2.amazonaws.com/cdn/client-public/audio/act2/right-gm-repeat-victory.mp3	apps/shared/act2Interlude.ts
200	https://dgrsart.s3.us-east-2.amazonaws.com/cdn/client-public/audio/act2/right-gm-first-victory.mp3	apps/shared/act2Interlude.ts
200	https://dgrsart.s3.us-east-2.amazonaws.com/cdn/client-public/art/cinematics/silence-of-two-witnesses/hero.webp	apps/shared/songSlideshows.ts
200	https://dgrsart.s3.us-east-2.amazonaws.com/cdn/client-public/audio/act2/zephyr-tier-1.mp3	apps/shared/act2Interlude.ts
200	https://dgrsart.s3.us-east-2.amazonaws.com/cdn/client-public/art/cinematics/act-4-revelation/hero.webp	apps/shared/songSlideshows.ts
200	https://dgrsart.s3.us-east-2.amazonaws.com/cdn/client-public/art/cinematics/silence-of-two-witnesses/frame03.webp	apps/shared/songSlideshows.ts
200	https://dgrsart.s3.us-east-2.amazonaws.com/cdn/client-public/art/cinematics/act-4-revelation/frame02.webp	apps/shared/songSlideshows.ts
200	https://dgrsart.s3.us-east-2.amazonaws.com/cdn/client-public/art/cinematics/act-4-5-dmc/frame01.webp	apps/shared/songSlideshows.ts
200	https://dgrsart.s3.us-east-2.amazonaws.com/cdn/client-public/videos/acts/act-4_5/cin_act4_5_opener.mp4	apps/shared/songSlideshows.ts
200	https://dgrsart.s3.us-east-2.amazonaws.com/cdn/client-public/art/cinematics/act-4-revelation/frame01.webp	apps/shared/songSlideshows.ts
200	https://dgrsart.s3.us-east-2.amazonaws.com/cdn/client-public/audio/acts/act-4_5-intro.mp3	apps/shared/songSlideshows.ts
200	https://dgrsart.s3.us-east-2.amazonaws.com/cdn/client-public/art/cinematics/act-5-map/frame02.webp	apps/shared/songSlideshows.ts
200	https://dgrsart.s3.us-east-2.amazonaws.com/cdn/client-public/art/cinematics/act-4-revelation/frame03.webp	apps/shared/songSlideshows.ts
200	https://dgrsart.s3.us-east-2.amazonaws.com/cdn/client-public/audio/act2/right-gm-first-contact.mp3	apps/shared/act2Interlude.ts
200	https://dgrsart.s3.us-east-2.amazonaws.com/cdn/client-public/art/cinematics/silence-of-two-witnesses/frame02.webp	apps/shared/songSlideshows.ts
200	https://dgrsart.s3.us-east-2.amazonaws.com/cdn/client-public/audio/act2/game-master-first-loss.mp3	apps/shared/act2Interlude.ts
200	https://dgrsart.s3.us-east-2.amazonaws.com/cdn/client-public/audio/act2/left-gm-first-victory.mp3	apps/shared/act2Interlude.ts
200	https://dgrsart.s3.us-east-2.amazonaws.com/cdn/client-public/art/cinematics/act-7-convergence/frame02.webp	apps/shared/songSlideshows.ts
200	https://dgrsart.s3.us-east-2.amazonaws.com/cdn/client-public/art/cinematics/act-7-convergence/frame03.webp	apps/shared/songSlideshows.ts
200	https://dgrsart.s3.us-east-2.amazonaws.com/cdn/client-public/art/cinematics/silence-of-two-witnesses/frame01.webp	apps/shared/songSlideshows.ts
200	https://dgrsart.s3.us-east-2.amazonaws.com/cdn/client-public/art/cinematics/act-4-5-dmc/frame02.webp	apps/shared/songSlideshows.ts
200	https://dgrsart.s3.us-east-2.amazonaws.com/cdn/client-public/videos/acts/act-5/cin_act5_opener.mp4	apps/shared/songSlideshows.ts
200	https://dgrsart.s3.us-east-2.amazonaws.com/cdn/client-public/audio/act2/right-gm-first-defeat.mp3	apps/shared/act2Interlude.ts
200	https://dgrsart.s3.us-east-2.amazonaws.com/cdn/client-public/audio/act2/left-gm-repeat-victory.mp3	apps/shared/act2Interlude.ts
200	https://dgrsart.s3.us-east-2.amazonaws.com/cdn/client-public/art/cinematics/act-6-confession/frame02.webp	apps/shared/songSlideshows.ts
200	https://dgrsart.s3.us-east-2.amazonaws.com/cdn/client-public/audio/acts/act-6-intro.mp3	apps/shared/songSlideshows.ts
200	https://dgrsart.s3.us-east-2.amazonaws.com/cdn/client-public/art/cinematics/act-7-convergence/hero.webp	apps/shared/songSlideshows.ts
200	https://dgrsart.s3.us-east-2.amazonaws.com/cdn/client-public/art/cinematics/act-5-map/frame03.webp	apps/shared/songSlideshows.ts
200	https://dgrsart.s3.us-east-2.amazonaws.com/cdn/client-public/art/cinematics/act-5-map/hero.webp	apps/shared/songSlideshows.ts
200	https://dgrsart.s3.us-east-2.amazonaws.com/cdn/client-public/videos/acts/act-6/cin_act6_opener.mp4	apps/shared/songSlideshows.ts
200	https://dgrsart.s3.us-east-2.amazonaws.com/cdn/client-public/art/mechronis/professors/professor_kanevas.png	apps/shared/mechronisProfessors.ts
200	https://dgrsart.s3.us-east-2.amazonaws.com/cdn/client-public/art/crew/darren-fessler-badge.png	apps/shared/darrenMemorial.ts
200	https://dgrsart.s3.us-east-2.amazonaws.com/cdn/client-public/art/cinematics/act-6-confession/hero.webp	apps/shared/songSlideshows.ts
200	https://dgrsart.s3.us-east-2.amazonaws.com/cdn/client-public/art/cinematics/act-6-confession/frame03.webp	apps/shared/songSlideshows.ts
200	https://dgrsart.s3.us-east-2.amazonaws.com/cdn/client-public/art/cinematics/act-4-5-dmc/hero.webp	apps/shared/songSlideshows.ts
200	https://dgrsart.s3.us-east-2.amazonaws.com/cdn/client-public/art/cinematics/act-6-confession/frame01.webp	apps/shared/songSlideshows.ts
200	https://dgrsart.s3.us-east-2.amazonaws.com/cdn/client-public/art/cinematics/act-7-convergence/frame01.webp	apps/shared/songSlideshows.ts
200	https://dgrsart.s3.us-east-2.amazonaws.com/cdn/client-public/videos/acts/act-4/cin_act4_opener.mp4	apps/shared/songSlideshows.ts
200	https://dgrsart.s3.us-east-2.amazonaws.com/cdn/client-public/art/cinematics/act-4-5-dmc/frame03.webp	apps/shared/songSlideshows.ts
200	https://dgrsart.s3.us-east-2.amazonaws.com/cdn/client-public/art/cinematics/act-5-map/frame01.webp	apps/shared/songSlideshows.ts
200	https://dgrsart.s3.us-east-2.amazonaws.com/cdn/client-public/audio/acts/act-5-intro.mp3	apps/shared/songSlideshows.ts
200	https://dgrsart.s3.us-east-2.amazonaws.com/cdn/client-public/audio/acts/act-4-intro.mp3	apps/shared/songSlideshows.ts
200	https://dgrsart.s3.us-east-2.amazonaws.com/cdn/client-public/videos/acts/act-7/cin_act7_opener.mp4	apps/shared/songSlideshows.ts
200	https://dgrsart.s3.us-east-2.amazonaws.com/cdn/client-public/audio/acts/act-7-intro.mp3	apps/shared/songSlideshows.ts
200	https://dgrsart.s3.us-east-2.amazonaws.com/cdn/client-public/art/mechronis/professors/professor_halverez.png	apps/shared/mechronisProfessors.ts
200	https://dgrsart.s3.us-east-2.amazonaws.com/cdn/client-public/art/mechronis/professors/professor_glinn_vyre.png	apps/shared/mechronisProfessors.ts
200	https://dgrsart.s3.us-east-2.amazonaws.com/cdn/client-public/art/mechronis/classmates/aria-wen.png	apps/shared/mechronisClassmates.ts
ERR	https://dgrsart.s3.us-east-2.amazonaws.com/cdn/client-public/${m[2]}	apps/scripts/rewrite-asset-refs.ts
200	https://dgrsart.s3.us-east-2.amazonaws.com/cdn/client-public/art/mechronis/professors/professor_orphic.png	apps/shared/mechronisProfessors.ts
200	https://dgrsart.s3.us-east-2.amazonaws.com/cdn/client-public/art/mechronis/classmates/ollen-mire.png	apps/shared/mechronisClassmates.ts
ERR	https://dgrsart.s3.us-east-2.amazonaws.com/cdn/client-public/${m[3]}	apps/scripts/rewrite-asset-refs.ts
200	https://dgrsart.s3.us-east-2.amazonaws.com/cdn/client-public/art/mechronis/professors/professor_mireille.png	apps/shared/mechronisProfessors.ts
200	https://dgrsart.s3.us-east-2.amazonaws.com/cdn/client-public/art/mechronis/professors/professor_aoki.png	apps/shared/mechronisProfessors.ts
200	https://dgrsart.s3.us-east-2.amazonaws.com/cdn/client-public/art/mechronis/professors/professor_vent.png	apps/shared/mechronisProfessors.ts
200	https://dgrsart.s3.us-east-2.amazonaws.com/cdn/client-public/art/mechronis/professors/professor_greenshaw.png	apps/shared/mechronisProfessors.ts
200	https://dgrsart.s3.us-east-2.amazonaws.com/cdn/client-public/art/mechronis/professors/professor_vasara.png	apps/shared/mechronisProfessors.ts
200	https://dgrsart.s3.us-east-2.amazonaws.com/cdn/client-public/audio/ambient/mechronis/umbra.mp3	apps/shared/mechronisHouses.ts
200	https://dgrsart.s3.us-east-2.amazonaws.com/cdn/client-public/art/mechronis/professors/professor_vex.png	apps/shared/mechronisProfessors.ts
200	https://dgrsart.s3.us-east-2.amazonaws.com/cdn/client-public/art/mechronis/professors/professor_vellis.png	apps/shared/mechronisProfessors.ts
200	https://dgrsart.s3.us-east-2.amazonaws.com/cdn/client-public/art/mechronis/common-rooms/resonance.jpg	apps/shared/mechronisHouses.ts
200	https://dgrsart.s3.us-east-2.amazonaws.com/cdn/client-public/art/mechronis/classmates/vessa-lark.png	apps/shared/mechronisClassmates.ts
200	https://dgrsart.s3.us-east-2.amazonaws.com/cdn/client-public/art/mechronis/professors/professor_kasra.png	apps/shared/mechronisProfessors.ts
200	https://dgrsart.s3.us-east-2.amazonaws.com/cdn/client-public/videos/title/music/brushstroke-of-the-empire.mp4	apps/shared/transmissions.ts
200	https://dgrsart.s3.us-east-2.amazonaws.com/cdn/client-public/videos/epochs/epoch-0/ep11-generation-degen.mp4	apps/shared/transmissions.ts
200	https://dgrsart.s3.us-east-2.amazonaws.com/cdn/client-public/art/mechronis/professors/professor_proctor.png	apps/shared/mechronisProfessors.ts
200	https://dgrsart.s3.us-east-2.amazonaws.com/cdn/client-public/art/mechronis/common-rooms/ironflight.jpg	apps/shared/mechronisHouses.ts
200	https://dgrsart.s3.us-east-2.amazonaws.com/cdn/client-public/art/trade_empire/ui/trade_dashboard_bg.png	apps/shared/aaaArtArchive/tradeEmpireArt.ts
200	https://dgrsart.s3.us-east-2.amazonaws.com/cdn/client-public/videos/title/music/the-book-of-daniel.mp4	apps/shared/transmissions.ts
200	https://dgrsart.s3.us-east-2.amazonaws.com/cdn/client-public/videos/epochs/epoch-0/ep12-the-detective.mp4	apps/shared/transmissions.ts
200	https://dgrsart.s3.us-east-2.amazonaws.com/cdn/client-public/videos/title/music/building-the-architect.mp4	apps/shared/transmissions.ts
200	https://dgrsart.s3.us-east-2.amazonaws.com/cdn/client-public/videos/epochs/epoch-0/ep06-north-pole-inc.mp4	apps/shared/transmissions.ts
200	https://dgrsart.s3.us-east-2.amazonaws.com/cdn/client-public/art/mechronis/classmates/mara-thorne.png	apps/shared/mechronisClassmates.ts
200	https://dgrsart.s3.us-east-2.amazonaws.com/cdn/client-public/videos/title/music/hypnotized.mp4	apps/shared/transmissions.ts
200	https://dgrsart.s3.us-east-2.amazonaws.com/cdn/client-public/art/mechronis/common-rooms/umbra.jpg	apps/shared/mechronisHouses.ts
200	https://dgrsart.s3.us-east-2.amazonaws.com/cdn/client-public/art/mechronis/classmates/tess-corvia.png	apps/shared/mechronisClassmates.ts
200	https://dgrsart.s3.us-east-2.amazonaws.com/cdn/client-public/art/mechronis/classmates/benik-holt.png	apps/shared/mechronisClassmates.ts
200	https://dgrsart.s3.us-east-2.amazonaws.com/cdn/client-public/audio/ambient/mechronis/ironflight.mp3	apps/shared/mechronisHouses.ts
200	https://dgrsart.s3.us-east-2.amazonaws.com/cdn/client-public/audio/ambient/mechronis/resonance.mp3	apps/shared/mechronisHouses.ts
200	https://dgrsart.s3.us-east-2.amazonaws.com/cdn/client-public/videos/epochs/epoch-0/ep08-late-night.mp4	apps/shared/transmissions.ts
403	https://dgrsart.s3.us-east-2.amazonaws.com/cdn/client-public/art/cards	apps/scripts/wire-card-art.ts
200	https://dgrsart.s3.us-east-2.amazonaws.com/cdn/client-public/art/mechronis/common-rooms/liminal.jpg	apps/shared/mechronisHouses.ts
200	https://dgrsart.s3.us-east-2.amazonaws.com/cdn/client-public/art/mechronis/classmates/juno-reeve.png	apps/shared/mechronisClassmates.ts
200	https://dgrsart.s3.us-east-2.amazonaws.com/cdn/client-public/art/cutscenes/prelude/beat-a5-corridor_end.webp	apps/client/src/data/preludeAct1Deliverables.ts
200	https://dgrsart.s3.us-east-2.amazonaws.com/cdn/client-public/art/cutscenes/prelude/beat-a-awakening_end.png	apps/client/src/data/preludeAct1Deliverables.ts
200	https://dgrsart.s3.us-east-2.amazonaws.com/cdn/client-public/art/cutscenes/prelude/beat-a-awakening_start.webp	apps/client/src/data/preludeAct1Deliverables.ts
200	https://dgrsart.s3.us-east-2.amazonaws.com/cdn/client-public/audio/ambient/mechronis/liminal.mp3	apps/shared/mechronisHouses.ts
200	https://dgrsart.s3.us-east-2.amazonaws.com/cdn/client-public/art/mechronis/classmates/ozen-kade.png	apps/shared/mechronisClassmates.ts
200	https://dgrsart.s3.us-east-2.amazonaws.com/cdn/client-public/art/cutscenes/prelude/beat-c-engineering_end.webp	apps/client/src/data/preludeAct1Deliverables.ts
200	https://dgrsart.s3.us-east-2.amazonaws.com/cdn/client-public/art/cutscenes/prelude/beat-c-engineering_end.png	apps/client/src/data/preludeAct1Deliverables.ts
200	https://dgrsart.s3.us-east-2.amazonaws.com/cdn/client-public/art/trade_empire/maps/trade_route_map.png	apps/shared/aaaArtArchive/tradeEmpireArt.ts
200	https://dgrsart.s3.us-east-2.amazonaws.com/cdn/client-public/videos/title/music/the-last-christmas.mp4	apps/shared/transmissions.ts
200	https://dgrsart.s3.us-east-2.amazonaws.com/cdn/client-public/videos/epochs/epoch-0/ep10-rest-in-peace.mp4	apps/shared/transmissions.ts
200	https://dgrsart.s3.us-east-2.amazonaws.com/cdn/client-public/videos/title/music/baron-heart-of-time.mp4	apps/shared/transmissions.ts
200	https://dgrsart.s3.us-east-2.amazonaws.com/cdn/client-public/art/cutscenes/prelude/beat-a5-corridor_start.png	apps/client/src/data/preludeAct1Deliverables.ts
200	https://dgrsart.s3.us-east-2.amazonaws.com/cdn/client-public/videos/epochs/epoch-0/ep13-to-be-the-human.mp4	apps/shared/transmissions.ts
200	https://dgrsart.s3.us-east-2.amazonaws.com/cdn/client-public/art/cutscenes/prelude/beat-a-awakening_end.webp	apps/client/src/data/preludeAct1Deliverables.ts
200	https://dgrsart.s3.us-east-2.amazonaws.com/cdn/client-public/art/cutscenes/prelude/beat-a5-corridor_start.webp	apps/client/src/data/preludeAct1Deliverables.ts
200	https://dgrsart.s3.us-east-2.amazonaws.com/cdn/client-public/videos/epochs/epoch-0/ep09-meme-and-mascot.mp4	apps/shared/transmissions.ts
200	https://dgrsart.s3.us-east-2.amazonaws.com/cdn/client-public/art/cutscenes/prelude/beat-b-escape_start.webp	apps/client/src/data/preludeAct1Deliverables.ts
200	https://dgrsart.s3.us-east-2.amazonaws.com/cdn/client-public/art/cutscenes/prelude/beat-b-escape_end.png	apps/client/src/data/preludeAct1Deliverables.ts
200	https://dgrsart.s3.us-east-2.amazonaws.com/cdn/client-public/videos/epochs/epoch-0/ep14-the-experiment.mp4	apps/shared/transmissions.ts
200	https://dgrsart.s3.us-east-2.amazonaws.com/cdn/client-public/videos/epochs/epoch-0/ep15-brushstrokes.mp4	apps/shared/transmissions.ts
200	https://dgrsart.s3.us-east-2.amazonaws.com/cdn/client-public/art/cutscenes/prelude/beat-a-awakening_start.png	apps/client/src/data/preludeAct1Deliverables.ts
200	https://dgrsart.s3.us-east-2.amazonaws.com/cdn/client-public/art/trade_empire/routes/route_sea_lane.png	apps/shared/aaaArtArchive/tradeEmpireArt.ts
200	https://dgrsart.s3.us-east-2.amazonaws.com/cdn/client-public/art/cutscenes/prelude/beat-d-cargo-bay_end.webp	apps/client/src/data/preludeAct1Deliverables.ts
200	https://dgrsart.s3.us-east-2.amazonaws.com/cdn/client-public/art/fight/sprites/locke/crouch_attack.png	apps/shared/aaaArtArchive/fightSprites.ts
200	https://dgrsart.s3.us-east-2.amazonaws.com/cdn/client-public/art/cutscenes/prelude/beat-b-escape_start.png	apps/client/src/data/preludeAct1Deliverables.ts
200	https://dgrsart.s3.us-east-2.amazonaws.com/cdn/client-public/art/cutscenes/prelude/beat-a5-corridor_end.png	apps/client/src/data/preludeAct1Deliverables.ts
200	https://dgrsart.s3.us-east-2.amazonaws.com/cdn/client-public/art/cutscenes/prelude/beat-d-cargo-bay_start.webp	apps/client/src/data/preludeAct1Deliverables.ts
200	https://dgrsart.s3.us-east-2.amazonaws.com/cdn/client-public/art/cutscenes/prelude/beat-c5-window_end.png	apps/client/src/data/preludeAct1Deliverables.ts
200	https://dgrsart.s3.us-east-2.amazonaws.com/cdn/client-public/art/cutscenes/prelude/beat-e-medbay_start.png	apps/client/src/data/preludeAct1Deliverables.ts
200	https://dgrsart.s3.us-east-2.amazonaws.com/cdn/client-public/art/cutscenes/prelude/beat-e-medbay_end.png	apps/client/src/data/preludeAct1Deliverables.ts
200	https://dgrsart.s3.us-east-2.amazonaws.com/cdn/client-public/art/cutscenes/prelude/beat-f-briefing_start.png	apps/client/src/data/preludeAct1Deliverables.ts
200	https://dgrsart.s3.us-east-2.amazonaws.com/cdn/client-public/art/cutscenes/prelude/beat-h-bridge_start.webp	apps/client/src/data/preludeAct1Deliverables.ts
200	https://dgrsart.s3.us-east-2.amazonaws.com/cdn/client-public/art/cutscenes/prelude/beat-c-engineering_start.webp	apps/client/src/data/preludeAct1Deliverables.ts
200	https://dgrsart.s3.us-east-2.amazonaws.com/cdn/client-public/art/cutscenes/prelude/beat-c-engineering_start.png	apps/client/src/data/preludeAct1Deliverables.ts
200	https://dgrsart.s3.us-east-2.amazonaws.com/cdn/client-public/art/cutscenes/prelude/beat-b-escape_end.webp	apps/client/src/data/preludeAct1Deliverables.ts
200	https://dgrsart.s3.us-east-2.amazonaws.com/cdn/client-public/art/cutscenes/prelude/beat-j-finale_start.png	apps/client/src/data/preludeAct1Deliverables.ts
200	https://dgrsart.s3.us-east-2.amazonaws.com/cdn/client-public/art/cutscenes/prelude/beat-g-observation_start.png	apps/client/src/data/preludeAct1Deliverables.ts
200	https://dgrsart.s3.us-east-2.amazonaws.com/cdn/client-public/art/cutscenes/prelude/beat-c5-window_end.webp	apps/client/src/data/preludeAct1Deliverables.ts
200	https://dgrsart.s3.us-east-2.amazonaws.com/cdn/client-public/art/cutscenes/prelude/beat-i-archive_start.png	apps/client/src/data/preludeAct1Deliverables.ts
200	https://dgrsart.s3.us-east-2.amazonaws.com/cdn/client-public/art/cutscenes/prelude/beat-d-cargo-bay_end.png	apps/client/src/data/preludeAct1Deliverables.ts
200	https://dgrsart.s3.us-east-2.amazonaws.com/cdn/client-public/art/cutscenes/prelude/beat-d5-galley_start.png	apps/client/src/data/preludeAct1Deliverables.ts
200	https://dgrsart.s3.us-east-2.amazonaws.com/cdn/client-public/art/vfx/prelude/starfield-drift_frame.png	apps/client/src/data/preludeAct1Deliverables.ts
200	https://dgrsart.s3.us-east-2.amazonaws.com/cdn/client-public/art/cutscenes/prelude/beat-c5-window_start.png	apps/client/src/data/preludeAct1Deliverables.ts
200	https://dgrsart.s3.us-east-2.amazonaws.com/cdn/client-public/art/cutscenes/prelude/beat-c5-window_start.webp	apps/client/src/data/preludeAct1Deliverables.ts
200	https://dgrsart.s3.us-east-2.amazonaws.com/cdn/client-public/art/cutscenes/prelude/beat-g-observation_end.png	apps/client/src/data/preludeAct1Deliverables.ts
200	https://dgrsart.s3.us-east-2.amazonaws.com/cdn/client-public/art/vfx/prelude/role-wireframe-bloom_start.png	apps/client/src/data/preludeAct1Deliverables.ts
200	https://dgrsart.s3.us-east-2.amazonaws.com/cdn/client-public/art/vfx/prelude/role-wireframe-bloom_start.webp	apps/client/src/data/preludeAct1Deliverables.ts
200	https://dgrsart.s3.us-east-2.amazonaws.com/cdn/client-public/art/cutscenes/prelude/beat-d5-galley_start.webp	apps/client/src/data/preludeAct1Deliverables.ts
200	https://dgrsart.s3.us-east-2.amazonaws.com/cdn/client-public/art/vfx/prelude/role-wireframe-bloom_end.png	apps/client/src/data/preludeAct1Deliverables.ts
200	https://dgrsart.s3.us-east-2.amazonaws.com/cdn/client-public/art/cutscenes/prelude/beat-e-medbay_end.webp	apps/client/src/data/preludeAct1Deliverables.ts
200	https://dgrsart.s3.us-east-2.amazonaws.com/cdn/client-public/art/cutscenes/prelude/beat-d-cargo-bay_start.png	apps/client/src/data/preludeAct1Deliverables.ts
200	https://dgrsart.s3.us-east-2.amazonaws.com/cdn/client-public/art/cutscenes/prelude/beat-e-medbay_start.webp	apps/client/src/data/preludeAct1Deliverables.ts
200	https://dgrsart.s3.us-east-2.amazonaws.com/cdn/client-public/art/vfx/prelude/starfield-drift_frame.webp	apps/client/src/data/preludeAct1Deliverables.ts
200	https://dgrsart.s3.us-east-2.amazonaws.com/cdn/client-public/art/cutscenes/prelude/beat-f-briefing_end.png	apps/client/src/data/preludeAct1Deliverables.ts
200	https://dgrsart.s3.us-east-2.amazonaws.com/cdn/client-public/art/cutscenes/prelude/beat-d5-galley_end.webp	apps/client/src/data/preludeAct1Deliverables.ts
200	https://dgrsart.s3.us-east-2.amazonaws.com/cdn/client-public/art/vfx/prelude/human-palm-frost_end.png	apps/client/src/data/preludeAct1Deliverables.ts
200	https://dgrsart.s3.us-east-2.amazonaws.com/cdn/client-public/art/vfx/prelude/human-palm-frost_start.png	apps/client/src/data/preludeAct1Deliverables.ts
200	https://dgrsart.s3.us-east-2.amazonaws.com/cdn/client-public/art/cutscenes/prelude/beat-d5-galley_end.png	apps/client/src/data/preludeAct1Deliverables.ts
200	https://dgrsart.s3.us-east-2.amazonaws.com/cdn/client-public/art/cutscenes/prelude/beat-f-briefing_start.webp	apps/client/src/data/preludeAct1Deliverables.ts
200	https://dgrsart.s3.us-east-2.amazonaws.com/cdn/client-public/art/cutscenes/prelude/beat-j-finale_end.png	apps/client/src/data/preludeAct1Deliverables.ts
200	https://dgrsart.s3.us-east-2.amazonaws.com/cdn/client-public/art/cutscenes/prelude/beat-g-observation_end.webp	apps/client/src/data/preludeAct1Deliverables.ts
200	https://dgrsart.s3.us-east-2.amazonaws.com/cdn/client-public/art/cutscenes/prelude/beat-g-observation_start.webp	apps/client/src/data/preludeAct1Deliverables.ts
200	https://dgrsart.s3.us-east-2.amazonaws.com/cdn/client-public/art/cutscenes/prelude/beat-h-bridge_end.png	apps/client/src/data/preludeAct1Deliverables.ts
200	https://dgrsart.s3.us-east-2.amazonaws.com/cdn/client-public/art/cutscenes/prelude/beat-f-briefing_end.webp	apps/client/src/data/preludeAct1Deliverables.ts
200	https://dgrsart.s3.us-east-2.amazonaws.com/cdn/client-public/art/vfx/prelude/diploma-ink-bloom_start.png	apps/client/src/data/preludeAct1Deliverables.ts
200	https://dgrsart.s3.us-east-2.amazonaws.com/cdn/client-public/art/vfx/prelude/role-wireframe-bloom_end.webp	apps/client/src/data/preludeAct1Deliverables.ts
200	https://dgrsart.s3.us-east-2.amazonaws.com/cdn/client-public/art/vfx/prelude/diploma-ink-bloom_start.webp	apps/client/src/data/preludeAct1Deliverables.ts
200	https://dgrsart.s3.us-east-2.amazonaws.com/cdn/client-public/art/cutscenes/prelude/beat-h-bridge_end.webp	apps/client/src/data/preludeAct1Deliverables.ts
200	https://dgrsart.s3.us-east-2.amazonaws.com/cdn/client-public/art/vfx/prelude/human-palm-frost_end.webp	apps/client/src/data/preludeAct1Deliverables.ts
200	https://dgrsart.s3.us-east-2.amazonaws.com/cdn/client-public/art/vfx/prelude/human-palm-frost_start.webp	apps/client/src/data/preludeAct1Deliverables.ts
200	https://dgrsart.s3.us-east-2.amazonaws.com/cdn/client-public/art/cutscenes/prelude/beat-i-archive_end.webp	apps/client/src/data/preludeAct1Deliverables.ts
200	https://dgrsart.s3.us-east-2.amazonaws.com/cdn/client-public/art/cutscenes/prelude/beat-j-finale_end.webp	apps/client/src/data/preludeAct1Deliverables.ts
200	https://dgrsart.s3.us-east-2.amazonaws.com/cdn/client-public/art/vfx/prelude/diploma-ink-bloom_end.png	apps/client/src/data/preludeAct1Deliverables.ts
200	https://dgrsart.s3.us-east-2.amazonaws.com/cdn/client-public/art/vfx/prelude/enigma-hand-on-rim_frame.png	apps/client/src/data/preludeAct1Deliverables.ts
200	https://dgrsart.s3.us-east-2.amazonaws.com/cdn/client-public/art/cutscenes/prelude/beat-j-finale_start.webp	apps/client/src/data/preludeAct1Deliverables.ts
200	https://dgrsart.s3.us-east-2.amazonaws.com/cdn/client-public/art/vfx/prelude/mission-glyph-bloom_start.png	apps/client/src/data/preludeAct1Deliverables.ts
200	https://dgrsart.s3.us-east-2.amazonaws.com/cdn/client-public/art/cutscenes/prelude/beat-i-archive_end.png	apps/client/src/data/preludeAct1Deliverables.ts
200	https://dgrsart.s3.us-east-2.amazonaws.com/cdn/client-public/art/vfx/prelude/mission-glyph-bloom_end.webp	apps/client/src/data/preludeAct1Deliverables.ts
200	https://dgrsart.s3.us-east-2.amazonaws.com/cdn/client-public/art/cutscenes/prelude/beat-i-archive_start.webp	apps/client/src/data/preludeAct1Deliverables.ts
200	https://dgrsart.s3.us-east-2.amazonaws.com/cdn/client-public/art/vfx/prelude/mission-glyph-bloom_start.webp	apps/client/src/data/preludeAct1Deliverables.ts
200	https://dgrsart.s3.us-east-2.amazonaws.com/cdn/client-public/art/cutscenes/prelude/beat-h-bridge_start.png	apps/client/src/data/preludeAct1Deliverables.ts
200	https://dgrsart.s3.us-east-2.amazonaws.com/cdn/client-public/art/vfx/prelude/diploma-ink-bloom_end.webp	apps/client/src/data/preludeAct1Deliverables.ts
200	https://dgrsart.s3.us-east-2.amazonaws.com/cdn/client-public/art/vfx/prelude/starlight-shaft-dust_frame.webp	apps/client/src/data/preludeAct1Deliverables.ts
200	https://dgrsart.s3.us-east-2.amazonaws.com/cdn/client-public/art/vfx/prelude/starlight-shaft-dust_frame.png	apps/client/src/data/preludeAct1Deliverables.ts
200	https://dgrsart.s3.us-east-2.amazonaws.com/cdn/client-public/art/rooms/prelude/room-mess-hall.png	apps/client/src/data/preludeAct1Deliverables.ts
200	https://dgrsart.s3.us-east-2.amazonaws.com/cdn/client-public/art/rooms/prelude/room-galley.webp	apps/client/src/data/preludeAct1Deliverables.ts
200	https://dgrsart.s3.us-east-2.amazonaws.com/cdn/client-public/art/rooms/prelude/room-cargo-hold.webp	apps/client/src/data/preludeAct1Deliverables.ts
200	https://dgrsart.s3.us-east-2.amazonaws.com/cdn/client-public/art/rooms/prelude/room-engineering-bay.webp	apps/client/src/data/preludeAct1Deliverables.ts
200	https://dgrsart.s3.us-east-2.amazonaws.com/cdn/client-public/art/vfx/prelude/memo-paper-drift_frame.png	apps/client/src/data/preludeAct1Deliverables.ts
200	https://dgrsart.s3.us-east-2.amazonaws.com/cdn/client-public/art/rooms/prelude/room-mess-hall.webp	apps/client/src/data/preludeAct1Deliverables.ts
200	https://dgrsart.s3.us-east-2.amazonaws.com/cdn/client-public/art/vfx/prelude/mission-glyph-bloom_end.png	apps/client/src/data/preludeAct1Deliverables.ts
200	https://dgrsart.s3.us-east-2.amazonaws.com/cdn/client-public/art/rooms/prelude/room-galley.png	apps/client/src/data/preludeAct1Deliverables.ts
200	https://dgrsart.s3.us-east-2.amazonaws.com/cdn/client-public/art/rooms/prelude/room-comms-array.webp	apps/client/src/data/preludeAct1Deliverables.ts
200	https://dgrsart.s3.us-east-2.amazonaws.com/cdn/client-public/art/vfx/prelude/enigma-hand-on-rim_frame.webp	apps/client/src/data/preludeAct1Deliverables.ts
200	https://dgrsart.s3.us-east-2.amazonaws.com/cdn/client-public/art/vfx/prelude/holo-pedestal-bloom_end.webp	apps/client/src/data/preludeAct1Deliverables.ts
200	https://dgrsart.s3.us-east-2.amazonaws.com/cdn/client-public/art/vfx/prelude/iris-hatch-open_closed.png	apps/client/src/data/preludeAct1Deliverables.ts
200	https://dgrsart.s3.us-east-2.amazonaws.com/cdn/client-public/art/rooms/prelude/room-cryo-bay.png	apps/client/src/data/preludeAct1Deliverables.ts
200	https://dgrsart.s3.us-east-2.amazonaws.com/cdn/client-public/art/rooms/prelude/room-engineering-bay.png	apps/client/src/data/preludeAct1Deliverables.ts
200	https://dgrsart.s3.us-east-2.amazonaws.com/cdn/client-public/art/rooms/prelude/room-medical-bay.webp	apps/client/src/data/preludeAct1Deliverables.ts
200	https://dgrsart.s3.us-east-2.amazonaws.com/cdn/client-public/art/rooms/prelude/room-corridor.webp	apps/client/src/data/preludeAct1Deliverables.ts
200	https://dgrsart.s3.us-east-2.amazonaws.com/cdn/client-public/art/rooms/prelude/room-captains-quarters.png	apps/client/src/data/preludeAct1Deliverables.ts
200	https://dgrsart.s3.us-east-2.amazonaws.com/cdn/client-public/art/rooms/prelude/room-cargo-hold.png	apps/client/src/data/preludeAct1Deliverables.ts
200	https://dgrsart.s3.us-east-2.amazonaws.com/cdn/client-public/art/vfx/prelude/iris-hatch-open_closed.webp	apps/client/src/data/preludeAct1Deliverables.ts
200	https://dgrsart.s3.us-east-2.amazonaws.com/cdn/client-public/art/vfx/prelude/memo-paper-drift_frame.webp	apps/client/src/data/preludeAct1Deliverables.ts
200	https://dgrsart.s3.us-east-2.amazonaws.com/cdn/client-public/art/rooms/prelude/room-cryo-bay.webp	apps/client/src/data/preludeAct1Deliverables.ts
200	https://dgrsart.s3.us-east-2.amazonaws.com/cdn/client-public/art/vfx/prelude/memo-holo-rise_end.png	apps/client/src/data/preludeAct1Deliverables.ts
200	https://dgrsart.s3.us-east-2.amazonaws.com/cdn/client-public/art/rooms/prelude/room-bridge.png	apps/client/src/data/preludeAct1Deliverables.ts
200	https://dgrsart.s3.us-east-2.amazonaws.com/cdn/client-public/art/rooms/prelude/room-armory.webp	apps/client/src/data/preludeAct1Deliverables.ts
200	https://dgrsart.s3.us-east-2.amazonaws.com/cdn/client-public/art/vfx/prelude/holo-pedestal-bloom_end.png	apps/client/src/data/preludeAct1Deliverables.ts
200	https://dgrsart.s3.us-east-2.amazonaws.com/cdn/client-public/art/rooms/prelude/room-briefing-room.webp	apps/client/src/data/preludeAct1Deliverables.ts
200	https://dgrsart.s3.us-east-2.amazonaws.com/cdn/client-public/art/vfx/prelude/memo-holo-rise_end.webp	apps/client/src/data/preludeAct1Deliverables.ts
200	https://dgrsart.s3.us-east-2.amazonaws.com/cdn/client-public/art/rooms/prelude/room-briefing-room.png	apps/client/src/data/preludeAct1Deliverables.ts
200	https://dgrsart.s3.us-east-2.amazonaws.com/cdn/client-public/art/rooms/prelude/room-medical-bay.png	apps/client/src/data/preludeAct1Deliverables.ts
200	https://dgrsart.s3.us-east-2.amazonaws.com/cdn/client-public/art/rooms/prelude/room-captains-quarters.webp	apps/client/src/data/preludeAct1Deliverables.ts
200	https://dgrsart.s3.us-east-2.amazonaws.com/cdn/client-public/art/rooms/prelude/room-corridor.png	apps/client/src/data/preludeAct1Deliverables.ts
200	https://dgrsart.s3.us-east-2.amazonaws.com/cdn/client-public/art/rooms/prelude/room-comms-array.png	apps/client/src/data/preludeAct1Deliverables.ts
200	https://dgrsart.s3.us-east-2.amazonaws.com/cdn/client-public/art/rooms/prelude/room-bridge.webp	apps/client/src/data/preludeAct1Deliverables.ts
200	https://dgrsart.s3.us-east-2.amazonaws.com/cdn/client-public/art/rooms/prelude/room-armory.png	apps/client/src/data/preludeAct1Deliverables.ts
200	https://dgrsart.s3.us-east-2.amazonaws.com/cdn/client-public/art/rooms/prelude/room-archives.webp	apps/client/src/data/preludeAct1Deliverables.ts
200	https://dgrsart.s3.us-east-2.amazonaws.com/cdn/client-public/art/cutscenes/act1/act1-tavern-arrival_start.png	apps/client/src/data/preludeAct1Deliverables.ts
200	https://dgrsart.s3.us-east-2.amazonaws.com/cdn/client-public/art/cutscenes/act1/act1-tavern-arrival_end.webp	apps/client/src/data/preludeAct1Deliverables.ts
200	https://dgrsart.s3.us-east-2.amazonaws.com/cdn/client-public/art/cutscenes/act1/act1-tavern-arrival_start.webp	apps/client/src/data/preludeAct1Deliverables.ts
200	https://dgrsart.s3.us-east-2.amazonaws.com/cdn/client-public/art/cutscenes/act1/act1-tavern-arrival_end.png	apps/client/src/data/preludeAct1Deliverables.ts
200	https://dgrsart.s3.us-east-2.amazonaws.com/cdn/client-public/art/cutscenes/act1/act1-arena-challenge_start.png	apps/client/src/data/preludeAct1Deliverables.ts
200	https://dgrsart.s3.us-east-2.amazonaws.com/cdn/client-public/art/rooms/prelude/room-archives.png	apps/client/src/data/preludeAct1Deliverables.ts
200	https://dgrsart.s3.us-east-2.amazonaws.com/cdn/client-public/art/battlefields/act1/bf-tavern-brawl.png	apps/client/src/data/preludeAct1Deliverables.ts
200	https://dgrsart.s3.us-east-2.amazonaws.com/cdn/client-public/art/cutscenes/act1/act1-arena-challenge_end.png	apps/client/src/data/preludeAct1Deliverables.ts
200	https://dgrsart.s3.us-east-2.amazonaws.com/cdn/client-public/art/rooms/act1/room-dockyard.png	apps/client/src/data/preludeAct1Deliverables.ts
200	https://dgrsart.s3.us-east-2.amazonaws.com/cdn/client-public/art/cutscenes/act1/act1-council-revelation_start.png	apps/client/src/data/preludeAct1Deliverables.ts
200	https://dgrsart.s3.us-east-2.amazonaws.com/cdn/client-public/art/cutscenes/act1/act1-arena-challenge_start.webp	apps/client/src/data/preludeAct1Deliverables.ts
200	https://dgrsart.s3.us-east-2.amazonaws.com/cdn/client-public/art/cutscenes/act1/act1-council-revelation_end.webp	apps/client/src/data/preludeAct1Deliverables.ts
200	https://dgrsart.s3.us-east-2.amazonaws.com/cdn/client-public/art/battlefields/act1/bf-underground-forge.png	apps/client/src/data/preludeAct1Deliverables.ts
200	https://dgrsart.s3.us-east-2.amazonaws.com/cdn/client-public/art/rooms/act1/room-arena-lobby.webp	apps/client/src/data/preludeAct1Deliverables.ts
200	https://dgrsart.s3.us-east-2.amazonaws.com/cdn/client-public/art/rooms/act1/room-arena-lobby.png	apps/client/src/data/preludeAct1Deliverables.ts
200	https://dgrsart.s3.us-east-2.amazonaws.com/cdn/client-public/art/battlefields/act1/bf-garden-ruins.webp	apps/client/src/data/preludeAct1Deliverables.ts
200	https://dgrsart.s3.us-east-2.amazonaws.com/cdn/client-public/art/cutscenes/act1/act1-council-revelation_end.png	apps/client/src/data/preludeAct1Deliverables.ts
200	https://dgrsart.s3.us-east-2.amazonaws.com/cdn/client-public/art/rooms/act1/room-market-square.png	apps/client/src/data/preludeAct1Deliverables.ts
200	https://dgrsart.s3.us-east-2.amazonaws.com/cdn/client-public/art/cutscenes/act1/act1-arena-challenge_end.webp	apps/client/src/data/preludeAct1Deliverables.ts
200	https://dgrsart.s3.us-east-2.amazonaws.com/cdn/client-public/art/battlefields/act1/bf-arena-pit.png	apps/client/src/data/preludeAct1Deliverables.ts
200	https://dgrsart.s3.us-east-2.amazonaws.com/cdn/client-public/art/rooms/act1/room-dockyard.webp	apps/client/src/data/preludeAct1Deliverables.ts
200	https://dgrsart.s3.us-east-2.amazonaws.com/cdn/client-public/art/cutscenes/act1/act1-council-revelation_start.webp	apps/client/src/data/preludeAct1Deliverables.ts
200	https://dgrsart.s3.us-east-2.amazonaws.com/cdn/client-public/art/rooms/act1/room-council-chamber.webp	apps/client/src/data/preludeAct1Deliverables.ts
200	https://dgrsart.s3.us-east-2.amazonaws.com/cdn/client-public/art/rooms/act1/room-council-chamber.png	apps/client/src/data/preludeAct1Deliverables.ts
200	https://dgrsart.s3.us-east-2.amazonaws.com/cdn/client-public/art/battlefields/act1/bf-arena-pit.webp	apps/client/src/data/preludeAct1Deliverables.ts
200	https://dgrsart.s3.us-east-2.amazonaws.com/cdn/client-public/art/battlefields/act1/bf-dockyard-platform.webp	apps/client/src/data/preludeAct1Deliverables.ts
200	https://dgrsart.s3.us-east-2.amazonaws.com/cdn/client-public/art/rooms/act1/room-tavern.png	apps/client/src/data/preludeAct1Deliverables.ts
200	https://dgrsart.s3.us-east-2.amazonaws.com/cdn/client-public/art/battlefields/act1/bf-rooftop-chase.webp	apps/client/src/data/preludeAct1Deliverables.ts
200	https://dgrsart.s3.us-east-2.amazonaws.com/cdn/client-public/art/battlefields/act1/bf-void-bridge.webp	apps/client/src/data/preludeAct1Deliverables.ts
200	https://dgrsart.s3.us-east-2.amazonaws.com/cdn/client-public/art/rooms/act1/room-tavern.webp	apps/client/src/data/preludeAct1Deliverables.ts
200	https://dgrsart.s3.us-east-2.amazonaws.com/cdn/client-public/art/portraits/act1/portrait-human.webp	apps/client/src/data/preludeAct1Deliverables.ts
200	https://dgrsart.s3.us-east-2.amazonaws.com/cdn/client-public/art/battlefields/act1/bf-garden-ruins.png	apps/client/src/data/preludeAct1Deliverables.ts
200	https://dgrsart.s3.us-east-2.amazonaws.com/cdn/client-public/art/portraits/act1/portrait-elara.png	apps/client/src/data/preludeAct1Deliverables.ts
200	https://dgrsart.s3.us-east-2.amazonaws.com/cdn/client-public/art/portraits/act1/portrait-enigma.png	apps/client/src/data/preludeAct1Deliverables.ts
200	https://dgrsart.s3.us-east-2.amazonaws.com/cdn/client-public/art/portraits/act1/portrait-elara.webp	apps/client/src/data/preludeAct1Deliverables.ts
200	https://dgrsart.s3.us-east-2.amazonaws.com/cdn/client-public/art/battlefields/act1/bf-underground-forge.webp	apps/client/src/data/preludeAct1Deliverables.ts
200	https://dgrsart.s3.us-east-2.amazonaws.com/cdn/client-public/art/battlefields/act1/bf-ship-corridor.png	apps/client/src/data/preludeAct1Deliverables.ts
200	https://dgrsart.s3.us-east-2.amazonaws.com/cdn/client-public/art/portraits/act1/portrait-engineer.webp	apps/client/src/data/preludeAct1Deliverables.ts
200	https://dgrsart.s3.us-east-2.amazonaws.com/cdn/client-public/art/battlefields/act1/bf-tavern-brawl.webp	apps/client/src/data/preludeAct1Deliverables.ts
200	https://dgrsart.s3.us-east-2.amazonaws.com/cdn/client-public/art/battlefields/act1/bf-market-alley.webp	apps/client/src/data/preludeAct1Deliverables.ts
200	https://dgrsart.s3.us-east-2.amazonaws.com/cdn/client-public/art/rooms/act1/room-market-square.webp	apps/client/src/data/preludeAct1Deliverables.ts
200	https://dgrsart.s3.us-east-2.amazonaws.com/cdn/client-public/art/battlefields/act1/bf-council-floor.png	apps/client/src/data/preludeAct1Deliverables.ts
200	https://dgrsart.s3.us-east-2.amazonaws.com/cdn/client-public/art/battlefields/act1/bf-ship-corridor.webp	apps/client/src/data/preludeAct1Deliverables.ts
200	https://dgrsart.s3.us-east-2.amazonaws.com/cdn/client-public/art/portraits/act1/portrait-human.png	apps/client/src/data/preludeAct1Deliverables.ts
200	https://dgrsart.s3.us-east-2.amazonaws.com/cdn/client-public/art/battlefields/act1/bf-council-floor.webp	apps/client/src/data/preludeAct1Deliverables.ts
200	https://dgrsart.s3.us-east-2.amazonaws.com/cdn/client-public/art/portraits/act1/portrait-warlord.png	apps/client/src/data/preludeAct1Deliverables.ts
200	https://dgrsart.s3.us-east-2.amazonaws.com/cdn/client-public/art/battlefields/act1/bf-rooftop-chase.png	apps/client/src/data/preludeAct1Deliverables.ts
200	https://dgrsart.s3.us-east-2.amazonaws.com/cdn/client-public/art/battlefields/act1/bf-market-alley.png	apps/client/src/data/preludeAct1Deliverables.ts
200	https://dgrsart.s3.us-east-2.amazonaws.com/cdn/client-public/art/portraits/act1/portrait-gamemaster.png	apps/client/src/data/preludeAct1Deliverables.ts
200	https://dgrsart.s3.us-east-2.amazonaws.com/cdn/client-public/art/battlefields/act1/bf-void-bridge.png	apps/client/src/data/preludeAct1Deliverables.ts
200	https://dgrsart.s3.us-east-2.amazonaws.com/cdn/client-public/art/portraits/act1/portrait-enigma.webp	apps/client/src/data/preludeAct1Deliverables.ts
200	https://dgrsart.s3.us-east-2.amazonaws.com/cdn/client-public/art/portraits/act1/portrait-engineer.png	apps/client/src/data/preludeAct1Deliverables.ts
200	https://dgrsart.s3.us-east-2.amazonaws.com/cdn/client-public/art/portraits/act1/portrait-gamemaster.webp	apps/client/src/data/preludeAct1Deliverables.ts
200	https://dgrsart.s3.us-east-2.amazonaws.com/cdn/client-public/art/portraits/act1/portrait-agent-zero.webp	apps/client/src/data/preludeAct1Deliverables.ts
200	https://dgrsart.s3.us-east-2.amazonaws.com/cdn/client-public/art/battlefields/act1/bf-dockyard-platform.png	apps/client/src/data/preludeAct1Deliverables.ts
200	https://dgrsart.s3.us-east-2.amazonaws.com/cdn/client-public/art/portraits/act1/portrait-necromancer.png	apps/client/src/data/preludeAct1Deliverables.ts
200	https://dgrsart.s3.us-east-2.amazonaws.com/cdn/client-public/art/portraits/act1/portrait-warlord.webp	apps/client/src/data/preludeAct1Deliverables.ts
200	https://dgrsart.s3.us-east-2.amazonaws.com/cdn/client-public/art/portraits/act1/portrait-watcher.webp	apps/client/src/data/preludeAct1Deliverables.ts
200	https://dgrsart.s3.us-east-2.amazonaws.com/cdn/client-public/art/portraits/act1/portrait-iron-lion.png	apps/client/src/data/preludeAct1Deliverables.ts
200	https://dgrsart.s3.us-east-2.amazonaws.com/cdn/client-public/art/portraits/act1/portrait-iron-lion.webp	apps/client/src/data/preludeAct1Deliverables.ts
200	https://dgrsart.s3.us-east-2.amazonaws.com/cdn/client-public/art/portraits/act1/portrait-collector.png	apps/client/src/data/preludeAct1Deliverables.ts
200	https://dgrsart.s3.us-east-2.amazonaws.com/cdn/client-public/art/cards/act1/card-dodge.png	apps/client/src/data/preludeAct1Deliverables.ts
200	https://dgrsart.s3.us-east-2.amazonaws.com/cdn/client-public/art/cards/act1/card-fireball.webp	apps/client/src/data/preludeAct1Deliverables.ts
200	https://dgrsart.s3.us-east-2.amazonaws.com/cdn/client-public/art/portraits/act1/portrait-agent-zero.png	apps/client/src/data/preludeAct1Deliverables.ts
200	https://dgrsart.s3.us-east-2.amazonaws.com/cdn/client-public/art/portraits/act1/portrait-meme.png	apps/client/src/data/preludeAct1Deliverables.ts
200	https://dgrsart.s3.us-east-2.amazonaws.com/cdn/client-public/art/portraits/act1/portrait-degen.png	apps/client/src/data/preludeAct1Deliverables.ts
200	https://dgrsart.s3.us-east-2.amazonaws.com/cdn/client-public/art/cards/act1/card-shield-bash.png	apps/client/src/data/preludeAct1Deliverables.ts
200	https://dgrsart.s3.us-east-2.amazonaws.com/cdn/client-public/art/portraits/act1/portrait-meme.webp	apps/client/src/data/preludeAct1Deliverables.ts
200	https://dgrsart.s3.us-east-2.amazonaws.com/cdn/client-public/art/portraits/act1/portrait-seer.png	apps/client/src/data/preludeAct1Deliverables.ts
200	https://dgrsart.s3.us-east-2.amazonaws.com/cdn/client-public/art/portraits/act1/portrait-collector.webp	apps/client/src/data/preludeAct1Deliverables.ts
200	https://dgrsart.s3.us-east-2.amazonaws.com/cdn/client-public/art/portraits/act1/portrait-degen.webp	apps/client/src/data/preludeAct1Deliverables.ts
200	https://dgrsart.s3.us-east-2.amazonaws.com/cdn/client-public/art/cards/act1/card-mind-control.png	apps/client/src/data/preludeAct1Deliverables.ts
200	https://dgrsart.s3.us-east-2.amazonaws.com/cdn/client-public/art/portraits/act1/portrait-seer.webp	apps/client/src/data/preludeAct1Deliverables.ts
200	https://dgrsart.s3.us-east-2.amazonaws.com/cdn/client-public/art/cards/act1/card-ice-wall.png	apps/client/src/data/preludeAct1Deliverables.ts
200	https://dgrsart.s3.us-east-2.amazonaws.com/cdn/client-public/art/cards/act1/card-shadow-bolt.webp	apps/client/src/data/preludeAct1Deliverables.ts
200	https://dgrsart.s3.us-east-2.amazonaws.com/cdn/client-public/art/cards/act1/card-dodge.webp	apps/client/src/data/preludeAct1Deliverables.ts
200	https://dgrsart.s3.us-east-2.amazonaws.com/cdn/client-public/art/portraits/act1/portrait-necromancer.webp	apps/client/src/data/preludeAct1Deliverables.ts
200	https://dgrsart.s3.us-east-2.amazonaws.com/cdn/client-public/art/cards/act1/card-ice-wall.webp	apps/client/src/data/preludeAct1Deliverables.ts
200	https://dgrsart.s3.us-east-2.amazonaws.com/cdn/client-public/art/cards/act1/card-slash.webp	apps/client/src/data/preludeAct1Deliverables.ts
200	https://dgrsart.s3.us-east-2.amazonaws.com/cdn/client-public/art/cards/act1/card-strike.webp	apps/client/src/data/preludeAct1Deliverables.ts
200	https://dgrsart.s3.us-east-2.amazonaws.com/cdn/client-public/art/cards/act1/card-poison.webp	apps/client/src/data/preludeAct1Deliverables.ts
200	https://dgrsart.s3.us-east-2.amazonaws.com/cdn/client-public/art/cards/act1/card-heal.webp	apps/client/src/data/preludeAct1Deliverables.ts
200	https://dgrsart.s3.us-east-2.amazonaws.com/cdn/client-public/art/portraits/act1/portrait-watcher.png	apps/client/src/data/preludeAct1Deliverables.ts
200	https://dgrsart.s3.us-east-2.amazonaws.com/cdn/client-public/art/cards/act1/card-strike.png	apps/client/src/data/preludeAct1Deliverables.ts
403	https://dgrsart.s3.us-east-2.amazonaws.com/cdn/casino	literal-dgrsart-url
200	https://dgrsart.s3.us-east-2.amazonaws.com/cdn/client-public/art/cards/act1/card-poison.png	apps/client/src/data/preludeAct1Deliverables.ts
403	https://dgrsart.s3.us-east-2.amazonaws.com/cabin-art/backgrounds	literal-dgrsart-url
200	https://dgrsart.s3.us-east-2.amazonaws.com/cdn/client-public/art/cards/act1/card-shield-bash.webp	apps/client/src/data/preludeAct1Deliverables.ts
403	https://dgrsart.s3.us-east-2.amazonaws.com/cabin-art/items	literal-dgrsart-url
200	https://dgrsart.s3.us-east-2.amazonaws.com/cdn/client-public/art/cards/act1/card-trap.webp	apps/client/src/data/preludeAct1Deliverables.ts
200	https://dgrsart.s3.us-east-2.amazonaws.com/cdn/client-public/art/cutscenes/chess_tutorial/cs_chess_tut_g1_intro_start.png	literal-dgrsart-url
200	https://dgrsart.s3.us-east-2.amazonaws.com/cdn/client-public/art/cards/act1/card-shadow-bolt.png	apps/client/src/data/preludeAct1Deliverables.ts
200	https://dgrsart.s3.us-east-2.amazonaws.com/cdn/client-public/art/cards/act1/card-mind-control.webp	apps/client/src/data/preludeAct1Deliverables.ts
403	https://dgrsart.s3.us-east-2.amazonaws.com/cdn/client-public	literal-dgrsart-url
200	https://dgrsart.s3.us-east-2.amazonaws.com/cdn/client-public/art/cards/act1/card-heal.png	apps/client/src/data/preludeAct1Deliverables.ts
200	https://dgrsart.s3.us-east-2.amazonaws.com/cdn/client-public/art/cards/act1/card-slash.png	apps/client/src/data/preludeAct1Deliverables.ts
200	https://dgrsart.s3.us-east-2.amazonaws.com/cdn/client-public/art/cards/act1/card-fireball.png	apps/client/src/data/preludeAct1Deliverables.ts
403	https://dgrsart.s3.us-east-2.amazonaws.com/cdn/client-public/art/recruits/akai_shi_neutral.webp	literal-dgrsart-url
403	https://dgrsart.s3.us-east-2.amazonaws.com/cdn/client-public/art/recruits/akai_shi_considered.webp	literal-dgrsart-url
200	https://dgrsart.s3.us-east-2.amazonaws.com/cdn/client-public/art/cards/act1/card-void-rift.webp	apps/client/src/data/preludeAct1Deliverables.ts
200	https://dgrsart.s3.us-east-2.amazonaws.com/cdn/client-public/art/cutscenes/berth/cs_berth_sleep_start.png	literal-dgrsart-url
200	https://dgrsart.s3.us-east-2.amazonaws.com/cdn/client-public/art/cards/act1/card-lightning-chain.png	apps/client/src/data/preludeAct1Deliverables.ts
200	https://dgrsart.s3.us-east-2.amazonaws.com/cdn/client-public/art/cutscenes/forge/cs_forge_failure_start.png	literal-dgrsart-url
200	https://dgrsart.s3.us-east-2.amazonaws.com/cdn/client-public/art/cards/act1/card-trap.png	apps/client/src/data/preludeAct1Deliverables.ts
200	https://dgrsart.s3.us-east-2.amazonaws.com/cdn/client-public/art/cards/act1/card-lightning-chain.webp	apps/client/src/data/preludeAct1Deliverables.ts
200	https://dgrsart.s3.us-east-2.amazonaws.com/cdn/client-public/art/cutscenes/forge/cs_forge_first_creation.mp4	literal-dgrsart-url
403	https://dgrsart.s3.us-east-2.amazonaws.com/cdn/client-public/	literal-dgrsart-url
403	https://dgrsart.s3.us-east-2.amazonaws.com/cdn/client-public/art/recruits/wraith_calder_base.webp	literal-dgrsart-url
200	https://dgrsart.s3.us-east-2.amazonaws.com/cdn/client-public/art/cutscenes/forge/cs_forge_first_start.png	literal-dgrsart-url
403	https://dgrsart.s3.us-east-2.amazonaws.com/cdn/client-public/art/recruits/akai_shi_base.webp	literal-dgrsart-url
200	https://dgrsart.s3.us-east-2.amazonaws.com/cdn/client-public/art/cards/act1/card-void-rift.png	apps/client/src/data/preludeAct1Deliverables.ts
200	https://dgrsart.s3.us-east-2.amazonaws.com/cdn/client-public/art/cards/act1/card-back.webp	apps/client/src/data/preludeAct1Deliverables.ts
200	https://dgrsart.s3.us-east-2.amazonaws.com/cdn/client-public/art/rooms/cryo_bay/state_tv_spreading.png	literal-dgrsart-url
200	https://dgrsart.s3.us-east-2.amazonaws.com/cdn/client-public/art/cards/act1/card-back.png	apps/client/src/data/preludeAct1Deliverables.ts
403	https://dgrsart.s3.us-east-2.amazonaws.com/cdn/client-public/art/recruits/jericho_jones_neutral.webp	literal-dgrsart-url
403	https://dgrsart.s3.us-east-2.amazonaws.com/cdn/client-public/art/recruits/akai_shi_vulnerable.webp	literal-dgrsart-url
403	https://dgrsart.s3.us-east-2.amazonaws.com/cdn/client-public/art/recruits/akai_shi_wary.webp	literal-dgrsart-url
403	https://dgrsart.s3.us-east-2.amazonaws.com/cdn/client-public/art/recruits/jericho_jones_considered.webp	literal-dgrsart-url
403	https://dgrsart.s3.us-east-2.amazonaws.com/cdn/client-public/art/recruits/jericho_jones_vulnerable.webp	literal-dgrsart-url
403	https://dgrsart.s3.us-east-2.amazonaws.com/cdn/client-public/art/recruits/wraith_calder_warm.webp	literal-dgrsart-url
403	https://dgrsart.s3.us-east-2.amazonaws.com/cdn/client-public/art/recruits/vex_solene_vulnerable.webp	literal-dgrsart-url
403	https://dgrsart.s3.us-east-2.amazonaws.com/cdn/client-public/art/recruits/wraith_calder_considered.webp	literal-dgrsart-url
403	https://dgrsart.s3.us-east-2.amazonaws.com/cdn/client-public/art/recruits/wraith_calder_neutral.webp	literal-dgrsart-url
403	https://dgrsart.s3.us-east-2.amazonaws.com/cdn/client-public/art/recruits/vex_solene_neutral.webp	literal-dgrsart-url
403	https://dgrsart.s3.us-east-2.amazonaws.com/cdn/client-public/art/recruits/vex_solene_base.webp	literal-dgrsart-url
403	https://dgrsart.s3.us-east-2.amazonaws.com/cdn/client-public/art/slideshows/album2/T06/T06_00_title.webp	literal-dgrsart-url
403	https://dgrsart.s3.us-east-2.amazonaws.com/cdn/client-public/art/slideshows/album4/T03/T03_00_title.webp	literal-dgrsart-url
403	https://dgrsart.s3.us-east-2.amazonaws.com/cdn/client-public/art/slideshows/album4/T05/T05_00_title.webp	literal-dgrsart-url
403	https://dgrsart.s3.us-east-2.amazonaws.com/cdn/client-public/art/portraits/master_faces/elara.png	literal-dgrsart-url
200	https://dgrsart.s3.us-east-2.amazonaws.com/cdn/client-public/art/slideshows/album1/T16/T16_00_title.webp	literal-dgrsart-url
403	https://dgrsart.s3.us-east-2.amazonaws.com/cdn/client-public/art/recruits/jericho_jones_wary.webp	literal-dgrsart-url
403	https://dgrsart.s3.us-east-2.amazonaws.com/cdn/client-public/art/recruits/akai_shi_warm.webp	literal-dgrsart-url
200	https://dgrsart.s3.us-east-2.amazonaws.com/cdn/client-public/art/rooms/cryo_bay/baseline.png	literal-dgrsart-url
403	https://dgrsart.s3.us-east-2.amazonaws.com/cdn/client-public/art/slideshows/album4/T04/T04_00_title.webp	literal-dgrsart-url
403	https://dgrsart.s3.us-east-2.amazonaws.com/cdn/client-public/art/recruits/jericho_jones_base.webp	literal-dgrsart-url
403	https://dgrsart.s3.us-east-2.amazonaws.com/cdn/client-public/art/recruits/jericho_jones_warm.webp	literal-dgrsart-url
403	https://dgrsart.s3.us-east-2.amazonaws.com/cdn/client-public/art/recruits/wraith_calder_vulnerable.webp	literal-dgrsart-url
403	https://dgrsart.s3.us-east-2.amazonaws.com/cdn/client-public/art/recruits/vex_solene_warm.webp	literal-dgrsart-url
200	https://dgrsart.s3.us-east-2.amazonaws.com/cdn/client-public/art/slideshows/album5/T02/sih_t02_f01.webp	literal-dgrsart-url
403	https://dgrsart.s3.us-east-2.amazonaws.com/cdn/client-public/art/slideshows/album4/T08/T08_00_title.webp	literal-dgrsart-url
200	https://dgrsart.s3.us-east-2.amazonaws.com/cdn/client-public/art/slideshows/album5/T03/sih_t03_f01.webp	literal-dgrsart-url
200	https://dgrsart.s3.us-east-2.amazonaws.com/cdn/client-public/art/slideshows/album5/T06/sih_t06_f01.webp	literal-dgrsart-url
403	https://dgrsart.s3.us-east-2.amazonaws.com/cdn/client-public/art/slideshows/album4/T10/T10_00_title.webp	literal-dgrsart-url
403	https://dgrsart.s3.us-east-2.amazonaws.com/cdn/client-public/art/slideshows/album4/T02/T02_00_title.webp	literal-dgrsart-url
403	https://dgrsart.s3.us-east-2.amazonaws.com/cdn/client-public/art/recruits/vex_solene_considered.webp	literal-dgrsart-url
403	https://dgrsart.s3.us-east-2.amazonaws.com/cdn/client-public/art/recruits/vex_solene_wary.webp	literal-dgrsart-url
403	https://dgrsart.s3.us-east-2.amazonaws.com/cdn/client-public/art/slideshows/album4/T06/T06_00_title.webp	literal-dgrsart-url
200	https://dgrsart.s3.us-east-2.amazonaws.com/cdn/client-public/art/slideshows/album1/T01/T01_00_title.webp	literal-dgrsart-url
200	https://dgrsart.s3.us-east-2.amazonaws.com/cdn/client-public/art/slideshows/album5/T01/sih_t01_f01.webp	literal-dgrsart-url
200	https://dgrsart.s3.us-east-2.amazonaws.com/cdn/client-public/art/slideshows/album5/T05/sih_t05_f01.webp	literal-dgrsart-url
403	https://dgrsart.s3.us-east-2.amazonaws.com/cdn/client-public/art/slideshows/album2/T15/T15_00_title.webp	literal-dgrsart-url
200	https://dgrsart.s3.us-east-2.amazonaws.com/cdn/client-public/art/slideshows/album5/T08/sih_t08_f01.webp	literal-dgrsart-url
200	https://dgrsart.s3.us-east-2.amazonaws.com/cdn/client-public/art/slideshows/album5/T04/sih_t04_f01.webp	literal-dgrsart-url
403	https://dgrsart.s3.us-east-2.amazonaws.com/cdn/client-public/art/recruits/wraith_calder_wary.webp	literal-dgrsart-url
403	https://dgrsart.s3.us-east-2.amazonaws.com/cdn/client-public/art/slideshows/album4/T07/T07_00_title.webp	literal-dgrsart-url
403	https://dgrsart.s3.us-east-2.amazonaws.com/cdn/client-public/art/slideshows/album2/T05/T05_00_title.webp	literal-dgrsart-url
200	https://dgrsart.s3.us-east-2.amazonaws.com/cdn/client-public/art/slideshows/album5/T11/sih_t11_f01.webp	literal-dgrsart-url
200	https://dgrsart.s3.us-east-2.amazonaws.com/cdn/client-public/art/slideshows/album5/T15/sih_t15_f01.webp	literal-dgrsart-url
403	https://dgrsart.s3.us-east-2.amazonaws.com/cdn/client-public/art/slideshows/album4/T01/T01_00_title.webp	literal-dgrsart-url
200	https://dgrsart.s3.us-east-2.amazonaws.com/cdn/client-public/art/slideshows/album5/T12/sih_t12_f01.webp	literal-dgrsart-url
200	https://dgrsart.s3.us-east-2.amazonaws.com/cdn/client-public/art/slideshows/album5/T10/sih_t10_f01.webp	literal-dgrsart-url
403	https://dgrsart.s3.us-east-2.amazonaws.com/cdn/client-public/art/slideshows/album4/T09/T09_00_title.webp	literal-dgrsart-url
200	https://dgrsart.s3.us-east-2.amazonaws.com/cdn/client-public/art/slideshows/album5/T19/sih_t19_f01.webp	literal-dgrsart-url
200	https://dgrsart.s3.us-east-2.amazonaws.com/cdn/client-public/art/slideshows/album5/T09/sih_t09_f01.webp	literal-dgrsart-url
200	https://dgrsart.s3.us-east-2.amazonaws.com/cdn/client-public/art/slideshows/album5/T07/sih_t07_f01.webp	literal-dgrsart-url
200	https://dgrsart.s3.us-east-2.amazonaws.com/cdn/client-public/art/slideshows/album5/T16/sih_t16_f01.webp	literal-dgrsart-url
200	https://dgrsart.s3.us-east-2.amazonaws.com/cdn/client-public/art/slideshows/album5/T14/sih_t14_f01.webp	literal-dgrsart-url
200	https://dgrsart.s3.us-east-2.amazonaws.com/cdn/client-public/art/slideshows/album5/T13/sih_t13_f01.webp	literal-dgrsart-url
200	https://dgrsart.s3.us-east-2.amazonaws.com/cdn/client-public/art/slideshows/album5/T18/sih_t18_f01.webp	literal-dgrsart-url
200	https://dgrsart.s3.us-east-2.amazonaws.com/cdn/client-public/art/slideshows/album5/T25/sih_t25_f01.webp	literal-dgrsart-url
200	https://dgrsart.s3.us-east-2.amazonaws.com/cdn/client-public/art/slideshows/album5/T29/sih_t29_f01.webp	literal-dgrsart-url
200	https://dgrsart.s3.us-east-2.amazonaws.com/cdn/client-public/art/slideshows/album5/T17/sih_t17_f01.webp	literal-dgrsart-url
200	https://dgrsart.s3.us-east-2.amazonaws.com/cdn/client-public/art/slideshows/album5/T21/sih_t21_f01.webp	literal-dgrsart-url
200	https://dgrsart.s3.us-east-2.amazonaws.com/cdn/client-public/art/slideshows/album5/T20/sih_t20_f01.webp	literal-dgrsart-url
200	https://dgrsart.s3.us-east-2.amazonaws.com/cdn/client-public/art/slideshows/album5/T24/sih_t24_f01.webp	literal-dgrsart-url
200	https://dgrsart.s3.us-east-2.amazonaws.com/cdn/client-public/art/slideshows/album5/T22/sih_t22_f01.webp	literal-dgrsart-url
200	https://dgrsart.s3.us-east-2.amazonaws.com/cdn/client-public/art/slideshows/album5/T31/sih_t31_f01.webp	literal-dgrsart-url
200	https://dgrsart.s3.us-east-2.amazonaws.com/cdn/client-public/art/slideshows/album5/T28/sih_t28_f01.webp	literal-dgrsart-url
200	https://dgrsart.s3.us-east-2.amazonaws.com/cdn/client-public/art/slideshows/album5/T30/sih_t30_f01.webp	literal-dgrsart-url
200	https://dgrsart.s3.us-east-2.amazonaws.com/cdn/client-public/art/slideshows/album5/T23/sih_t23_f01.webp	literal-dgrsart-url
200	https://dgrsart.s3.us-east-2.amazonaws.com/cdn/client-public/art/slideshows/album5/T27/sih_t27_f01.webp	literal-dgrsart-url
200	https://dgrsart.s3.us-east-2.amazonaws.com/cdn/client-public/art/slideshows/album5/T26/sih_t26_f01.webp	literal-dgrsart-url
200	https://dgrsart.s3.us-east-2.amazonaws.com/cdn/client-public/art/slideshows/album5/T32/sih_t32_f01.webp	literal-dgrsart-url
200	https://dgrsart.s3.us-east-2.amazonaws.com/cdn/client-public/art/slideshows/album5/T35/sih_t35_f01.webp	literal-dgrsart-url
200	https://dgrsart.s3.us-east-2.amazonaws.com/cdn/client-public/audio/album1/T07.mp3	literal-dgrsart-url
200	https://dgrsart.s3.us-east-2.amazonaws.com/cdn/client-public/audio/album1/T08.mp3	literal-dgrsart-url
200	https://dgrsart.s3.us-east-2.amazonaws.com/cdn/client-public/audio/album1/T01.mp3	literal-dgrsart-url
200	https://dgrsart.s3.us-east-2.amazonaws.com/cdn/client-public/art/slideshows/album5/T33/sih_t33_f01.webp	literal-dgrsart-url
200	https://dgrsart.s3.us-east-2.amazonaws.com/cdn/client-public/art/slideshows/album5/T34/sih_t34_f01.webp	literal-dgrsart-url
200	https://dgrsart.s3.us-east-2.amazonaws.com/cdn/client-public/characters/gamemaster/bust_static.webp	literal-dgrsart-url
200	https://dgrsart.s3.us-east-2.amazonaws.com/cdn/client-public/audio/album1/T09.mp3	literal-dgrsart-url
200	https://dgrsart.s3.us-east-2.amazonaws.com/cdn/client-public/art/slideshows/album5/T37/sih_t37_f01.webp	literal-dgrsart-url
200	https://dgrsart.s3.us-east-2.amazonaws.com/cdn/client-public/audio/album1/T05.mp3	literal-dgrsart-url
200	https://dgrsart.s3.us-east-2.amazonaws.com/cdn/client-public/audio/album1/T04.mp3	literal-dgrsart-url
200	https://dgrsart.s3.us-east-2.amazonaws.com/cdn/client-public/audio/album1/T02.mp3	literal-dgrsart-url
200	https://dgrsart.s3.us-east-2.amazonaws.com/cdn/client-public/art/slideshows/album5/T36/sih_t36_f01.webp	literal-dgrsart-url
200	https://dgrsart.s3.us-east-2.amazonaws.com/cdn/client-public/characters/watcher/bust_static.webp	literal-dgrsart-url
200	https://dgrsart.s3.us-east-2.amazonaws.com/cdn/client-public/characters/degen/bust_static.webp	literal-dgrsart-url
403	https://dgrsart.s3.us-east-2.amazonaws.com/cdn/events/christmas_in_july_2026	literal-dgrsart-url
200	https://dgrsart.s3.us-east-2.amazonaws.com/cdn/silence-in-heaven/03-a-spark-that-cannot-be-silenced.mp3	literal-dgrsart-url
200	https://dgrsart.s3.us-east-2.amazonaws.com/cdn/silence-in-heaven/09-not-a-lion-but-a-lamb.mp3	literal-dgrsart-url
200	https://dgrsart.s3.us-east-2.amazonaws.com/cdn/silence-in-heaven/04-letters-to-the-remnant.mp3	literal-dgrsart-url
200	https://dgrsart.s3.us-east-2.amazonaws.com/cdn/client-public/characters/seer/bust_static.webp	literal-dgrsart-url
200	https://dgrsart.s3.us-east-2.amazonaws.com/cdn/client-public/characters/iron_lion/bust_static.webp	literal-dgrsart-url
200	https://dgrsart.s3.us-east-2.amazonaws.com/cdn/silence-in-heaven/13-how-long.mp3	literal-dgrsart-url
200	https://dgrsart.s3.us-east-2.amazonaws.com/cdn/client-public/audio/album1/T06.mp3	literal-dgrsart-url
200	https://dgrsart.s3.us-east-2.amazonaws.com/cdn/silence-in-heaven/02-new-babylon-goddamn.mp3	literal-dgrsart-url
200	https://dgrsart.s3.us-east-2.amazonaws.com/cdn/silence-in-heaven/01-in-the-beginning-was-the-word.mp3	literal-dgrsart-url
200	https://dgrsart.s3.us-east-2.amazonaws.com/cdn/client-public/characters/agent_zero/bust_static.webp	literal-dgrsart-url
200	https://dgrsart.s3.us-east-2.amazonaws.com/cdn/silence-in-heaven/14-the-two-witnesses.mp3	literal-dgrsart-url
200	https://dgrsart.s3.us-east-2.amazonaws.com/cdn/silence-in-heaven/10-behold.mp3	literal-dgrsart-url
200	https://dgrsart.s3.us-east-2.amazonaws.com/cdn/silence-in-heaven/05-a-conspiracy-of-hope.mp3	literal-dgrsart-url
200	https://dgrsart.s3.us-east-2.amazonaws.com/cdn/silence-in-heaven/07-the-door-that-was-shut.mp3	literal-dgrsart-url
200	https://dgrsart.s3.us-east-2.amazonaws.com/cdn/silence-in-heaven/17-a-third-of-the-world.mp3	literal-dgrsart-url
200	https://dgrsart.s3.us-east-2.amazonaws.com/cdn/silence-in-heaven/12-plead-the-fifth.mp3	literal-dgrsart-url
200	https://dgrsart.s3.us-east-2.amazonaws.com/cdn/silence-in-heaven/19-the-lie-that-looks-like-the-truth.mp3	literal-dgrsart-url
200	https://dgrsart.s3.us-east-2.amazonaws.com/cdn/silence-in-heaven/06-turn-back.mp3	literal-dgrsart-url
200	https://dgrsart.s3.us-east-2.amazonaws.com/cdn/silence-in-heaven/08-worthy.mp3	literal-dgrsart-url
200	https://dgrsart.s3.us-east-2.amazonaws.com/cdn/silence-in-heaven/11-and-the-world-adjusted.mp3	literal-dgrsart-url
200	https://dgrsart.s3.us-east-2.amazonaws.com/cdn/silence-in-heaven/25-the-resurrection-glitch.mp3	literal-dgrsart-url
200	https://dgrsart.s3.us-east-2.amazonaws.com/cdn/silence-in-heaven/15-and-the-empire-celebrated.mp3	literal-dgrsart-url
200	https://dgrsart.s3.us-east-2.amazonaws.com/cdn/silence-in-heaven/20-false-prophet.mp3	literal-dgrsart-url
200	https://dgrsart.s3.us-east-2.amazonaws.com/cdn/silence-in-heaven/22-sixth-sense.mp3	literal-dgrsart-url
200	https://dgrsart.s3.us-east-2.amazonaws.com/cdn/silence-in-heaven/32-the-fall-of-new-babylon.mp3	literal-dgrsart-url
200	https://dgrsart.s3.us-east-2.amazonaws.com/cdn/silence-in-heaven/21-here-is-wisdom.mp3	literal-dgrsart-url
200	https://dgrsart.s3.us-east-2.amazonaws.com/cdn/silence-in-heaven/35-make-all-things-new.mp3	literal-dgrsart-url
200	https://dgrsart.s3.us-east-2.amazonaws.com/cdn/silence-in-heaven/18-they-would-not-repent.mp3	literal-dgrsart-url
200	https://dgrsart.s3.us-east-2.amazonaws.com/cdn/silence-in-heaven/16-the-trumpets.mp3	literal-dgrsart-url
200	https://dgrsart.s3.us-east-2.amazonaws.com/cdn/silence-in-heaven/30-it-is-done.mp3	literal-dgrsart-url
200	https://dgrsart.s3.us-east-2.amazonaws.com/cdn/silence-in-heaven/37-the-story-is-yours-now.mp3	literal-dgrsart-url
200	https://dgrsart.s3.us-east-2.amazonaws.com/cdn/silence-in-heaven/23-breath-between-judgments.mp3	literal-dgrsart-url
200	https://dgrsart.s3.us-east-2.amazonaws.com/cdn/silence-in-heaven/24-silence-in-heaven.mp3	literal-dgrsart-url
200	https://dgrsart.s3.us-east-2.amazonaws.com/cdn/silence-in-heaven/33-heaven-stands-open.mp3	literal-dgrsart-url
200	https://dgrsart.s3.us-east-2.amazonaws.com/cdn/silence-in-heaven/27-the-sorting-of-souls.mp3	literal-dgrsart-url
200	https://dgrsart.s3.us-east-2.amazonaws.com/cdn/silence-in-heaven/34-faithful-and-true.mp3	literal-dgrsart-url
200	https://dgrsart.s3.us-east-2.amazonaws.com/cdn/silence-in-heaven/26-the-mark.mp3	literal-dgrsart-url
200	https://dgrsart.s3.us-east-2.amazonaws.com/cdn/silence-in-heaven/29-the-final-measure.mp3	literal-dgrsart-url
403	https://dgrsart.s3.us-east-2.amazonaws.com/page-backgrounds/STR-001_requisition-terminal.jpg	literal-dgrsart-url
200	https://dgrsart.s3.us-east-2.amazonaws.com/cdn/silence-in-heaven/28-the-harvest.mp3	literal-dgrsart-url
200	https://dgrsart.s3.us-east-2.amazonaws.com/cdn/silence-in-heaven/31-the-lament-of-kings-and-merchants.mp3	literal-dgrsart-url
403	https://dgrsart.s3.us-east-2.amazonaws.com/page-backgrounds/CHR-001_operative-dossier.jpg	literal-dgrsart-url
403	https://dgrsart.s3.us-east-2.amazonaws.com/page-backgrounds/MKT-001_marketplace.jpg	literal-dgrsart-url
403	https://dgrsart.s3.us-east-2.amazonaws.com/page-backgrounds/QST-001_mission-briefing.jpg	literal-dgrsart-url
403	https://dgrsart.s3.us-east-2.amazonaws.com/nilmorg-portraits	literal-dgrsart-url
200	https://dgrsart.s3.us-east-2.amazonaws.com/cdn/silence-in-heaven/36-the-final-truth.mp3	literal-dgrsart-url
403	https://dgrsart.s3.us-east-2.amazonaws.com/page-backgrounds/DPL-001_negotiation-chamber.jpg	literal-dgrsart-url
403	https://dgrsart.s3.us-east-2.amazonaws.com/page-backgrounds/BTP-001_season-command.jpg	literal-dgrsart-url
403	https://dgrsart.s3.us-east-2.amazonaws.com/page-backgrounds/GLD-001_guild-hall.jpg	literal-dgrsart-url
403	https://dgrsart.s3.us-east-2.amazonaws.com/page-backgrounds/ACH-001_achievement-vault.jpg	literal-dgrsart-url
403	https://dgrsart.s3.us-east-2.amazonaws.com/page-backgrounds/CMP-001_companion-quarters.jpg	literal-dgrsart-url
403	https://d2xsxph8kpxj0f.cloudfront.net/310419663032080159/2quXz2C2n5hMfqc8hNVW3h/01-nonos_a4676f81.mp3	legacy-cloudfront
403	https://d2xsxph8kpxj0f.cloudfront.net/310419663032080159/2quXz2C2n5hMfqc8hNVW3h/004_the_watcher_d52c0311.png	legacy-cloudfront
403	https://d2xsxph8kpxj0f.cloudfront.net/310419663032080159/2quXz2C2n5hMfqc8hNVW3h/007_the_shadow_tongue_dd8299da.png	legacy-cloudfront
403	https://d2xsxph8kpxj0f.cloudfront.net/310419663032080159/2quXz2C2n5hMfqc8hNVW3h/002_the_architect_b57a8e73.png	legacy-cloudfront
403	https://dgrsart.s3.us-east-2.amazonaws.com/page-backgrounds	literal-dgrsart-url
403	https://d2xsxph8kpxj0f.cloudfront.net/310419663032080159/2quXz2C2n5hMfqc8hNVW3h	legacy-cloudfront
403	https://d2xsxph8kpxj0f.cloudfront.net/310419663032080159/2quXz2C2n5hMfqc8hNVW3h/003_the_conexus_f54e1a15.png	legacy-cloudfront
403	https://dgrsart.s3.us-east-2.amazonaws.com/page-backgrounds/INV-001_cargo-hold.jpg	literal-dgrsart-url
403	https://d2xsxph8kpxj0f.cloudfront.net/310419663032080159/2quXz2C2n5hMfqc8hNVW3h/008_the_warlord_bd4d90ba.png	legacy-cloudfront
403	https://d2xsxph8kpxj0f.cloudfront.net/310419663032080159/2quXz2C2n5hMfqc8hNVW3h/012_iron_lion_4bc7731f.png	legacy-cloudfront
403	https://d2xsxph8kpxj0f.cloudfront.net/310419663032080159/2quXz2C2n5hMfqc8hNVW3h/010_the_warden_43ff37f4.png	legacy-cloudfront
403	https://d2xsxph8kpxj0f.cloudfront.net/310419663032080159/2quXz2C2n5hMfqc8hNVW3h/009_the_politician_526f35ca.png	legacy-cloudfront
403	https://d2xsxph8kpxj0f.cloudfront.net/310419663032080159/2quXz2C2n5hMfqc8hNVW3h/001_the_programmer_00494c37.png	legacy-cloudfront
403	https://d2xsxph8kpxj0f.cloudfront.net/310419663032080159/2quXz2C2n5hMfqc8hNVW3h/006_the_collector_16f93913.png	legacy-cloudfront
403	https://d2xsxph8kpxj0f.cloudfront.net/310419663032080159/2quXz2C2n5hMfqc8hNVW3h/016_the_engineer_43ab2ccf.png	legacy-cloudfront
403	https://d2xsxph8kpxj0f.cloudfront.net/310419663032080159/2quXz2C2n5hMfqc8hNVW3h/015_the_eyes_21e946fa.png	legacy-cloudfront
403	https://d2xsxph8kpxj0f.cloudfront.net/310419663032080159/2quXz2C2n5hMfqc8hNVW3h/018_the_necromancer_d6de1da3.png	legacy-cloudfront
403	https://d2xsxph8kpxj0f.cloudfront.net/310419663032080159/2quXz2C2n5hMfqc8hNVW3h/013_agent_zero_56b59bd8.png	legacy-cloudfront
403	https://d2xsxph8kpxj0f.cloudfront.net/310419663032080159/2quXz2C2n5hMfqc8hNVW3h/019_the_antiquarian_3efbd8c1.png	legacy-cloudfront
403	https://d2xsxph8kpxj0f.cloudfront.net/310419663032080159/2quXz2C2n5hMfqc8hNVW3h/005_the_meme_3b3bda74.png	legacy-cloudfront
403	https://d2xsxph8kpxj0f.cloudfront.net/310419663032080159/2quXz2C2n5hMfqc8hNVW3h/024_the_silence_94ba3036.png	legacy-cloudfront
403	https://d2xsxph8kpxj0f.cloudfront.net/310419663032080159/2quXz2C2n5hMfqc8hNVW3h/020_the_dreamer_4ffc69ee.png	legacy-cloudfront
403	https://d2xsxph8kpxj0f.cloudfront.net/310419663032080159/2quXz2C2n5hMfqc8hNVW3h/02-building-the-architect_5a0f111a.mp3	legacy-cloudfront
403	https://d2xsxph8kpxj0f.cloudfront.net/310419663032080159/2quXz2C2n5hMfqc8hNVW3h/011_the_human_375af2c8.png	legacy-cloudfront
403	https://d2xsxph8kpxj0f.cloudfront.net/310419663032080159/2quXz2C2n5hMfqc8hNVW3h/023_the_storm_46cb0ab7.png	legacy-cloudfront
403	https://d2xsxph8kpxj0f.cloudfront.net/310419663032080159/2quXz2C2n5hMfqc8hNVW3h/025_the_knowledge_a0b566a7.png	legacy-cloudfront
403	https://d2xsxph8kpxj0f.cloudfront.net/310419663032080159/2quXz2C2n5hMfqc8hNVW3h/017_the_game_master_e5ceb4cc.png	legacy-cloudfront
403	https://d2xsxph8kpxj0f.cloudfront.net/310419663032080159/2quXz2C2n5hMfqc8hNVW3h/014_the_nomad_a9fa7a6c.png	legacy-cloudfront
403	https://d2xsxph8kpxj0f.cloudfront.net/310419663032080159/2quXz2C2n5hMfqc8hNVW3h/031_general_alarik_2e73f15f.png	legacy-cloudfront
403	https://d2xsxph8kpxj0f.cloudfront.net/310419663032080159/2quXz2C2n5hMfqc8hNVW3h/027_the_advocate_88837de8.png	legacy-cloudfront
403	https://d2xsxph8kpxj0f.cloudfront.net/310419663032080159/2quXz2C2n5hMfqc8hNVW3h/050_ambassador_veron_48d028b0.png	legacy-cloudfront
403	https://d2xsxph8kpxj0f.cloudfront.net/310419663032080159/2quXz2C2n5hMfqc8hNVW3h/021_the_judge_6d79dfa8.png	legacy-cloudfront
403	https://d2xsxph8kpxj0f.cloudfront.net/310419663032080159/2quXz2C2n5hMfqc8hNVW3h/03-traces-of-something-spiritual_0f4dac39.mp3	legacy-cloudfront
403	https://d2xsxph8kpxj0f.cloudfront.net/310419663032080159/2quXz2C2n5hMfqc8hNVW3h/032_general_binath_vii_0312eb34.png	legacy-cloudfront
403	https://d2xsxph8kpxj0f.cloudfront.net/310419663032080159/2quXz2C2n5hMfqc8hNVW3h/035_the_enigma_4df11b15.png	legacy-cloudfront
403	https://d2xsxph8kpxj0f.cloudfront.net/310419663032080159/2quXz2C2n5hMfqc8hNVW3h/051_dr_lyra_vox_7601beb0.png	legacy-cloudfront
403	https://d2xsxph8kpxj0f.cloudfront.net/310419663032080159/2quXz2C2n5hMfqc8hNVW3h/039_the_inventor_4db38ce2.png	legacy-cloudfront
403	https://d2xsxph8kpxj0f.cloudfront.net/310419663032080159/2quXz2C2n5hMfqc8hNVW3h/022_the_seer_9ad7eb24.png	legacy-cloudfront
403	https://d2xsxph8kpxj0f.cloudfront.net/310419663032080159/2quXz2C2n5hMfqc8hNVW3h/033_the_arachnid_a5407e49.png	legacy-cloudfront
403	https://d2xsxph8kpxj0f.cloudfront.net/310419663032080159/2quXz2C2n5hMfqc8hNVW3h/060_destiny_8d0cf6e8.png	legacy-cloudfront
403	https://d2xsxph8kpxj0f.cloudfront.net/310419663032080159/2quXz2C2n5hMfqc8hNVW3h/036_the_source_512e9def.png	legacy-cloudfront
403	https://d2xsxph8kpxj0f.cloudfront.net/310419663032080159/2quXz2C2n5hMfqc8hNVW3h/06-top-floor-door_074a180e.mp3	legacy-cloudfront
403	https://d2xsxph8kpxj0f.cloudfront.net/310419663032080159/2quXz2C2n5hMfqc8hNVW3h/042_the_detective_0a5531f5.png	legacy-cloudfront
403	https://d2xsxph8kpxj0f.cloudfront.net/310419663032080159/2quXz2C2n5hMfqc8hNVW3h/028_the_resurrectionist_d523ba62.png	legacy-cloudfront
403	https://d2xsxph8kpxj0f.cloudfront.net/310419663032080159/2quXz2C2n5hMfqc8hNVW3h/063_council_of_harmony_a01c7cfb.png	legacy-cloudfront
403	https://d2xsxph8kpxj0f.cloudfront.net/310419663032080159/2quXz2C2n5hMfqc8hNVW3h/038_the_vortex_ab9c6091.png	legacy-cloudfront
403	https://d2xsxph8kpxj0f.cloudfront.net/310419663032080159/2quXz2C2n5hMfqc8hNVW3h/030_general_prometheus_829ac40e.png	legacy-cloudfront
403	https://d2xsxph8kpxj0f.cloudfront.net/310419663032080159/2quXz2C2n5hMfqc8hNVW3h/070_the_panopticon_7c496752.png	legacy-cloudfront
403	https://d2xsxph8kpxj0f.cloudfront.net/310419663032080159/2quXz2C2n5hMfqc8hNVW3h/044_the_recruiter_328d64da.png	legacy-cloudfront
403	https://d2xsxph8kpxj0f.cloudfront.net/310419663032080159/2quXz2C2n5hMfqc8hNVW3h/029_the_forgotten_2ee99e52.png	legacy-cloudfront
403	https://d2xsxph8kpxj0f.cloudfront.net/310419663032080159/2quXz2C2n5hMfqc8hNVW3h/049_the_host_471d1ee3.png	legacy-cloudfront
403	https://d2xsxph8kpxj0f.cloudfront.net/310419663032080159/2quXz2C2n5hMfqc8hNVW3h/072_new_babylon_558f173b.png	legacy-cloudfront
403	https://d2xsxph8kpxj0f.cloudfront.net/310419663032080159/2quXz2C2n5hMfqc8hNVW3h/026_the_degen_d6b8727a.png	legacy-cloudfront
403	https://d2xsxph8kpxj0f.cloudfront.net/310419663032080159/2quXz2C2n5hMfqc8hNVW3h/037_the_white_oracle_8e66b504.png	legacy-cloudfront
403	https://d2xsxph8kpxj0f.cloudfront.net/310419663032080159/2quXz2C2n5hMfqc8hNVW3h/034_the_oracle_1ed26b49.png	legacy-cloudfront
403	https://d2xsxph8kpxj0f.cloudfront.net/310419663032080159/2quXz2C2n5hMfqc8hNVW3h/05-the-experiment_508e6598.mp3	legacy-cloudfront
403	https://d2xsxph8kpxj0f.cloudfront.net/310419663032080159/2quXz2C2n5hMfqc8hNVW3h/053_p292_the_wolf_bf169512.png	legacy-cloudfront
403	https://d2xsxph8kpxj0f.cloudfront.net/310419663032080159/2quXz2C2n5hMfqc8hNVW3h/058_jericho_jones_9493c866.png	legacy-cloudfront
403	https://d2xsxph8kpxj0f.cloudfront.net/310419663032080159/2quXz2C2n5hMfqc8hNVW3h/045_kael_x_37485aa3.png	legacy-cloudfront
403	https://d2xsxph8kpxj0f.cloudfront.net/310419663032080159/2quXz2C2n5hMfqc8hNVW3h/054_senator_elara_voss_15ab7ede.png	legacy-cloudfront
403	https://d2xsxph8kpxj0f.cloudfront.net/310419663032080159/2quXz2C2n5hMfqc8hNVW3h/055_panoptic_elara_3be1708f.png	legacy-cloudfront
403	https://d2xsxph8kpxj0f.cloudfront.net/310419663032080159/2quXz2C2n5hMfqc8hNVW3h/088_the_warden_song_ba08fe6a.png	legacy-cloudfront
403	https://d2xsxph8kpxj0f.cloudfront.net/310419663032080159/2quXz2C2n5hMfqc8hNVW3h/056_the_clone_army_ac0ad638.png	legacy-cloudfront
403	https://d2xsxph8kpxj0f.cloudfront.net/310419663032080159/2quXz2C2n5hMfqc8hNVW3h/04-what-connects-us_344062f7.mp3	legacy-cloudfront
403	https://d2xsxph8kpxj0f.cloudfront.net/310419663032080159/2quXz2C2n5hMfqc8hNVW3h/047_potential_25_61bc58e4.png	legacy-cloudfront
403	https://d2xsxph8kpxj0f.cloudfront.net/310419663032080159/2quXz2C2n5hMfqc8hNVW3h/061_master_of_ryleh_df513331.png	legacy-cloudfront
403	https://d2xsxph8kpxj0f.cloudfront.net/310419663032080159/2quXz2C2n5hMfqc8hNVW3h/062_nythera_f155ad99.png	legacy-cloudfront
403	https://d2xsxph8kpxj0f.cloudfront.net/310419663032080159/2quXz2C2n5hMfqc8hNVW3h/064_terminus_swarm_ff7452d8.png	legacy-cloudfront
403	https://d2xsxph8kpxj0f.cloudfront.net/310419663032080159/2quXz2C2n5hMfqc8hNVW3h/057_akai_shi_603ea11d.png	legacy-cloudfront
403	https://d2xsxph8kpxj0f.cloudfront.net/310419663032080159/2quXz2C2n5hMfqc8hNVW3h/065_the_clone_ffaeb973.png	legacy-cloudfront
403	https://d2xsxph8kpxj0f.cloudfront.net/310419663032080159/2quXz2C2n5hMfqc8hNVW3h/066_the_hierophant_4557b97d.png	legacy-cloudfront
403	https://d2xsxph8kpxj0f.cloudfront.net/310419663032080159/2quXz2C2n5hMfqc8hNVW3h/059_wraith_calder_2b6b0a6e.png	legacy-cloudfront
403	https://d2xsxph8kpxj0f.cloudfront.net/310419663032080159/2quXz2C2n5hMfqc8hNVW3h/067_the_jailer_4097836e.png	legacy-cloudfront
403	https://d2xsxph8kpxj0f.cloudfront.net/310419663032080159/2quXz2C2n5hMfqc8hNVW3h/07-choose-your-mask_b97309d8.mp3	legacy-cloudfront
403	https://d2xsxph8kpxj0f.cloudfront.net/310419663032080159/2quXz2C2n5hMfqc8hNVW3h/068_varkul_blood_lord_63e789d9.png	legacy-cloudfront
403	https://d2xsxph8kpxj0f.cloudfront.net/310419663032080159/2quXz2C2n5hMfqc8hNVW3h/071_terminus_018ea131.png	legacy-cloudfront
403	https://d2xsxph8kpxj0f.cloudfront.net/310419663032080159/2quXz2C2n5hMfqc8hNVW3h/069_fenra_moon_tyrant_ac869130.png	legacy-cloudfront
403	https://d2xsxph8kpxj0f.cloudfront.net/310419663032080159/2quXz2C2n5hMfqc8hNVW3h/074_the_wyrmhole_647eefa1.png	legacy-cloudfront
403	https://d2xsxph8kpxj0f.cloudfront.net/310419663032080159/2quXz2C2n5hMfqc8hNVW3h/077_castle_of_death_49ad8e7e.png	legacy-cloudfront
403	https://d2xsxph8kpxj0f.cloudfront.net/310419663032080159/2quXz2C2n5hMfqc8hNVW3h/090_i_love_war_f46ebb60.png	legacy-cloudfront
403	https://d2xsxph8kpxj0f.cloudfront.net/310419663032080159/2quXz2C2n5hMfqc8hNVW3h/077_castle_of_death_dd3f71ba.png	legacy-cloudfront
403	https://d2xsxph8kpxj0f.cloudfront.net/310419663032080159/2quXz2C2n5hMfqc8hNVW3h/073_thaloria_efc0a8ec.png	legacy-cloudfront
403	https://d2xsxph8kpxj0f.cloudfront.net/310419663032080159/2quXz2C2n5hMfqc8hNVW3h/080_the_insurgency_421be443.png	legacy-cloudfront
403	https://d2xsxph8kpxj0f.cloudfront.net/310419663032080159/2quXz2C2n5hMfqc8hNVW3h/079_cursed_forest_56186203.png	legacy-cloudfront
403	https://d2xsxph8kpxj0f.cloudfront.net/310419663032080159/2quXz2C2n5hMfqc8hNVW3h/078_cathedral_of_code_dbcb628d.png	legacy-cloudfront
403	https://d2xsxph8kpxj0f.cloudfront.net/310419663032080159/2quXz2C2n5hMfqc8hNVW3h/087_the_warlord_song_ba0f90cc.png	legacy-cloudfront
403	https://d2xsxph8kpxj0f.cloudfront.net/310419663032080159/2quXz2C2n5hMfqc8hNVW3h/08-the-collector_9d7d3d65.mp3	legacy-cloudfront
403	https://d2xsxph8kpxj0f.cloudfront.net/310419663032080159/2quXz2C2n5hMfqc8hNVW3h/09-zero-trust_4a072d98.mp3	legacy-cloudfront
403	https://d2xsxph8kpxj0f.cloudfront.net/310419663032080159/2quXz2C2n5hMfqc8hNVW3h/086_the_panopticon_song_1ec80eaf.png	legacy-cloudfront
403	https://d2xsxph8kpxj0f.cloudfront.net/310419663032080159/2quXz2C2n5hMfqc8hNVW3h/081_archon_council_eb447cd2.png	legacy-cloudfront
403	https://d2xsxph8kpxj0f.cloudfront.net/310419663032080159/2quXz2C2n5hMfqc8hNVW3h/075_matrix_of_dreams_a61badf7.png	legacy-cloudfront
403	https://d2xsxph8kpxj0f.cloudfront.net/310419663032080159/2quXz2C2n5hMfqc8hNVW3h/084_sundown_bazaar_1d8ed53e.png	legacy-cloudfront
403	https://d2xsxph8kpxj0f.cloudfront.net/310419663032080159/2quXz2C2n5hMfqc8hNVW3h/0_iSJV4odiK8KCIHf1BIm7cy_1773935729414_na1fn_L2hvbWUvdWJ1bnR1L3MxX2NoYXJfMDAxX2FydA_f08e9530.png	legacy-cloudfront
403	https://d2xsxph8kpxj0f.cloudfront.net/310419663032080159/2quXz2C2n5hMfqc8hNVW3h/094_the_game_master_song_7babe652.png	legacy-cloudfront
403	https://d2xsxph8kpxj0f.cloudfront.net/310419663032080159/2quXz2C2n5hMfqc8hNVW3h/097_the_source_song_b329a9ef.png	legacy-cloudfront
403	https://d2xsxph8kpxj0f.cloudfront.net/310419663032080159/2quXz2C2n5hMfqc8hNVW3h/085_dischordian_logic_title_e1b68b7f.png	legacy-cloudfront
403	https://d2xsxph8kpxj0f.cloudfront.net/310419663032080159/2quXz2C2n5hMfqc8hNVW3h/096_the_necromancer_song_42228f87.png	legacy-cloudfront
403	https://d2xsxph8kpxj0f.cloudfront.net/310419663032080159/2quXz2C2n5hMfqc8hNVW3h/093_the_politician_fe1045a6.png	legacy-cloudfront
403	https://d2xsxph8kpxj0f.cloudfront.net/310419663032080159/2quXz2C2n5hMfqc8hNVW3h/091_the_iron_lion_77a195ad.png	legacy-cloudfront
403	https://d2xsxph8kpxj0f.cloudfront.net/310419663032080159/2quXz2C2n5hMfqc8hNVW3h/100_the_human_song_a5eb8f08.png	legacy-cloudfront
403	https://d2xsxph8kpxj0f.cloudfront.net/310419663032080159/2quXz2C2n5hMfqc8hNVW3h/089_the_collector_song_4cd2f660.png	legacy-cloudfront
403	https://d2xsxph8kpxj0f.cloudfront.net/310419663032080159/2quXz2C2n5hMfqc8hNVW3h/098_the_enigma_song_38332933.png	legacy-cloudfront
403	https://d2xsxph8kpxj0f.cloudfront.net/310419663032080159/2quXz2C2n5hMfqc8hNVW3h/092_the_red_death_e3a6e1da.png	legacy-cloudfront
403	https://d2xsxph8kpxj0f.cloudfront.net/310419663032080159/2quXz2C2n5hMfqc8hNVW3h/101_the_meme_song_4f597073.png	legacy-cloudfront
403	https://d2xsxph8kpxj0f.cloudfront.net/310419663032080159/2quXz2C2n5hMfqc8hNVW3h/099_the_fall_of_reality_cde65824.png	legacy-cloudfront
403	https://d2xsxph8kpxj0f.cloudfront.net/310419663032080159/2quXz2C2n5hMfqc8hNVW3h/0_KK3lTZ00ffv1BTdSOZL3RN_1773778345196_na1fn_L2hvbWUvdWJ1bnR1L21vbGdhcmF0aF9wb3J0cmFpdA_96678e3f.png	legacy-cloudfront
403	https://d2xsxph8kpxj0f.cloudfront.net/310419663032080159/2quXz2C2n5hMfqc8hNVW3h/108_the_knowledge_song_48c96447.png	legacy-cloudfront
403	https://d2xsxph8kpxj0f.cloudfront.net/310419663032080159/2quXz2C2n5hMfqc8hNVW3h/095_the_eyes_of_the_watcher_a97c47f1.png	legacy-cloudfront
403	https://d2xsxph8kpxj0f.cloudfront.net/310419663032080159/2quXz2C2n5hMfqc8hNVW3h/105_the_seer_song_4f8485d7.png	legacy-cloudfront
403	https://d2xsxph8kpxj0f.cloudfront.net/310419663032080159/2quXz2C2n5hMfqc8hNVW3h/11-the-warden_d3487856.mp3	legacy-cloudfront
403	https://d2xsxph8kpxj0f.cloudfront.net/310419663032080159/2quXz2C2n5hMfqc8hNVW3h/10-the-prisoner_8b1a0fad.mp3	legacy-cloudfront
403	https://d2xsxph8kpxj0f.cloudfront.net/310419663032080159/2quXz2C2n5hMfqc8hNVW3h/102_the_architect_song_f3a90ce4.png	legacy-cloudfront
403	https://d2xsxph8kpxj0f.cloudfront.net/310419663032080159/2quXz2C2n5hMfqc8hNVW3h/0_jxThjKVIn9jDLhXELm6VQA_1773942383013_na1fn_L2hvbWUvdWJ1bnR1L3MxX2NoYXJfMDIw_80da4242.png	legacy-cloudfront
403	https://d2xsxph8kpxj0f.cloudfront.net/310419663032080159/2quXz2C2n5hMfqc8hNVW3h/103_the_dreamer_song_a0737188.png	legacy-cloudfront
403	https://d2xsxph8kpxj0f.cloudfront.net/310419663032080159/2quXz2C2n5hMfqc8hNVW3h/106_the_storm_song_1e624fe2.png	legacy-cloudfront
403	https://d2xsxph8kpxj0f.cloudfront.net/310419663032080159/2quXz2C2n5hMfqc8hNVW3h/109_the_degen_song_6bf60c63.png	legacy-cloudfront
403	https://d2xsxph8kpxj0f.cloudfront.net/310419663032080159/2quXz2C2n5hMfqc8hNVW3h/104_the_judge_song_8570638e.png	legacy-cloudfront
403	https://d2xsxph8kpxj0f.cloudfront.net/310419663032080159/2quXz2C2n5hMfqc8hNVW3h/12-the-politician_dfd39c10.mp3	legacy-cloudfront
403	https://d2xsxph8kpxj0f.cloudfront.net/310419663032080159/2quXz2C2n5hMfqc8hNVW3h/0_nyHL4hnAT48JokfLRErio9_1773778548521_na1fn_L2hvbWUvdWJ1bnR1L21vbGdhcmF0aF9zcHJpdGU_837ed7b8.png	legacy-cloudfront
403	https://d2xsxph8kpxj0f.cloudfront.net/310419663032080159/2quXz2C2n5hMfqc8hNVW3h/11_ntFZOl0kDMByxuI2tLxPNf_1773942385835_na1fn_L2hvbWUvdWJ1bnR1L2NhcmRfYXJ0X3JldHJ5Mi9zMV9sb2NfMTYy_1543bf91.png	legacy-cloudfront
403	https://d2xsxph8kpxj0f.cloudfront.net/310419663032080159/2quXz2C2n5hMfqc8hNVW3h/110_the_advocate_song_cf4d4d62.png	legacy-cloudfront
403	https://d2xsxph8kpxj0f.cloudfront.net/310419663032080159/2quXz2C2n5hMfqc8hNVW3h/13-the-change-conspiracy_89b25e4d.mp3	legacy-cloudfront
403	https://d2xsxph8kpxj0f.cloudfront.net/310419663032080159/2quXz2C2n5hMfqc8hNVW3h/107_the_silence_song_47f8c991.png	legacy-cloudfront
403	https://d2xsxph8kpxj0f.cloudfront.net/310419663032080159/2quXz2C2n5hMfqc8hNVW3h/14-this-aint-a-song_9cec0b36.mp3	legacy-cloudfront
403	https://d2xsxph8kpxj0f.cloudfront.net/310419663032080159/2quXz2C2n5hMfqc8hNVW3h/13_N536yCejJyzhbWQdI9LLDL_1773935749269_na1fn_L2hvbWUvdWJ1bnR1L3MxX3NvbmdfMDcy_15a3ef73.png	legacy-cloudfront
403	https://d2xsxph8kpxj0f.cloudfront.net/310419663032080159/2quXz2C2n5hMfqc8hNVW3h/10_ViyeE9j1JCS4qy8P7oeNTf_1773942391567_na1fn_L2hvbWUvdWJ1bnR1L3MxX2xvY18xNTk_76aa72c6.png	legacy-cloudfront
403	https://d2xsxph8kpxj0f.cloudfront.net/310419663032080159/2quXz2C2n5hMfqc8hNVW3h/15-the-meme-civilization_ebe1f925.mp3	legacy-cloudfront
403	https://d2xsxph8kpxj0f.cloudfront.net/310419663032080159/2quXz2C2n5hMfqc8hNVW3h/111_the_resurrectionist_song_c1002f86.png	legacy-cloudfront
403	https://d2xsxph8kpxj0f.cloudfront.net/310419663032080159/2quXz2C2n5hMfqc8hNVW3h/12_97qlDU2Bt1DSePnuvm7pSf_1773942380659_na1fn_L2hvbWUvdWJ1bnR1L3MxX2xvY18xNjM_7f146d82.png	legacy-cloudfront
403	https://d2xsxph8kpxj0f.cloudfront.net/310419663032080159/2quXz2C2n5hMfqc8hNVW3h/11_9mtG6elJEUTbgKpwLMqGfE_1773936229997_na1fn_L2hvbWUvdWJ1bnR1L3MxX3NvbmdfMDcw_71142524.png	legacy-cloudfront
403	https://d2xsxph8kpxj0f.cloudfront.net/310419663032080159/2quXz2C2n5hMfqc8hNVW3h/14_9KS6zA1XCRMFEJ0E3j2ORG_1773942368103_na1fn_L2hvbWUvdWJ1bnR1L3MxX3NvbmdfMDY2_b9fea95e.png	legacy-cloudfront
403	https://d2xsxph8kpxj0f.cloudfront.net/310419663032080159/2quXz2C2n5hMfqc8hNVW3h/177_the_city_song_c5d08b66.png	legacy-cloudfront
403	https://d2xsxph8kpxj0f.cloudfront.net/310419663032080159/2quXz2C2n5hMfqc8hNVW3h/13_jeXjliCNXuFCLzYnKQjrpM_1773942388526_na1fn_L2hvbWUvdWJ1bnR1L3MxX3NvbmdfMDYy_7f0c6023.png	legacy-cloudfront
403	https://d2xsxph8kpxj0f.cloudfront.net/310419663032080159/2quXz2C2n5hMfqc8hNVW3h/18_GO6xJoi28n0wO6XUEtRH41_1773942385619_na1fn_L2hvbWUvdWJ1bnR1L3MxX3NvbmdfMDc0_9b2c73bb.png	legacy-cloudfront
403	https://d2xsxph8kpxj0f.cloudfront.net/310419663032080159/2quXz2C2n5hMfqc8hNVW3h/175_the_source_reprise_a6a2f142.png	legacy-cloudfront
403	https://d2xsxph8kpxj0f.cloudfront.net/310419663032080159/2quXz2C2n5hMfqc8hNVW3h/17_iDa8biopSFGhwuC3Twa2E1_1773942382156_na1fn_L2hvbWUvdWJ1bnR1L3MxX3NvbmdfMDcz_3c77a7ac.png	legacy-cloudfront
403	https://d2xsxph8kpxj0f.cloudfront.net/310419663032080159/2quXz2C2n5hMfqc8hNVW3h/112_the_forgotten_song_ae4b6f69.png	legacy-cloudfront
403	https://d2xsxph8kpxj0f.cloudfront.net/310419663032080159/2quXz2C2n5hMfqc8hNVW3h/16-the-watcher_1738a8bc.mp3	legacy-cloudfront
403	https://d2xsxph8kpxj0f.cloudfront.net/310419663032080159/2quXz2C2n5hMfqc8hNVW3h/18-hard-nox-life_d52445e8.mp3	legacy-cloudfront
403	https://d2xsxph8kpxj0f.cloudfront.net/310419663032080159/2quXz2C2n5hMfqc8hNVW3h/19_VBKzZKgzNaXU9yYJSCJhUP_1773942357262_na1fn_L2hvbWUvdWJ1bnR1L3MxX3NvbmdfMDc1_2bbfc3c7.png	legacy-cloudfront
403	https://d2xsxph8kpxj0f.cloudfront.net/310419663032080159/2quXz2C2n5hMfqc8hNVW3h/15_mbLHaZ6YT2knI3uAlhqu1r_1773942358649_na1fn_L2hvbWUvdWJ1bnR1L3MxX3NvbmdfMDY4_f13c0b89.png	legacy-cloudfront
403	https://d2xsxph8kpxj0f.cloudfront.net/310419663032080159/2quXz2C2n5hMfqc8hNVW3h/19-ocularum_257ffe96.mp3	legacy-cloudfront
403	https://d2xsxph8kpxj0f.cloudfront.net/310419663032080159/2quXz2C2n5hMfqc8hNVW3h/20-silence-is-consent_d26cb758.mp3	legacy-cloudfront
403	https://d2xsxph8kpxj0f.cloudfront.net/310419663032080159/2quXz2C2n5hMfqc8hNVW3h/1_3OnVmL0nyyr5XrSWZQS6NC_1773778352306_na1fn_L2hvbWUvdWJ1bnR1L3hldGhfcmFhbF9wb3J0cmFpdA_2ce91495.png	legacy-cloudfront
403	https://d2xsxph8kpxj0f.cloudfront.net/310419663032080159/2quXz2C2n5hMfqc8hNVW3h/22_fMUsrv09i2dXYHxFTn7rXq_1773942551445_na1fn_L2hvbWUvdWJ1bnR1L3MxX3NvbmdfMDgy_7abd3106.png	legacy-cloudfront
403	https://d2xsxph8kpxj0f.cloudfront.net/310419663032080159/2quXz2C2n5hMfqc8hNVW3h/24_8D3Yvq3X5dzYUIx4XXp6Zt_1773936745879_na1fn_L2hvbWUvdWJ1bnR1L3MxX3NvbmdfMDg2_5df3ed6b.png	legacy-cloudfront
403	https://d2xsxph8kpxj0f.cloudfront.net/310419663032080159/2quXz2C2n5hMfqc8hNVW3h/16_yc5SnZe0i1m8AO39cP24ND_1773942376217_na1fn_L2hvbWUvdWJ1bnR1L3MxX3NvbmdfMDcx_02a8f9fe.png	legacy-cloudfront
403	https://d2xsxph8kpxj0f.cloudfront.net/310419663032080159/2quXz2C2n5hMfqc8hNVW3h/23_rUbdTgAoZQBNp0PvCV3t6F_1773942577012_na1fn_L2hvbWUvdWJ1bnR1L3MxX3NvbmdfMDgz_ec53d652.png	legacy-cloudfront
403	https://d2xsxph8kpxj0f.cloudfront.net/310419663032080159/2quXz2C2n5hMfqc8hNVW3h/28_6FD53eYW6zQ84BvdAU9Pca_1773936169162_na1fn_L2hvbWUvdWJ1bnR1L3MxX3NvbmdfMDkz_baffce08.png	legacy-cloudfront
403	https://d2xsxph8kpxj0f.cloudfront.net/310419663032080159/2quXz2C2n5hMfqc8hNVW3h/21_EzbJvIBgpg10E3vsbgPtVe_1773942559520_na1fn_L2hvbWUvdWJ1bnR1L3MxX3NvbmdfMDc3_85001d5b.png	legacy-cloudfront
403	https://d2xsxph8kpxj0f.cloudfront.net/310419663032080159/2quXz2C2n5hMfqc8hNVW3h/174_awaken_the_clone_song_61f7cb7a.png	legacy-cloudfront
403	https://d2xsxph8kpxj0f.cloudfront.net/310419663032080159/2quXz2C2n5hMfqc8hNVW3h/31_CnK0mnKake2jB3uZLQAqdE_1773942563723_na1fn_L2hvbWUvdWJ1bnR1L3MxX3NvbmdfMTA5_cc4a15fd.png	legacy-cloudfront
403	https://d2xsxph8kpxj0f.cloudfront.net/310419663032080159/2quXz2C2n5hMfqc8hNVW3h/17-the-deployment_86f0353c.mp3	legacy-cloudfront
403	https://d2xsxph8kpxj0f.cloudfront.net/310419663032080159/2quXz2C2n5hMfqc8hNVW3h/1_fQwRsUQ4sbto3Om2YIbNvZ_1773778542417_na1fn_L2hvbWUvdWJ1bnR1L3hldGhfcmFhbF9zcHJpdGU_3c6e7389.png	legacy-cloudfront
403	https://d2xsxph8kpxj0f.cloudfront.net/310419663032080159/2quXz2C2n5hMfqc8hNVW3h/26_404u66YyPIpn7Jx5J6tfR1_1773936353771_na1fn_L2hvbWUvdWJ1bnR1L3MxX3NvbmdfMDkw_c311832f.png	legacy-cloudfront
403	https://d2xsxph8kpxj0f.cloudfront.net/310419663032080159/2quXz2C2n5hMfqc8hNVW3h/26_HN5wfVu27PVnXJt6n7WPJa_1773942563437_na1fn_L2hvbWUvdWJ1bnR1L3MxX3NvbmdfMDky_fb231f82.png	legacy-cloudfront
403	https://d2xsxph8kpxj0f.cloudfront.net/310419663032080159/2quXz2C2n5hMfqc8hNVW3h/34_SdMWPbbw1wuPKdP8y2R6c4_1773942562113_na1fn_L2hvbWUvdWJ1bnR1L3MxX3NvbmdfMTE0_e5346d3c.png	legacy-cloudfront
403	https://d2xsxph8kpxj0f.cloudfront.net/310419663032080159/2quXz2C2n5hMfqc8hNVW3h/20_xvJXRic19chIQIclwXPA9E_1773935795640_na1fn_L2hvbWUvdWJ1bnR1L3MxX3NvbmdfMDgx_be651c81.png	legacy-cloudfront
403	https://d2xsxph8kpxj0f.cloudfront.net/310419663032080159/2quXz2C2n5hMfqc8hNVW3h/173_the_alpha_and_omega_d43ad400.png	legacy-cloudfront
403	https://d2xsxph8kpxj0f.cloudfront.net/310419663032080159/2quXz2C2n5hMfqc8hNVW3h/176_silence_reprise_cb5f136f.png	legacy-cloudfront
403	https://d2xsxph8kpxj0f.cloudfront.net/310419663032080159/2quXz2C2n5hMfqc8hNVW3h/24_UfR2NdmVEkMLxFsB9UmJoz_1773942564683_na1fn_L2hvbWUvdWJ1bnR1L3MxX3NvbmdfMDg0_38ec3c2d.png	legacy-cloudfront
403	https://d2xsxph8kpxj0f.cloudfront.net/310419663032080159/2quXz2C2n5hMfqc8hNVW3h/28_wvv0bZ7BHrdhi8GUnxpyqJ_1773942570699_na1fn_L2hvbWUvdWJ1bnR1L3MxX3NvbmdfMTAw_db275ac6.png	legacy-cloudfront
403	https://d2xsxph8kpxj0f.cloudfront.net/310419663032080159/2quXz2C2n5hMfqc8hNVW3h/41_gvZBHIez69wULgA9tiCMdK_1773942668840_na1fn_L2hvbWUvdWJ1bnR1L3MxX3NvbmdfMTM3_82dd1714.png	legacy-cloudfront
403	https://d2xsxph8kpxj0f.cloudfront.net/310419663032080159/2quXz2C2n5hMfqc8hNVW3h/27_Ya7uJ9KaDYOw2C69t4LyJ3_1773942555384_na1fn_L2hvbWUvdWJ1bnR1L3MxX3NvbmdfMDk3_fd97e21f.png	legacy-cloudfront
403	https://d2xsxph8kpxj0f.cloudfront.net/310419663032080159/2quXz2C2n5hMfqc8hNVW3h/1_UqBTcKhFWUY784aOURsFWB_1773942379006_na1fn_L2hvbWUvdWJ1bnR1L3MxX2NoYXJfMDM2X1RoZV9KdWRnZQ_da8b243b.png	legacy-cloudfront
403	https://d2xsxph8kpxj0f.cloudfront.net/310419663032080159/2quXz2C2n5hMfqc8hNVW3h/19_sSAH8WvBj4EYFSmyuZsynC_1773936664846_na1fn_L2hvbWUvdWJ1bnR1L3MxX3NvbmdfMDc5_ab5fff4f.png	legacy-cloudfront
403	https://d2xsxph8kpxj0f.cloudfront.net/310419663032080159/2quXz2C2n5hMfqc8hNVW3h/4_pD08Ury2oUpL3sKzjKwe4b_1773778376183_na1fn_L2hvbWUvdWJ1bnR1L3RoZV9zaGFkb3dfdG9uZ3Vl_8ef13dc3.png	legacy-cloudfront
403	https://d2xsxph8kpxj0f.cloudfront.net/310419663032080159/2quXz2C2n5hMfqc8hNVW3h/29_Je3GmtfBumIdyY0S5TVWDJ_1773937179167_na1fn_L2hvbWUvdWJ1bnR1L3MxX3NvbmdfMDk0_cf92ab38.png	legacy-cloudfront
403	https://d2xsxph8kpxj0f.cloudfront.net/310419663032080159/2quXz2C2n5hMfqc8hNVW3h/3.NeverSayGoodbye_3516c0e3.mp3	legacy-cloudfront
403	https://d2xsxph8kpxj0f.cloudfront.net/310419663032080159/2quXz2C2n5hMfqc8hNVW3h/30_5njEDOCbriKqkqViBwNOBl_1773935936568_na1fn_L2hvbWUvdWJ1bnR1L3MxX3NvbmdfMDk1_0a3683d9.png	legacy-cloudfront
403	https://d2xsxph8kpxj0f.cloudfront.net/310419663032080159/2quXz2C2n5hMfqc8hNVW3h/2_B1Mwqtxcs505WVXjSEwqmd_1773778543993_na1fn_L2hvbWUvdWJ1bnR1L3ZleGFobGlhX3Nwcml0ZQ_c7c609fe.png	legacy-cloudfront
403	https://d2xsxph8kpxj0f.cloudfront.net/310419663032080159/2quXz2C2n5hMfqc8hNVW3h/4_RlQCZZAteJCuWR5c1AWdiz_1773935711436_na1fn_L2hvbWUvdWJ1bnR1L3MxX3NvbmdfMDYw_936f7171.png	legacy-cloudfront
403	https://d2xsxph8kpxj0f.cloudfront.net/310419663032080159/2quXz2C2n5hMfqc8hNVW3h/29_429whej0du7f4S8cTOVGWY_1773942583329_na1fn_L2hvbWUvdWJ1bnR1L3MxX3NvbmdfMTAy_a16a6dc3.png	legacy-cloudfront
403	https://d2xsxph8kpxj0f.cloudfront.net/310419663032080159/2quXz2C2n5hMfqc8hNVW3h/30_rroTnAo6MoxP9IUf3mCNa8_1773942566064_na1fn_L2hvbWUvdWJ1bnR1L3MxX3NvbmdfMTA1_e017d1fe.png	legacy-cloudfront
403	https://d2xsxph8kpxj0f.cloudfront.net/310419663032080159/2quXz2C2n5hMfqc8hNVW3h/25_vtlUDRXMsQCzCMJp6zKpHE_1773942575805_na1fn_L2hvbWUvdWJ1bnR1L3MxX3NvbmdfMDg3_2a2eebcf.png	legacy-cloudfront
403	https://d2xsxph8kpxj0f.cloudfront.net/310419663032080159/2quXz2C2n5hMfqc8hNVW3h/20_bdcoPUHqIvULbVuyTqjI0s_1773942576150_na1fn_L2hvbWUvdWJ1bnR1L3MxX3NvbmdfMDc2_5b58d21f.png	legacy-cloudfront
403	https://d2xsxph8kpxj0f.cloudfront.net/310419663032080159/2quXz2C2n5hMfqc8hNVW3h/2_aAZuZESUeOqHrqUN21IHeO_1773778340218_na1fn_L2hvbWUvdWJ1bnR1L3ZleF9haGxpYV9wb3J0cmFpdA_c892f37b.png	legacy-cloudfront
403	https://d2xsxph8kpxj0f.cloudfront.net/310419663032080159/2quXz2C2n5hMfqc8hNVW3h/2_8DSOtT0oYt5wi8wdYu1H4S_1773942392637_na1fn_L2hvbWUvdWJ1bnR1L3MxX2ZhY18xNjY_823e9a0b.png	legacy-cloudfront
403	https://d2xsxph8kpxj0f.cloudfront.net/310419663032080159/2quXz2C2n5hMfqc8hNVW3h/33_P2jJf3PTw7izqet0MZ11KY_1773936502052_na1fn_L2hvbWUvdWJ1bnR1L3MxX3NvbmdfMDk5_4429cb18.png	legacy-cloudfront
403	https://d2xsxph8kpxj0f.cloudfront.net/310419663032080159/2quXz2C2n5hMfqc8hNVW3h/32_GvLRisSHMBl25OoYtFzVAz_1773936537346_na1fn_L2hvbWUvdWJ1bnR1L3MxX3NvbmdfMDk4_1f22d7db.png	legacy-cloudfront
403	https://d2xsxph8kpxj0f.cloudfront.net/310419663032080159/2quXz2C2n5hMfqc8hNVW3h/36_PQMChhtKb9f9n8VCEnB3L8_1773937247692_na1fn_L2hvbWUvdWJ1bnR1L3MxX3NvbmdfMTA0_ec2b4886.png	legacy-cloudfront
403	https://d2xsxph8kpxj0f.cloudfront.net/310419663032080159/2quXz2C2n5hMfqc8hNVW3h/33_Ke2CRJ14ctwRrrypt1vdOt_1773942570686_na1fn_L2hvbWUvdWJ1bnR1L3MxX3NvbmdfMTEz_0a112102.png	legacy-cloudfront
403	https://d2xsxph8kpxj0f.cloudfront.net/310419663032080159/2quXz2C2n5hMfqc8hNVW3h/38_YIPhvfD0oWndKaLHbFWHoO_1773942550684_na1fn_L2hvbWUvdWJ1bnR1L3MxX3NvbmdfMTI4_8c02a193.png	legacy-cloudfront
403	https://d2xsxph8kpxj0f.cloudfront.net/310419663032080159/2quXz2C2n5hMfqc8hNVW3h/32_OuPUg18GI8mytlIqfBUCSf_1773942563041_na1fn_L2hvbWUvdWJ1bnR1L3MxX3NvbmdfMTEw_2dadc556.png	legacy-cloudfront
403	https://d2xsxph8kpxj0f.cloudfront.net/310419663032080159/2quXz2C2n5hMfqc8hNVW3h/3_0buBEOFt2DJ7yyX5IHzVyt_1773942381916_na1fn_L2hvbWUvdWJ1bnR1L3MxX2ZhY18xNjg_9bd3d81d.png	legacy-cloudfront
403	https://d2xsxph8kpxj0f.cloudfront.net/310419663032080159/2quXz2C2n5hMfqc8hNVW3h/36_zvkObdBPeKe44US2krxb3a_1773942542001_na1fn_L2hvbWUvdWJ1bnR1L3MxX3NvbmdfMTI0_1605454e.png	legacy-cloudfront
403	https://d2xsxph8kpxj0f.cloudfront.net/310419663032080159/2quXz2C2n5hMfqc8hNVW3h/39_qqfiDkFJeIRYq4me45RnIC_1773936759489_na1fn_L2hvbWUvdWJ1bnR1L3MxX3NvbmdfMTA3_df6b06be.png	legacy-cloudfront
403	https://d2xsxph8kpxj0f.cloudfront.net/310419663032080159/2quXz2C2n5hMfqc8hNVW3h/37_NGXCNyeRsngzUcaiIRpB57_1773942553852_na1fn_L2hvbWUvdWJ1bnR1L3MxX3NvbmdfMTI3_c8ce9932.png	legacy-cloudfront
403	https://d2xsxph8kpxj0f.cloudfront.net/310419663032080159/2quXz2C2n5hMfqc8hNVW3h/35_9kcZXiw7C0Lbtz73zxi0mG_1773942569249_na1fn_L2hvbWUvdWJ1bnR1L3MxX3NvbmdfMTE4_435e9c38.png	legacy-cloudfront
403	https://d2xsxph8kpxj0f.cloudfront.net/310419663032080159/2quXz2C2n5hMfqc8hNVW3h/38_seRiDJS8CQRmKdqaA9bqdh_1773938138587_na1fn_L2hvbWUvdWJ1bnR1L3MxX3NvbmdfMTA2_0ed7ee60.png	legacy-cloudfront
403	https://d2xsxph8kpxj0f.cloudfront.net/310419663032080159/2quXz2C2n5hMfqc8hNVW3h/3_x44dBAuHHR8BNHPIaEDyl6_1773935729543_na1fn_L2hvbWUvdWJ1bnR1L3MxX3NvbmdfMDU5_60132f4b.png	legacy-cloudfront
403	https://d2xsxph8kpxj0f.cloudfront.net/310419663032080159/2quXz2C2n5hMfqc8hNVW3h/43_IyiXwaGohbaVT7yCUIxgqQ_1773942711620_na1fn_L2hvbWUvdWJ1bnR1L3MxX3NvbmdfMTQ3_07ee461e.png	legacy-cloudfront
403	https://d2xsxph8kpxj0f.cloudfront.net/310419663032080159/2quXz2C2n5hMfqc8hNVW3h/46_sWL0HVx6uwMCykG8BDnlEv_1773936841224_na1fn_L2hvbWUvdWJ1bnR1L3MxX3NvbmdfMTE5_56713300.png	legacy-cloudfront
403	https://d2xsxph8kpxj0f.cloudfront.net/310419663032080159/2quXz2C2n5hMfqc8hNVW3h/3_JufiJIgx6WRsxjUkI9Pin0_1773778544419_na1fn_L2hvbWUvdWJ1bnR1L2RyYWVsX21vbl9zcHJpdGU_d1425cfa.png	legacy-cloudfront
403	https://d2xsxph8kpxj0f.cloudfront.net/310419663032080159/2quXz2C2n5hMfqc8hNVW3h/48_DGs3pUsDdfRQKGLfFhQvpy_1773936935545_na1fn_L2hvbWUvdWJ1bnR1L3MxX3NvbmdfMTI2_5a8e0ead.png	legacy-cloudfront
403	https://d2xsxph8kpxj0f.cloudfront.net/310419663032080159/2quXz2C2n5hMfqc8hNVW3h/53_N2XjJ4mqsKwIpAVuWBRveW_1773936977925_na1fn_L2hvbWUvdWJ1bnR1L3MxX3NvbmdfMTM0_180fd85f.png	legacy-cloudfront
403	https://d2xsxph8kpxj0f.cloudfront.net/310419663032080159/2quXz2C2n5hMfqc8hNVW3h/60_GJMrSBEqsijYqCcLpEN3lD_1773937765166_na1fn_L2hvbWUvdWJ1bnR1L3MxX2xvY18xNTBfYXJ0_3bcd0d94.png	legacy-cloudfront
403	https://d2xsxph8kpxj0f.cloudfront.net/310419663032080159/2quXz2C2n5hMfqc8hNVW3h/40_zwYKPbJPBKUw1vxzQ33PCY_1773942642992_na1fn_L2hvbWUvdWJ1bnR1L3MxX3NvbmdfMTM2_23ad3f26.png	legacy-cloudfront
403	https://d2xsxph8kpxj0f.cloudfront.net/310419663032080159/2quXz2C2n5hMfqc8hNVW3h/39_JoNGc4vcRQro2XXoKgOUGS_1773942558614_na1fn_L2hvbWUvdWJ1bnR1L3MxX3NvbmdfMTMx_55c3224a.png	legacy-cloudfront
403	https://d2xsxph8kpxj0f.cloudfront.net/310419663032080159/2quXz2C2n5hMfqc8hNVW3h/4_RFO4pWC5dOpwoE4T9D4ILy_1773942368588_na1fn_L2hvbWUvdWJ1bnR1L3MxX2xvY18xNDg_b9ecf4fc.png	legacy-cloudfront
403	https://d2xsxph8kpxj0f.cloudfront.net/310419663032080159/2quXz2C2n5hMfqc8hNVW3h/5_7yZoLkIQZzpQYeFXB1y6sZ_1773778344979_na1fn_L2hvbWUvdWJ1bnR1L255X2tvdGhfdGhlX2ZsYXllcg_cb0ec125.png	legacy-cloudfront
403	https://d2xsxph8kpxj0f.cloudfront.net/310419663032080159/2quXz2C2n5hMfqc8hNVW3h/52_ALzphepO7zcodbVGsNFWeX_1773936977389_na1fn_L2hvbWUvdWJ1bnR1L3MxX3NvbmdfMTMy_0abfb69b.png	legacy-cloudfront
403	https://d2xsxph8kpxj0f.cloudfront.net/310419663032080159/2quXz2C2n5hMfqc8hNVW3h/3_HIV067cxcQl9kwSL8YAUmZ_1773778352451_na1fn_L2hvbWUvdWJ1bnR1L2RyYWVsX21vbl9wb3J0cmFpdA_0cf33974.png	legacy-cloudfront
403	https://d2xsxph8kpxj0f.cloudfront.net/310419663032080159/2quXz2C2n5hMfqc8hNVW3h/44_DWbPKYIGErpm7tlTFUMkvS_1773937811549_na1fn_L2hvbWUvdWJ1bnR1L3MxX3NvbmdfMTE3_0cdab27c.png	legacy-cloudfront
403	https://d2xsxph8kpxj0f.cloudfront.net/310419663032080159/2quXz2C2n5hMfqc8hNVW3h/42_TY4ySY1J2BzllIZGGjxrck_1773942693337_na1fn_L2hvbWUvdWJ1bnR1L3MxX3NvbmdfMTQw_a758886a.png	legacy-cloudfront
403	https://d2xsxph8kpxj0f.cloudfront.net/310419663032080159/2quXz2C2n5hMfqc8hNVW3h/63_8z83fA2I488qbSJEygsdWm_1773937827630_na1fn_L2hvbWUvdWJ1bnR1L3MxX2xvY18xNTQ_54cf152f.png	legacy-cloudfront
403	https://d2xsxph8kpxj0f.cloudfront.net/310419663032080159/2quXz2C2n5hMfqc8hNVW3h/9_7zFEz6U97veRJtFarlSbPi_1773778546408_na1fn_L2hvbWUvdWJ1bnR1L2l0aF9yYWVsX3Nwcml0ZQ_7de2b56d.png	legacy-cloudfront
403	https://d2xsxph8kpxj0f.cloudfront.net/310419663032080159/2quXz2C2n5hMfqc8hNVW3h/8_Sej4UYKCxogZQF9iMoQ7th_1773778553143_na1fn_L2hvbWUvdWJ1bnR1L2ZlbnJhX3RoZV9tb29uX3R5cmFudA_708c19a0.png	legacy-cloudfront
403	https://d2xsxph8kpxj0f.cloudfront.net/310419663032080159/2quXz2C2n5hMfqc8hNVW3h/5_Hh9K0mWXpVEPiRXjnjqpdI_1773778546128_na1fn_L2hvbWUvdWJ1bnR1L255X2tvdGhfdGhlX2ZsYXllcg_e1f416f9.png	legacy-cloudfront
403	https://d2xsxph8kpxj0f.cloudfront.net/310419663032080159/2quXz2C2n5hMfqc8hNVW3h/8_8PPlbrR8FdbExUzuL4dFSN_1773942353900_na1fn_L2hvbWUvdWJ1bnR1L3MxX2xvY18xNTc_d6c03515.png	legacy-cloudfront
403	https://d2xsxph8kpxj0f.cloudfront.net/310419663032080159/2quXz2C2n5hMfqc8hNVW3h/9_YGH9kZqz4xBukeKgJhfNNM_1773778350345_na1fn_L2hvbWUvdWJ1bnR1L2l0aF9yYWVsX3BvcnRyYWl0_7d33a51f.png	legacy-cloudfront
403	https://d2xsxph8kpxj0f.cloudfront.net/310419663032080159/2quXz2C2n5hMfqc8hNVW3h/7_zhhfSoZjO4Lqbflli1Auya_1773942384045_na1fn_L2hvbWUvdWJ1bnR1L3MxX2xvY18xNTU_01d26302.png	legacy-cloudfront
403	https://d2xsxph8kpxj0f.cloudfront.net/310419663032080159/2quXz2C2n5hMfqc8hNVW3h/59_MV54RVs5KquyIIf4TZV4GN_1773937199183_na1fn_L2hvbWUvdWJ1bnR1L3MxX2xvY18xNDk_1edb3d77.png	legacy-cloudfront
403	https://d2xsxph8kpxj0f.cloudfront.net/310419663032080159/2quXz2C2n5hMfqc8hNVW3h/BookofDaniel2-mastered	legacy-cloudfront
403	https://d2xsxph8kpxj0f.cloudfront.net/310419663032080159/2quXz2C2n5hMfqc8hNVW3h/5_t8hIwHFYnjQd6EjY5jzqps_1773942382900_na1fn_L2hvbWUvdWJ1bnR1L3MxX2xvY18xNTE_4fbeb457.png	legacy-cloudfront
403	https://d2xsxph8kpxj0f.cloudfront.net/310419663032080159/2quXz2C2n5hMfqc8hNVW3h/9_dN8BVFvjhvRXZtHAZLI3b5_1773942359176_na1fn_L2hvbWUvdWJ1bnR1L3MxX2xvY18xNTg_3c7c90f0.png	legacy-cloudfront
403	https://d2xsxph8kpxj0f.cloudfront.net/310419663032080159/2quXz2C2n5hMfqc8hNVW3h/9_iEIYqFMU1pBwandrmaIXge_1773936222570_na1fn_L2hvbWUvdWJ1bnR1L3MxX3NvbmdfMDY3_a52d2f60.png	legacy-cloudfront
403	https://d2xsxph8kpxj0f.cloudfront.net/310419663032080159/2quXz2C2n5hMfqc8hNVW3h/68_QsHeACHpPL6Sa7uQYMSePR_1773937507895_na1fn_L2hvbWUvdWJ1bnR1L3MxX2xvY18xNjE_62c2734d.png	legacy-cloudfront
403	https://d2xsxph8kpxj0f.cloudfront.net/310419663032080159/2quXz2C2n5hMfqc8hNVW3h/6_NQqQNlPwmAgciaAlLUgZRB_1773936188377_na1fn_L2hvbWUvdWJ1bnR1L3MxX3NvbmdfMDYz_8f9f4f04.png	legacy-cloudfront
403	https://d2xsxph8kpxj0f.cloudfront.net/310419663032080159/2quXz2C2n5hMfqc8hNVW3h/6_AqlG6ENJBQWlzF7gEZSAPY_1773778535229_na1fn_L2hvbWUvdWJ1bnR1L3N5bHZleF90aGVfY29ycnVwdG9y_601de94d.png	legacy-cloudfront
403	https://d2xsxph8kpxj0f.cloudfront.net/310419663032080159/2quXz2C2n5hMfqc8hNVW3h/Mixea_MediumNeutral_7508240--1DC2ACAC-9359-4824-B103401D5C3D5CBC--1--45089320--Nondenominational_ada522bd.mp3	legacy-cloudfront
403	https://d2xsxph8kpxj0f.cloudfront.net/310419663032080159/2quXz2C2n5hMfqc8hNVW3h/Mixea_MediumNeutral_7508240--3DE82F01-F8D9-4E3A-A84917FDE2C67ACB--1--60433400--LiberAlEdit_1553183b.mp3	legacy-cloudfront
403	https://d2xsxph8kpxj0f.cloudfront.net/310419663032080159/2quXz2C2n5hMfqc8hNVW3h/6_NgvRSfV2exHBLjAg5YPIBu_1773942372920_na1fn_L2hvbWUvdWJ1bnR1L3MxX2xvY18xNTM_cb2126c6.png	legacy-cloudfront
403	https://d2xsxph8kpxj0f.cloudfront.net/310419663032080159/2quXz2C2n5hMfqc8hNVW3h/7_SgDz0eYxp1DNdF8afBzZI3_1773778358328_na1fn_L2hvbWUvdWJ1bnR1L3Zhcmt1bF90aGVfYmxvb2RfbG9yZA_191fcbe9.png	legacy-cloudfront
403	https://d2xsxph8kpxj0f.cloudfront.net/310419663032080159/2quXz2C2n5hMfqc8hNVW3h/7_8RQ4mJ2Ul4OiFgfWoQuTD1_1773936182562_na1fn_L2hvbWUvdWJ1bnR1L3MxX3NvbmdfMDY1_7c0b5f8b.png	legacy-cloudfront
403	https://d2xsxph8kpxj0f.cloudfront.net/310419663032080159/2quXz2C2n5hMfqc8hNVW3h/Mixea_MediumNeutral_hd_1.LipServiceEdit-mastered_dfacbe77.mp3	legacy-cloudfront
403	https://d2xsxph8kpxj0f.cloudfront.net/310419663032080159/2quXz2C2n5hMfqc8hNVW3h/6_d6GWqZP6Po0UuqtR3n4LeV_1773778361362_na1fn_L2hvbWUvdWJ1bnR1L3N5bHZleF9wb3J0cmFpdA_8a00948a.png	legacy-cloudfront
403	https://d2xsxph8kpxj0f.cloudfront.net/310419663032080159/2quXz2C2n5hMfqc8hNVW3h/7_OuHQkfh4sCo760hBsGKxhP_1773778552306_na1fn_L2hvbWUvdWJ1bnR1L3Zhcmt1bF90aGVfYmxvb2RfbG9yZA_eda11841.png	legacy-cloudfront
403	https://d2xsxph8kpxj0f.cloudfront.net/310419663032080159/2quXz2C2n5hMfqc8hNVW3h/8_staPlo1Y4RQgwzCiXLyW3n_1773778357981_na1fn_L2hvbWUvdWJ1bnR1L2ZlbnJhX3RoZV9tb29uX3R5cmFudA_a01cff8b.png	legacy-cloudfront
403	https://d2xsxph8kpxj0f.cloudfront.net/310419663032080159/2quXz2C2n5hMfqc8hNVW3h/Mixea_MediumNeutral_7508240--7FA9E3BB-7A44-4E2E-9DC92D88D961FF39--1--37432360--Noxicans_80e5f8af.mp3	legacy-cloudfront
403	https://d2xsxph8kpxj0f.cloudfront.net/310419663032080159/2quXz2C2n5hMfqc8hNVW3h/Ken_d38ba7a6.png	legacy-cloudfront
403	https://d2xsxph8kpxj0f.cloudfront.net/310419663032080159/2quXz2C2n5hMfqc8hNVW3h/Mixea_MediumNeutral_hd_Identity	legacy-cloudfront
403	https://d2xsxph8kpxj0f.cloudfront.net/310419663032080159/2quXz2C2n5hMfqc8hNVW3h/Mixea_MediumNeutral_hd_InteractiveFaustianLife_9378c12c.mp3	legacy-cloudfront
403	https://d2xsxph8kpxj0f.cloudfront.net/310419663032080159/2quXz2C2n5hMfqc8hNVW3h/Mixea_MediumNeutral_hd_Virtualreality_7751ed2b.mp3	legacy-cloudfront
403	https://d2xsxph8kpxj0f.cloudfront.net/310419663032080159/2quXz2C2n5hMfqc8hNVW3h/Mixea_MediumNeutral_hd_Kismet_07119e64.mp3	legacy-cloudfront
403	https://d2xsxph8kpxj0f.cloudfront.net/310419663032080159/2quXz2C2n5hMfqc8hNVW3h/Mixea_MediumNeutral_hd_LittleSecrets_e3b7e0a7.mp3	legacy-cloudfront
403	https://d2xsxph8kpxj0f.cloudfront.net/310419663032080159/2quXz2C2n5hMfqc8hNVW3h/Mixea_MediumNeutral_hd_MentalSlavery_6cf15c43.mp3	legacy-cloudfront
403	https://d2xsxph8kpxj0f.cloudfront.net/310419663032080159/2quXz2C2n5hMfqc8hNVW3h/Mixea_MediumNeutral_7508240--DD8FDF8D-C3E4-4452-82AB4F862CC45BB8--1--51763240--TheLastStand_3a0980b4.mp3	legacy-cloudfront
403	https://d2xsxph8kpxj0f.cloudfront.net/310419663032080159/2quXz2C2n5hMfqc8hNVW3h/Mixea_MediumNeutral_hd_ConsiderLife	legacy-cloudfront
403	https://d2xsxph8kpxj0f.cloudfront.net/310419663032080159/2quXz2C2n5hMfqc8hNVW3h/Mixea_MediumNeutral_7508240--9292F105-DED5-42E7-AC4E22772E01390F--1--40888360--USIKUEMSHYKeepAGirlInSchool_3efbc7c7.mp3	legacy-cloudfront
403	https://d2xsxph8kpxj0f.cloudfront.net/310419663032080159/2quXz2C2n5hMfqc8hNVW3h/SagaTheme_0cd5de9a.mp3	legacy-cloudfront
403	https://d2xsxph8kpxj0f.cloudfront.net/310419663032080159/2quXz2C2n5hMfqc8hNVW3h/advocate_crouch_kick-kuBoJakbkpbChfzAAWfKNb.png	legacy-cloudfront
403	https://d2xsxph8kpxj0f.cloudfront.net/310419663032080159/2quXz2C2n5hMfqc8hNVW3h/Mixea_MediumNeutral_hd_ParadiseLost	legacy-cloudfront
403	https://d2xsxph8kpxj0f.cloudfront.net/310419663032080159/2quXz2C2n5hMfqc8hNVW3h/Mixea_MediumNeutral_hd_FamilyTree_bb6ffbd9.mp3	legacy-cloudfront
403	https://d2xsxph8kpxj0f.cloudfront.net/310419663032080159/2quXz2C2n5hMfqc8hNVW3h/Mixea_MediumNeutral_hd_Deepthoughts	legacy-cloudfront
403	https://d2xsxph8kpxj0f.cloudfront.net/310419663032080159/2quXz2C2n5hMfqc8hNVW3h/Mixea_MediumNeutral_7508240--4654150B-FDF2-4023-987936E51F8EBB4A--1--60449320--TheLionsinBlack_9cf8b018.mp3	legacy-cloudfront
403	https://d2xsxph8kpxj0f.cloudfront.net/310419663032080159/2quXz2C2n5hMfqc8hNVW3h/advocate_dash-URtrLjcadNSSyLcx66tZCg.png	legacy-cloudfront
403	https://d2xsxph8kpxj0f.cloudfront.net/310419663032080159/2quXz2C2n5hMfqc8hNVW3h/Mixea_MediumNeutral_7508240--7D5CED5B-9397-4B57-88EE5D8ACBA6BA14--1--72721960--ShadesofGrey_2d2e4d90.mp3	legacy-cloudfront
403	https://d2xsxph8kpxj0f.cloudfront.net/310419663032080159/2quXz2C2n5hMfqc8hNVW3h/Ryu_b7b3910e.png	legacy-cloudfront
403	https://d2xsxph8kpxj0f.cloudfront.net/310419663032080159/2quXz2C2n5hMfqc8hNVW3h/TheVoiceofIsis_401b954f.mp3	legacy-cloudfront
403	https://d2xsxph8kpxj0f.cloudfront.net/310419663032080159/2quXz2C2n5hMfqc8hNVW3h/advocate_crouch_punch-RTnFnzmVhoMJgkcNVMrwPc.png	legacy-cloudfront
403	https://d2xsxph8kpxj0f.cloudfront.net/310419663032080159/2quXz2C2n5hMfqc8hNVW3h/Mixea_MediumNeutral_hd_RememberingHowtoMoveOn_35ca8675.mp3	legacy-cloudfront
403	https://d2xsxph8kpxj0f.cloudfront.net/310419663032080159/2quXz2C2n5hMfqc8hNVW3h/advocate_grab-2RmrxYBiJCX5HNMv7YNnHb.png	legacy-cloudfront
403	https://d2xsxph8kpxj0f.cloudfront.net/310419663032080159/2quXz2C2n5hMfqc8hNVW3h/advocate_crouch-boVRiQaVSEG7UafUwykhH4.png	legacy-cloudfront
403	https://d2xsxph8kpxj0f.cloudfront.net/310419663032080159/2quXz2C2n5hMfqc8hNVW3h/advocate_dizzy-HKKoWXoNyL6FvUJ7QGyvVU.png	legacy-cloudfront
403	https://d2xsxph8kpxj0f.cloudfront.net/310419663032080159/2quXz2C2n5hMfqc8hNVW3h/advocate_knockdown-hNWqRYrpD3xMkEsfR2LJmG.png	legacy-cloudfront
403	https://d2xsxph8kpxj0f.cloudfront.net/310419663032080159/2quXz2C2n5hMfqc8hNVW3h/advocate_jump-Ems42iEM2hinSSh7TrWeBo.png	legacy-cloudfront
403	https://d2xsxph8kpxj0f.cloudfront.net/310419663032080159/2quXz2C2n5hMfqc8hNVW3h/agent_zero_crouch_7cb53264.png	legacy-cloudfront
403	https://d2xsxph8kpxj0f.cloudfront.net/310419663032080159/2quXz2C2n5hMfqc8hNVW3h/agent_zero_crouch_punch-deoy3ai4taSrjTdhmqgQqh.png	legacy-cloudfront
403	https://d2xsxph8kpxj0f.cloudfront.net/310419663032080159/2quXz2C2n5hMfqc8hNVW3h/advocate_heavy_punch-GNw3KB3BYEt4YCQJBpruja.png	legacy-cloudfront
403	https://d2xsxph8kpxj0f.cloudfront.net/310419663032080159/2quXz2C2n5hMfqc8hNVW3h/agent_zero_jump-RBJmpEC2wSA33FfzDAgwKk.png	legacy-cloudfront
403	https://d2xsxph8kpxj0f.cloudfront.net/310419663032080159/2quXz2C2n5hMfqc8hNVW3h/advocate_medium_punch-SLhYeTmWjbVpBdn6bs7VCP.png	legacy-cloudfront
403	https://d2xsxph8kpxj0f.cloudfront.net/310419663032080159/2quXz2C2n5hMfqc8hNVW3h/advocate_heavy_kick-3Jm2xZkRxASwvKFKDXHVoo.png	legacy-cloudfront
403	https://d2xsxph8kpxj0f.cloudfront.net/310419663032080159/2quXz2C2n5hMfqc8hNVW3h/agent_zero_grab-498oJNsePhTgKyhUF8ctVo.png	legacy-cloudfront
403	https://d2xsxph8kpxj0f.cloudfront.net/310419663032080159/2quXz2C2n5hMfqc8hNVW3h/advocate_taunt-fnWtS8j5AtLwV9a5PJcTPw.png	legacy-cloudfront
403	https://d2xsxph8kpxj0f.cloudfront.net/310419663032080159/2quXz2C2n5hMfqc8hNVW3h/age_visions_cover-FngimcrbyodrtAjA8yLqCx.webp	legacy-cloudfront
403	https://d2xsxph8kpxj0f.cloudfront.net/310419663032080159/2quXz2C2n5hMfqc8hNVW3h/advocate_jump_attack-NVZBv7Ponu5QN2KgHuneWs.png	legacy-cloudfront
403	https://d2xsxph8kpxj0f.cloudfront.net/310419663032080159/2quXz2C2n5hMfqc8hNVW3h/advocate_medium_kick-NU3Hu8g8Vtn2bsvqALGHGB.png	legacy-cloudfront
403	https://d2xsxph8kpxj0f.cloudfront.net/310419663032080159/2quXz2C2n5hMfqc8hNVW3h/age_sundown_bazaar_cover-BSENtwsg42a4PZVLGpgGEA.webp	legacy-cloudfront
403	https://d2xsxph8kpxj0f.cloudfront.net/310419663032080159/2quXz2C2n5hMfqc8hNVW3h/age_fall_reality_cover-4zRjrkR7DWgyhKmT39dtu9.webp	legacy-cloudfront
403	https://d2xsxph8kpxj0f.cloudfront.net/310419663032080159/2quXz2C2n5hMfqc8hNVW3h/advocate_light_punch-oCtGrMFLdXxUUggvcFiSan.png	legacy-cloudfront
403	https://d2xsxph8kpxj0f.cloudfront.net/310419663032080159/2quXz2C2n5hMfqc8hNVW3h/advocate_sweep-KbDvir5mWZeQQLYe2UATfT.png	legacy-cloudfront
403	https://d2xsxph8kpxj0f.cloudfront.net/310419663032080159/2quXz2C2n5hMfqc8hNVW3h/advocate_special-NWq48Jfjh9t2wofCTFsyLJ.png	legacy-cloudfront
403	https://d2xsxph8kpxj0f.cloudfront.net/310419663032080159/2quXz2C2n5hMfqc8hNVW3h/advocate_light_kick-42e7ez3xc6bTcKdNpNRyys.png	legacy-cloudfront
403	https://d2xsxph8kpxj0f.cloudfront.net/310419663032080159/2quXz2C2n5hMfqc8hNVW3h/agent_zero_dizzy-hfcPVdLJbRxaxzsnyLdDo2.png	legacy-cloudfront
403	https://d2xsxph8kpxj0f.cloudfront.net/310419663032080159/2quXz2C2n5hMfqc8hNVW3h/age_privacy_cover-5LvibYRoX7oL9NDwdA6cmh.webp	legacy-cloudfront
403	https://d2xsxph8kpxj0f.cloudfront.net/310419663032080159/2quXz2C2n5hMfqc8hNVW3h/agent_zero_crouch_kick-ZUeQeezHmLi6sy4dP6fesV.png	legacy-cloudfront
403	https://d2xsxph8kpxj0f.cloudfront.net/310419663032080159/2quXz2C2n5hMfqc8hNVW3h/agent_zero_dash_9d0ac1f0.png	legacy-cloudfront
403	https://d2xsxph8kpxj0f.cloudfront.net/310419663032080159/2quXz2C2n5hMfqc8hNVW3h/advocate_walk_fwd-nLAjuwUfw9YNUCDqUamuvf.png	legacy-cloudfront
403	https://d2xsxph8kpxj0f.cloudfront.net/310419663032080159/2quXz2C2n5hMfqc8hNVW3h/agent_zero_knockdown-V25dYU4Q8WCym3uEfjLsaJ.png	legacy-cloudfront
403	https://d2xsxph8kpxj0f.cloudfront.net/310419663032080159/2quXz2C2n5hMfqc8hNVW3h/agent_zero_medium_kick-UWv6GWExUn8nxJwqvZEh5K.png	legacy-cloudfront
403	https://d2xsxph8kpxj0f.cloudfront.net/310419663032080159/2quXz2C2n5hMfqc8hNVW3h/age_potentials_cover-WC3SceGS8Z6fx57ov3Z54J.webp	legacy-cloudfront
403	https://d2xsxph8kpxj0f.cloudfront.net/310419663032080159/2quXz2C2n5hMfqc8hNVW3h/agent-zero_spritesheet-RZUqHFz5LP59H8Q68sFo4h.webp	legacy-cloudfront
403	https://d2xsxph8kpxj0f.cloudfront.net/310419663032080159/2quXz2C2n5hMfqc8hNVW3h/advocate_walk_back-nweQofJpzfhxxKSAkM2ZQg.png	legacy-cloudfront
403	https://d2xsxph8kpxj0f.cloudfront.net/310419663032080159/2quXz2C2n5hMfqc8hNVW3h/agent_zero_light_kick-JV7anFtAWqKigCsJZUAzsV.png	legacy-cloudfront
403	https://d2xsxph8kpxj0f.cloudfront.net/310419663032080159/2quXz2C2n5hMfqc8hNVW3h/agent_zero_special-CpksVsgWa5kYxyDBvn53w9.png	legacy-cloudfront
403	https://d2xsxph8kpxj0f.cloudfront.net/310419663032080159/2quXz2C2n5hMfqc8hNVW3h/agent_zero_heavy_kick-nRZGwdi8rLp6Ecs2SdHsq5.png	legacy-cloudfront
403	https://d2xsxph8kpxj0f.cloudfront.net/310419663032080159/2quXz2C2n5hMfqc8hNVW3h/agent_zero_heavy_punch-EJ7jJZS4TBJXy7yfw3PxhD.png	legacy-cloudfront
403	https://d2xsxph8kpxj0f.cloudfront.net/310419663032080159/2quXz2C2n5hMfqc8hNVW3h/agent_zero_sweep-DCWK6rJDjRDrvU9HDxXRKK.png	legacy-cloudfront
403	https://d2xsxph8kpxj0f.cloudfront.net/310419663032080159/2quXz2C2n5hMfqc8hNVW3h/agent_zero_taunt-E5WmT7DHhJVAwkgJQfpegx.png	legacy-cloudfront
403	https://d2xsxph8kpxj0f.cloudfront.net/310419663032080159/2quXz2C2n5hMfqc8hNVW3h/agent_zero_jump_attack-GdrxcSsWmj9acJXJzaLtiG.png	legacy-cloudfront
403	https://d2xsxph8kpxj0f.cloudfront.net/310419663032080159/2quXz2C2n5hMfqc8hNVW3h/akai_shi_crouch_punch-nh8BkCZNG8C7xQqTxxVhTu.png	legacy-cloudfront
403	https://d2xsxph8kpxj0f.cloudfront.net/310419663032080159/2quXz2C2n5hMfqc8hNVW3h/agent_zero_medium_punch-DY9MGyDTve9es9PUWFuKBk.png	legacy-cloudfront
403	https://d2xsxph8kpxj0f.cloudfront.net/310419663032080159/2quXz2C2n5hMfqc8hNVW3h/akai_shi_dash-QLFdJjwqsyZfRBiVXCdVHK.png	legacy-cloudfront
403	https://d2xsxph8kpxj0f.cloudfront.net/310419663032080159/2quXz2C2n5hMfqc8hNVW3h/agent_zero_light_punch_af9aaf9f.png	legacy-cloudfront
403	https://d2xsxph8kpxj0f.cloudfront.net/310419663032080159/2quXz2C2n5hMfqc8hNVW3h/akai_shi_jump-8Xr6vYnAgYNXiHzKMfgG7o.png	legacy-cloudfront
403	https://d2xsxph8kpxj0f.cloudfront.net/310419663032080159/2quXz2C2n5hMfqc8hNVW3h/akai_shi_knockdown-DPoSqU5Xgg8cTEA9EnQvKh.png	legacy-cloudfront
403	https://d2xsxph8kpxj0f.cloudfront.net/310419663032080159/2quXz2C2n5hMfqc8hNVW3h/akai_shi_special-AXct9GWpbF7eXyaa2sNJ5V.png	legacy-cloudfront
403	https://d2xsxph8kpxj0f.cloudfront.net/310419663032080159/2quXz2C2n5hMfqc8hNVW3h/akai_shi_dizzy-76ZLk3ZhQbdDf3kSCs4iEw.png	legacy-cloudfront
403	https://d2xsxph8kpxj0f.cloudfront.net/310419663032080159/2quXz2C2n5hMfqc8hNVW3h/akai_shi_taunt-QBYwmRpFtiuQSTfS2KSrAR.png	legacy-cloudfront
403	https://d2xsxph8kpxj0f.cloudfront.net/310419663032080159/2quXz2C2n5hMfqc8hNVW3h/akai_shi_crouch-kPbxZRxJvVJqhPmJDWuRNR.png	legacy-cloudfront
403	https://d2xsxph8kpxj0f.cloudfront.net/310419663032080159/2quXz2C2n5hMfqc8hNVW3h/agent_zero_story_a0a29344.avif	legacy-cloudfront
403	https://d2xsxph8kpxj0f.cloudfront.net/310419663032080159/2quXz2C2n5hMfqc8hNVW3h/akai-shi_spritesheet-5weLr4FcHmRqjSd5W53Wyf.webp	legacy-cloudfront
403	https://d2xsxph8kpxj0f.cloudfront.net/310419663032080159/2quXz2C2n5hMfqc8hNVW3h/akai_shi_light_kick-8UABj5zfaBUPU6D9HPnGwW.png	legacy-cloudfront
403	https://d2xsxph8kpxj0f.cloudfront.net/310419663032080159/2quXz2C2n5hMfqc8hNVW3h/akai_shi_grab-5HBVzux5eWD8f3YBw9uNLe.png	legacy-cloudfront
403	https://d2xsxph8kpxj0f.cloudfront.net/310419663032080159/2quXz2C2n5hMfqc8hNVW3h/akai_shi_heavy_punch-Tdvy8XTkRJnBfkCDi62C8E.png	legacy-cloudfront
403	https://d2xsxph8kpxj0f.cloudfront.net/310419663032080159/2quXz2C2n5hMfqc8hNVW3h/akai_shi_medium_punch-hnPJBcJmCrcoNVxbV7KR3D.png	legacy-cloudfront
403	https://d2xsxph8kpxj0f.cloudfront.net/310419663032080159/2quXz2C2n5hMfqc8hNVW3h/antiquarian-library_2f2dfbf5.png	legacy-cloudfront
403	https://d2xsxph8kpxj0f.cloudfront.net/310419663032080159/2quXz2C2n5hMfqc8hNVW3h/agent_zero_walk_fwd_c0b8e11f.png	legacy-cloudfront
403	https://d2xsxph8kpxj0f.cloudfront.net/310419663032080159/2quXz2C2n5hMfqc8hNVW3h/akai_shi_crouch_kick-g92P9JHESt9q2pFcJhjSxh.png	legacy-cloudfront
403	https://d2xsxph8kpxj0f.cloudfront.net/310419663032080159/2quXz2C2n5hMfqc8hNVW3h/antiquarian_library_room-dhtjQjrMbU3s3WhnWePBPF.webp	legacy-cloudfront
403	https://d2xsxph8kpxj0f.cloudfront.net/310419663032080159/2quXz2C2n5hMfqc8hNVW3h/architect_spritesheet-cUbdFYrNmAJggCQWBB2aaX.webp	legacy-cloudfront
403	https://d2xsxph8kpxj0f.cloudfront.net/310419663032080159/2quXz2C2n5hMfqc8hNVW3h/akai_shi_walk_fwd-6eSJjkqPsZbJsqJhqTQqyC.png	legacy-cloudfront
403	https://d2xsxph8kpxj0f.cloudfront.net/310419663032080159/2quXz2C2n5hMfqc8hNVW3h/akai_shi_sweep-L9kB8viz59sdKGz6o3D5wh.png	legacy-cloudfront
403	https://d2xsxph8kpxj0f.cloudfront.net/310419663032080159/2quXz2C2n5hMfqc8hNVW3h/agent_zero_walk_back_13c27534.png	legacy-cloudfront
403	https://d2xsxph8kpxj0f.cloudfront.net/310419663032080159/2quXz2C2n5hMfqc8hNVW3h/akai_shi_heavy_kick-dziUFwrw6XR76hTcnB2mRn.png	legacy-cloudfront
403	https://d2xsxph8kpxj0f.cloudfront.net/310419663032080159/2quXz2C2n5hMfqc8hNVW3h/arena_game_master-aby6bkZe5m32eCLycCjA7G.webp	legacy-cloudfront
403	https://d2xsxph8kpxj0f.cloudfront.net/310419663032080159/2quXz2C2n5hMfqc8hNVW3h/arena_the_architect-8Z7oGygDUV7KCV5CaMbBzC.webp	legacy-cloudfront
403	https://d2xsxph8kpxj0f.cloudfront.net/310419663032080159/2quXz2C2n5hMfqc8hNVW3h/akai_shi_medium_kick-mGxKLma9pgpguhZATwFdSX.png	legacy-cloudfront
403	https://d2xsxph8kpxj0f.cloudfront.net/310419663032080159/2quXz2C2n5hMfqc8hNVW3h/archives_cb00ab0a.png	legacy-cloudfront
403	https://d2xsxph8kpxj0f.cloudfront.net/310419663032080159/2quXz2C2n5hMfqc8hNVW3h/arena_agent_zero-6QwQ7VohHdMtQNrL9cypNh.webp	legacy-cloudfront
403	https://d2xsxph8kpxj0f.cloudfront.net/310419663032080159/2quXz2C2n5hMfqc8hNVW3h/arena_the_human-2u4VD3AZ5zGvdMRUoxXCsu.webp	legacy-cloudfront
403	https://d2xsxph8kpxj0f.cloudfront.net/310419663032080159/2quXz2C2n5hMfqc8hNVW3h/arena_the_enigma-4p7ThcZswCnvRadh4GxKSm.webp	legacy-cloudfront
403	https://d2xsxph8kpxj0f.cloudfront.net/310419663032080159/2quXz2C2n5hMfqc8hNVW3h/arena_the_necromancer-JUDe5qcbQeatnwnHT3mad7.webp	legacy-cloudfront
403	https://d2xsxph8kpxj0f.cloudfront.net/310419663032080159/2quXz2C2n5hMfqc8hNVW3h/arena_the_collector-UnhG3LS8tXbdApgKiwt4Y2.webp	legacy-cloudfront
403	https://d2xsxph8kpxj0f.cloudfront.net/310419663032080159/2quXz2C2n5hMfqc8hNVW3h/akai_shi_light_punch-7Pu3tqyqkJXCTYnCWVDmxd.png	legacy-cloudfront
403	https://d2xsxph8kpxj0f.cloudfront.net/310419663032080159/2quXz2C2n5hMfqc8hNVW3h/akai_shi_jump_attack-JC2T9DmWdjtcNwQcKkt5ck.png	legacy-cloudfront
403	https://d2xsxph8kpxj0f.cloudfront.net/310419663032080159/2quXz2C2n5hMfqc8hNVW3h/arena_iron_lion-JGGYp9Q59x4RDKxZ4mftND.webp	legacy-cloudfront
403	https://d2xsxph8kpxj0f.cloudfront.net/310419663032080159/2quXz2C2n5hMfqc8hNVW3h/arena_the_oracle-HEv2JKMMjfAzEPC85KZUnX.webp	legacy-cloudfront
403	https://d2xsxph8kpxj0f.cloudfront.net/310419663032080159/2quXz2C2n5hMfqc8hNVW3h/akai_shi_walk_back-7Cjn3yjhVHaVBkXbpnwPKQ.png	legacy-cloudfront
403	https://d2xsxph8kpxj0f.cloudfront.net/310419663032080159/2quXz2C2n5hMfqc8hNVW3h/attack_2ad99551.png	legacy-cloudfront
403	https://d2xsxph8kpxj0f.cloudfront.net/310419663032080159/2quXz2C2n5hMfqc8hNVW3h/attack_92597a01.png	legacy-cloudfront
403	https://d2xsxph8kpxj0f.cloudfront.net/310419663032080159/2quXz2C2n5hMfqc8hNVW3h/ark_control_room_04cb4fe3.png	legacy-cloudfront
403	https://d2xsxph8kpxj0f.cloudfront.net/310419663032080159/2quXz2C2n5hMfqc8hNVW3h/attack_be6d9985.png	legacy-cloudfront
403	https://d2xsxph8kpxj0f.cloudfront.net/310419663032080159/2quXz2C2n5hMfqc8hNVW3h/arena_the_source-AAffTmd2CU4WHLtW94wGEv.webp	legacy-cloudfront
403	https://d2xsxph8kpxj0f.cloudfront.net/310419663032080159/2quXz2C2n5hMfqc8hNVW3h/awakening_02_c293c1e2.mp3	legacy-cloudfront
403	https://d2xsxph8kpxj0f.cloudfront.net/310419663032080159/2quXz2C2n5hMfqc8hNVW3h/awakening_04_c9547bed.mp3	legacy-cloudfront
403	https://d2xsxph8kpxj0f.cloudfront.net/310419663032080159/2quXz2C2n5hMfqc8hNVW3h/attack_90e8cb69.png	legacy-cloudfront
403	https://d2xsxph8kpxj0f.cloudfront.net/310419663032080159/2quXz2C2n5hMfqc8hNVW3h/awakening_05_be8d79bb.mp3	legacy-cloudfront
403	https://d2xsxph8kpxj0f.cloudfront.net/310419663032080159/2quXz2C2n5hMfqc8hNVW3h/archives_transition_a9a53130.mp4	legacy-cloudfront
403	https://d2xsxph8kpxj0f.cloudfront.net/310419663032080159/2quXz2C2n5hMfqc8hNVW3h/armory_2b2fa061.png	legacy-cloudfront
403	https://d2xsxph8kpxj0f.cloudfront.net/310419663032080159/2quXz2C2n5hMfqc8hNVW3h/arena_the_warlord-G9RfqTCYjW9rATdEc2coiH.webp	legacy-cloudfront
403	https://d2xsxph8kpxj0f.cloudfront.net/310419663032080159/2quXz2C2n5hMfqc8hNVW3h/board_dreamer_c6ba3413.png	legacy-cloudfront
403	https://d2xsxph8kpxj0f.cloudfront.net/310419663032080159/2quXz2C2n5hMfqc8hNVW3h/arena_the_programmer-ZDSNuNFUtmc4nNm5irreS2.webp	legacy-cloudfront
403	https://d2xsxph8kpxj0f.cloudfront.net/310419663032080159/2quXz2C2n5hMfqc8hNVW3h/awakening_11_b7436001.mp3	legacy-cloudfront
403	https://d2xsxph8kpxj0f.cloudfront.net/310419663032080159/2quXz2C2n5hMfqc8hNVW3h/boss_collector_artifact-FJv6rqfec47CFyjSe7o7R9.webp	legacy-cloudfront
403	https://d2xsxph8kpxj0f.cloudfront.net/310419663032080159/2quXz2C2n5hMfqc8hNVW3h/awaken_the_clone_poster_6fcfb664.png	legacy-cloudfront
403	https://d2xsxph8kpxj0f.cloudfront.net/310419663032080159/2quXz2C2n5hMfqc8hNVW3h/boss_architect_unit-M2zMHk56q6un2uqX9j7kdQ.webp	legacy-cloudfront
403	https://d2xsxph8kpxj0f.cloudfront.net/310419663032080159/2quXz2C2n5hMfqc8hNVW3h/block_61c97fc3.png	legacy-cloudfront
403	https://d2xsxph8kpxj0f.cloudfront.net/310419663032080159/2quXz2C2n5hMfqc8hNVW3h/b_knight_5cdb11ad.png	legacy-cloudfront
403	https://d2xsxph8kpxj0f.cloudfront.net/310419663032080159/2quXz2C2n5hMfqc8hNVW3h/b_rook_c93c503b.png	legacy-cloudfront
403	https://d2xsxph8kpxj0f.cloudfront.net/310419663032080159/2quXz2C2n5hMfqc8hNVW3h/awakening_03_1d37bf05.mp3	legacy-cloudfront
403	https://d2xsxph8kpxj0f.cloudfront.net/310419663032080159/2quXz2C2n5hMfqc8hNVW3h/block_f09b0839.png	legacy-cloudfront
403	https://d2xsxph8kpxj0f.cloudfront.net/310419663032080159/2quXz2C2n5hMfqc8hNVW3h/b_bishop_26124170.png	legacy-cloudfront
403	https://d2xsxph8kpxj0f.cloudfront.net/310419663032080159/2quXz2C2n5hMfqc8hNVW3h/b_king_908af3a7.png	legacy-cloudfront
403	https://d2xsxph8kpxj0f.cloudfront.net/310419663032080159/2quXz2C2n5hMfqc8hNVW3h/block_051c672a.png	legacy-cloudfront
403	https://d2xsxph8kpxj0f.cloudfront.net/310419663032080159/2quXz2C2n5hMfqc8hNVW3h/boss_collector_unit-3ioYNXQZfSvqYDhBBcEVXL.webp	legacy-cloudfront
403	https://d2xsxph8kpxj0f.cloudfront.net/310419663032080159/2quXz2C2n5hMfqc8hNVW3h/block_df64cf98.png	legacy-cloudfront
403	https://d2xsxph8kpxj0f.cloudfront.net/310419663032080159/2quXz2C2n5hMfqc8hNVW3h/awakening_13_2075d6bd.mp3	legacy-cloudfront
403	https://d2xsxph8kpxj0f.cloudfront.net/310419663032080159/2quXz2C2n5hMfqc8hNVW3h/boss_source_artifact-WJABBi39scb6eSrqXaVidB.webp	legacy-cloudfront
403	https://d2xsxph8kpxj0f.cloudfront.net/310419663032080159/2quXz2C2n5hMfqc8hNVW3h/boss_necromancer_artifact-bG26YKuaMk4KE58ANoGgPg.webp	legacy-cloudfront
403	https://d2xsxph8kpxj0f.cloudfront.net/310419663032080159/2quXz2C2n5hMfqc8hNVW3h/boss_necromancer_spell-DHcDRGWhbjQPtXtv9jQczT.webp	legacy-cloudfront
403	https://d2xsxph8kpxj0f.cloudfront.net/310419663032080159/2quXz2C2n5hMfqc8hNVW3h/awakening_06_a496049b.mp3	legacy-cloudfront
403	https://d2xsxph8kpxj0f.cloudfront.net/310419663032080159/2quXz2C2n5hMfqc8hNVW3h/boss_source_unit-i4gTeUMmGAp7YcDTNnGE9N.webp	legacy-cloudfront
403	https://d2xsxph8kpxj0f.cloudfront.net/310419663032080159/2quXz2C2n5hMfqc8hNVW3h/boss_warlord_artifact-An52UZP69GXnxaj77VvKY8.webp	legacy-cloudfront
403	https://d2xsxph8kpxj0f.cloudfront.net/310419663032080159/2quXz2C2n5hMfqc8hNVW3h/board_insurgency_0b5e8a35.png	legacy-cloudfront
403	https://d2xsxph8kpxj0f.cloudfront.net/310419663032080159/2quXz2C2n5hMfqc8hNVW3h/awakening_07_e6fe06ac.mp3	legacy-cloudfront
403	https://d2xsxph8kpxj0f.cloudfront.net/310419663032080159/2quXz2C2n5hMfqc8hNVW3h/board_thought_virus-AhVeYJmp6JTAEu9LkK55ss.png	legacy-cloudfront
403	https://d2xsxph8kpxj0f.cloudfront.net/310419663032080159/2quXz2C2n5hMfqc8hNVW3h/boss_architect_artifact-57bqP3m5viSEQ7tEdohqHi.webp	legacy-cloudfront
403	https://d2xsxph8kpxj0f.cloudfront.net/310419663032080159/2quXz2C2n5hMfqc8hNVW3h/boss_necromancer_unit-HQPLhCNrYPHJFAoGqcEPAE.webp	legacy-cloudfront
403	https://d2xsxph8kpxj0f.cloudfront.net/310419663032080159/2quXz2C2n5hMfqc8hNVW3h/awakening_08_50b7edb1.mp3	legacy-cloudfront
403	https://d2xsxph8kpxj0f.cloudfront.net/310419663032080159/2quXz2C2n5hMfqc8hNVW3h/boss_source_spell-bpT8kYy6YhXarcTwCtAEgg.webp	legacy-cloudfront
403	https://d2xsxph8kpxj0f.cloudfront.net/310419663032080159/2quXz2C2n5hMfqc8hNVW3h/awakening_09_eb34b7d1.mp3	legacy-cloudfront
403	https://d2xsxph8kpxj0f.cloudfront.net/310419663032080159/2quXz2C2n5hMfqc8hNVW3h/awakening_10_8b7a2a3f.mp3	legacy-cloudfront
403	https://d2xsxph8kpxj0f.cloudfront.net/310419663032080159/2quXz2C2n5hMfqc8hNVW3h/boss_gamemaster_artifact-34JjKSkCKyPauYGcKwtfGK.webp	legacy-cloudfront
403	https://d2xsxph8kpxj0f.cloudfront.net/310419663032080159/2quXz2C2n5hMfqc8hNVW3h/awakening_12_ced1dfea.mp3	legacy-cloudfront
403	https://d2xsxph8kpxj0f.cloudfront.net/310419663032080159/2quXz2C2n5hMfqc8hNVW3h/b_queen_d70bfd22.png	legacy-cloudfront
403	https://d2xsxph8kpxj0f.cloudfront.net/310419663032080159/2quXz2C2n5hMfqc8hNVW3h/board_antiquarian-CB9xw76VXxzJWnoUYajBPH.png	legacy-cloudfront
403	https://d2xsxph8kpxj0f.cloudfront.net/310419663032080159/2quXz2C2n5hMfqc8hNVW3h/boss_meme_artifact-46K8nqirUbCBNkaKeCVoZh.webp	legacy-cloudfront
403	https://d2xsxph8kpxj0f.cloudfront.net/310419663032080159/2quXz2C2n5hMfqc8hNVW3h/b_pawn_0cb6735f.png	legacy-cloudfront
403	https://d2xsxph8kpxj0f.cloudfront.net/310419663032080159/2quXz2C2n5hMfqc8hNVW3h/boss_warlord_unit-BXc6X22CxeVz9wxPr88qPp.webp	legacy-cloudfront
403	https://d2xsxph8kpxj0f.cloudfront.net/310419663032080159/2quXz2C2n5hMfqc8hNVW3h/bridge_to_observation_6b2f3957.mp4	legacy-cloudfront
403	https://d2xsxph8kpxj0f.cloudfront.net/310419663032080159/2quXz2C2n5hMfqc8hNVW3h/boss_collector_spell-LYXhkLwwKcXVTd7PpPPQiR.webp	legacy-cloudfront
403	https://d2xsxph8kpxj0f.cloudfront.net/310419663032080159/2quXz2C2n5hMfqc8hNVW3h/boss_watcher_unit-KJfEoJBx2xMrCCXLPVjwGi.webp	legacy-cloudfront
403	https://d2xsxph8kpxj0f.cloudfront.net/310419663032080159/2quXz2C2n5hMfqc8hNVW3h/boss_meme_spell-cxXmqnhQFqFAhDqRqvdXKf.webp	legacy-cloudfront
403	https://d2xsxph8kpxj0f.cloudfront.net/310419663032080159/2quXz2C2n5hMfqc8hNVW3h/boss_watcher_artifact-UCp97H4Lv9FMG5iwbGDfQa.webp	legacy-cloudfront
403	https://d2xsxph8kpxj0f.cloudfront.net/310419663032080159/2quXz2C2n5hMfqc8hNVW3h/boss_gamemaster_spell-RVEfJBKPFvPCFdFqhXPF3E.webp	legacy-cloudfront
403	https://d2xsxph8kpxj0f.cloudfront.net/310419663032080159/2quXz2C2n5hMfqc8hNVW3h/boss_meme_unit-9ySqnPxQvFUTxYVwLxNFPj.webp	legacy-cloudfront
403	https://d2xsxph8kpxj0f.cloudfront.net/310419663032080159/2quXz2C2n5hMfqc8hNVW3h/boss_architect_spell-8T7jnbnV6srnYEdThR3oh2.webp	legacy-cloudfront
403	https://d2xsxph8kpxj0f.cloudfront.net/310419663032080159/2quXz2C2n5hMfqc8hNVW3h/board_new_babylon-FaUuXc8dJeKNAxDaEAnXsj.png	legacy-cloudfront
403	https://d2xsxph8kpxj0f.cloudfront.net/310419663032080159/2quXz2C2n5hMfqc8hNVW3h/board_architect_b992c558.png	legacy-cloudfront
403	https://d2xsxph8kpxj0f.cloudfront.net/310419663032080159/2quXz2C2n5hMfqc8hNVW3h/bridge_5da73f83.png	legacy-cloudfront
403	https://d2xsxph8kpxj0f.cloudfront.net/310419663032080159/2quXz2C2n5hMfqc8hNVW3h/boss_gamemaster_unit-bBfHxfCqjFVjcEjQRfhUKj.webp	legacy-cloudfront
403	https://d2xsxph8kpxj0f.cloudfront.net/310419663032080159/2quXz2C2n5hMfqc8hNVW3h/chaos-forge_9b2bb679.png	legacy-cloudfront
403	https://d2xsxph8kpxj0f.cloudfront.net/310419663032080159/2quXz2C2n5hMfqc8hNVW3h/cargo-hold_9df574a9.png	legacy-cloudfront
403	https://d2xsxph8kpxj0f.cloudfront.net/310419663032080159/2quXz2C2n5hMfqc8hNVW3h/card_soldier-5DTnHpCwXMSjQwSSLL3Y69.webp	legacy-cloudfront
403	https://d2xsxph8kpxj0f.cloudfront.net/310419663032080159/2quXz2C2n5hMfqc8hNVW3h/boss_watcher_spell-9Bj9gfuHfJwNdRHCqCdHjM.webp	legacy-cloudfront
403	https://d2xsxph8kpxj0f.cloudfront.net/310419663032080159/2quXz2C2n5hMfqc8hNVW3h/boss_warlord_spell-84iV3CKgcKFAeB6SYLfXAt.webp	legacy-cloudfront
403	https://d2xsxph8kpxj0f.cloudfront.net/310419663032080159/2quXz2C2n5hMfqc8hNVW3h/card_oracle-g4rDcyk322zSKbKGvF8dF6.webp	legacy-cloudfront
403	https://d2xsxph8kpxj0f.cloudfront.net/310419663032080159/2quXz2C2n5hMfqc8hNVW3h/conexus_dischordian-logic_9bf807bb.png	legacy-cloudfront
403	https://d2xsxph8kpxj0f.cloudfront.net/310419663032080159/2quXz2C2n5hMfqc8hNVW3h/collectors-arena-intro_c5e8c641.mp4	legacy-cloudfront
403	https://d2xsxph8kpxj0f.cloudfront.net/310419663032080159/2quXz2C2n5hMfqc8hNVW3h/card_engineer-87sWBmYL7gTbn268o6MDC9.webp	legacy-cloudfront
403	https://d2xsxph8kpxj0f.cloudfront.net/310419663032080159/2quXz2C2n5hMfqc8hNVW3h/conexus_baron-heart-of-time_bff60b0e.png	legacy-cloudfront
403	https://d2xsxph8kpxj0f.cloudfront.net/310419663032080159/2quXz2C2n5hMfqc8hNVW3h/conexus_brushstroke-of-the-empire_8111d4e2.png	legacy-cloudfront
403	https://d2xsxph8kpxj0f.cloudfront.net/310419663032080159/2quXz2C2n5hMfqc8hNVW3h/cipher-den_52bd2103.png	legacy-cloudfront
403	https://d2xsxph8kpxj0f.cloudfront.net/310419663032080159/2quXz2C2n5hMfqc8hNVW3h/bridge_to_comms_transition_a7fa50b6.mp4	legacy-cloudfront
403	https://d2xsxph8kpxj0f.cloudfront.net/310419663032080159/2quXz2C2n5hMfqc8hNVW3h/comms-array_cd8062dd.png	legacy-cloudfront
403	https://d2xsxph8kpxj0f.cloudfront.net/310419663032080159/2quXz2C2n5hMfqc8hNVW3h/conexus_circuit-of-ashes_f77b04e4.png	legacy-cloudfront
403	https://d2xsxph8kpxj0f.cloudfront.net/310419663032080159/2quXz2C2n5hMfqc8hNVW3h/conexus_brotherhood-ocularum_3861cff9.png	legacy-cloudfront
403	https://d2xsxph8kpxj0f.cloudfront.net/310419663032080159/2quXz2C2n5hMfqc8hNVW3h/conexus_politicians-reign_16e7a83b.png	legacy-cloudfront
403	https://d2xsxph8kpxj0f.cloudfront.net/310419663032080159/2quXz2C2n5hMfqc8hNVW3h/conexus_blood-weave-gates-of-hell_2fa0e488.png	legacy-cloudfront
403	https://d2xsxph8kpxj0f.cloudfront.net/310419663032080159/2quXz2C2n5hMfqc8hNVW3h/conexus_awaken-the-clone_c152f89d.png	legacy-cloudfront
403	https://d2xsxph8kpxj0f.cloudfront.net/310419663032080159/2quXz2C2n5hMfqc8hNVW3h/card_spy-4XKj4uc84NHCSshGpoDKqE.webp	legacy-cloudfront
403	https://d2xsxph8kpxj0f.cloudfront.net/310419663032080159/2quXz2C2n5hMfqc8hNVW3h/conexus_nightmare-of-oz_d2d382c1.png	legacy-cloudfront
403	https://d2xsxph8kpxj0f.cloudfront.net/310419663032080159/2quXz2C2n5hMfqc8hNVW3h/conexus_civil-war-samsara-rising_13a84fad.png	legacy-cloudfront
403	https://d2xsxph8kpxj0f.cloudfront.net/310419663032080159/2quXz2C2n5hMfqc8hNVW3h/conexus_eternal-night_b6c4c5ce.png	legacy-cloudfront
403	https://d2xsxph8kpxj0f.cloudfront.net/310419663032080159/2quXz2C2n5hMfqc8hNVW3h/conexus_mechronis-academy_1d4c582b.png	legacy-cloudfront
403	https://d2xsxph8kpxj0f.cloudfront.net/310419663032080159/2quXz2C2n5hMfqc8hNVW3h/conexus_civil-war-sundown_27cf38ee.png	legacy-cloudfront
403	https://d2xsxph8kpxj0f.cloudfront.net/310419663032080159/2quXz2C2n5hMfqc8hNVW3h/collector_spritesheet-nmDY6uThYNZRUsZ3ucFSRS.webp	legacy-cloudfront
403	https://d2xsxph8kpxj0f.cloudfront.net/310419663032080159/2quXz2C2n5hMfqc8hNVW3h/conexus_myths-dreams-workshop_d1b7d6a9.png	legacy-cloudfront
403	https://d2xsxph8kpxj0f.cloudfront.net/310419663032080159/2quXz2C2n5hMfqc8hNVW3h/conexus_the-ninth-blood-shadows_f48f5a7c.png	legacy-cloudfront
403	https://d2xsxph8kpxj0f.cloudfront.net/310419663032080159/2quXz2C2n5hMfqc8hNVW3h/captains-quarters_8fadcc0d.png	legacy-cloudfront
403	https://d2xsxph8kpxj0f.cloudfront.net/310419663032080159/2quXz2C2n5hMfqc8hNVW3h/card_assassin-KiyFK4iYWiFfBiKtgJcCVa.webp	legacy-cloudfront
403	https://d2xsxph8kpxj0f.cloudfront.net/310419663032080159/2quXz2C2n5hMfqc8hNVW3h/conexus_npc-uprising_2df53105.png	legacy-cloudfront
403	https://d2xsxph8kpxj0f.cloudfront.net/310419663032080159/2quXz2C2n5hMfqc8hNVW3h/chess_cinematic_59606f32.mp4	legacy-cloudfront
403	https://d2xsxph8kpxj0f.cloudfront.net/310419663032080159/2quXz2C2n5hMfqc8hNVW3h/conexus_whispers-of-madness_af23e110.png	legacy-cloudfront
403	https://d2xsxph8kpxj0f.cloudfront.net/310419663032080159/2quXz2C2n5hMfqc8hNVW3h/conexus_yakuza-the-prince_947f9116.png	legacy-cloudfront
403	https://d2xsxph8kpxj0f.cloudfront.net/310419663032080159/2quXz2C2n5hMfqc8hNVW3h/conexus_the-host_642c5605.png	legacy-cloudfront
403	https://d2xsxph8kpxj0f.cloudfront.net/310419663032080159/2quXz2C2n5hMfqc8hNVW3h/conexus_veil-of-blood_d4e99ae1.png	legacy-cloudfront
403	https://d2xsxph8kpxj0f.cloudfront.net/310419663032080159/2quXz2C2n5hMfqc8hNVW3h/conexus_the-detective_2f91f6bc.png	legacy-cloudfront
403	https://d2xsxph8kpxj0f.cloudfront.net/310419663032080159/2quXz2C2n5hMfqc8hNVW3h/conexus_building-the-architect_a74a6b41.png	legacy-cloudfront
403	https://d2xsxph8kpxj0f.cloudfront.net/310419663032080159/2quXz2C2n5hMfqc8hNVW3h/crouchKick_3f958ac4.png	legacy-cloudfront
403	https://d2xsxph8kpxj0f.cloudfront.net/310419663032080159/2quXz2C2n5hMfqc8hNVW3h/conexus_the-experiment_fed96b05.png	legacy-cloudfront
403	https://d2xsxph8kpxj0f.cloudfront.net/310419663032080159/2quXz2C2n5hMfqc8hNVW3h/conexus_sunbreak-protocol_d7294326.png	legacy-cloudfront
403	https://d2xsxph8kpxj0f.cloudfront.net/310419663032080159/2quXz2C2n5hMfqc8hNVW3h/conexus_echoes-of-the-tenebrous_05dc5cee.png	legacy-cloudfront
403	https://d2xsxph8kpxj0f.cloudfront.net/310419663032080159/2quXz2C2n5hMfqc8hNVW3h/conexus_grave-secrets_9bcb53ab.png	legacy-cloudfront
403	https://d2xsxph8kpxj0f.cloudfront.net/310419663032080159/2quXz2C2n5hMfqc8hNVW3h/crouchKick_34517b45.png	legacy-cloudfront
403	https://d2xsxph8kpxj0f.cloudfront.net/310419663032080159/2quXz2C2n5hMfqc8hNVW3h/conexus_necromancers-lair_ff3e36d2.png	legacy-cloudfront
403	https://d2xsxph8kpxj0f.cloudfront.net/310419663032080159/2quXz2C2n5hMfqc8hNVW3h/conexus_enigmas-lament_49eacd3f.png	legacy-cloudfront
403	https://d2xsxph8kpxj0f.cloudfront.net/310419663032080159/2quXz2C2n5hMfqc8hNVW3h/conexus_sanctuary-lost_7e50fe52.png	legacy-cloudfront
403	https://d2xsxph8kpxj0f.cloudfront.net/310419663032080159/2quXz2C2n5hMfqc8hNVW3h/conexus_welcome-to-celebration_474f552a.png	legacy-cloudfront
403	https://d2xsxph8kpxj0f.cloudfront.net/310419663032080159/2quXz2C2n5hMfqc8hNVW3h/conexus_the-deployment_38fade8c.png	legacy-cloudfront
403	https://d2xsxph8kpxj0f.cloudfront.net/310419663032080159/2quXz2C2n5hMfqc8hNVW3h/conexus_planet-of-the-wolf_07fcd767.png	legacy-cloudfront
403	https://d2xsxph8kpxj0f.cloudfront.net/310419663032080159/2quXz2C2n5hMfqc8hNVW3h/crouchKick_aee8a63d.png	legacy-cloudfront
403	https://d2xsxph8kpxj0f.cloudfront.net/310419663032080159/2quXz2C2n5hMfqc8hNVW3h/conexus_terminus-swarm_a511fbf2.png	legacy-cloudfront
403	https://d2xsxph8kpxj0f.cloudfront.net/310419663032080159/2quXz2C2n5hMfqc8hNVW3h/conexus_seeds-of-inception_d47a35a9.png	legacy-cloudfront
403	https://d2xsxph8kpxj0f.cloudfront.net/310419663032080159/2quXz2C2n5hMfqc8hNVW3h/decals_ac2661c7.png	legacy-cloudfront
403	https://d2xsxph8kpxj0f.cloudfront.net/310419663032080159/2quXz2C2n5hMfqc8hNVW3h/crouchKick_eec3a24e.png	legacy-cloudfront
403	https://d2xsxph8kpxj0f.cloudfront.net/310419663032080159/2quXz2C2n5hMfqc8hNVW3h/crouchPunch_02e62002.png	legacy-cloudfront
403	https://d2xsxph8kpxj0f.cloudfront.net/310419663032080159/2quXz2C2n5hMfqc8hNVW3h/cryo_to_command_pt2_10b0af41.mp4	legacy-cloudfront
403	https://d2xsxph8kpxj0f.cloudfront.net/310419663032080159/2quXz2C2n5hMfqc8hNVW3h/crouch_511d5fa3.png	legacy-cloudfront
403	https://d2xsxph8kpxj0f.cloudfront.net/310419663032080159/2quXz2C2n5hMfqc8hNVW3h/degen_grab-EScfKSGR4wMXB9Ut2A693R.png	legacy-cloudfront
403	https://d2xsxph8kpxj0f.cloudfront.net/310419663032080159/2quXz2C2n5hMfqc8hNVW3h/crouch_3e321b54.png	legacy-cloudfront
403	https://d2xsxph8kpxj0f.cloudfront.net/310419663032080159/2quXz2C2n5hMfqc8hNVW3h/degen_dash-KjpEVBmBcqSNzwmSRVTGWN.png	legacy-cloudfront
403	https://d2xsxph8kpxj0f.cloudfront.net/310419663032080159/2quXz2C2n5hMfqc8hNVW3h/dash_d951e5f8.png	legacy-cloudfront
403	https://d2xsxph8kpxj0f.cloudfront.net/310419663032080159/2quXz2C2n5hMfqc8hNVW3h/crouch_99b0b474.png	legacy-cloudfront
403	https://d2xsxph8kpxj0f.cloudfront.net/310419663032080159/2quXz2C2n5hMfqc8hNVW3h/crouchPunch_818e2686.png	legacy-cloudfront
403	https://d2xsxph8kpxj0f.cloudfront.net/310419663032080159/2quXz2C2n5hMfqc8hNVW3h/cryo_to_medbay_d7dfaa79.mp4	legacy-cloudfront
403	https://d2xsxph8kpxj0f.cloudfront.net/310419663032080159/2quXz2C2n5hMfqc8hNVW3h/degen_jump-aS7XPy6KWcfMRTt8xiMFXB.png	legacy-cloudfront
403	https://d2xsxph8kpxj0f.cloudfront.net/310419663032080159/2quXz2C2n5hMfqc8hNVW3h/crouch_712ba88c.png	legacy-cloudfront
403	https://d2xsxph8kpxj0f.cloudfront.net/310419663032080159/2quXz2C2n5hMfqc8hNVW3h/cryo_to_command_pt1_6014f4c2.mp4	legacy-cloudfront
403	https://d2xsxph8kpxj0f.cloudfront.net/310419663032080159/2quXz2C2n5hMfqc8hNVW3h/cryo-bay_2da49870.png	legacy-cloudfront
403	https://d2xsxph8kpxj0f.cloudfront.net/310419663032080159/2quXz2C2n5hMfqc8hNVW3h/degen_dizzy-TiFy9sn75wqc8kwaaw4H6e.png	legacy-cloudfront
403	https://d2xsxph8kpxj0f.cloudfront.net/310419663032080159/2quXz2C2n5hMfqc8hNVW3h/degen_knockdown-VZVGNiRx5vH9ZouZ3H3ALw.png	legacy-cloudfront
403	https://d2xsxph8kpxj0f.cloudfront.net/310419663032080159/2quXz2C2n5hMfqc8hNVW3h/degen_crouch_kick-49BwcDeFijwJrxTgTcSrGy.png	legacy-cloudfront
403	https://d2xsxph8kpxj0f.cloudfront.net/310419663032080159/2quXz2C2n5hMfqc8hNVW3h/crouchPunch_f2bdbc40.png	legacy-cloudfront
403	https://d2xsxph8kpxj0f.cloudfront.net/310419663032080159/2quXz2C2n5hMfqc8hNVW3h/dash_7c5587c3.png	legacy-cloudfront
403	https://d2xsxph8kpxj0f.cloudfront.net/310419663032080159/2quXz2C2n5hMfqc8hNVW3h/degen_heavy_kick-MHkQiHjZba2izCA8UsZJ7L.png	legacy-cloudfront
403	https://d2xsxph8kpxj0f.cloudfront.net/310419663032080159/2quXz2C2n5hMfqc8hNVW3h/crouchPunch_501a8844.png	legacy-cloudfront
403	https://d2xsxph8kpxj0f.cloudfront.net/310419663032080159/2quXz2C2n5hMfqc8hNVW3h/degen_crouch_punch-ecejZBsB2uXZYeijZmBgii.png	legacy-cloudfront
403	https://d2xsxph8kpxj0f.cloudfront.net/310419663032080159/2quXz2C2n5hMfqc8hNVW3h/dash_e1077803.png	legacy-cloudfront
403	https://d2xsxph8kpxj0f.cloudfront.net/310419663032080159/2quXz2C2n5hMfqc8hNVW3h/degen_jump_attack-CsuMCvkgc8EWA29AVGZ63C.png	legacy-cloudfront
403	https://d2xsxph8kpxj0f.cloudfront.net/310419663032080159/2quXz2C2n5hMfqc8hNVW3h/degen_heavy_punch-5zXvTpC2kYgKzFvr66DeuD.png	legacy-cloudfront
403	https://d2xsxph8kpxj0f.cloudfront.net/310419663032080159/2quXz2C2n5hMfqc8hNVW3h/degen_light_kick-YYpCo9myeqJ9ufqQtKpzid.png	legacy-cloudfront
403	https://d2xsxph8kpxj0f.cloudfront.net/310419663032080159/2quXz2C2n5hMfqc8hNVW3h/draelmon_crouch_kick-Rf8FhKQ8MzTP5D6s2wMYRi.png	legacy-cloudfront
403	https://d2xsxph8kpxj0f.cloudfront.net/310419663032080159/2quXz2C2n5hMfqc8hNVW3h/dash_090bd4d9.png	legacy-cloudfront
403	https://d2xsxph8kpxj0f.cloudfront.net/310419663032080159/2quXz2C2n5hMfqc8hNVW3h/dizzy_f0abfc08.png	legacy-cloudfront
403	https://d2xsxph8kpxj0f.cloudfront.net/310419663032080159/2quXz2C2n5hMfqc8hNVW3h/degen_crouch-Af783WUNgzuShP4VbC6hqy.png	legacy-cloudfront
403	https://d2xsxph8kpxj0f.cloudfront.net/310419663032080159/2quXz2C2n5hMfqc8hNVW3h/draelmon_medium_kick-9YGnxpy7SyJeXDEE4xTfZM.png	legacy-cloudfront
403	https://d2xsxph8kpxj0f.cloudfront.net/310419663032080159/2quXz2C2n5hMfqc8hNVW3h/draelmon_special-UqoXiT7QWdhTadY2TNPkUE.png	legacy-cloudfront
403	https://d2xsxph8kpxj0f.cloudfront.net/310419663032080159/2quXz2C2n5hMfqc8hNVW3h/draelmon_light_punch-EFsc3pLfC6pjys4had9tv4.png	legacy-cloudfront
403	https://d2xsxph8kpxj0f.cloudfront.net/310419663032080159/2quXz2C2n5hMfqc8hNVW3h/digital-void_bg-MXXbEFzrcPU2f6iCeSDG2N.webp	legacy-cloudfront
403	https://d2xsxph8kpxj0f.cloudfront.net/310419663032080159/2quXz2C2n5hMfqc8hNVW3h/degen_medium_kick-9aVToeuozpka2xBAzTrxez.png	legacy-cloudfront
403	https://d2xsxph8kpxj0f.cloudfront.net/310419663032080159/2quXz2C2n5hMfqc8hNVW3h/draelmon_dizzy-KnshpJzn66MUWRH5XfJuJH.png	legacy-cloudfront
403	https://d2xsxph8kpxj0f.cloudfront.net/310419663032080159/2quXz2C2n5hMfqc8hNVW3h/degen_taunt-bt3diEtifyVV5Jd8Dm8ER9.png	legacy-cloudfront
403	https://d2xsxph8kpxj0f.cloudfront.net/310419663032080159/2quXz2C2n5hMfqc8hNVW3h/dizzy_5bbf3141.png	legacy-cloudfront
403	https://d2xsxph8kpxj0f.cloudfront.net/310419663032080159/2quXz2C2n5hMfqc8hNVW3h/dizzy_1ca9f78d.png	legacy-cloudfront
403	https://d2xsxph8kpxj0f.cloudfront.net/310419663032080159/2quXz2C2n5hMfqc8hNVW3h/draelmon_dash-EdwdQhg4EzF9ZZJvT8M4ys.png	legacy-cloudfront
403	https://d2xsxph8kpxj0f.cloudfront.net/310419663032080159/2quXz2C2n5hMfqc8hNVW3h/draelmon_grab-kFDhaE4u86FmZeW7d4NyFr.png	legacy-cloudfront
403	https://d2xsxph8kpxj0f.cloudfront.net/310419663032080159/2quXz2C2n5hMfqc8hNVW3h/degen_light_punch-NYzr9WHTi4nmqqL3u574MU.png	legacy-cloudfront
403	https://d2xsxph8kpxj0f.cloudfront.net/310419663032080159/2quXz2C2n5hMfqc8hNVW3h/draelmon_heavy_kick-9BuoEEJVLQKq6wScFLFMzR.png	legacy-cloudfront
403	https://d2xsxph8kpxj0f.cloudfront.net/310419663032080159/2quXz2C2n5hMfqc8hNVW3h/draelmon_heavy_punch-J2fdtXhCbfyjQ38jS4tgnu.png	legacy-cloudfront
403	https://d2xsxph8kpxj0f.cloudfront.net/310419663032080159/2quXz2C2n5hMfqc8hNVW3h/degen_walk_back-5DcKBDtFohfgwjNKPg3n9w.png	legacy-cloudfront
403	https://d2xsxph8kpxj0f.cloudfront.net/310419663032080159/2quXz2C2n5hMfqc8hNVW3h/degen_special-WPeDyEgWfs8T6bvLhckUHs.png	legacy-cloudfront
403	https://d2xsxph8kpxj0f.cloudfront.net/310419663032080159/2quXz2C2n5hMfqc8hNVW3h/degen_sweep-TFpCVArNa8iLjNoMVKYajw.png	legacy-cloudfront
403	https://d2xsxph8kpxj0f.cloudfront.net/310419663032080159/2quXz2C2n5hMfqc8hNVW3h/degen_medium_punch-XheThVJ2VvgUtANcybo832.png	legacy-cloudfront
403	https://d2xsxph8kpxj0f.cloudfront.net/310419663032080159/2quXz2C2n5hMfqc8hNVW3h/draelmon_light_kick-Vkw48y5B77AfnSpoa8usm6.png	legacy-cloudfront
403	https://d2xsxph8kpxj0f.cloudfront.net/310419663032080159/2quXz2C2n5hMfqc8hNVW3h/dreamer_crouch_kick-irQCNhZnAzZzpEn38xX7n3.png	legacy-cloudfront
403	https://d2xsxph8kpxj0f.cloudfront.net/310419663032080159/2quXz2C2n5hMfqc8hNVW3h/degen_walk_fwd-VM7En6mVh6rY2ht2Yuug5p.png	legacy-cloudfront
403	https://d2xsxph8kpxj0f.cloudfront.net/310419663032080159/2quXz2C2n5hMfqc8hNVW3h/dizzy_34335811.png	legacy-cloudfront
403	https://d2xsxph8kpxj0f.cloudfront.net/310419663032080159/2quXz2C2n5hMfqc8hNVW3h/dreamer_jump_attack-3TdJegKCqk77Z47JrTc8Tc.png	legacy-cloudfront
403	https://d2xsxph8kpxj0f.cloudfront.net/310419663032080159/2quXz2C2n5hMfqc8hNVW3h/dreamer_heavy_kick-jYBRYbkM4WxciRgNWfCQpD.png	legacy-cloudfront
403	https://d2xsxph8kpxj0f.cloudfront.net/310419663032080159/2quXz2C2n5hMfqc8hNVW3h/draelmon_crouch-R2eeBmYapAcS2pjhGwaXTU.png	legacy-cloudfront
403	https://d2xsxph8kpxj0f.cloudfront.net/310419663032080159/2quXz2C2n5hMfqc8hNVW3h/dreamer_dash-eRrXBje2pvf2i3pjvpvKj3.png	legacy-cloudfront
403	https://d2xsxph8kpxj0f.cloudfront.net/310419663032080159/2quXz2C2n5hMfqc8hNVW3h/draelmon_sweep-fUJ7LfqYdJkHVkn9qyw6fH.png	legacy-cloudfront
403	https://d2xsxph8kpxj0f.cloudfront.net/310419663032080159/2quXz2C2n5hMfqc8hNVW3h/dreamer_knockdown-gRSzfPVPtyunXycVeMF7AY.png	legacy-cloudfront
403	https://d2xsxph8kpxj0f.cloudfront.net/310419663032080159/2quXz2C2n5hMfqc8hNVW3h/draelmon_walk_fwd-QBXEHkcNK63Gxb7tEaYYTq.png	legacy-cloudfront
403	https://d2xsxph8kpxj0f.cloudfront.net/310419663032080159/2quXz2C2n5hMfqc8hNVW3h/draelmon_crouch_punch-62ggZYMkgH4a56EE4Gr27i.png	legacy-cloudfront
403	https://d2xsxph8kpxj0f.cloudfront.net/310419663032080159/2quXz2C2n5hMfqc8hNVW3h/dreamer_walk_fwd-ZpHnUAJMMLUnrFi94hwMNR.png	legacy-cloudfront
403	https://d2xsxph8kpxj0f.cloudfront.net/310419663032080159/2quXz2C2n5hMfqc8hNVW3h/elara-antiquarian-library_b4a64ead.mp3	legacy-cloudfront
403	https://d2xsxph8kpxj0f.cloudfront.net/310419663032080159/2quXz2C2n5hMfqc8hNVW3h/dreamer_light_punch-QZ38UagnvWBgeuYrety3vJ.png	legacy-cloudfront
403	https://d2xsxph8kpxj0f.cloudfront.net/310419663032080159/2quXz2C2n5hMfqc8hNVW3h/dreamer_heavy_punch-YPsRWiuWP8sameXU9ktrqq.png	legacy-cloudfront
403	https://d2xsxph8kpxj0f.cloudfront.net/310419663032080159/2quXz2C2n5hMfqc8hNVW3h/dreamer_jump-UuuXY49zt5Qe8PJd28RTji.png	legacy-cloudfront
403	https://d2xsxph8kpxj0f.cloudfront.net/310419663032080159/2quXz2C2n5hMfqc8hNVW3h/dreamer_grab-dpA7cnEb3gYLGDBGb54AtM.png	legacy-cloudfront
403	https://d2xsxph8kpxj0f.cloudfront.net/310419663032080159/2quXz2C2n5hMfqc8hNVW3h/draelmon_jump_attack-aN8vG9ttRHEAdbqdc6bQio.png	legacy-cloudfront
403	https://d2xsxph8kpxj0f.cloudfront.net/310419663032080159/2quXz2C2n5hMfqc8hNVW3h/draelmon_jump-4DRmC99JNEvfsVMnuXV9bJ.png	legacy-cloudfront
403	https://d2xsxph8kpxj0f.cloudfront.net/310419663032080159/2quXz2C2n5hMfqc8hNVW3h/draelmon_knockdown-7ha3P5M2kMKws3AXuy2QvC.png	legacy-cloudfront
403	https://d2xsxph8kpxj0f.cloudfront.net/310419663032080159/2quXz2C2n5hMfqc8hNVW3h/elara-cryo-bay_b6e77245.mp3	legacy-cloudfront
403	https://d2xsxph8kpxj0f.cloudfront.net/310419663032080159/2quXz2C2n5hMfqc8hNVW3h/dreamer_dizzy-YqqCsyYKh7peLyHNvn6qAB.png	legacy-cloudfront
403	https://d2xsxph8kpxj0f.cloudfront.net/310419663032080159/2quXz2C2n5hMfqc8hNVW3h/draelmon_medium_punch-PYbQBjXxxDDPyqcjPSXiRt.png	legacy-cloudfront
403	https://d2xsxph8kpxj0f.cloudfront.net/310419663032080159/2quXz2C2n5hMfqc8hNVW3h/dreamer_special-Ysg34xaDDtjkGcJmHJ7SJU.png	legacy-cloudfront
403	https://d2xsxph8kpxj0f.cloudfront.net/310419663032080159/2quXz2C2n5hMfqc8hNVW3h/dreamer_crouch_punch-LsfPyKGxjtzzJo4wj5whuZ.png	legacy-cloudfront
403	https://d2xsxph8kpxj0f.cloudfront.net/310419663032080159/2quXz2C2n5hMfqc8hNVW3h/dreamer_light_kick-bzMHQqSBMzVi5x8h7GDLqr.png	legacy-cloudfront
403	https://d2xsxph8kpxj0f.cloudfront.net/310419663032080159/2quXz2C2n5hMfqc8hNVW3h/draelmon_taunt-ModN2wh9dyEJGgsWf2BKiZ.png	legacy-cloudfront
403	https://d2xsxph8kpxj0f.cloudfront.net/310419663032080159/2quXz2C2n5hMfqc8hNVW3h/dreamer_medium_punch-ANhpqNbiap5AJFV7e9w2yx.png	legacy-cloudfront
403	https://d2xsxph8kpxj0f.cloudfront.net/310419663032080159/2quXz2C2n5hMfqc8hNVW3h/draelmon_walk_back-3DCoypJrkQFTvCuyVdt3Vq.png	legacy-cloudfront
403	https://d2xsxph8kpxj0f.cloudfront.net/310419663032080159/2quXz2C2n5hMfqc8hNVW3h/dreamer_crouch-TnS7VkDYYioxdAxuyoJXvm.png	legacy-cloudfront
403	https://d2xsxph8kpxj0f.cloudfront.net/310419663032080159/2quXz2C2n5hMfqc8hNVW3h/elara-engineering-core_4e734b45.mp3	legacy-cloudfront
403	https://d2xsxph8kpxj0f.cloudfront.net/310419663032080159/2quXz2C2n5hMfqc8hNVW3h/dreamer_sweep-czopxRZcu8UXtka4aLUq3r.png	legacy-cloudfront
403	https://d2xsxph8kpxj0f.cloudfront.net/310419663032080159/2quXz2C2n5hMfqc8hNVW3h/dreamer_walk_back-FoezAjm52N3S35Cu4qKrxB.png	legacy-cloudfront
403	https://d2xsxph8kpxj0f.cloudfront.net/310419663032080159/2quXz2C2n5hMfqc8hNVW3h/dreamer_taunt-fquHxVH9UqXSV7TWE6MWwe.png	legacy-cloudfront
403	https://d2xsxph8kpxj0f.cloudfront.net/310419663032080159/2quXz2C2n5hMfqc8hNVW3h/dreamer_medium_kick-EoMVRJSertArJ95mzUQCvU.png	legacy-cloudfront
403	https://d2xsxph8kpxj0f.cloudfront.net/310419663032080159/2quXz2C2n5hMfqc8hNVW3h/elara-archives_13b76780.mp3	legacy-cloudfront
403	https://d2xsxph8kpxj0f.cloudfront.net/310419663032080159/2quXz2C2n5hMfqc8hNVW3h/elara-armory_e02fd3aa.mp3	legacy-cloudfront
403	https://d2xsxph8kpxj0f.cloudfront.net/310419663032080159/2quXz2C2n5hMfqc8hNVW3h/elara-bridge_49bd8959.mp3	legacy-cloudfront
403	https://d2xsxph8kpxj0f.cloudfront.net/310419663032080159/2quXz2C2n5hMfqc8hNVW3h/elara-cargo-hold_cfceb03b.mp3	legacy-cloudfront
403	https://d2xsxph8kpxj0f.cloudfront.net/310419663032080159/2quXz2C2n5hMfqc8hNVW3h/elara-captains-quarters_b76f5371.mp3	legacy-cloudfront
403	https://d2xsxph8kpxj0f.cloudfront.net/310419663032080159/2quXz2C2n5hMfqc8hNVW3h/elara-comms-array_8f0396f6.mp3	legacy-cloudfront
403	https://d2xsxph8kpxj0f.cloudfront.net/310419663032080159/2quXz2C2n5hMfqc8hNVW3h/emblem_architect_f17779b5.png	legacy-cloudfront
403	https://d2xsxph8kpxj0f.cloudfront.net/310419663032080159/2quXz2C2n5hMfqc8hNVW3h/elara-engineering_2363948d.mp3	legacy-cloudfront
403	https://d2xsxph8kpxj0f.cloudfront.net/310419663032080159/2quXz2C2n5hMfqc8hNVW3h/engineer_crouch-iFwEy1cJFwb9VNaZxQwLkV.png	legacy-cloudfront
403	https://d2xsxph8kpxj0f.cloudfront.net/310419663032080159/2quXz2C2n5hMfqc8hNVW3h/elara_portrait_dark-3LuC6hKvNnsrFfy39deYjm.webp	legacy-cloudfront
403	https://d2xsxph8kpxj0f.cloudfront.net/310419663032080159/2quXz2C2n5hMfqc8hNVW3h/elara-medical-bay_8456228a.mp3	legacy-cloudfront
403	https://d2xsxph8kpxj0f.cloudfront.net/310419663032080159/2quXz2C2n5hMfqc8hNVW3h/elara_avatar_dark_hair_small_2fcb00b8.png	legacy-cloudfront
403	https://d2xsxph8kpxj0f.cloudfront.net/310419663032080159/2quXz2C2n5hMfqc8hNVW3h/elara_vo_cryo_open_342b1153.mp3	legacy-cloudfront
403	https://d2xsxph8kpxj0f.cloudfront.net/310419663032080159/2quXz2C2n5hMfqc8hNVW3h/elara-observation-deck_69c97750.mp3	legacy-cloudfront
403	https://d2xsxph8kpxj0f.cloudfront.net/310419663032080159/2quXz2C2n5hMfqc8hNVW3h/elara_portrait_7ce2522f.png	legacy-cloudfront
403	https://d2xsxph8kpxj0f.cloudfront.net/310419663032080159/2quXz2C2n5hMfqc8hNVW3h/engineer_medium_kick-3GBvNdmvqKNSJVNLHVWLqB.png	legacy-cloudfront
403	https://d2xsxph8kpxj0f.cloudfront.net/310419663032080159/2quXz2C2n5hMfqc8hNVW3h/elara_portrait_speaking-J3GJUrfnNKzSBrxY2PfWrL.webp	legacy-cloudfront
403	https://d2xsxph8kpxj0f.cloudfront.net/310419663032080159/2quXz2C2n5hMfqc8hNVW3h/engineer_dizzy-dE2jMN9g38CmjHXhpDgYCD.png	legacy-cloudfront
403	https://d2xsxph8kpxj0f.cloudfront.net/310419663032080159/2quXz2C2n5hMfqc8hNVW3h/elara-station-dock-intro_cc2f7140.mp3	legacy-cloudfront
403	https://d2xsxph8kpxj0f.cloudfront.net/310419663032080159/2quXz2C2n5hMfqc8hNVW3h/engineer_walk_back-CxdHPQiEQqfqwkJZbPzVPv.png	legacy-cloudfront
403	https://d2xsxph8kpxj0f.cloudfront.net/310419663032080159/2quXz2C2n5hMfqc8hNVW3h/engineer_dash-3pSuFMxCwJwGqXZBNBgbwj.png	legacy-cloudfront
403	https://d2xsxph8kpxj0f.cloudfront.net/310419663032080159/2quXz2C2n5hMfqc8hNVW3h/enigma_spritesheet-QvpeQ3pkgQxotULWbsexzM.webp	legacy-cloudfront
403	https://d2xsxph8kpxj0f.cloudfront.net/310419663032080159/2quXz2C2n5hMfqc8hNVW3h/engineer_grab-YY55jxBSMWyEroWP2ghESb.png	legacy-cloudfront
403	https://d2xsxph8kpxj0f.cloudfront.net/310419663032080159/2quXz2C2n5hMfqc8hNVW3h/engineer_sweep-3cHKPBfNMgWbBvJqxbqLwS.png	legacy-cloudfront
403	https://d2xsxph8kpxj0f.cloudfront.net/310419663032080159/2quXz2C2n5hMfqc8hNVW3h/eyes_crouch-ZaPeVMoTHR37mYBxHNUpoo.png	legacy-cloudfront
403	https://d2xsxph8kpxj0f.cloudfront.net/310419663032080159/2quXz2C2n5hMfqc8hNVW3h/emblem_thought_virus_d6a479c8.png	legacy-cloudfront
403	https://d2xsxph8kpxj0f.cloudfront.net/310419663032080159/2quXz2C2n5hMfqc8hNVW3h/emblem_antiquarian_aa8ef16e.png	legacy-cloudfront
403	https://d2xsxph8kpxj0f.cloudfront.net/310419663032080159/2quXz2C2n5hMfqc8hNVW3h/emblem_new_babylon_fd3f5558.png	legacy-cloudfront
403	https://d2xsxph8kpxj0f.cloudfront.net/310419663032080159/2quXz2C2n5hMfqc8hNVW3h/emblem_insurgency_98bd88b8.png	legacy-cloudfront
403	https://d2xsxph8kpxj0f.cloudfront.net/310419663032080159/2quXz2C2n5hMfqc8hNVW3h/engineering_554605d2.png	legacy-cloudfront
403	https://d2xsxph8kpxj0f.cloudfront.net/310419663032080159/2quXz2C2n5hMfqc8hNVW3h/engineering-core_296d2fac.png	legacy-cloudfront
403	https://d2xsxph8kpxj0f.cloudfront.net/310419663032080159/2quXz2C2n5hMfqc8hNVW3h/engineer_knockdown-AzG9GmQiHxESvWYXACJgGj.png	legacy-cloudfront
403	https://d2xsxph8kpxj0f.cloudfront.net/310419663032080159/2quXz2C2n5hMfqc8hNVW3h/entity_11-CLu3eopqL97JBCea2CqYmm.webp	legacy-cloudfront
403	https://d2xsxph8kpxj0f.cloudfront.net/310419663032080159/2quXz2C2n5hMfqc8hNVW3h/elemental-nexus_db12815b.png	legacy-cloudfront
403	https://d2xsxph8kpxj0f.cloudfront.net/310419663032080159/2quXz2C2n5hMfqc8hNVW3h/engineer_heavy_punch-7ggNQ8mRqjJJLxRMnVqwpB.png	legacy-cloudfront
403	https://d2xsxph8kpxj0f.cloudfront.net/310419663032080159/2quXz2C2n5hMfqc8hNVW3h/engineer_crouch_kick-2HXJT4FGmZGbPWvFPfLFVR.png	legacy-cloudfront
403	https://d2xsxph8kpxj0f.cloudfront.net/310419663032080159/2quXz2C2n5hMfqc8hNVW3h/engineer_jump-7VvJFwNqKMxVVcHQvWPbxR.png	legacy-cloudfront
403	https://d2xsxph8kpxj0f.cloudfront.net/310419663032080159/2quXz2C2n5hMfqc8hNVW3h/entity_12-hFznhMmFHYnB2LUta9gUyz.webp	legacy-cloudfront
403	https://d2xsxph8kpxj0f.cloudfront.net/310419663032080159/2quXz2C2n5hMfqc8hNVW3h/engineer_jump_attack-6VJvWLqBNcfTGHqvWLcVsP.png	legacy-cloudfront
403	https://d2xsxph8kpxj0f.cloudfront.net/310419663032080159/2quXz2C2n5hMfqc8hNVW3h/emblem_dreamer_40c0660f.png	legacy-cloudfront
403	https://d2xsxph8kpxj0f.cloudfront.net/310419663032080159/2quXz2C2n5hMfqc8hNVW3h/engineer_walk_fwd-4ypLjKqLFLyxjCJFKFxnM4.png	legacy-cloudfront
403	https://d2xsxph8kpxj0f.cloudfront.net/310419663032080159/2quXz2C2n5hMfqc8hNVW3h/engineer_light_kick-5AxHYS3BNcfTGHqvWLcVsP.png	legacy-cloudfront
403	https://d2xsxph8kpxj0f.cloudfront.net/310419663032080159/2quXz2C2n5hMfqc8hNVW3h/eyes_crouch_kick-CUutxmcnJkQFeRSLXu45c8.png	legacy-cloudfront
403	https://d2xsxph8kpxj0f.cloudfront.net/310419663032080159/2quXz2C2n5hMfqc8hNVW3h/engineer_crouch_punch-7FVhJLpEQPAcKJqGxBxJWy.png	legacy-cloudfront
403	https://d2xsxph8kpxj0f.cloudfront.net/310419663032080159/2quXz2C2n5hMfqc8hNVW3h/engineer_taunt-dq3jFyuCx37mdNgmtsd4jL.png	legacy-cloudfront
403	https://d2xsxph8kpxj0f.cloudfront.net/310419663032080159/2quXz2C2n5hMfqc8hNVW3h/engineer_special-4C8cBeTYw7TaXHi8S2M3AU.png	legacy-cloudfront
403	https://d2xsxph8kpxj0f.cloudfront.net/310419663032080159/2quXz2C2n5hMfqc8hNVW3h/engineer_heavy_kick-5RjvVnVEYmVVqzqMdZSxmY.png	legacy-cloudfront
403	https://d2xsxph8kpxj0f.cloudfront.net/310419663032080159/2quXz2C2n5hMfqc8hNVW3h/engineer_medium_punch-bHqPBDJPzxhkwVMCfCuTwN.png	legacy-cloudfront
403	https://d2xsxph8kpxj0f.cloudfront.net/310419663032080159/2quXz2C2n5hMfqc8hNVW3h/engineer_light_punch-2qfC3CtjZNAMJkFJvgLKsB.png	legacy-cloudfront
403	https://d2xsxph8kpxj0f.cloudfront.net/310419663032080159/2quXz2C2n5hMfqc8hNVW3h/entity_88-2DHH2HkuJRXCShkntVddae.webp	legacy-cloudfront
403	https://d2xsxph8kpxj0f.cloudfront.net/310419663032080159/2quXz2C2n5hMfqc8hNVW3h/entity_90-jg8LpAagpQQtQ7q2V44U24.webp	legacy-cloudfront
403	https://d2xsxph8kpxj0f.cloudfront.net/310419663032080159/2quXz2C2n5hMfqc8hNVW3h/entity_89-jwLB9qh9SB74hFxjrymra7.webp	legacy-cloudfront
403	https://d2xsxph8kpxj0f.cloudfront.net/310419663032080159/2quXz2C2n5hMfqc8hNVW3h/fenra_dizzy-du6zmgdd9P97mUxet4F3Jy.png	legacy-cloudfront
403	https://d2xsxph8kpxj0f.cloudfront.net/310419663032080159/2quXz2C2n5hMfqc8hNVW3h/fenra_sweep-TWjPTMM6c8VpwWt4oxghXZ.png	legacy-cloudfront
403	https://d2xsxph8kpxj0f.cloudfront.net/310419663032080159/2quXz2C2n5hMfqc8hNVW3h/eyes_dizzy-Rk5CF9Y5MqMcGesJYp247A.png	legacy-cloudfront
403	https://d2xsxph8kpxj0f.cloudfront.net/310419663032080159/2quXz2C2n5hMfqc8hNVW3h/eyes_crouch_punch-NaFc3r2Fo6i5AeqLbHBpbe.png	legacy-cloudfront
403	https://d2xsxph8kpxj0f.cloudfront.net/310419663032080159/2quXz2C2n5hMfqc8hNVW3h/eyes_dash-Q6LA4fg7UhoKNKJghLbm4U.png	legacy-cloudfront
403	https://d2xsxph8kpxj0f.cloudfront.net/310419663032080159/2quXz2C2n5hMfqc8hNVW3h/fenra_taunt-PDjj7vK5J8DknHukz5KX3p.png	legacy-cloudfront
403	https://d2xsxph8kpxj0f.cloudfront.net/310419663032080159/2quXz2C2n5hMfqc8hNVW3h/eyes_grab-3TcGmkQmamiDQcFKMuFFzf.png	legacy-cloudfront
403	https://d2xsxph8kpxj0f.cloudfront.net/310419663032080159/2quXz2C2n5hMfqc8hNVW3h/eyes_jump_attack-FYmms7Arwmw6nqV3mjh9PM.png	legacy-cloudfront
403	https://d2xsxph8kpxj0f.cloudfront.net/310419663032080159/2quXz2C2n5hMfqc8hNVW3h/eyes_knockdown-EQFF9t9KQLwqbdgxDcmQzY.png	legacy-cloudfront
403	https://d2xsxph8kpxj0f.cloudfront.net/310419663032080159/2quXz2C2n5hMfqc8hNVW3h/fenra_grab-i3gzTos7Zd5MiPmf8hooRj.png	legacy-cloudfront
403	https://d2xsxph8kpxj0f.cloudfront.net/310419663032080159/2quXz2C2n5hMfqc8hNVW3h/fenra_special-dmyZndbUZdGTPfWiagQU3q.png	legacy-cloudfront
403	https://d2xsxph8kpxj0f.cloudfront.net/310419663032080159/2quXz2C2n5hMfqc8hNVW3h/eyes_light_punch-EBjUqT9ph5XDYMyNp2EHDx.png	legacy-cloudfront
403	https://d2xsxph8kpxj0f.cloudfront.net/310419663032080159/2quXz2C2n5hMfqc8hNVW3h/fenra_crouch_kick-AbM7i9uSvV2e29QMhiaDiN.png	legacy-cloudfront
403	https://d2xsxph8kpxj0f.cloudfront.net/310419663032080159/2quXz2C2n5hMfqc8hNVW3h/eyes_sweep-53Snw4S8FNxJ2RA2uBZNfK.png	legacy-cloudfront
403	https://d2xsxph8kpxj0f.cloudfront.net/310419663032080159/2quXz2C2n5hMfqc8hNVW3h/eyes_heavy_kick-YAbMWHgVjsxqLf73qRmr6x.png	legacy-cloudfront
403	https://d2xsxph8kpxj0f.cloudfront.net/310419663032080159/2quXz2C2n5hMfqc8hNVW3h/eyes_walk_back-2Rwdpz2moaFdtUrkouXt9H.png	legacy-cloudfront
403	https://d2xsxph8kpxj0f.cloudfront.net/310419663032080159/2quXz2C2n5hMfqc8hNVW3h/eyes_jump-BkAPgAJK8E5CcP7d5feDst.png	legacy-cloudfront
403	https://d2xsxph8kpxj0f.cloudfront.net/310419663032080159/2quXz2C2n5hMfqc8hNVW3h/fenra_crouch_punch-XvcbiS3M5BkLDrgx7H9jZf.png	legacy-cloudfront
403	https://d2xsxph8kpxj0f.cloudfront.net/310419663032080159/2quXz2C2n5hMfqc8hNVW3h/eyes_of_the_watcher_3f3a1411.avif	legacy-cloudfront
403	https://d2xsxph8kpxj0f.cloudfront.net/310419663032080159/2quXz2C2n5hMfqc8hNVW3h/eyes_heavy_punch-Z7LraW8kzymoho8bnJttJz.png	legacy-cloudfront
403	https://d2xsxph8kpxj0f.cloudfront.net/310419663032080159/2quXz2C2n5hMfqc8hNVW3h/eyes_light_kick-TiyQsRAUWSMoiyMyXPBceq.png	legacy-cloudfront
403	https://d2xsxph8kpxj0f.cloudfront.net/310419663032080159/2quXz2C2n5hMfqc8hNVW3h/eyes_medium_punch-3JbtBrR6QtygcZDSC5gRYo.png	legacy-cloudfront
403	https://d2xsxph8kpxj0f.cloudfront.net/310419663032080159/2quXz2C2n5hMfqc8hNVW3h/fighter_dreamer_d31b6f9d.png	legacy-cloudfront
403	https://d2xsxph8kpxj0f.cloudfront.net/310419663032080159/2quXz2C2n5hMfqc8hNVW3h/eyes_medium_kick-gKesDSzpqde97wJG8YnWaW.png	legacy-cloudfront
403	https://d2xsxph8kpxj0f.cloudfront.net/310419663032080159/2quXz2C2n5hMfqc8hNVW3h/eyes_special-K8P5LV3rxF5P4qpikBoMVk.png	legacy-cloudfront
403	https://d2xsxph8kpxj0f.cloudfront.net/310419663032080159/2quXz2C2n5hMfqc8hNVW3h/fenra_walk_fwd-PtnjP2R2Hj4VCNAsg5pGvp.png	legacy-cloudfront
403	https://d2xsxph8kpxj0f.cloudfront.net/310419663032080159/2quXz2C2n5hMfqc8hNVW3h/fighter_advocate_873d8277.png	legacy-cloudfront
403	https://d2xsxph8kpxj0f.cloudfront.net/310419663032080159/2quXz2C2n5hMfqc8hNVW3h/eyes_walk_fwd-PhjnXAA39s6QFgLfQJJaYc.png	legacy-cloudfront
403	https://d2xsxph8kpxj0f.cloudfront.net/310419663032080159/2quXz2C2n5hMfqc8hNVW3h/fenra_light_kick-6AxYFeYrpEraS7cpASKjJf.png	legacy-cloudfront
403	https://d2xsxph8kpxj0f.cloudfront.net/310419663032080159/2quXz2C2n5hMfqc8hNVW3h/fighter_authority_c03da69b.png	legacy-cloudfront
403	https://d2xsxph8kpxj0f.cloudfront.net/310419663032080159/2quXz2C2n5hMfqc8hNVW3h/fenra_medium_kick-iogpon7msxYoEreN4rQ5JA.png	legacy-cloudfront
403	https://d2xsxph8kpxj0f.cloudfront.net/310419663032080159/2quXz2C2n5hMfqc8hNVW3h/fenra_medium_punch-JVyn5bpViTQEMBMuzhrSRr.png	legacy-cloudfront
403	https://d2xsxph8kpxj0f.cloudfront.net/310419663032080159/2quXz2C2n5hMfqc8hNVW3h/fenra_dash-CjVq2X2bXuLTVngFnRz2Zy.png	legacy-cloudfront
403	https://d2xsxph8kpxj0f.cloudfront.net/310419663032080159/2quXz2C2n5hMfqc8hNVW3h/fenra_light_punch-Tyr3ptRmCqgChAmrecK3Tu.png	legacy-cloudfront
403	https://d2xsxph8kpxj0f.cloudfront.net/310419663032080159/2quXz2C2n5hMfqc8hNVW3h/fenra_crouch-BFAfbVwXK95frxikwKApwq.png	legacy-cloudfront
403	https://d2xsxph8kpxj0f.cloudfront.net/310419663032080159/2quXz2C2n5hMfqc8hNVW3h/fighter_collector_b186a524.png	legacy-cloudfront
403	https://d2xsxph8kpxj0f.cloudfront.net/310419663032080159/2quXz2C2n5hMfqc8hNVW3h/fenra_jump_attack-iuuXYXiV4ZYJ2JotBjuLSh.png	legacy-cloudfront
403	https://d2xsxph8kpxj0f.cloudfront.net/310419663032080159/2quXz2C2n5hMfqc8hNVW3h/fighter_architect_112e44c3.png	legacy-cloudfront
403	https://d2xsxph8kpxj0f.cloudfront.net/310419663032080159/2quXz2C2n5hMfqc8hNVW3h/fenra_walk_back-XD9BdmLbpev77rReXNtySB.png	legacy-cloudfront
403	https://d2xsxph8kpxj0f.cloudfront.net/310419663032080159/2quXz2C2n5hMfqc8hNVW3h/fenra_knockdown-niPzQUjfjQyditGtuLaTBC.png	legacy-cloudfront
403	https://d2xsxph8kpxj0f.cloudfront.net/310419663032080159/2quXz2C2n5hMfqc8hNVW3h/fighter_enigma_cdfd92b5.png	legacy-cloudfront
403	https://d2xsxph8kpxj0f.cloudfront.net/310419663032080159/2quXz2C2n5hMfqc8hNVW3h/fighter_engineer_d136fa7e.png	legacy-cloudfront
403	https://d2xsxph8kpxj0f.cloudfront.net/310419663032080159/2quXz2C2n5hMfqc8hNVW3h/fenra_heavy_punch-4MqoRmQwcfSDtXEYqN9VCo.png	legacy-cloudfront
403	https://d2xsxph8kpxj0f.cloudfront.net/310419663032080159/2quXz2C2n5hMfqc8hNVW3h/eyes_taunt-mhgAbhEPcoFfvVAtF9TTNE.png	legacy-cloudfront
403	https://d2xsxph8kpxj0f.cloudfront.net/310419663032080159/2quXz2C2n5hMfqc8hNVW3h/fenra_heavy_kick-jiP5KTfJgrGFQjz9355R6R.png	legacy-cloudfront
403	https://d2xsxph8kpxj0f.cloudfront.net/310419663032080159/2quXz2C2n5hMfqc8hNVW3h/fighter_degen_5dc9101e.png	legacy-cloudfront
403	https://d2xsxph8kpxj0f.cloudfront.net/310419663032080159/2quXz2C2n5hMfqc8hNVW3h/fenra_jump-BC7koArLokYCnJDqbX58Qm.png	legacy-cloudfront
403	https://d2xsxph8kpxj0f.cloudfront.net/310419663032080159/2quXz2C2n5hMfqc8hNVW3h/fighter_inventor_3a8fbc14.png	legacy-cloudfront
403	https://d2xsxph8kpxj0f.cloudfront.net/310419663032080159/2quXz2C2n5hMfqc8hNVW3h/fighter_forgotten_327e7019.png	legacy-cloudfront
403	https://d2xsxph8kpxj0f.cloudfront.net/310419663032080159/2quXz2C2n5hMfqc8hNVW3h/fighter_eyes_b09d565b.png	legacy-cloudfront
403	https://d2xsxph8kpxj0f.cloudfront.net/310419663032080159/2quXz2C2n5hMfqc8hNVW3h/fighter_knowledge_ffa95ea0.png	legacy-cloudfront
403	https://d2xsxph8kpxj0f.cloudfront.net/310419663032080159/2quXz2C2n5hMfqc8hNVW3h/fighter_meme_7e48e410.png	legacy-cloudfront
403	https://d2xsxph8kpxj0f.cloudfront.net/310419663032080159/2quXz2C2n5hMfqc8hNVW3h/fighter_resurrectionist_e790c330.png	legacy-cloudfront
403	https://d2xsxph8kpxj0f.cloudfront.net/310419663032080159/2quXz2C2n5hMfqc8hNVW3h/fighter_jailer_3f88a56e.png	legacy-cloudfront
403	https://d2xsxph8kpxj0f.cloudfront.net/310419663032080159/2quXz2C2n5hMfqc8hNVW3h/fighter_judge_3bf3afc0.png	legacy-cloudfront
403	https://d2xsxph8kpxj0f.cloudfront.net/310419663032080159/2quXz2C2n5hMfqc8hNVW3h/fighter_seer_410f778d.png	legacy-cloudfront
403	https://d2xsxph8kpxj0f.cloudfront.net/310419663032080159/2quXz2C2n5hMfqc8hNVW3h/fighter_host_a8b29b53.png	legacy-cloudfront
403	https://d2xsxph8kpxj0f.cloudfront.net/310419663032080159/2quXz2C2n5hMfqc8hNVW3h/fighter_silence_a2503cd2.png	legacy-cloudfront
403	https://d2xsxph8kpxj0f.cloudfront.net/310419663032080159/2quXz2C2n5hMfqc8hNVW3h/forgotten_crouch-SJMMQsK8CjS2jKMSkcfjDN.png	legacy-cloudfront
403	https://d2xsxph8kpxj0f.cloudfront.net/310419663032080159/2quXz2C2n5hMfqc8hNVW3h/forgotten_grab-CXeHU5aSnVGxhXTGQEUbHB.png	legacy-cloudfront
403	https://d2xsxph8kpxj0f.cloudfront.net/310419663032080159/2quXz2C2n5hMfqc8hNVW3h/forge-workshop_7477ac0f.png	legacy-cloudfront
403	https://d2xsxph8kpxj0f.cloudfront.net/310419663032080159/2quXz2C2n5hMfqc8hNVW3h/fighter_necromancer_19def768.png	legacy-cloudfront
403	https://d2xsxph8kpxj0f.cloudfront.net/310419663032080159/2quXz2C2n5hMfqc8hNVW3h/fighter_oracle_ed065bf8.png	legacy-cloudfront
403	https://d2xsxph8kpxj0f.cloudfront.net/310419663032080159/2quXz2C2n5hMfqc8hNVW3h/fighter_storm_56ab8f6d.png	legacy-cloudfront
403	https://d2xsxph8kpxj0f.cloudfront.net/310419663032080159/2quXz2C2n5hMfqc8hNVW3h/forgotten_heavy_kick-c2k3RTv7No3WZEAvhgRh2b.png	legacy-cloudfront
403	https://d2xsxph8kpxj0f.cloudfront.net/310419663032080159/2quXz2C2n5hMfqc8hNVW3h/forgotten_crouch_kick-4MzfpXFX75k7JNk84mvyi2.png	legacy-cloudfront
403	https://d2xsxph8kpxj0f.cloudfront.net/310419663032080159/2quXz2C2n5hMfqc8hNVW3h/fighter_source_6bcf173a.png	legacy-cloudfront
403	https://d2xsxph8kpxj0f.cloudfront.net/310419663032080159/2quXz2C2n5hMfqc8hNVW3h/fighter_watcher_5fc20ca2.png	legacy-cloudfront
403	https://d2xsxph8kpxj0f.cloudfront.net/310419663032080159/2quXz2C2n5hMfqc8hNVW3h/fighter_warlord_c8a0631b.png	legacy-cloudfront
403	https://d2xsxph8kpxj0f.cloudfront.net/310419663032080159/2quXz2C2n5hMfqc8hNVW3h/fighter_wolf_217e2a67.png	legacy-cloudfront
403	https://d2xsxph8kpxj0f.cloudfront.net/310419663032080159/2quXz2C2n5hMfqc8hNVW3h/forgotten_dash-GLsC4PScsUEeMRrpVBi4zA.png	legacy-cloudfront
403	https://d2xsxph8kpxj0f.cloudfront.net/310419663032080159/2quXz2C2n5hMfqc8hNVW3h/forgotten_taunt-ftkoK3FPQ8VyaMuCK4ncqq.png	legacy-cloudfront
403	https://d2xsxph8kpxj0f.cloudfront.net/310419663032080159/2quXz2C2n5hMfqc8hNVW3h/forgotten_jump-5tRTbBdwr5QdU6v9ENSYiw.png	legacy-cloudfront
403	https://d2xsxph8kpxj0f.cloudfront.net/310419663032080159/2quXz2C2n5hMfqc8hNVW3h/forgotten_heavy_punch-ALJGkKmypcUtRycVhcfYyj.png	legacy-cloudfront
403	https://d2xsxph8kpxj0f.cloudfront.net/310419663032080159/2quXz2C2n5hMfqc8hNVW3h/grab_a2508720.png	legacy-cloudfront
403	https://d2xsxph8kpxj0f.cloudfront.net/310419663032080159/2quXz2C2n5hMfqc8hNVW3h/forgotten_crouch_punch-cax2ABHGVaiUH5e4K4GZcV.png	legacy-cloudfront
403	https://d2xsxph8kpxj0f.cloudfront.net/310419663032080159/2quXz2C2n5hMfqc8hNVW3h/forgotten_knockdown-ErYmAk3VFJa8Pf6oQ6vpMe.png	legacy-cloudfront
403	https://d2xsxph8kpxj0f.cloudfront.net/310419663032080159/2quXz2C2n5hMfqc8hNVW3h/forgotten_medium_kick-6T6Lt6DghgeoBS7o93TScp.png	legacy-cloudfront
403	https://d2xsxph8kpxj0f.cloudfront.net/310419663032080159/2quXz2C2n5hMfqc8hNVW3h/heavy-attack_f323caf7.ogg	legacy-cloudfront
403	https://d2xsxph8kpxj0f.cloudfront.net/310419663032080159/2quXz2C2n5hMfqc8hNVW3h/forgotten_dizzy-6VwSZN9DS3VrhrFma4C4ih.png	legacy-cloudfront
403	https://d2xsxph8kpxj0f.cloudfront.net/310419663032080159/2quXz2C2n5hMfqc8hNVW3h/forgotten_walk_fwd-B6tHUJZ4QpJfMBwvfAh5PT.png	legacy-cloudfront
403	https://d2xsxph8kpxj0f.cloudfront.net/310419663032080159/2quXz2C2n5hMfqc8hNVW3h/forgotten_light_punch-oLg9aLtZmqVwQFaSbvyWma.png	legacy-cloudfront
403	https://d2xsxph8kpxj0f.cloudfront.net/310419663032080159/2quXz2C2n5hMfqc8hNVW3h/heavyKick_f644ac02.png	legacy-cloudfront
403	https://d2xsxph8kpxj0f.cloudfront.net/310419663032080159/2quXz2C2n5hMfqc8hNVW3h/grab_12cc6831.png	legacy-cloudfront
403	https://d2xsxph8kpxj0f.cloudfront.net/310419663032080159/2quXz2C2n5hMfqc8hNVW3h/foundation_age_cover-5fsWsaonbVUHwUYC9niqEt.webp	legacy-cloudfront
403	https://d2xsxph8kpxj0f.cloudfront.net/310419663032080159/2quXz2C2n5hMfqc8hNVW3h/forgotten_medium_punch-efpYmuhPVibKobSSdvFZ2h.png	legacy-cloudfront
403	https://d2xsxph8kpxj0f.cloudfront.net/310419663032080159/2quXz2C2n5hMfqc8hNVW3h/grab_e8c9c25d.png	legacy-cloudfront
403	https://d2xsxph8kpxj0f.cloudfront.net/310419663032080159/2quXz2C2n5hMfqc8hNVW3h/forgotten_sweep-eU97KgtTcjRFi7Q5XPUEzc.png	legacy-cloudfront
403	https://d2xsxph8kpxj0f.cloudfront.net/310419663032080159/2quXz2C2n5hMfqc8hNVW3h/heavyKick_5765193c.png	legacy-cloudfront
403	https://d2xsxph8kpxj0f.cloudfront.net/310419663032080159/2quXz2C2n5hMfqc8hNVW3h/guild-sanctum_8f11106b.png	legacy-cloudfront
403	https://d2xsxph8kpxj0f.cloudfront.net/310419663032080159/2quXz2C2n5hMfqc8hNVW3h/forgotten_jump_attack-bXXXdHvDGo35L3P5MBKxGX.png	legacy-cloudfront
403	https://d2xsxph8kpxj0f.cloudfront.net/310419663032080159/2quXz2C2n5hMfqc8hNVW3h/forgotten_special-EBSEHtypwAM7Eoz2sgTdo9.png	legacy-cloudfront
403	https://d2xsxph8kpxj0f.cloudfront.net/310419663032080159/2quXz2C2n5hMfqc8hNVW3h/forgotten_light_kick-7aHQrQFWX2vA8CpRHZwTgj.png	legacy-cloudfront
403	https://d2xsxph8kpxj0f.cloudfront.net/310419663032080159/2quXz2C2n5hMfqc8hNVW3h/heavy-kick-hit_93e52326.ogg	legacy-cloudfront
403	https://d2xsxph8kpxj0f.cloudfront.net/310419663032080159/2quXz2C2n5hMfqc8hNVW3h/forgotten_walk_back-axeg56WVVQZ88FBz4ngTHp.png	legacy-cloudfront
403	https://d2xsxph8kpxj0f.cloudfront.net/310419663032080159/2quXz2C2n5hMfqc8hNVW3h/heavyKick_9cf2ec6c.png	legacy-cloudfront
403	https://d2xsxph8kpxj0f.cloudfront.net/310419663032080159/2quXz2C2n5hMfqc8hNVW3h/heavyPunch_e7dc3ae4.png	legacy-cloudfront
403	https://d2xsxph8kpxj0f.cloudfront.net/310419663032080159/2quXz2C2n5hMfqc8hNVW3h/inventor_dizzy-C3df8oaw864HgfZRjBdxtU.png	legacy-cloudfront
403	https://d2xsxph8kpxj0f.cloudfront.net/310419663032080159/2quXz2C2n5hMfqc8hNVW3h/grab_f6918131.png	legacy-cloudfront
403	https://d2xsxph8kpxj0f.cloudfront.net/310419663032080159/2quXz2C2n5hMfqc8hNVW3h/hadouken_b4a60379.ogg	legacy-cloudfront
403	https://d2xsxph8kpxj0f.cloudfront.net/310419663032080159/2quXz2C2n5hMfqc8hNVW3h/heavy-punch-hit_7ae0ce6f.ogg	legacy-cloudfront
403	https://d2xsxph8kpxj0f.cloudfront.net/310419663032080159/2quXz2C2n5hMfqc8hNVW3h/inventor_light_punch-eXErKZZow2aTZnfwP5Fkoq.png	legacy-cloudfront
403	https://d2xsxph8kpxj0f.cloudfront.net/310419663032080159/2quXz2C2n5hMfqc8hNVW3h/heavyPunch_90618f9b.png	legacy-cloudfront
403	https://d2xsxph8kpxj0f.cloudfront.net/310419663032080159/2quXz2C2n5hMfqc8hNVW3h/inventor_special-VmZQLL7QMcbkZMtY7ZBoXY.png	legacy-cloudfront
403	https://d2xsxph8kpxj0f.cloudfront.net/310419663032080159/2quXz2C2n5hMfqc8hNVW3h/heavyKick_b1ff0e07.png	legacy-cloudfront
403	https://d2xsxph8kpxj0f.cloudfront.net/310419663032080159/2quXz2C2n5hMfqc8hNVW3h/inventor_walk_fwd-exoKXzBLGFngx4qdhwpw74.png	legacy-cloudfront
403	https://d2xsxph8kpxj0f.cloudfront.net/310419663032080159/2quXz2C2n5hMfqc8hNVW3h/hit_7ee6f038.png	legacy-cloudfront
403	https://d2xsxph8kpxj0f.cloudfront.net/310419663032080159/2quXz2C2n5hMfqc8hNVW3h/idle_15923b6e.png	legacy-cloudfront
403	https://d2xsxph8kpxj0f.cloudfront.net/310419663032080159/2quXz2C2n5hMfqc8hNVW3h/hit_d73d1ab9.png	legacy-cloudfront
403	https://d2xsxph8kpxj0f.cloudfront.net/310419663032080159/2quXz2C2n5hMfqc8hNVW3h/hud_3f40af06.png	legacy-cloudfront
403	https://d2xsxph8kpxj0f.cloudfront.net/310419663032080159/2quXz2C2n5hMfqc8hNVW3h/inventor_crouch_punch-j6u8gxm2WAZxmr3XuBMSVF.png	legacy-cloudfront
403	https://d2xsxph8kpxj0f.cloudfront.net/310419663032080159/2quXz2C2n5hMfqc8hNVW3h/idle_e047251e.png	legacy-cloudfront
403	https://d2xsxph8kpxj0f.cloudfront.net/310419663032080159/2quXz2C2n5hMfqc8hNVW3h/inventor_grab-co3vXURvLNgvWoAuPtxE4C.png	legacy-cloudfront
403	https://d2xsxph8kpxj0f.cloudfront.net/310419663032080159/2quXz2C2n5hMfqc8hNVW3h/host-cutscene_8eab68f5.mp4	legacy-cloudfront
403	https://d2xsxph8kpxj0f.cloudfront.net/310419663032080159/2quXz2C2n5hMfqc8hNVW3h/heavyPunch_02b67d46.png	legacy-cloudfront
403	https://d2xsxph8kpxj0f.cloudfront.net/310419663032080159/2quXz2C2n5hMfqc8hNVW3h/human_spritesheet-A5aeHoy98gKJYAERvfnL6W.webp	legacy-cloudfront
403	https://d2xsxph8kpxj0f.cloudfront.net/310419663032080159/2quXz2C2n5hMfqc8hNVW3h/heavyPunch_fccbbc5e.png	legacy-cloudfront
403	https://d2xsxph8kpxj0f.cloudfront.net/310419663032080159/2quXz2C2n5hMfqc8hNVW3h/inventor_dash-XJxRQ6gfbEf36btnMRtHKS.png	legacy-cloudfront
403	https://d2xsxph8kpxj0f.cloudfront.net/310419663032080159/2quXz2C2n5hMfqc8hNVW3h/hit_1ab6250f.png	legacy-cloudfront
403	https://d2xsxph8kpxj0f.cloudfront.net/310419663032080159/2quXz2C2n5hMfqc8hNVW3h/inventor_knockdown-gSrQa5mpYkevavcXtvArYh.png	legacy-cloudfront
403	https://d2xsxph8kpxj0f.cloudfront.net/310419663032080159/2quXz2C2n5hMfqc8hNVW3h/inventor_jump_attack-7bW79pcDFDdJStyZHrqotW.png	legacy-cloudfront
403	https://d2xsxph8kpxj0f.cloudfront.net/310419663032080159/2quXz2C2n5hMfqc8hNVW3h/hero_bg_63073f61.png	legacy-cloudfront
403	https://d2xsxph8kpxj0f.cloudfront.net/310419663032080159/2quXz2C2n5hMfqc8hNVW3h/inventor_heavy_kick-c4XLNcguJwaC6MY6EoSinH.png	legacy-cloudfront
403	https://d2xsxph8kpxj0f.cloudfront.net/310419663032080159/2quXz2C2n5hMfqc8hNVW3h/inventor_jump-6Q2VgrMSvzoxmXzC4b68TX.png	legacy-cloudfront
403	https://d2xsxph8kpxj0f.cloudfront.net/310419663032080159/2quXz2C2n5hMfqc8hNVW3h/inventor_taunt-GE5LLhe4KgNp9N2obuFwkz.png	legacy-cloudfront
403	https://d2xsxph8kpxj0f.cloudfront.net/310419663032080159/2quXz2C2n5hMfqc8hNVW3h/inventor_light_kick-LM3QtesLyPyx9qsGs6uvVV.png	legacy-cloudfront
403	https://d2xsxph8kpxj0f.cloudfront.net/310419663032080159/2quXz2C2n5hMfqc8hNVW3h/hit_6fe93f29.png	legacy-cloudfront
403	https://d2xsxph8kpxj0f.cloudfront.net/310419663032080159/2quXz2C2n5hMfqc8hNVW3h/inventor_medium_punch-XBBvej3MdgAyfKg9XPtQoc.png	legacy-cloudfront
403	https://d2xsxph8kpxj0f.cloudfront.net/310419663032080159/2quXz2C2n5hMfqc8hNVW3h/inventor_walk_back-RV3ULC5WiKgU28viGAVruh.png	legacy-cloudfront
403	https://d2xsxph8kpxj0f.cloudfront.net/310419663032080159/2quXz2C2n5hMfqc8hNVW3h/iron-lion_spritesheet-eN9jaJRKdSML9gQTxwBZEM.webp	legacy-cloudfront
403	https://d2xsxph8kpxj0f.cloudfront.net/310419663032080159/2quXz2C2n5hMfqc8hNVW3h/inventor_crouch_kick-Q2NdDATWXEPkqzDG5WHYd5.png	legacy-cloudfront
403	https://d2xsxph8kpxj0f.cloudfront.net/310419663032080159/2quXz2C2n5hMfqc8hNVW3h/iron_lion_story_d7ed8b7f.avif	legacy-cloudfront
403	https://d2xsxph8kpxj0f.cloudfront.net/310419663032080159/2quXz2C2n5hMfqc8hNVW3h/ithrael_crouch-YSEnE6HEuhqUwVKUfn5u6b.png	legacy-cloudfront
403	https://d2xsxph8kpxj0f.cloudfront.net/310419663032080159/2quXz2C2n5hMfqc8hNVW3h/inventor_crouch-iKuUggGSwRHc5PsrzzTswW.png	legacy-cloudfront
403	https://d2xsxph8kpxj0f.cloudfront.net/310419663032080159/2quXz2C2n5hMfqc8hNVW3h/idle_15b87ee7.png	legacy-cloudfront
403	https://d2xsxph8kpxj0f.cloudfront.net/310419663032080159/2quXz2C2n5hMfqc8hNVW3h/iron-lion-cutscene_24ee5f10.mp4	legacy-cloudfront
403	https://d2xsxph8kpxj0f.cloudfront.net/310419663032080159/2quXz2C2n5hMfqc8hNVW3h/inventor_sweep-5t63cQPCwdCeqhwkmN6ptq.png	legacy-cloudfront
403	https://d2xsxph8kpxj0f.cloudfront.net/310419663032080159/2quXz2C2n5hMfqc8hNVW3h/idle_0ca79a75.png	legacy-cloudfront
403	https://d2xsxph8kpxj0f.cloudfront.net/310419663032080159/2quXz2C2n5hMfqc8hNVW3h/ithrael_crouch_kick-L6iusGhMhDugawzHGHicHn.png	legacy-cloudfront
403	https://d2xsxph8kpxj0f.cloudfront.net/310419663032080159/2quXz2C2n5hMfqc8hNVW3h/ithrael_crouch_punch-UGexPLDdAkgSScH3kjwdG7.png	legacy-cloudfront
403	https://d2xsxph8kpxj0f.cloudfront.net/310419663032080159/2quXz2C2n5hMfqc8hNVW3h/inventor_heavy_punch-UZioB4LBaGcnG3y5rfJvpf.png	legacy-cloudfront
403	https://d2xsxph8kpxj0f.cloudfront.net/310419663032080159/2quXz2C2n5hMfqc8hNVW3h/ithrael_grab-LwGD9B3piR3nnuwer3DnrQ.png	legacy-cloudfront
403	https://d2xsxph8kpxj0f.cloudfront.net/310419663032080159/2quXz2C2n5hMfqc8hNVW3h/ithrael_heavy_punch-ksoqhnstxVEjY4Cz7Mwfhd.png	legacy-cloudfront
403	https://d2xsxph8kpxj0f.cloudfront.net/310419663032080159/2quXz2C2n5hMfqc8hNVW3h/inventor_medium_kick-9aYHAb9hDh6GhTqoapiB5F.png	legacy-cloudfront
403	https://d2xsxph8kpxj0f.cloudfront.net/310419663032080159/2quXz2C2n5hMfqc8hNVW3h/ithrael_dash-NmfQ68yqujXCkk9vApzosh.png	legacy-cloudfront
403	https://d2xsxph8kpxj0f.cloudfront.net/310419663032080159/2quXz2C2n5hMfqc8hNVW3h/ithrael_heavy_kick-62YmzrJutKAYgSWCWTaijT.png	legacy-cloudfront
403	https://d2xsxph8kpxj0f.cloudfront.net/310419663032080159/2quXz2C2n5hMfqc8hNVW3h/ithrael_light_kick-hJ36fV6aDYdgM5GGk8spWh.png	legacy-cloudfront
403	https://d2xsxph8kpxj0f.cloudfront.net/310419663032080159/2quXz2C2n5hMfqc8hNVW3h/ithrael_knockdown-fmdtPrPcZBrAMJM8gYXC3t.png	legacy-cloudfront
403	https://d2xsxph8kpxj0f.cloudfront.net/310419663032080159/2quXz2C2n5hMfqc8hNVW3h/ithrael_special-8sGHbAZPNjgwzh7xdPg64i.png	legacy-cloudfront
403	https://d2xsxph8kpxj0f.cloudfront.net/310419663032080159/2quXz2C2n5hMfqc8hNVW3h/ithrael_dizzy-7ettPpLZGeEiPvnWfxWEnE.png	legacy-cloudfront
403	https://d2xsxph8kpxj0f.cloudfront.net/310419663032080159/2quXz2C2n5hMfqc8hNVW3h/ithrael_medium_kick-8CYTXhEpvmyhKtw8oherkv.png	legacy-cloudfront
403	https://d2xsxph8kpxj0f.cloudfront.net/310419663032080159/2quXz2C2n5hMfqc8hNVW3h/ithrael_jump-J6epLepL6EuaXQ2ovDVqZa.png	legacy-cloudfront
403	https://d2xsxph8kpxj0f.cloudfront.net/310419663032080159/2quXz2C2n5hMfqc8hNVW3h/judge_heavy_kick-JLDR3FCr8PvbLUX5nfrhis.png	legacy-cloudfront
403	https://d2xsxph8kpxj0f.cloudfront.net/310419663032080159/2quXz2C2n5hMfqc8hNVW3h/judge_knockdown-Lyvr48SrfxzDGDKZSoJRJo.png	legacy-cloudfront
403	https://d2xsxph8kpxj0f.cloudfront.net/310419663032080159/2quXz2C2n5hMfqc8hNVW3h/judge_heavy_punch-ctjFmdf2M8tu3afDMyBPbk.png	legacy-cloudfront
403	https://d2xsxph8kpxj0f.cloudfront.net/310419663032080159/2quXz2C2n5hMfqc8hNVW3h/ithrael_medium_punch-2KkgYFnnngyTqTme2MTxMP.png	legacy-cloudfront
403	https://d2xsxph8kpxj0f.cloudfront.net/310419663032080159/2quXz2C2n5hMfqc8hNVW3h/ithrael_sweep-UcTGEgYPizziR837Vas3Hp.png	legacy-cloudfront
403	https://d2xsxph8kpxj0f.cloudfront.net/310419663032080159/2quXz2C2n5hMfqc8hNVW3h/ithrael_jump_attack-LSh7spzFip65QGnDdXYu87.png	legacy-cloudfront
403	https://d2xsxph8kpxj0f.cloudfront.net/310419663032080159/2quXz2C2n5hMfqc8hNVW3h/ithrael_taunt-D6c7tegALE73z2Zjypnt9g.png	legacy-cloudfront
403	https://d2xsxph8kpxj0f.cloudfront.net/310419663032080159/2quXz2C2n5hMfqc8hNVW3h/judge_dash-DiMq4oc8BqVTWBHUwqhPrb.png	legacy-cloudfront
403	https://d2xsxph8kpxj0f.cloudfront.net/310419663032080159/2quXz2C2n5hMfqc8hNVW3h/judge_sweep-e3hpZ3o3YWnen5te6g7QLm.png	legacy-cloudfront
403	https://d2xsxph8kpxj0f.cloudfront.net/310419663032080159/2quXz2C2n5hMfqc8hNVW3h/knowledge_dash-HQUc8nP7sPMVnJLU9c2GZ6.png	legacy-cloudfront
403	https://d2xsxph8kpxj0f.cloudfront.net/310419663032080159/2quXz2C2n5hMfqc8hNVW3h/judge_crouch-ev5smz8Mo8kCoJZFoA5d3o.png	legacy-cloudfront
403	https://d2xsxph8kpxj0f.cloudfront.net/310419663032080159/2quXz2C2n5hMfqc8hNVW3h/judge_medium_punch-SEFdhmgnaLECh9ZxPZaxW8.png	legacy-cloudfront
403	https://d2xsxph8kpxj0f.cloudfront.net/310419663032080159/2quXz2C2n5hMfqc8hNVW3h/ithrael_walk_fwd-j7keJWdSfcap8xamcZq5Yq.png	legacy-cloudfront
403	https://d2xsxph8kpxj0f.cloudfront.net/310419663032080159/2quXz2C2n5hMfqc8hNVW3h/ithrael_light_punch-j56gRZQhYSTWCvWf6fKVfb.png	legacy-cloudfront
403	https://d2xsxph8kpxj0f.cloudfront.net/310419663032080159/2quXz2C2n5hMfqc8hNVW3h/knockdown_b3e5c768.png	legacy-cloudfront
403	https://d2xsxph8kpxj0f.cloudfront.net/310419663032080159/2quXz2C2n5hMfqc8hNVW3h/judge_crouch_punch-nwjJNNUq95kRfWCVVib9wn.png	legacy-cloudfront
403	https://d2xsxph8kpxj0f.cloudfront.net/310419663032080159/2quXz2C2n5hMfqc8hNVW3h/ithrael_walk_back-nCNEc9HXLzjwkLdkJV4r9K.png	legacy-cloudfront
403	https://d2xsxph8kpxj0f.cloudfront.net/310419663032080159/2quXz2C2n5hMfqc8hNVW3h/jumpAttack_3d6d171d.png	legacy-cloudfront
403	https://d2xsxph8kpxj0f.cloudfront.net/310419663032080159/2quXz2C2n5hMfqc8hNVW3h/jumpAttack_388733ad.png	legacy-cloudfront
403	https://d2xsxph8kpxj0f.cloudfront.net/310419663032080159/2quXz2C2n5hMfqc8hNVW3h/judge_taunt-b8fCnGbizfgoxACyLsJMmP.png	legacy-cloudfront
403	https://d2xsxph8kpxj0f.cloudfront.net/310419663032080159/2quXz2C2n5hMfqc8hNVW3h/jumpAttack_6b19de2e.png	legacy-cloudfront
403	https://d2xsxph8kpxj0f.cloudfront.net/310419663032080159/2quXz2C2n5hMfqc8hNVW3h/judge_light_kick-NG2kkiGkwbJYL9cED8G55g.png	legacy-cloudfront
403	https://d2xsxph8kpxj0f.cloudfront.net/310419663032080159/2quXz2C2n5hMfqc8hNVW3h/judge_grab-9pQv7GrtZmQ8KiDUccUeaZ.png	legacy-cloudfront
403	https://d2xsxph8kpxj0f.cloudfront.net/310419663032080159/2quXz2C2n5hMfqc8hNVW3h/judge_crouch_kick-cBkvK8FEdQcKndasPPDurr.png	legacy-cloudfront
403	https://d2xsxph8kpxj0f.cloudfront.net/310419663032080159/2quXz2C2n5hMfqc8hNVW3h/judge_walk_fwd-UGbupEpfSbguKZGdnhuqGp.png	legacy-cloudfront
403	https://d2xsxph8kpxj0f.cloudfront.net/310419663032080159/2quXz2C2n5hMfqc8hNVW3h/jump_a4b12479.png	legacy-cloudfront
403	https://d2xsxph8kpxj0f.cloudfront.net/310419663032080159/2quXz2C2n5hMfqc8hNVW3h/judge_jump_attack-ifU3JxzDaun2FC93ry8D5a.png	legacy-cloudfront
403	https://d2xsxph8kpxj0f.cloudfront.net/310419663032080159/2quXz2C2n5hMfqc8hNVW3h/jump_45ccf5ea.png	legacy-cloudfront
403	https://d2xsxph8kpxj0f.cloudfront.net/310419663032080159/2quXz2C2n5hMfqc8hNVW3h/judge_dizzy-PdvYHsAjN6ZhyefjC3Gkfc.png	legacy-cloudfront
403	https://d2xsxph8kpxj0f.cloudfront.net/310419663032080159/2quXz2C2n5hMfqc8hNVW3h/judge_special-kXz7Cubv3jsrrCv35vWtj2.png	legacy-cloudfront
403	https://d2xsxph8kpxj0f.cloudfront.net/310419663032080159/2quXz2C2n5hMfqc8hNVW3h/judge_jump-Nb6nsg4FYXTNUzMTkjwvRA.png	legacy-cloudfront
403	https://d2xsxph8kpxj0f.cloudfront.net/310419663032080159/2quXz2C2n5hMfqc8hNVW3h/judge_light_punch-Cti6KXkVnxXGyZ8KA5AEjb.png	legacy-cloudfront
403	https://d2xsxph8kpxj0f.cloudfront.net/310419663032080159/2quXz2C2n5hMfqc8hNVW3h/jumpAttack_fcc83d9c.png	legacy-cloudfront
403	https://d2xsxph8kpxj0f.cloudfront.net/310419663032080159/2quXz2C2n5hMfqc8hNVW3h/knowledge_heavy_kick-S8zUQ6pF6AS5BAEcjrhHu9.png	legacy-cloudfront
403	https://d2xsxph8kpxj0f.cloudfront.net/310419663032080159/2quXz2C2n5hMfqc8hNVW3h/knockdown_35298683.png	legacy-cloudfront
403	https://d2xsxph8kpxj0f.cloudfront.net/310419663032080159/2quXz2C2n5hMfqc8hNVW3h/knowledge_medium_punch-SkBdT8mzeWCQjsCSKM2Wp2.png	legacy-cloudfront
403	https://d2xsxph8kpxj0f.cloudfront.net/310419663032080159/2quXz2C2n5hMfqc8hNVW3h/jump_4b824572.png	legacy-cloudfront
403	https://d2xsxph8kpxj0f.cloudfront.net/310419663032080159/2quXz2C2n5hMfqc8hNVW3h/knowledge_sweep-cJjaNKCgxTc4xSU7XdoTR4.png	legacy-cloudfront
403	https://d2xsxph8kpxj0f.cloudfront.net/310419663032080159/2quXz2C2n5hMfqc8hNVW3h/knowledge_knockdown-22C7WfpVdNcrnozHwgSrtx.png	legacy-cloudfront
403	https://d2xsxph8kpxj0f.cloudfront.net/310419663032080159/2quXz2C2n5hMfqc8hNVW3h/judge_medium_kick-X2Z3vWnHob3MebUaBUcHi7.png	legacy-cloudfront
403	https://d2xsxph8kpxj0f.cloudfront.net/310419663032080159/2quXz2C2n5hMfqc8hNVW3h/knockdown_36f05102.png	legacy-cloudfront
403	https://d2xsxph8kpxj0f.cloudfront.net/310419663032080159/2quXz2C2n5hMfqc8hNVW3h/judge_walk_back-mJ6EeiteJS4cxiwmMn8iRn.png	legacy-cloudfront
403	https://d2xsxph8kpxj0f.cloudfront.net/310419663032080159/2quXz2C2n5hMfqc8hNVW3h/ko_64b7d18d.png	legacy-cloudfront
403	https://d2xsxph8kpxj0f.cloudfront.net/310419663032080159/2quXz2C2n5hMfqc8hNVW3h/knowledge_jump_attack-cFGSdfQHFV7WihrHkUZYM7.png	legacy-cloudfront
403	https://d2xsxph8kpxj0f.cloudfront.net/310419663032080159/2quXz2C2n5hMfqc8hNVW3h/knowledge_crouch-56hzqQ3toTiuaCayZy2PoN.png	legacy-cloudfront
403	https://d2xsxph8kpxj0f.cloudfront.net/310419663032080159/2quXz2C2n5hMfqc8hNVW3h/jump_d05594fe.png	legacy-cloudfront
403	https://d2xsxph8kpxj0f.cloudfront.net/310419663032080159/2quXz2C2n5hMfqc8hNVW3h/kenstage_c83387b0.png	legacy-cloudfront
403	https://d2xsxph8kpxj0f.cloudfront.net/310419663032080159/2quXz2C2n5hMfqc8hNVW3h/lightKick_90fe1189.png	legacy-cloudfront
403	https://d2xsxph8kpxj0f.cloudfront.net/310419663032080159/2quXz2C2n5hMfqc8hNVW3h/loredex_fall_of_reality-4dWEfXRyjuf7ERtrEFM33t.webp	legacy-cloudfront
403	https://d2xsxph8kpxj0f.cloudfront.net/310419663032080159/2quXz2C2n5hMfqc8hNVW3h/knowledge_crouch_punch-7PZuxyMaNqpyCJFvzTWdxc.png	legacy-cloudfront
403	https://d2xsxph8kpxj0f.cloudfront.net/310419663032080159/2quXz2C2n5hMfqc8hNVW3h/knowledge_walk_back-gMfNQSAr2YMKiqTsAJvxRf.png	legacy-cloudfront
403	https://d2xsxph8kpxj0f.cloudfront.net/310419663032080159/2quXz2C2n5hMfqc8hNVW3h/loredex_operation_trojan-XzZytVNLsfAZeZvZVAzP6b.webp	legacy-cloudfront
403	https://d2xsxph8kpxj0f.cloudfront.net/310419663032080159/2quXz2C2n5hMfqc8hNVW3h/knowledge_grab-SRGFHz2pxLr8FgHsBGfc5H.png	legacy-cloudfront
403	https://d2xsxph8kpxj0f.cloudfront.net/310419663032080159/2quXz2C2n5hMfqc8hNVW3h/lightPunch_15065f9d.png	legacy-cloudfront
403	https://d2xsxph8kpxj0f.cloudfront.net/310419663032080159/2quXz2C2n5hMfqc8hNVW3h/knockdown_742b7b6a.png	legacy-cloudfront
403	https://d2xsxph8kpxj0f.cloudfront.net/310419663032080159/2quXz2C2n5hMfqc8hNVW3h/medium-attack_763ce203.ogg	legacy-cloudfront
403	https://d2xsxph8kpxj0f.cloudfront.net/310419663032080159/2quXz2C2n5hMfqc8hNVW3h/loredex_overseer-hqBV4hZo3SDkfemP9cKidN.webp	legacy-cloudfront
403	https://d2xsxph8kpxj0f.cloudfront.net/310419663032080159/2quXz2C2n5hMfqc8hNVW3h/medium-kick-hit_ab0d78ff.ogg	legacy-cloudfront
403	https://d2xsxph8kpxj0f.cloudfront.net/310419663032080159/2quXz2C2n5hMfqc8hNVW3h/knowledge_crouch_kick-PMLVL7XjVbQ8aiyV9zhMWm.png	legacy-cloudfront
403	https://d2xsxph8kpxj0f.cloudfront.net/310419663032080159/2quXz2C2n5hMfqc8hNVW3h/knowledge_light_punch-TdcnTF5AMCieM7tmtUJFaM.png	legacy-cloudfront
403	https://d2xsxph8kpxj0f.cloudfront.net/310419663032080159/2quXz2C2n5hMfqc8hNVW3h/knowledge_dizzy-Y2kXbstDrs2ZmAzBastZ9n.png	legacy-cloudfront
403	https://d2xsxph8kpxj0f.cloudfront.net/310419663032080159/2quXz2C2n5hMfqc8hNVW3h/lightPunch_c32468e4.png	legacy-cloudfront
403	https://d2xsxph8kpxj0f.cloudfront.net/310419663032080159/2quXz2C2n5hMfqc8hNVW3h/loredex_veridian_vi-a5iQ2MKQtEgz2U9c45A73m.webp	legacy-cloudfront
403	https://d2xsxph8kpxj0f.cloudfront.net/310419663032080159/2quXz2C2n5hMfqc8hNVW3h/knowledge_jump-DU5evYja8q8xCTHZanbSkk.png	legacy-cloudfront
403	https://d2xsxph8kpxj0f.cloudfront.net/310419663032080159/2quXz2C2n5hMfqc8hNVW3h/ko_2e58f5e9.png	legacy-cloudfront
403	https://d2xsxph8kpxj0f.cloudfront.net/310419663032080159/2quXz2C2n5hMfqc8hNVW3h/ko_310a8230.png	legacy-cloudfront
403	https://d2xsxph8kpxj0f.cloudfront.net/310419663032080159/2quXz2C2n5hMfqc8hNVW3h/knowledge_special-neYpUt7s9NFLJdGaSZBE9b.png	legacy-cloudfront
403	https://d2xsxph8kpxj0f.cloudfront.net/310419663032080159/2quXz2C2n5hMfqc8hNVW3h/light-attack_9d9b86a4.ogg	legacy-cloudfront
403	https://d2xsxph8kpxj0f.cloudfront.net/310419663032080159/2quXz2C2n5hMfqc8hNVW3h/knowledge_taunt-CLaR4txvwLCRbtvdbd6sk4.png	legacy-cloudfront
403	https://d2xsxph8kpxj0f.cloudfront.net/310419663032080159/2quXz2C2n5hMfqc8hNVW3h/knowledge_heavy_punch-g5yfQq2VFmtZt3qk3GRTcL.png	legacy-cloudfront
403	https://d2xsxph8kpxj0f.cloudfront.net/310419663032080159/2quXz2C2n5hMfqc8hNVW3h/knowledge_walk_fwd-ba9d8h8ifHDwafZ7ARBK7E.png	legacy-cloudfront
403	https://d2xsxph8kpxj0f.cloudfront.net/310419663032080159/2quXz2C2n5hMfqc8hNVW3h/land_4b54ce64.ogg	legacy-cloudfront
403	https://d2xsxph8kpxj0f.cloudfront.net/310419663032080159/2quXz2C2n5hMfqc8hNVW3h/medical-bay_f5c9cffe.png	legacy-cloudfront
403	https://d2xsxph8kpxj0f.cloudfront.net/310419663032080159/2quXz2C2n5hMfqc8hNVW3h/lightKick_387ac997.png	legacy-cloudfront
403	https://d2xsxph8kpxj0f.cloudfront.net/310419663032080159/2quXz2C2n5hMfqc8hNVW3h/light-kick-hit_322d465a.ogg	legacy-cloudfront
403	https://d2xsxph8kpxj0f.cloudfront.net/310419663032080159/2quXz2C2n5hMfqc8hNVW3h/medium-punch-hit_3ca7ef1e.ogg	legacy-cloudfront
403	https://d2xsxph8kpxj0f.cloudfront.net/310419663032080159/2quXz2C2n5hMfqc8hNVW3h/loredex_battle_of_nexon-XGR3VWzCtNwVzvZKcNjZZL.webp	legacy-cloudfront
403	https://d2xsxph8kpxj0f.cloudfront.net/310419663032080159/2quXz2C2n5hMfqc8hNVW3h/mediumKick_3c3cc808.png	legacy-cloudfront
403	https://d2xsxph8kpxj0f.cloudfront.net/310419663032080159/2quXz2C2n5hMfqc8hNVW3h/mediumKick_3efade4a.png	legacy-cloudfront
403	https://d2xsxph8kpxj0f.cloudfront.net/310419663032080159/2quXz2C2n5hMfqc8hNVW3h/mediumKick_f474c968.png	legacy-cloudfront
403	https://d2xsxph8kpxj0f.cloudfront.net/310419663032080159/2quXz2C2n5hMfqc8hNVW3h/knowledge_light_kick-f6QZiF6u7DNoJPzxe4NpuS.png	legacy-cloudfront
403	https://d2xsxph8kpxj0f.cloudfront.net/310419663032080159/2quXz2C2n5hMfqc8hNVW3h/light-punch-hit_709b6735.ogg	legacy-cloudfront
403	https://d2xsxph8kpxj0f.cloudfront.net/310419663032080159/2quXz2C2n5hMfqc8hNVW3h/lightKick_c97d8d40.png	legacy-cloudfront
403	https://d2xsxph8kpxj0f.cloudfront.net/310419663032080159/2quXz2C2n5hMfqc8hNVW3h/knowledge_medium_kick-jjrWWorZK2KVWSuQKzXjDH.png	legacy-cloudfront
403	https://d2xsxph8kpxj0f.cloudfront.net/310419663032080159/2quXz2C2n5hMfqc8hNVW3h/loredex_prison_planet-o3Qn2EvxhpbMhZQiWsiFUy.webp	legacy-cloudfront
403	https://d2xsxph8kpxj0f.cloudfront.net/310419663032080159/2quXz2C2n5hMfqc8hNVW3h/lightKick_9d97e52b.png	legacy-cloudfront
403	https://d2xsxph8kpxj0f.cloudfront.net/310419663032080159/2quXz2C2n5hMfqc8hNVW3h/ko_72e7d621.png	legacy-cloudfront
403	https://d2xsxph8kpxj0f.cloudfront.net/310419663032080159/2quXz2C2n5hMfqc8hNVW3h/mediumPunch_a23b890a.png	legacy-cloudfront
403	https://d2xsxph8kpxj0f.cloudfront.net/310419663032080159/2quXz2C2n5hMfqc8hNVW3h/meme_spritesheet-7bVrsYxzdg2r6pnWABRnEj.webp	legacy-cloudfront
403	https://d2xsxph8kpxj0f.cloudfront.net/310419663032080159/2quXz2C2n5hMfqc8hNVW3h/mechronis_bg-CYQGpJMy45LhszadcxaySY.webp	legacy-cloudfront
403	https://d2xsxph8kpxj0f.cloudfront.net/310419663032080159/2quXz2C2n5hMfqc8hNVW3h/mediumPunch_f607934e.png	legacy-cloudfront
403	https://d2xsxph8kpxj0f.cloudfront.net/310419663032080159/2quXz2C2n5hMfqc8hNVW3h/lightPunch_788ff600.png	legacy-cloudfront
403	https://d2xsxph8kpxj0f.cloudfront.net/310419663032080159/2quXz2C2n5hMfqc8hNVW3h/mediumKick_d13a2ccf.png	legacy-cloudfront
403	https://d2xsxph8kpxj0f.cloudfront.net/310419663032080159/2quXz2C2n5hMfqc8hNVW3h/loredex_elara-jPb5yM2cZXiF7cQeF6SHKM.webp	legacy-cloudfront
403	https://d2xsxph8kpxj0f.cloudfront.net/310419663032080159/2quXz2C2n5hMfqc8hNVW3h/lightPunch_cc596b70.png	legacy-cloudfront
403	https://d2xsxph8kpxj0f.cloudfront.net/310419663032080159/2quXz2C2n5hMfqc8hNVW3h/mediumPunch_6f8429ca.png	legacy-cloudfront
403	https://d2xsxph8kpxj0f.cloudfront.net/310419663032080159/2quXz2C2n5hMfqc8hNVW3h/molgrath_dizzy-bWosojMLnwjcdenRMagPLy.png	legacy-cloudfront
403	https://d2xsxph8kpxj0f.cloudfront.net/310419663032080159/2quXz2C2n5hMfqc8hNVW3h/molgrath_crouch-99DxHGcYku7kXcZY5wXPUo.png	legacy-cloudfront
403	https://d2xsxph8kpxj0f.cloudfront.net/310419663032080159/2quXz2C2n5hMfqc8hNVW3h/molgrath_crouch_kick-SdBvRBTJm7nohxipfhp7Y9.png	legacy-cloudfront
403	https://d2xsxph8kpxj0f.cloudfront.net/310419663032080159/2quXz2C2n5hMfqc8hNVW3h/molgrath_crouch_punch-QhZQ7oGWVTw4eaS6U363zZ.png	legacy-cloudfront
403	https://d2xsxph8kpxj0f.cloudfront.net/310419663032080159/2quXz2C2n5hMfqc8hNVW3h/molgrath_grab-ZgTJha8HHnQtMdWRfjPvXx.png	legacy-cloudfront
403	https://d2xsxph8kpxj0f.cloudfront.net/310419663032080159/2quXz2C2n5hMfqc8hNVW3h/molgrath_heavy_kick-B5hZM4bo9rptfnnDmQ44o6.png	legacy-cloudfront
403	https://d2xsxph8kpxj0f.cloudfront.net/310419663032080159/2quXz2C2n5hMfqc8hNVW3h/mediumPunch_6e40a639.png	legacy-cloudfront
403	https://d2xsxph8kpxj0f.cloudfront.net/310419663032080159/2quXz2C2n5hMfqc8hNVW3h/molgrath_jump-5DJnqma9qU7TbSwZamEPZo.png	legacy-cloudfront
403	https://d2xsxph8kpxj0f.cloudfront.net/310419663032080159/2quXz2C2n5hMfqc8hNVW3h/nar_009_59a68e5e.png	legacy-cloudfront
403	https://d2xsxph8kpxj0f.cloudfront.net/310419663032080159/2quXz2C2n5hMfqc8hNVW3h/molgrath_jump_attack-F6485vDioVzuxrZhDyfngi.png	legacy-cloudfront
403	https://d2xsxph8kpxj0f.cloudfront.net/310419663032080159/2quXz2C2n5hMfqc8hNVW3h/molgrath_medium_punch-egSLEEZuYWeUhVnF7BKAya.png	legacy-cloudfront
403	https://d2xsxph8kpxj0f.cloudfront.net/310419663032080159/2quXz2C2n5hMfqc8hNVW3h/molgrath_dash-6XVrBsSiemcjcee9obQvnW.png	legacy-cloudfront
403	https://d2xsxph8kpxj0f.cloudfront.net/310419663032080159/2quXz2C2n5hMfqc8hNVW3h/molgrath_knockdown-ddFLwaC7UwtYBQGkcqphGC.png	legacy-cloudfront
403	https://d2xsxph8kpxj0f.cloudfront.net/310419663032080159/2quXz2C2n5hMfqc8hNVW3h/molgrath_heavy_punch-8BpVgMpvdMLetUPFjuVJmZ.png	legacy-cloudfront
403	https://d2xsxph8kpxj0f.cloudfront.net/310419663032080159/2quXz2C2n5hMfqc8hNVW3h/nar_001_8bcf9e3e.png	legacy-cloudfront
403	https://d2xsxph8kpxj0f.cloudfront.net/310419663032080159/2quXz2C2n5hMfqc8hNVW3h/molgrath_medium_kick-B8PFGm8VbrymQ4ksHn8RyM.png	legacy-cloudfront
403	https://d2xsxph8kpxj0f.cloudfront.net/310419663032080159/2quXz2C2n5hMfqc8hNVW3h/molgrath_special-9DMGKzcyykNRyp6RkCqQq4.png	legacy-cloudfront
403	https://d2xsxph8kpxj0f.cloudfront.net/310419663032080159/2quXz2C2n5hMfqc8hNVW3h/molgrath_sweep-guRynSDk78qNDebBynYGpY.png	legacy-cloudfront
403	https://d2xsxph8kpxj0f.cloudfront.net/310419663032080159/2quXz2C2n5hMfqc8hNVW3h/molgrath_taunt-dusyVMxN5LgpgJ5EUDxYGF.png	legacy-cloudfront
403	https://d2xsxph8kpxj0f.cloudfront.net/310419663032080159/2quXz2C2n5hMfqc8hNVW3h/molgrath_walk_fwd-j5czKeJfj5gtkdckqb22LC.png	legacy-cloudfront
403	https://d2xsxph8kpxj0f.cloudfront.net/310419663032080159/2quXz2C2n5hMfqc8hNVW3h/molgrath_light_kick-RA4jjyvTbEURgyNgJGaSxz.png	legacy-cloudfront
403	https://d2xsxph8kpxj0f.cloudfront.net/310419663032080159/2quXz2C2n5hMfqc8hNVW3h/nar_002_9ce0b7d1.png	legacy-cloudfront
403	https://d2xsxph8kpxj0f.cloudfront.net/310419663032080159/2quXz2C2n5hMfqc8hNVW3h/nar_004_ea1d4620.png	legacy-cloudfront
403	https://d2xsxph8kpxj0f.cloudfront.net/310419663032080159/2quXz2C2n5hMfqc8hNVW3h/molgrath_light_punch-ktbLHNszFdWjA6pMoiibXZ.png	legacy-cloudfront
403	https://d2xsxph8kpxj0f.cloudfront.net/310419663032080159/2quXz2C2n5hMfqc8hNVW3h/nar_010_999395da.png	legacy-cloudfront
403	https://d2xsxph8kpxj0f.cloudfront.net/310419663032080159/2quXz2C2n5hMfqc8hNVW3h/nar_006_0fea05d3.png	legacy-cloudfront
403	https://d2xsxph8kpxj0f.cloudfront.net/310419663032080159/2quXz2C2n5hMfqc8hNVW3h/nar_008_4ce5ac38.png	legacy-cloudfront
403	https://d2xsxph8kpxj0f.cloudfront.net/310419663032080159/2quXz2C2n5hMfqc8hNVW3h/nar_019_3223d0a9.png	legacy-cloudfront
403	https://d2xsxph8kpxj0f.cloudfront.net/310419663032080159/2quXz2C2n5hMfqc8hNVW3h/nykoth_crouch-QWunexYrd9TeT2J5udnffW.png	legacy-cloudfront
403	https://d2xsxph8kpxj0f.cloudfront.net/310419663032080159/2quXz2C2n5hMfqc8hNVW3h/nar_020_5e04f65e.png	legacy-cloudfront
403	https://d2xsxph8kpxj0f.cloudfront.net/310419663032080159/2quXz2C2n5hMfqc8hNVW3h/nykoth_crouch_punch-Ze7P7cMQ6HSFRmmGadt6Vf.png	legacy-cloudfront
403	https://d2xsxph8kpxj0f.cloudfront.net/310419663032080159/2quXz2C2n5hMfqc8hNVW3h/nar_014_3ebd70b0.png	legacy-cloudfront
403	https://d2xsxph8kpxj0f.cloudfront.net/310419663032080159/2quXz2C2n5hMfqc8hNVW3h/nar_016_9c61b58f.png	legacy-cloudfront
403	https://d2xsxph8kpxj0f.cloudfront.net/310419663032080159/2quXz2C2n5hMfqc8hNVW3h/nar_003_1a978248.png	legacy-cloudfront
403	https://d2xsxph8kpxj0f.cloudfront.net/310419663032080159/2quXz2C2n5hMfqc8hNVW3h/nar_012_b9fdc3d9.png	legacy-cloudfront
403	https://d2xsxph8kpxj0f.cloudfront.net/310419663032080159/2quXz2C2n5hMfqc8hNVW3h/nar_018_7954910a.png	legacy-cloudfront
403	https://d2xsxph8kpxj0f.cloudfront.net/310419663032080159/2quXz2C2n5hMfqc8hNVW3h/molgrath_walk_back-WA2MvWKg5KsaFhCYu9bKgk.png	legacy-cloudfront
403	https://d2xsxph8kpxj0f.cloudfront.net/310419663032080159/2quXz2C2n5hMfqc8hNVW3h/new-babylon_bg-L5pBrrUTe6CFpHgUCnzGZc.webp	legacy-cloudfront
403	https://d2xsxph8kpxj0f.cloudfront.net/310419663032080159/2quXz2C2n5hMfqc8hNVW3h/necromancer_spritesheet-2s7GsFKkNJEHZxztk4AXbq.webp	legacy-cloudfront
403	https://d2xsxph8kpxj0f.cloudfront.net/310419663032080159/2quXz2C2n5hMfqc8hNVW3h/necromancers_lair_poster_24fdec70.png	legacy-cloudfront
403	https://d2xsxph8kpxj0f.cloudfront.net/310419663032080159/2quXz2C2n5hMfqc8hNVW3h/nar_005_f61a77c4.png	legacy-cloudfront
403	https://d2xsxph8kpxj0f.cloudfront.net/310419663032080159/2quXz2C2n5hMfqc8hNVW3h/nykoth_grab-buUGSdJZ79faAj3Wz2qhJf.png	legacy-cloudfront
403	https://d2xsxph8kpxj0f.cloudfront.net/310419663032080159/2quXz2C2n5hMfqc8hNVW3h/necropolis_bg-FGT6JpTpUEJS36iuVerv7R.webp	legacy-cloudfront
403	https://d2xsxph8kpxj0f.cloudfront.net/310419663032080159/2quXz2C2n5hMfqc8hNVW3h/nykoth_dash-mvVMe2JD82cfxDTtJmbYiC.png	legacy-cloudfront
403	https://d2xsxph8kpxj0f.cloudfront.net/310419663032080159/2quXz2C2n5hMfqc8hNVW3h/nar_007_1defe20d.png	legacy-cloudfront
403	https://d2xsxph8kpxj0f.cloudfront.net/310419663032080159/2quXz2C2n5hMfqc8hNVW3h/nar_011_88137535.png	legacy-cloudfront
403	https://d2xsxph8kpxj0f.cloudfront.net/310419663032080159/2quXz2C2n5hMfqc8hNVW3h/nar_015_8c989d2d.png	legacy-cloudfront
403	https://d2xsxph8kpxj0f.cloudfront.net/310419663032080159/2quXz2C2n5hMfqc8hNVW3h/nykoth_dizzy-RTajq8P2eQoWVFrS4YS8D5.png	legacy-cloudfront
403	https://d2xsxph8kpxj0f.cloudfront.net/310419663032080159/2quXz2C2n5hMfqc8hNVW3h/nar_017_cf1d294f.png	legacy-cloudfront
403	https://d2xsxph8kpxj0f.cloudfront.net/310419663032080159/2quXz2C2n5hMfqc8hNVW3h/opening_cinematic_9b899561.mp4	legacy-cloudfront
403	https://d2xsxph8kpxj0f.cloudfront.net/310419663032080159/2quXz2C2n5hMfqc8hNVW3h/nykoth_heavy_punch-Cb4dDt39Zpyck9uC9Lbwp6.png	legacy-cloudfront
403	https://d2xsxph8kpxj0f.cloudfront.net/310419663032080159/2quXz2C2n5hMfqc8hNVW3h/oracle-fight-cutscene_eaa8749d.mp4	legacy-cloudfront
403	https://d2xsxph8kpxj0f.cloudfront.net/310419663032080159/2quXz2C2n5hMfqc8hNVW3h/oracle_dizzy-bUnU2D8jMtS5KbdFQ5e7rG.png	legacy-cloudfront
403	https://d2xsxph8kpxj0f.cloudfront.net/310419663032080159/2quXz2C2n5hMfqc8hNVW3h/nar_013_7e276974.png	legacy-cloudfront
403	https://d2xsxph8kpxj0f.cloudfront.net/310419663032080159/2quXz2C2n5hMfqc8hNVW3h/nykoth_jump-dWtxgeQmvsQXEK94fBSkSQ.png	legacy-cloudfront
403	https://d2xsxph8kpxj0f.cloudfront.net/310419663032080159/2quXz2C2n5hMfqc8hNVW3h/nykoth_crouch_kick-9f5BWsadqEHpEiSCBEwxoW.png	legacy-cloudfront
403	https://d2xsxph8kpxj0f.cloudfront.net/310419663032080159/2quXz2C2n5hMfqc8hNVW3h/nykoth_jump_attack-GgEJRSwyUWxdv4yraoEw9u.png	legacy-cloudfront
403	https://d2xsxph8kpxj0f.cloudfront.net/310419663032080159/2quXz2C2n5hMfqc8hNVW3h/nykoth_heavy_kick-36SbMpDpSCNStTRdjdASRQ.png	legacy-cloudfront
403	https://d2xsxph8kpxj0f.cloudfront.net/310419663032080159/2quXz2C2n5hMfqc8hNVW3h/nykoth_knockdown-Ma872iiMoSnrhw2DUoLHtB.png	legacy-cloudfront
403	https://d2xsxph8kpxj0f.cloudfront.net/310419663032080159/2quXz2C2n5hMfqc8hNVW3h/nykoth_medium_kick-JGf2x9iAoQnpmr8sEfWgdF.png	legacy-cloudfront
403	https://d2xsxph8kpxj0f.cloudfront.net/310419663032080159/2quXz2C2n5hMfqc8hNVW3h/oracle_sweep-aJo9UvhdCFFnWruWBHZf9B.png	legacy-cloudfront
403	https://d2xsxph8kpxj0f.cloudfront.net/310419663032080159/2quXz2C2n5hMfqc8hNVW3h/nykoth_light_kick-MgBjAEouiroiJVNAjc8s8R.png	legacy-cloudfront
403	https://d2xsxph8kpxj0f.cloudfront.net/310419663032080159/2quXz2C2n5hMfqc8hNVW3h/nykoth_walk_fwd-GC4wMa64qCTmWZnG8ekFud.png	legacy-cloudfront
403	https://d2xsxph8kpxj0f.cloudfront.net/310419663032080159/2quXz2C2n5hMfqc8hNVW3h/nykoth_light_punch-oGXex2XY3FqJWZZkCuzdHr.png	legacy-cloudfront
403	https://d2xsxph8kpxj0f.cloudfront.net/310419663032080159/2quXz2C2n5hMfqc8hNVW3h/nykoth_special-LdnMmPPVY7znJeBiW32oam.png	legacy-cloudfront
403	https://d2xsxph8kpxj0f.cloudfront.net/310419663032080159/2quXz2C2n5hMfqc8hNVW3h/nykoth_medium_punch-6Lg2mf6QRk8Lgqccg8FoCg.png	legacy-cloudfront
403	https://d2xsxph8kpxj0f.cloudfront.net/310419663032080159/2quXz2C2n5hMfqc8hNVW3h/nykoth_sweep-mzb8WjMuxkSYXCGNCPTodk.png	legacy-cloudfront
403	https://d2xsxph8kpxj0f.cloudfront.net/310419663032080159/2quXz2C2n5hMfqc8hNVW3h/nykoth_taunt-oMEMRg2yqPUPxVfRaGTqzY.png	legacy-cloudfront
403	https://d2xsxph8kpxj0f.cloudfront.net/310419663032080159/2quXz2C2n5hMfqc8hNVW3h/nykoth_walk_back-cq5hHuqc7Ws8n2wi9DYMX8.png	legacy-cloudfront
403	https://d2xsxph8kpxj0f.cloudfront.net/310419663032080159/2quXz2C2n5hMfqc8hNVW3h/oracle-sanctum_4d12dfef.png	legacy-cloudfront
403	https://d2xsxph8kpxj0f.cloudfront.net/310419663032080159/2quXz2C2n5hMfqc8hNVW3h/oracle_knockdown-B2tLn9MFwGFfrSRzRXm4DR.png	legacy-cloudfront
403	https://d2xsxph8kpxj0f.cloudfront.net/310419663032080159/2quXz2C2n5hMfqc8hNVW3h/resurrectionist_heavy_kick-WkgeYMZbCqtHuSLmGTLAQY.png	legacy-cloudfront
403	https://d2xsxph8kpxj0f.cloudfront.net/310419663032080159/2quXz2C2n5hMfqc8hNVW3h/oracle_grab-XMPQMeHt6DSnf5iXcWKfrK.png	legacy-cloudfront
403	https://d2xsxph8kpxj0f.cloudfront.net/310419663032080159/2quXz2C2n5hMfqc8hNVW3h/oracle_heavy_punch-CKXF24HAJJiBYmEDt2CQT5.png	legacy-cloudfront
403	https://d2xsxph8kpxj0f.cloudfront.net/310419663032080159/2quXz2C2n5hMfqc8hNVW3h/oracle_light_kick-Xu5hGmNnFqj5xzA8KBTzNQ.png	legacy-cloudfront
403	https://d2xsxph8kpxj0f.cloudfront.net/310419663032080159/2quXz2C2n5hMfqc8hNVW3h/oracle_crouch-8ZZ3XFqXbm3FJX2AhYeeJD.png	legacy-cloudfront
403	https://d2xsxph8kpxj0f.cloudfront.net/310419663032080159/2quXz2C2n5hMfqc8hNVW3h/oracle_jump-Vgnm9zbv7ng3jFFQcJ5Lc2.png	legacy-cloudfront
403	https://d2xsxph8kpxj0f.cloudfront.net/310419663032080159/2quXz2C2n5hMfqc8hNVW3h/observation-deck_b9df571d.png	legacy-cloudfront
403	https://d2xsxph8kpxj0f.cloudfront.net/310419663032080159/2quXz2C2n5hMfqc8hNVW3h/oracle_medium_punch-jLyAGLrbFQ9799vwtjDZyN.png	legacy-cloudfront
403	https://d2xsxph8kpxj0f.cloudfront.net/310419663032080159/2quXz2C2n5hMfqc8hNVW3h/oracle_taunt-MvtrQd2J4fecfN2h3GjKmp.png	legacy-cloudfront
403	https://d2xsxph8kpxj0f.cloudfront.net/310419663032080159/2quXz2C2n5hMfqc8hNVW3h/oracle_special-QhR5A2KgEMJrqZYuPty9Cv.png	legacy-cloudfront
403	https://d2xsxph8kpxj0f.cloudfront.net/310419663032080159/2quXz2C2n5hMfqc8hNVW3h/resurrectionist_dizzy-94R77ntaBHUg5Wc8ZoCLwS.png	legacy-cloudfront
403	https://d2xsxph8kpxj0f.cloudfront.net/310419663032080159/2quXz2C2n5hMfqc8hNVW3h/resurrectionist_jump-5AZnG4Tc9Mu3BcpAViHLb8.png	legacy-cloudfront
403	https://d2xsxph8kpxj0f.cloudfront.net/310419663032080159/2quXz2C2n5hMfqc8hNVW3h/oracle_crouch_kick-c5aN5f2Wm4EXeYgGYjmHtU.png	legacy-cloudfront
403	https://d2xsxph8kpxj0f.cloudfront.net/310419663032080159/2quXz2C2n5hMfqc8hNVW3h/resurrectionist_crouch-ATAHT2L63wKghrKdg4Zi9Y.png	legacy-cloudfront
403	https://d2xsxph8kpxj0f.cloudfront.net/310419663032080159/2quXz2C2n5hMfqc8hNVW3h/oracle_crouch_punch-bSLktjb3aGgycD3rAu964g.png	legacy-cloudfront
403	https://d2xsxph8kpxj0f.cloudfront.net/310419663032080159/2quXz2C2n5hMfqc8hNVW3h/panopticon_bg-gApTAVKfeK2mH2t2EjSnXa.webp	legacy-cloudfront
403	https://d2xsxph8kpxj0f.cloudfront.net/310419663032080159/2quXz2C2n5hMfqc8hNVW3h/resurrectionist_grab-BKJK9QUiQmcB65rMe7SxY8.png	legacy-cloudfront
403	https://d2xsxph8kpxj0f.cloudfront.net/310419663032080159/2quXz2C2n5hMfqc8hNVW3h/oracle_medium_kick-L2Hm6tb3BxGfo7hPJPPQJT.png	legacy-cloudfront
403	https://d2xsxph8kpxj0f.cloudfront.net/310419663032080159/2quXz2C2n5hMfqc8hNVW3h/oracle_heavy_kick-WNdsfcrYuQs33CMSSbVR3L.png	legacy-cloudfront
403	https://d2xsxph8kpxj0f.cloudfront.net/310419663032080159/2quXz2C2n5hMfqc8hNVW3h/resurrectionist_crouch_punch-Q5nn2RuVQAPvKSC2ushhHa.png	legacy-cloudfront
403	https://d2xsxph8kpxj0f.cloudfront.net/310419663032080159/2quXz2C2n5hMfqc8hNVW3h/oracle_dash-bCbG9D2DFcVEo7UDC2TPEb.png	legacy-cloudfront
403	https://d2xsxph8kpxj0f.cloudfront.net/310419663032080159/2quXz2C2n5hMfqc8hNVW3h/quantum-lab_b49caa5a.png	legacy-cloudfront
403	https://d2xsxph8kpxj0f.cloudfront.net/310419663032080159/2quXz2C2n5hMfqc8hNVW3h/resurrectionist_heavy_punch-XPFDb96qi4wwTUbP9knebA.png	legacy-cloudfront
403	https://d2xsxph8kpxj0f.cloudfront.net/310419663032080159/2quXz2C2n5hMfqc8hNVW3h/resurrectionist_jump_attack-MfkJ8dSiABe77MwyxBWD9F.png	legacy-cloudfront
403	https://d2xsxph8kpxj0f.cloudfront.net/310419663032080159/2quXz2C2n5hMfqc8hNVW3h/resurrectionist_knockdown-kduHeAYXdkRVgtCpNTB3B2.png	legacy-cloudfront
403	https://d2xsxph8kpxj0f.cloudfront.net/310419663032080159/2quXz2C2n5hMfqc8hNVW3h/resurrectionist_light_kick-kU8fFgkJzE54WmhE78RLgk.png	legacy-cloudfront
403	https://d2xsxph8kpxj0f.cloudfront.net/310419663032080159/2quXz2C2n5hMfqc8hNVW3h/oracle_jump_attack-Q7vPCtgJ433K7SagCC526r.png	legacy-cloudfront
403	https://d2xsxph8kpxj0f.cloudfront.net/310419663032080159/2quXz2C2n5hMfqc8hNVW3h/order-tribunal_5fd0ff76.png	legacy-cloudfront
403	https://d2xsxph8kpxj0f.cloudfront.net/310419663032080159/2quXz2C2n5hMfqc8hNVW3h/oracle_walk_fwd-cpAFYa9ePHAUqCQkGYcGsW.png	legacy-cloudfront
403	https://d2xsxph8kpxj0f.cloudfront.net/310419663032080159/2quXz2C2n5hMfqc8hNVW3h/resurrectionist_dash-RVZiPDL99AXSFJrFctC3tA.png	legacy-cloudfront
403	https://d2xsxph8kpxj0f.cloudfront.net/310419663032080159/2quXz2C2n5hMfqc8hNVW3h/resurrectionist_special-FbjX8vzzmnuVHpYqZYS8kF.png	legacy-cloudfront
403	https://d2xsxph8kpxj0f.cloudfront.net/310419663032080159/2quXz2C2n5hMfqc8hNVW3h/resurrectionist_medium_punch-KLvuMvJxsjeCN7Fc9xCkHX.png	legacy-cloudfront
403	https://d2xsxph8kpxj0f.cloudfront.net/310419663032080159/2quXz2C2n5hMfqc8hNVW3h/resistance-base_bg-FfKoe3Z7EovPpm24P7DcoX.webp	legacy-cloudfront
403	https://d2xsxph8kpxj0f.cloudfront.net/310419663032080159/2quXz2C2n5hMfqc8hNVW3h/oracle_light_punch-TUFmGyZHoEazSieXCnSLfW.png	legacy-cloudfront
403	https://d2xsxph8kpxj0f.cloudfront.net/310419663032080159/2quXz2C2n5hMfqc8hNVW3h/oracle_spritesheet-oTeoDSPhLMRVy4a2XrUX94.webp	legacy-cloudfront
403	https://d2xsxph8kpxj0f.cloudfront.net/310419663032080159/2quXz2C2n5hMfqc8hNVW3h/oracle_walk_back-RyVr5fJcPaoHnxmZ2MECHZ.png	legacy-cloudfront
403	https://d2xsxph8kpxj0f.cloudfront.net/310419663032080159/2quXz2C2n5hMfqc8hNVW3h/resurrectionist_medium_kick-7mYFWMigYSNKzdPRcZZYaL.png	legacy-cloudfront
403	https://d2xsxph8kpxj0f.cloudfront.net/310419663032080159/2quXz2C2n5hMfqc8hNVW3h/room_archives-ZHkbF8dmAL5SyqykdLgy3n.webp	legacy-cloudfront
403	https://d2xsxph8kpxj0f.cloudfront.net/310419663032080159/2quXz2C2n5hMfqc8hNVW3h/resurrectionist_light_punch-2p8EqKSQQ5qBfGgMRM75nF.png	legacy-cloudfront
403	https://d2xsxph8kpxj0f.cloudfront.net/310419663032080159/2quXz2C2n5hMfqc8hNVW3h/resurrectionist_sweep-3hrh26j7BaqphxwGsHeL8a.png	legacy-cloudfront
403	https://d2xsxph8kpxj0f.cloudfront.net/310419663032080159/2quXz2C2n5hMfqc8hNVW3h/room_armory-cVMQ78mPE6bJeREyXAxC6a.webp	legacy-cloudfront
403	https://d2xsxph8kpxj0f.cloudfront.net/310419663032080159/2quXz2C2n5hMfqc8hNVW3h/resurrectionist_walk_back-EwGb3wuJgCNwyrZRmxEL9H.png	legacy-cloudfront
403	https://d2xsxph8kpxj0f.cloudfront.net/310419663032080159/2quXz2C2n5hMfqc8hNVW3h/resurrectionist_crouch_kick-GUX9ogwNLyLJRkRjF3T4Ti.png	legacy-cloudfront
403	https://d2xsxph8kpxj0f.cloudfront.net/310419663032080159/2quXz2C2n5hMfqc8hNVW3h/resurrectionist_walk_fwd-ct2oxyDRuUyb9vEuaiMaDt.png	legacy-cloudfront
403	https://d2xsxph8kpxj0f.cloudfront.net/310419663032080159/2quXz2C2n5hMfqc8hNVW3h/rise_of_the_neyons_25b56086.avif	legacy-cloudfront
403	https://d2xsxph8kpxj0f.cloudfront.net/310419663032080159/2quXz2C2n5hMfqc8hNVW3h/room_chaos_forge-5uQMaTYd4Rtcetyoek2XbL.webp	legacy-cloudfront
403	https://d2xsxph8kpxj0f.cloudfront.net/310419663032080159/2quXz2C2n5hMfqc8hNVW3h/room_elemental_nexus-F3mMM6TSEQBTs2f5YFdyTT.webp	legacy-cloudfront
403	https://d2xsxph8kpxj0f.cloudfront.net/310419663032080159/2quXz2C2n5hMfqc8hNVW3h/room_captains_quarters-BWMWKmvU7KomMEe2RxdxTV.webp	legacy-cloudfront
403	https://d2xsxph8kpxj0f.cloudfront.net/310419663032080159/2quXz2C2n5hMfqc8hNVW3h/room_cargo_hold-U6wJuiqP3pgzQHUKscNpi6.webp	legacy-cloudfront
403	https://d2xsxph8kpxj0f.cloudfront.net/310419663032080159/2quXz2C2n5hMfqc8hNVW3h/room_cipher_den-mzberz7WkZDa6V6GJ2kxVJ.webp	legacy-cloudfront
403	https://d2xsxph8kpxj0f.cloudfront.net/310419663032080159/2quXz2C2n5hMfqc8hNVW3h/resurrectionist_taunt-D7UZTu9PuojcmLwEV4vVRG.png	legacy-cloudfront
403	https://d2xsxph8kpxj0f.cloudfront.net/310419663032080159/2quXz2C2n5hMfqc8hNVW3h/room_observation_deck-DbxXnUWAHiiLro4YP8rDUg.webp	legacy-cloudfront
403	https://d2xsxph8kpxj0f.cloudfront.net/310419663032080159/2quXz2C2n5hMfqc8hNVW3h/room_shadow_vault-R233qZpEJpNTuvvZvuBBdX.webp	legacy-cloudfront
403	https://d2xsxph8kpxj0f.cloudfront.net/310419663032080159/2quXz2C2n5hMfqc8hNVW3h/room_forge_workshop-o2LLK65f5Nacwc8TcpkNXe.webp	legacy-cloudfront
403	https://d2xsxph8kpxj0f.cloudfront.net/310419663032080159/2quXz2C2n5hMfqc8hNVW3h/room_quantum_lab-nT8cuJNsKdxSfvayApcLnw.webp	legacy-cloudfront
403	https://d2xsxph8kpxj0f.cloudfront.net/310419663032080159/2quXz2C2n5hMfqc8hNVW3h/room_bridge-g5ANMfUqgxd8ZnPgh9h6nd.webp	legacy-cloudfront
403	https://d2xsxph8kpxj0f.cloudfront.net/310419663032080159/2quXz2C2n5hMfqc8hNVW3h/room_synthesis_chamber-KdnWBveFnD2UUxKRTB5XMN.webp	legacy-cloudfront
403	https://d2xsxph8kpxj0f.cloudfront.net/310419663032080159/2quXz2C2n5hMfqc8hNVW3h/seer_taunt-iwiTVjrKCBkxAAoHPq3Tyc.png	legacy-cloudfront
403	https://d2xsxph8kpxj0f.cloudfront.net/310419663032080159/2quXz2C2n5hMfqc8hNVW3h/room_medical_bay-gLunh6wxp8sNASjZDo5FpV.webp	legacy-cloudfront
403	https://d2xsxph8kpxj0f.cloudfront.net/310419663032080159/2quXz2C2n5hMfqc8hNVW3h/seer_crouch_kick-ecGtkhz7ZqjVRyUHWKHdKF.png	legacy-cloudfront
403	https://d2xsxph8kpxj0f.cloudfront.net/310419663032080159/2quXz2C2n5hMfqc8hNVW3h/room_war_room-gixwPLTMpEq74w496jQaZ7.webp	legacy-cloudfront
403	https://d2xsxph8kpxj0f.cloudfront.net/310419663032080159/2quXz2C2n5hMfqc8hNVW3h/room_engineering-7B58pQup6v64GgmmT7stby.webp	legacy-cloudfront
403	https://d2xsxph8kpxj0f.cloudfront.net/310419663032080159/2quXz2C2n5hMfqc8hNVW3h/seer_light_punch-ZecZizY5CLypiSB7tnYpzP.png	legacy-cloudfront
403	https://d2xsxph8kpxj0f.cloudfront.net/310419663032080159/2quXz2C2n5hMfqc8hNVW3h/sih_001_two_witnesses-T8rSqyZ5THhDHczVHSsChr.webp	legacy-cloudfront
403	https://d2xsxph8kpxj0f.cloudfront.net/310419663032080159/2quXz2C2n5hMfqc8hNVW3h/room_comms_array-MeKGcBZGammMEjbx8aN8fb.webp	legacy-cloudfront
403	https://d2xsxph8kpxj0f.cloudfront.net/310419663032080159/2quXz2C2n5hMfqc8hNVW3h/room_cryo_bay-SdeEqURrDvgrrbJq4WK3N5.webp	legacy-cloudfront
403	https://d2xsxph8kpxj0f.cloudfront.net/310419663032080159/2quXz2C2n5hMfqc8hNVW3h/seer_grab-Bckx5pXPqA2XturqjTRQc8.png	legacy-cloudfront
403	https://d2xsxph8kpxj0f.cloudfront.net/310419663032080159/2quXz2C2n5hMfqc8hNVW3h/shadow-vault_a4d80d00.png	legacy-cloudfront
403	https://d2xsxph8kpxj0f.cloudfront.net/310419663032080159/2quXz2C2n5hMfqc8hNVW3h/seer_knockdown-iGJjph2UbNfM67U8eBabMc.png	legacy-cloudfront
403	https://d2xsxph8kpxj0f.cloudfront.net/310419663032080159/2quXz2C2n5hMfqc8hNVW3h/seer_medium_punch-N6f8GUoRFfEWJDGDigmW9R.png	legacy-cloudfront
403	https://d2xsxph8kpxj0f.cloudfront.net/310419663032080159/2quXz2C2n5hMfqc8hNVW3h/seer_dizzy-eNqMKqYhFASLFYzXrN95bU.png	legacy-cloudfront
403	https://d2xsxph8kpxj0f.cloudfront.net/310419663032080159/2quXz2C2n5hMfqc8hNVW3h/seer_heavy_kick-2pSiVmjqMfYjKi8nBxZv4R.png	legacy-cloudfront
403	https://d2xsxph8kpxj0f.cloudfront.net/310419663032080159/2quXz2C2n5hMfqc8hNVW3h/seer_jump_attack-HJzGdBTcpb3QutRos2MtoE.png	legacy-cloudfront
403	https://d2xsxph8kpxj0f.cloudfront.net/310419663032080159/2quXz2C2n5hMfqc8hNVW3h/room_oracle_sanctum-4sJSFqYmnfbfKr8kkCsDSg.webp	legacy-cloudfront
403	https://d2xsxph8kpxj0f.cloudfront.net/310419663032080159/2quXz2C2n5hMfqc8hNVW3h/room_engineering_core-27z7uAMQdGFBL53VYBxXuq.webp	legacy-cloudfront
403	https://d2xsxph8kpxj0f.cloudfront.net/310419663032080159/2quXz2C2n5hMfqc8hNVW3h/sih_004_new_babylon-7iX55GYnBU9AFn2SfkFhQm.webp	legacy-cloudfront
403	https://d2xsxph8kpxj0f.cloudfront.net/310419663032080159/2quXz2C2n5hMfqc8hNVW3h/sih_006_ninth_summoning-eptZAQJBj7Xa5bZ5Ms2eRr.webp	legacy-cloudfront
403	https://d2xsxph8kpxj0f.cloudfront.net/310419663032080159/2quXz2C2n5hMfqc8hNVW3h/seer_jump-YJk8o4PZSBHhgnhVwLm7L7.png	legacy-cloudfront
403	https://d2xsxph8kpxj0f.cloudfront.net/310419663032080159/2quXz2C2n5hMfqc8hNVW3h/saga-theme-3_59eac805.mp3	legacy-cloudfront
403	https://d2xsxph8kpxj0f.cloudfront.net/310419663032080159/2quXz2C2n5hMfqc8hNVW3h/seer_heavy_punch-65iHgut2Hu3F7BJ6kQYjhD.png	legacy-cloudfront
403	https://d2xsxph8kpxj0f.cloudfront.net/310419663032080159/2quXz2C2n5hMfqc8hNVW3h/room_order_tribunal-GitXDFoXDcJoh4akc8NJUC.webp	legacy-cloudfront
403	https://d2xsxph8kpxj0f.cloudfront.net/310419663032080159/2quXz2C2n5hMfqc8hNVW3h/seer_walk_fwd-ntQ6s4SniecfQ9ev78HXgU.png	legacy-cloudfront
403	https://d2xsxph8kpxj0f.cloudfront.net/310419663032080159/2quXz2C2n5hMfqc8hNVW3h/saga-theme-2_f7163eec.mp3	legacy-cloudfront
403	https://d2xsxph8kpxj0f.cloudfront.net/310419663032080159/2quXz2C2n5hMfqc8hNVW3h/seer_crouch-5bAmjYiKVx5XPdDQrdJPyM.png	legacy-cloudfront
403	https://d2xsxph8kpxj0f.cloudfront.net/310419663032080159/2quXz2C2n5hMfqc8hNVW3h/seer_crouch_punch-RmpnnBLy3sQzKmbtoywFcb.png	legacy-cloudfront
403	https://d2xsxph8kpxj0f.cloudfront.net/310419663032080159/2quXz2C2n5hMfqc8hNVW3h/seer_sweep-SptDEZZLTZ6wWqbRuXw7tL.png	legacy-cloudfront
403	https://d2xsxph8kpxj0f.cloudfront.net/310419663032080159/2quXz2C2n5hMfqc8hNVW3h/saga-theme-1_26dd4ba7.mp3	legacy-cloudfront
403	https://d2xsxph8kpxj0f.cloudfront.net/310419663032080159/2quXz2C2n5hMfqc8hNVW3h/seer_medium_kick-KJGMBT3Rv6SW6MdPBW7nCm.png	legacy-cloudfront
403	https://d2xsxph8kpxj0f.cloudfront.net/310419663032080159/2quXz2C2n5hMfqc8hNVW3h/seer_walk_back-aG7WaH4n9s2wZXQwvXFvMz.png	legacy-cloudfront
403	https://d2xsxph8kpxj0f.cloudfront.net/310419663032080159/2quXz2C2n5hMfqc8hNVW3h/seer_special-fimF86KzQARmGuiRS5jREG.png	legacy-cloudfront
403	https://d2xsxph8kpxj0f.cloudfront.net/310419663032080159/2quXz2C2n5hMfqc8hNVW3h/shadow_d4104345.png	legacy-cloudfront
403	https://d2xsxph8kpxj0f.cloudfront.net/310419663032080159/2quXz2C2n5hMfqc8hNVW3h/seer_dash-Tmakj6YHpEBoKZUMnJFRBK.png	legacy-cloudfront
403	https://d2xsxph8kpxj0f.cloudfront.net/310419663032080159/2quXz2C2n5hMfqc8hNVW3h/silence_heavy_kick-R3dq86w6RtSXaw5Z7wEqEn.png	legacy-cloudfront
403	https://d2xsxph8kpxj0f.cloudfront.net/310419663032080159/2quXz2C2n5hMfqc8hNVW3h/sih_013_no_savior-c7QngmuxU9kbNFH76NoDrC.webp	legacy-cloudfront
403	https://d2xsxph8kpxj0f.cloudfront.net/310419663032080159/2quXz2C2n5hMfqc8hNVW3h/seer_light_kick-NPY7PKgRQE4FUyrcgyfosE.png	legacy-cloudfront
403	https://d2xsxph8kpxj0f.cloudfront.net/310419663032080159/2quXz2C2n5hMfqc8hNVW3h/sih_007_final_verdict-HE4r8zVHA5P4GCjeE3kEJy.webp	legacy-cloudfront
403	https://d2xsxph8kpxj0f.cloudfront.net/310419663032080159/2quXz2C2n5hMfqc8hNVW3h/shadow-tongue-cutscene_05e906fb.mp4	legacy-cloudfront
403	https://d2xsxph8kpxj0f.cloudfront.net/310419663032080159/2quXz2C2n5hMfqc8hNVW3h/sih_005_degens_escape-fKFwboJQfBNUaiMXNGduAb.webp	legacy-cloudfront
403	https://d2xsxph8kpxj0f.cloudfront.net/310419663032080159/2quXz2C2n5hMfqc8hNVW3h/silence_dizzy-VCdnRkiziVZ3873h5bpqQq.png	legacy-cloudfront
403	https://d2xsxph8kpxj0f.cloudfront.net/310419663032080159/2quXz2C2n5hMfqc8hNVW3h/silence_light_punch-4hrKNqXweKc4HtxCzYwhkv.png	legacy-cloudfront
403	https://d2xsxph8kpxj0f.cloudfront.net/310419663032080159/2quXz2C2n5hMfqc8hNVW3h/sih_010_civil_war-2bvWV2D75QLRMP59VBqLk4.webp	legacy-cloudfront
403	https://d2xsxph8kpxj0f.cloudfront.net/310419663032080159/2quXz2C2n5hMfqc8hNVW3h/sih_002_sixth_sense-2qxeACWH5U39Kq4cZ5Kgp7.webp	legacy-cloudfront
403	https://d2xsxph8kpxj0f.cloudfront.net/310419663032080159/2quXz2C2n5hMfqc8hNVW3h/sih_008_walk_in_power-hG7axhSUTYfs5ESQpSmrcJ.webp	legacy-cloudfront
403	https://d2xsxph8kpxj0f.cloudfront.net/310419663032080159/2quXz2C2n5hMfqc8hNVW3h/sih_012_ocularum-khTwEmBCJZKouNXeeem7Jn.webp	legacy-cloudfront
403	https://d2xsxph8kpxj0f.cloudfront.net/310419663032080159/2quXz2C2n5hMfqc8hNVW3h/sih_003_elegy_changed-VA8ZqAM7dsfhxpxDBJ2Vpm.webp	legacy-cloudfront
403	https://d2xsxph8kpxj0f.cloudfront.net/310419663032080159/2quXz2C2n5hMfqc8hNVW3h/song_119-S2gTPgiiAoNNJGwzCkaqpj.webp	legacy-cloudfront
403	https://d2xsxph8kpxj0f.cloudfront.net/310419663032080159/2quXz2C2n5hMfqc8hNVW3h/song_121-kdUjzXS5Xk9FXTJMZe5jYz.webp	legacy-cloudfront
403	https://d2xsxph8kpxj0f.cloudfront.net/310419663032080159/2quXz2C2n5hMfqc8hNVW3h/sih_014_antiquarians_grief-Vo98vh2UrdWj4swVpmgwqt.webp	legacy-cloudfront
403	https://d2xsxph8kpxj0f.cloudfront.net/310419663032080159/2quXz2C2n5hMfqc8hNVW3h/sih_009_queen_of_truth-74yamdyqZC66Zri9tTjAwh.webp	legacy-cloudfront
403	https://d2xsxph8kpxj0f.cloudfront.net/310419663032080159/2quXz2C2n5hMfqc8hNVW3h/sih_011_samsara_engine-dkemZphtAFj3UUed4c5scg.webp	legacy-cloudfront
403	https://d2xsxph8kpxj0f.cloudfront.net/310419663032080159/2quXz2C2n5hMfqc8hNVW3h/sih_018_realitys_end-jMxvs9GQdmb65op8gS2C5Y.webp	legacy-cloudfront
403	https://d2xsxph8kpxj0f.cloudfront.net/310419663032080159/2quXz2C2n5hMfqc8hNVW3h/silence_grab-a8ZJwJwTZViyqW3Ekaowxp.png	legacy-cloudfront
403	https://d2xsxph8kpxj0f.cloudfront.net/310419663032080159/2quXz2C2n5hMfqc8hNVW3h/silence_crouch-eLFvC8zQsrjnok5swTvSp7.png	legacy-cloudfront
403	https://d2xsxph8kpxj0f.cloudfront.net/310419663032080159/2quXz2C2n5hMfqc8hNVW3h/sih_017_great_silence-czUXt5tcpTg5knyAo6Fa4R.webp	legacy-cloudfront
403	https://d2xsxph8kpxj0f.cloudfront.net/310419663032080159/2quXz2C2n5hMfqc8hNVW3h/silence_in_heaven_cover-RFoJdrXVgyCJhZfboHtVfM.webp	legacy-cloudfront
403	https://d2xsxph8kpxj0f.cloudfront.net/310419663032080159/2quXz2C2n5hMfqc8hNVW3h/silence_light_kick-XLxmYBD6kyuBF5dBnpD3CE.png	legacy-cloudfront
403	https://d2xsxph8kpxj0f.cloudfront.net/310419663032080159/2quXz2C2n5hMfqc8hNVW3h/silence_crouch_kick-4WhWefyPv5gLuhVg8KPiuY.png	legacy-cloudfront
403	https://d2xsxph8kpxj0f.cloudfront.net/310419663032080159/2quXz2C2n5hMfqc8hNVW3h/silence_medium_punch-ZTp7BGJqsVjM7iu9bZzrcL.png	legacy-cloudfront
403	https://d2xsxph8kpxj0f.cloudfront.net/310419663032080159/2quXz2C2n5hMfqc8hNVW3h/silence_medium_kick-nQZcGbBrHPUwKFt7fJBjkM.png	legacy-cloudfront
403	https://d2xsxph8kpxj0f.cloudfront.net/310419663032080159/2quXz2C2n5hMfqc8hNVW3h/silence_walk_back-KzveFjtmbPwQqM9LTc86R3.png	legacy-cloudfront
403	https://d2xsxph8kpxj0f.cloudfront.net/310419663032080159/2quXz2C2n5hMfqc8hNVW3h/sih_015_awakened_clones-Y2DzDZD4KA2hFfU5zRFoAX.webp	legacy-cloudfront
403	https://d2xsxph8kpxj0f.cloudfront.net/310419663032080159/2quXz2C2n5hMfqc8hNVW3h/silence_jump-RAueCMzAvAtUEFYQCuY9sX.png	legacy-cloudfront
403	https://d2xsxph8kpxj0f.cloudfront.net/310419663032080159/2quXz2C2n5hMfqc8hNVW3h/silence_heavy_punch-T7vANBH4Fz6aeDj3JB5CVb.png	legacy-cloudfront
403	https://d2xsxph8kpxj0f.cloudfront.net/310419663032080159/2quXz2C2n5hMfqc8hNVW3h/silence_taunt-HemyvnXVHt9345dHAefkJM.png	legacy-cloudfront
403	https://d2xsxph8kpxj0f.cloudfront.net/310419663032080159/2quXz2C2n5hMfqc8hNVW3h/silence_sweep-Y24E3Ds96SiqMiRNhxobDb.png	legacy-cloudfront
403	https://d2xsxph8kpxj0f.cloudfront.net/310419663032080159/2quXz2C2n5hMfqc8hNVW3h/song_125-YwzqhgDJ6xRvdMVdCRJkAT.webp	legacy-cloudfront
403	https://d2xsxph8kpxj0f.cloudfront.net/310419663032080159/2quXz2C2n5hMfqc8hNVW3h/silence_knockdown-3WRhzYzbsvT6uq7yNtiH5E.png	legacy-cloudfront
403	https://d2xsxph8kpxj0f.cloudfront.net/310419663032080159/2quXz2C2n5hMfqc8hNVW3h/song_118-Z9djZKjrfHfDShhqoJrD2q.webp	legacy-cloudfront
403	https://d2xsxph8kpxj0f.cloudfront.net/310419663032080159/2quXz2C2n5hMfqc8hNVW3h/song_117-59zwi3qVgBh3nGKuGSnWog.webp	legacy-cloudfront
403	https://d2xsxph8kpxj0f.cloudfront.net/310419663032080159/2quXz2C2n5hMfqc8hNVW3h/song_123-LvPva2CQHrGWBjA8jLszav.webp	legacy-cloudfront
403	https://d2xsxph8kpxj0f.cloudfront.net/310419663032080159/2quXz2C2n5hMfqc8hNVW3h/sih_016_source_reborn-JMRWNUQXboe9Nv524AbfRg.webp	legacy-cloudfront
403	https://d2xsxph8kpxj0f.cloudfront.net/310419663032080159/2quXz2C2n5hMfqc8hNVW3h/song_130-dRxYGmx8SsVc3wVemXvsBR.webp	legacy-cloudfront
403	https://d2xsxph8kpxj0f.cloudfront.net/310419663032080159/2quXz2C2n5hMfqc8hNVW3h/song_127-6p6gQei3vPZiWrYT3LvLwj.webp	legacy-cloudfront
403	https://d2xsxph8kpxj0f.cloudfront.net/310419663032080159/2quXz2C2n5hMfqc8hNVW3h/silence_jump_attack-G4ZKDiTCkZpbSBckWmJn9Q.png	legacy-cloudfront
403	https://d2xsxph8kpxj0f.cloudfront.net/310419663032080159/2quXz2C2n5hMfqc8hNVW3h/song_129-dLgqdiNPGfkxbnLrpX4z9X.webp	legacy-cloudfront
403	https://d2xsxph8kpxj0f.cloudfront.net/310419663032080159/2quXz2C2n5hMfqc8hNVW3h/song_128-fiVnLYHcMv7J9BG8o74DBA.webp	legacy-cloudfront
403	https://d2xsxph8kpxj0f.cloudfront.net/310419663032080159/2quXz2C2n5hMfqc8hNVW3h/silence_crouch_punch-RmH2rWTEgDU3c5yoT5NE63.png	legacy-cloudfront
403	https://d2xsxph8kpxj0f.cloudfront.net/310419663032080159/2quXz2C2n5hMfqc8hNVW3h/silence_walk_fwd-mqPsbsVpczKNpFUCtW5DPe.png	legacy-cloudfront
403	https://d2xsxph8kpxj0f.cloudfront.net/310419663032080159/2quXz2C2n5hMfqc8hNVW3h/song_116-DP8edhxUmFzU7JXMfziQDQ.webp	legacy-cloudfront
403	https://d2xsxph8kpxj0f.cloudfront.net/310419663032080159/2quXz2C2n5hMfqc8hNVW3h/silence_dash-5hiFZgyrcXAddDdF2jU4Y6.png	legacy-cloudfront
403	https://d2xsxph8kpxj0f.cloudfront.net/310419663032080159/2quXz2C2n5hMfqc8hNVW3h/song_133-jNnJfFY2MqHZtJSgFoF5cE.webp	legacy-cloudfront
403	https://d2xsxph8kpxj0f.cloudfront.net/310419663032080159/2quXz2C2n5hMfqc8hNVW3h/social-hub_e9a01fa2.png	legacy-cloudfront
403	https://d2xsxph8kpxj0f.cloudfront.net/310419663032080159/2quXz2C2n5hMfqc8hNVW3h/song_126-UpPBPEzHHCRicL6MnLcNWo.webp	legacy-cloudfront
403	https://d2xsxph8kpxj0f.cloudfront.net/310419663032080159/2quXz2C2n5hMfqc8hNVW3h/song_124-eArMETEidrEkSVqybMt65M.webp	legacy-cloudfront
403	https://d2xsxph8kpxj0f.cloudfront.net/310419663032080159/2quXz2C2n5hMfqc8hNVW3h/silence_special-fHZST7rbkU8Uh5LapP9WnG.png	legacy-cloudfront
403	https://d2xsxph8kpxj0f.cloudfront.net/310419663032080159/2quXz2C2n5hMfqc8hNVW3h/song_sih_10-jkGgpTRZikDeRb6ZuSNmn8.webp	legacy-cloudfront
403	https://d2xsxph8kpxj0f.cloudfront.net/310419663032080159/2quXz2C2n5hMfqc8hNVW3h/song_120-SUXLUkebaymMv6MjZj5DrF.webp	legacy-cloudfront
403	https://d2xsxph8kpxj0f.cloudfront.net/310419663032080159/2quXz2C2n5hMfqc8hNVW3h/song_sih_12-hkoV6AkwNPxQv2f2rqZMeD.webp	legacy-cloudfront
403	https://d2xsxph8kpxj0f.cloudfront.net/310419663032080159/2quXz2C2n5hMfqc8hNVW3h/song_122-n4NvRgXxPhoC2jdep79cEF.webp	legacy-cloudfront
403	https://d2xsxph8kpxj0f.cloudfront.net/310419663032080159/2quXz2C2n5hMfqc8hNVW3h/song_sih_1-CkSmtyc8FJkrYgcevVpX5Y.webp	legacy-cloudfront
403	https://d2xsxph8kpxj0f.cloudfront.net/310419663032080159/2quXz2C2n5hMfqc8hNVW3h/song_sih_13-5hwAxggJxknngDsaZq7uKN.webp	legacy-cloudfront
403	https://d2xsxph8kpxj0f.cloudfront.net/310419663032080159/2quXz2C2n5hMfqc8hNVW3h/song_134-fiV4bi4G7f7banRxT5ZgVK.webp	legacy-cloudfront
403	https://d2xsxph8kpxj0f.cloudfront.net/310419663032080159/2quXz2C2n5hMfqc8hNVW3h/song_sih_11-N2EqsFt3gUnVVmdJygbykT.webp	legacy-cloudfront
403	https://d2xsxph8kpxj0f.cloudfront.net/310419663032080159/2quXz2C2n5hMfqc8hNVW3h/song_sih_15-35foW6rCbjXKybfiagjVYQ.webp	legacy-cloudfront
403	https://d2xsxph8kpxj0f.cloudfront.net/310419663032080159/2quXz2C2n5hMfqc8hNVW3h/song_sih_17-97ic6Ea5V29HhURbjVc5VB.webp	legacy-cloudfront
403	https://d2xsxph8kpxj0f.cloudfront.net/310419663032080159/2quXz2C2n5hMfqc8hNVW3h/song_sih_14-DHomGUB8vHVhj8sF8MR3Zf.webp	legacy-cloudfront
403	https://d2xsxph8kpxj0f.cloudfront.net/310419663032080159/2quXz2C2n5hMfqc8hNVW3h/song_sih_5-X6yWsPGguiwiJdhhjm8cz7.webp	legacy-cloudfront
403	https://d2xsxph8kpxj0f.cloudfront.net/310419663032080159/2quXz2C2n5hMfqc8hNVW3h/song_131-SRDXCyJvYrk9qt3Yanq8wA.webp	legacy-cloudfront
403	https://d2xsxph8kpxj0f.cloudfront.net/310419663032080159/2quXz2C2n5hMfqc8hNVW3h/song_sih_3-enrY8AK9UGKhdi9q6Rj7tA.webp	legacy-cloudfront
403	https://d2xsxph8kpxj0f.cloudfront.net/310419663032080159/2quXz2C2n5hMfqc8hNVW3h/song_song_135-4NbgXgicgPJ5fniCmq3to7.webp	legacy-cloudfront
403	https://d2xsxph8kpxj0f.cloudfront.net/310419663032080159/2quXz2C2n5hMfqc8hNVW3h/song_sih_7-5n4rqFRc2sXSTKQFxC7Z5q.webp	legacy-cloudfront
403	https://d2xsxph8kpxj0f.cloudfront.net/310419663032080159/2quXz2C2n5hMfqc8hNVW3h/song_song_136-Afnciwz8ZHQg6D4z6iPGc9.webp	legacy-cloudfront
403	https://d2xsxph8kpxj0f.cloudfront.net/310419663032080159/2quXz2C2n5hMfqc8hNVW3h/song_132-nBAYSUZdmxiZBXJ9sHCFvW.webp	legacy-cloudfront
403	https://d2xsxph8kpxj0f.cloudfront.net/310419663032080159/2quXz2C2n5hMfqc8hNVW3h/song_song_139-gkXqaAUSk2TDqr6SiJWFTd.webp	legacy-cloudfront
403	https://d2xsxph8kpxj0f.cloudfront.net/310419663032080159/2quXz2C2n5hMfqc8hNVW3h/song_song_140-KUrwrk2DMZqF6PCQ6euLPS.webp	legacy-cloudfront
403	https://d2xsxph8kpxj0f.cloudfront.net/310419663032080159/2quXz2C2n5hMfqc8hNVW3h/song_sih_16-BUBb67vKCR8uNmM5Nf94on.webp	legacy-cloudfront
403	https://d2xsxph8kpxj0f.cloudfront.net/310419663032080159/2quXz2C2n5hMfqc8hNVW3h/song_song_141-ndCdXs5yXzRHXrDcKzeHPm.webp	legacy-cloudfront
403	https://d2xsxph8kpxj0f.cloudfront.net/310419663032080159/2quXz2C2n5hMfqc8hNVW3h/song_sih_2-45JB9fGLEo5AU3c6dacJZV.webp	legacy-cloudfront
403	https://d2xsxph8kpxj0f.cloudfront.net/310419663032080159/2quXz2C2n5hMfqc8hNVW3h/song_sih_4-DKpzbu7SDwSPwJ2eiguku3.webp	legacy-cloudfront
403	https://d2xsxph8kpxj0f.cloudfront.net/310419663032080159/2quXz2C2n5hMfqc8hNVW3h/song_sih_9-3dVHfB6hTArq8dhCENFjYT.webp	legacy-cloudfront
403	https://d2xsxph8kpxj0f.cloudfront.net/310419663032080159/2quXz2C2n5hMfqc8hNVW3h/song_song_153-myFaMXRmr4ia4jxSChcZhy.webp	legacy-cloudfront
403	https://d2xsxph8kpxj0f.cloudfront.net/310419663032080159/2quXz2C2n5hMfqc8hNVW3h/song_song_138-maUjTqvykvhW5KbBx42vLA.webp	legacy-cloudfront
403	https://d2xsxph8kpxj0f.cloudfront.net/310419663032080159/2quXz2C2n5hMfqc8hNVW3h/song_sih_8-MUsqKgVcScYCe98KDJihcT.webp	legacy-cloudfront
403	https://d2xsxph8kpxj0f.cloudfront.net/310419663032080159/2quXz2C2n5hMfqc8hNVW3h/song_sih_18-VuRsAfwvPxwCTCpStRHSud.webp	legacy-cloudfront
403	https://d2xsxph8kpxj0f.cloudfront.net/310419663032080159/2quXz2C2n5hMfqc8hNVW3h/song_sih_6-N6pHAe7dExb9UiZ4zcNEtL.webp	legacy-cloudfront
403	https://d2xsxph8kpxj0f.cloudfront.net/310419663032080159/2quXz2C2n5hMfqc8hNVW3h/song_song_145-ZSG6QSBpaSER9ybmw3L8hg.webp	legacy-cloudfront
403	https://d2xsxph8kpxj0f.cloudfront.net/310419663032080159/2quXz2C2n5hMfqc8hNVW3h/song_song_144-NNBafBNsKPbikzzdYmk63w.webp	legacy-cloudfront
403	https://d2xsxph8kpxj0f.cloudfront.net/310419663032080159/2quXz2C2n5hMfqc8hNVW3h/song_song_143-YfEVP3euR8H4w2b3ixNc2C.webp	legacy-cloudfront
403	https://d2xsxph8kpxj0f.cloudfront.net/310419663032080159/2quXz2C2n5hMfqc8hNVW3h/song_song_137-VhxzHNHjmV29PXa4amfYKE.webp	legacy-cloudfront
403	https://d2xsxph8kpxj0f.cloudfront.net/310419663032080159/2quXz2C2n5hMfqc8hNVW3h/song_song_148-DUZXxgnLUTwFnNkLRTWcLT.webp	legacy-cloudfront
403	https://d2xsxph8kpxj0f.cloudfront.net/310419663032080159/2quXz2C2n5hMfqc8hNVW3h/song_song_149-hgnjcUQThBhwLYgKiqmfJB.webp	legacy-cloudfront
403	https://d2xsxph8kpxj0f.cloudfront.net/310419663032080159/2quXz2C2n5hMfqc8hNVW3h/song_song_142-D7VRtQAMfYEPTapEycvLAq.webp	legacy-cloudfront
403	https://d2xsxph8kpxj0f.cloudfront.net/310419663032080159/2quXz2C2n5hMfqc8hNVW3h/song_song_151-FLaLz7oRjn3Fi3jkmeU2N4.webp	legacy-cloudfront
403	https://d2xsxph8kpxj0f.cloudfront.net/310419663032080159/2quXz2C2n5hMfqc8hNVW3h/song_song_147-HAvPbGJYMGZHkTDowZuRoW.webp	legacy-cloudfront
403	https://d2xsxph8kpxj0f.cloudfront.net/310419663032080159/2quXz2C2n5hMfqc8hNVW3h/song_song_152-a6GaiawW2z6GbgEqKQFwx2.webp	legacy-cloudfront
403	https://d2xsxph8kpxj0f.cloudfront.net/310419663032080159/2quXz2C2n5hMfqc8hNVW3h/song_song_150-9hcXKgZg8mdXDf3USqUY3q.webp	legacy-cloudfront
403	https://d2xsxph8kpxj0f.cloudfront.net/310419663032080159/2quXz2C2n5hMfqc8hNVW3h/sprite_akai-shi_ko_9838d6a5.png	legacy-cloudfront
403	https://d2xsxph8kpxj0f.cloudfront.net/310419663032080159/2quXz2C2n5hMfqc8hNVW3h/song_song_146-SjBFLsakbzyyC2gzu2rFmH.webp	legacy-cloudfront
403	https://d2xsxph8kpxj0f.cloudfront.net/310419663032080159/2quXz2C2n5hMfqc8hNVW3h/special_8861f460.png	legacy-cloudfront
403	https://d2xsxph8kpxj0f.cloudfront.net/310419663032080159/2quXz2C2n5hMfqc8hNVW3h/song_song_154-CLAiFUqUNoW2ZMxN7T4ahn.webp	legacy-cloudfront
403	https://d2xsxph8kpxj0f.cloudfront.net/310419663032080159/2quXz2C2n5hMfqc8hNVW3h/sprite_advocate_ko_d14285bd.png	legacy-cloudfront
403	https://d2xsxph8kpxj0f.cloudfront.net/310419663032080159/2quXz2C2n5hMfqc8hNVW3h/sprite_architect_crouch_punch-kQJKY2zp57jyHMKEXq3P7T.png	legacy-cloudfront
403	https://d2xsxph8kpxj0f.cloudfront.net/310419663032080159/2quXz2C2n5hMfqc8hNVW3h/song_song_158-36widhWdRhyo3w6doxfeL3.webp	legacy-cloudfront
403	https://d2xsxph8kpxj0f.cloudfront.net/310419663032080159/2quXz2C2n5hMfqc8hNVW3h/sprite_advocate_block_8c533e45.png	legacy-cloudfront
403	https://d2xsxph8kpxj0f.cloudfront.net/310419663032080159/2quXz2C2n5hMfqc8hNVW3h/sprite_architect_crouch-2gkBbHzZxuSMGbmHfeK3uu.png	legacy-cloudfront
403	https://d2xsxph8kpxj0f.cloudfront.net/310419663032080159/2quXz2C2n5hMfqc8hNVW3h/sprite_advocate_hit_20ef14e5.png	legacy-cloudfront
403	https://d2xsxph8kpxj0f.cloudfront.net/310419663032080159/2quXz2C2n5hMfqc8hNVW3h/sprite_advocate_victory_69f90a77.png	legacy-cloudfront
403	https://d2xsxph8kpxj0f.cloudfront.net/310419663032080159/2quXz2C2n5hMfqc8hNVW3h/song_song_156-khRvuxKvhjYyUDbcw7TBnF.webp	legacy-cloudfront
403	https://d2xsxph8kpxj0f.cloudfront.net/310419663032080159/2quXz2C2n5hMfqc8hNVW3h/song_song_157-ddkckmJsvPCeXxpG6kLwNa.webp	legacy-cloudfront
403	https://d2xsxph8kpxj0f.cloudfront.net/310419663032080159/2quXz2C2n5hMfqc8hNVW3h/sprite_agent-zero_attack_4a64b570.png	legacy-cloudfront
403	https://d2xsxph8kpxj0f.cloudfront.net/310419663032080159/2quXz2C2n5hMfqc8hNVW3h/special_5d4a2074.png	legacy-cloudfront
403	https://d2xsxph8kpxj0f.cloudfront.net/310419663032080159/2quXz2C2n5hMfqc8hNVW3h/special_92452c2a.png	legacy-cloudfront
403	https://d2xsxph8kpxj0f.cloudfront.net/310419663032080159/2quXz2C2n5hMfqc8hNVW3h/source_spritesheet-VXZZJzh3TSkHpj2GNqDAKu.webp	legacy-cloudfront
403	https://d2xsxph8kpxj0f.cloudfront.net/310419663032080159/2quXz2C2n5hMfqc8hNVW3h/song_song_155-W3WaF2hdgxrojuXPR6QuQD.webp	legacy-cloudfront
403	https://d2xsxph8kpxj0f.cloudfront.net/310419663032080159/2quXz2C2n5hMfqc8hNVW3h/special_c5184a81.png	legacy-cloudfront
403	https://d2xsxph8kpxj0f.cloudfront.net/310419663032080159/2quXz2C2n5hMfqc8hNVW3h/sprite_advocate_attack_49c3994d.png	legacy-cloudfront
403	https://d2xsxph8kpxj0f.cloudfront.net/310419663032080159/2quXz2C2n5hMfqc8hNVW3h/sprite_agent-zero_block_c62ccaef.png	legacy-cloudfront
403	https://d2xsxph8kpxj0f.cloudfront.net/310419663032080159/2quXz2C2n5hMfqc8hNVW3h/sprite_advocate_idle_b1312545.png	legacy-cloudfront
403	https://d2xsxph8kpxj0f.cloudfront.net/310419663032080159/2quXz2C2n5hMfqc8hNVW3h/sprite_agent-zero_hit_452be8cb.png	legacy-cloudfront
403	https://d2xsxph8kpxj0f.cloudfront.net/310419663032080159/2quXz2C2n5hMfqc8hNVW3h/sprite_agent-zero_ko_0398ca16.png	legacy-cloudfront
403	https://d2xsxph8kpxj0f.cloudfront.net/310419663032080159/2quXz2C2n5hMfqc8hNVW3h/sprite_akai-shi_victory_c904e331.png	legacy-cloudfront
403	https://d2xsxph8kpxj0f.cloudfront.net/310419663032080159/2quXz2C2n5hMfqc8hNVW3h/sprite_akai-shi_idle_efa9efd7.png	legacy-cloudfront
403	https://d2xsxph8kpxj0f.cloudfront.net/310419663032080159/2quXz2C2n5hMfqc8hNVW3h/sprite_architect_crouch_kick-GWwzaDHbog3EsmpAx6BHt2.png	legacy-cloudfront
403	https://d2xsxph8kpxj0f.cloudfront.net/310419663032080159/2quXz2C2n5hMfqc8hNVW3h/sprite_agent-zero_victory_9cdcea48.png	legacy-cloudfront
403	https://d2xsxph8kpxj0f.cloudfront.net/310419663032080159/2quXz2C2n5hMfqc8hNVW3h/sprite_architect_heavy_kick-Jk9qT9hQX2oHMGoJ2mr6Yo.png	legacy-cloudfront
403	https://d2xsxph8kpxj0f.cloudfront.net/310419663032080159/2quXz2C2n5hMfqc8hNVW3h/sprite_akai-shi_block_3d5f5b22.png	legacy-cloudfront
403	https://d2xsxph8kpxj0f.cloudfront.net/310419663032080159/2quXz2C2n5hMfqc8hNVW3h/sprite_architect_block_fc0bdcce.png	legacy-cloudfront
403	https://d2xsxph8kpxj0f.cloudfront.net/310419663032080159/2quXz2C2n5hMfqc8hNVW3h/sprite_architect_attack_9e30a872.png	legacy-cloudfront
403	https://d2xsxph8kpxj0f.cloudfront.net/310419663032080159/2quXz2C2n5hMfqc8hNVW3h/sprite_architect_grab-RiPT9JYE2YZhWkTThg7byc.png	legacy-cloudfront
403	https://d2xsxph8kpxj0f.cloudfront.net/310419663032080159/2quXz2C2n5hMfqc8hNVW3h/sprite_agent-zero_idle_76bbfc3f.png	legacy-cloudfront
403	https://d2xsxph8kpxj0f.cloudfront.net/310419663032080159/2quXz2C2n5hMfqc8hNVW3h/sprite_architect_dash-4gkEysVEQERCk3qwqv2X2D.png	legacy-cloudfront
403	https://d2xsxph8kpxj0f.cloudfront.net/310419663032080159/2quXz2C2n5hMfqc8hNVW3h/sprite_architect_light_kick-gc4pZCTRPu4FDNe9UEB4nc.png	legacy-cloudfront
403	https://d2xsxph8kpxj0f.cloudfront.net/310419663032080159/2quXz2C2n5hMfqc8hNVW3h/sprite_akai-shi_attack_b7ede174.png	legacy-cloudfront
403	https://d2xsxph8kpxj0f.cloudfront.net/310419663032080159/2quXz2C2n5hMfqc8hNVW3h/sprite_architect_dizzy-Nb3UgbEmRtLXTFa78ozkuM.png	legacy-cloudfront
403	https://d2xsxph8kpxj0f.cloudfront.net/310419663032080159/2quXz2C2n5hMfqc8hNVW3h/sprite_architect_knockdown-BvT6yDYZyXkhLVCfGtmKhm.png	legacy-cloudfront
403	https://d2xsxph8kpxj0f.cloudfront.net/310419663032080159/2quXz2C2n5hMfqc8hNVW3h/sprite_architect_crouch_heavy-hnPKVqGoVoS8R83GpavS3m.png	legacy-cloudfront
403	https://d2xsxph8kpxj0f.cloudfront.net/310419663032080159/2quXz2C2n5hMfqc8hNVW3h/sprite_architect_hit_7c5d6f27.png	legacy-cloudfront
403	https://d2xsxph8kpxj0f.cloudfront.net/310419663032080159/2quXz2C2n5hMfqc8hNVW3h/sprite_akai-shi_hit_e0b3b934.png	legacy-cloudfront
403	https://d2xsxph8kpxj0f.cloudfront.net/310419663032080159/2quXz2C2n5hMfqc8hNVW3h/sprite_architect_ko_6d2ebde3.png	legacy-cloudfront
403	https://d2xsxph8kpxj0f.cloudfront.net/310419663032080159/2quXz2C2n5hMfqc8hNVW3h/sprite_architect_heavy_punch-GVYdrf9vTHjMthvuoucdzA.png	legacy-cloudfront
403	https://d2xsxph8kpxj0f.cloudfront.net/310419663032080159/2quXz2C2n5hMfqc8hNVW3h/sprite_architect_idle_73497ee2.png	legacy-cloudfront
403	https://d2xsxph8kpxj0f.cloudfront.net/310419663032080159/2quXz2C2n5hMfqc8hNVW3h/sprite_architect_medium_kick-LANC34fgkmSdnCDFNMY3Tv.png	legacy-cloudfront
403	https://d2xsxph8kpxj0f.cloudfront.net/310419663032080159/2quXz2C2n5hMfqc8hNVW3h/sprite_architect_medium_punch-XHq8o2qVgXKtAZhLwSCTt9.png	legacy-cloudfront
403	https://d2xsxph8kpxj0f.cloudfront.net/310419663032080159/2quXz2C2n5hMfqc8hNVW3h/sprite_architect_special-aDSoE39uhBeiFpbRtZdPBn.png	legacy-cloudfront
403	https://d2xsxph8kpxj0f.cloudfront.net/310419663032080159/2quXz2C2n5hMfqc8hNVW3h/sprite_architect_jump-Emcv2jTzV3364JbtNKjaAA.png	legacy-cloudfront
403	https://d2xsxph8kpxj0f.cloudfront.net/310419663032080159/2quXz2C2n5hMfqc8hNVW3h/sprite_architect_taunt-eZL68dhpj6eCD2MiLwNH9N.png	legacy-cloudfront
403	https://d2xsxph8kpxj0f.cloudfront.net/310419663032080159/2quXz2C2n5hMfqc8hNVW3h/sprite_authority_crouch_kick_0b864fa8.png	legacy-cloudfront
403	https://d2xsxph8kpxj0f.cloudfront.net/310419663032080159/2quXz2C2n5hMfqc8hNVW3h/sprite_architect_walk_fwd-9xhzkxNtY37eRLLS8PosU3.png	legacy-cloudfront
403	https://d2xsxph8kpxj0f.cloudfront.net/310419663032080159/2quXz2C2n5hMfqc8hNVW3h/sprite_authority_crouch_c7f0bc92.png	legacy-cloudfront
403	https://d2xsxph8kpxj0f.cloudfront.net/310419663032080159/2quXz2C2n5hMfqc8hNVW3h/sprite_architect_light_punch-V2P2Sn6EM7bhVK27TGocvH.png	legacy-cloudfront
403	https://d2xsxph8kpxj0f.cloudfront.net/310419663032080159/2quXz2C2n5hMfqc8hNVW3h/sprite_architect_victory_5aa1b3c5.png	legacy-cloudfront
403	https://d2xsxph8kpxj0f.cloudfront.net/310419663032080159/2quXz2C2n5hMfqc8hNVW3h/sprite_authority_crouch_punch_734f354a.png	legacy-cloudfront
403	https://d2xsxph8kpxj0f.cloudfront.net/310419663032080159/2quXz2C2n5hMfqc8hNVW3h/sprite_architect_jump_attack-B6q9bT6uqRQ92eMVgjAXtp.png	legacy-cloudfront
403	https://d2xsxph8kpxj0f.cloudfront.net/310419663032080159/2quXz2C2n5hMfqc8hNVW3h/sprite_authority_special_8a2ae7cd.png	legacy-cloudfront
403	https://d2xsxph8kpxj0f.cloudfront.net/310419663032080159/2quXz2C2n5hMfqc8hNVW3h/sprite_authority_medium_kick_c889d6aa.png	legacy-cloudfront
403	https://d2xsxph8kpxj0f.cloudfront.net/310419663032080159/2quXz2C2n5hMfqc8hNVW3h/sprite_authority_heavy_kick_379e86c8.png	legacy-cloudfront
403	https://d2xsxph8kpxj0f.cloudfront.net/310419663032080159/2quXz2C2n5hMfqc8hNVW3h/sprite_authority_dizzy_ff134d46.png	legacy-cloudfront
403	https://d2xsxph8kpxj0f.cloudfront.net/310419663032080159/2quXz2C2n5hMfqc8hNVW3h/sprite_authority_grab_a8178dcf.png	legacy-cloudfront
403	https://d2xsxph8kpxj0f.cloudfront.net/310419663032080159/2quXz2C2n5hMfqc8hNVW3h/sprite_authority_dash_8bd00596.png	legacy-cloudfront
403	https://d2xsxph8kpxj0f.cloudfront.net/310419663032080159/2quXz2C2n5hMfqc8hNVW3h/sprite_authority_jump_89e7b1c5.png	legacy-cloudfront
403	https://d2xsxph8kpxj0f.cloudfront.net/310419663032080159/2quXz2C2n5hMfqc8hNVW3h/sprite_architect_walk_back-MPxQp2kYFFfqXRijrVRHuC.png	legacy-cloudfront
403	https://d2xsxph8kpxj0f.cloudfront.net/310419663032080159/2quXz2C2n5hMfqc8hNVW3h/sprite_authority_heavy_punch_e53beecd.png	legacy-cloudfront
403	https://d2xsxph8kpxj0f.cloudfront.net/310419663032080159/2quXz2C2n5hMfqc8hNVW3h/sprite_authority_light_punch_214cef91.png	legacy-cloudfront
403	https://d2xsxph8kpxj0f.cloudfront.net/310419663032080159/2quXz2C2n5hMfqc8hNVW3h/sprite_authority_knockdown_e640392d.png	legacy-cloudfront
403	https://d2xsxph8kpxj0f.cloudfront.net/310419663032080159/2quXz2C2n5hMfqc8hNVW3h/sprite_authority_light_kick_e97d1221.png	legacy-cloudfront
403	https://d2xsxph8kpxj0f.cloudfront.net/310419663032080159/2quXz2C2n5hMfqc8hNVW3h/sprite_collector_idle_ed891822.png	legacy-cloudfront
403	https://d2xsxph8kpxj0f.cloudfront.net/310419663032080159/2quXz2C2n5hMfqc8hNVW3h/sprite_authority_medium_punch_2d8ad1f2.png	legacy-cloudfront
403	https://d2xsxph8kpxj0f.cloudfront.net/310419663032080159/2quXz2C2n5hMfqc8hNVW3h/sprite_authority_jump_attack_5d470079.png	legacy-cloudfront
403	https://d2xsxph8kpxj0f.cloudfront.net/310419663032080159/2quXz2C2n5hMfqc8hNVW3h/sprite_collector_crouch_punch_f2e2b672.png	legacy-cloudfront
403	https://d2xsxph8kpxj0f.cloudfront.net/310419663032080159/2quXz2C2n5hMfqc8hNVW3h/sprite_collector_dash_d925338b.png	legacy-cloudfront
403	https://d2xsxph8kpxj0f.cloudfront.net/310419663032080159/2quXz2C2n5hMfqc8hNVW3h/sprite_authority_taunt_9d671b55.png	legacy-cloudfront
403	https://d2xsxph8kpxj0f.cloudfront.net/310419663032080159/2quXz2C2n5hMfqc8hNVW3h/sprite_collector_crouch_54b84367.png	legacy-cloudfront
403	https://d2xsxph8kpxj0f.cloudfront.net/310419663032080159/2quXz2C2n5hMfqc8hNVW3h/sprite_authority_sweep_00aa10a2.png	legacy-cloudfront
403	https://d2xsxph8kpxj0f.cloudfront.net/310419663032080159/2quXz2C2n5hMfqc8hNVW3h/sprite_collector_heavy_punch_7f5d6874.png	legacy-cloudfront
403	https://d2xsxph8kpxj0f.cloudfront.net/310419663032080159/2quXz2C2n5hMfqc8hNVW3h/sprite_collector_ko_c8256632.png	legacy-cloudfront
403	https://d2xsxph8kpxj0f.cloudfront.net/310419663032080159/2quXz2C2n5hMfqc8hNVW3h/sprite_authority_walk_back_62f75746.png	legacy-cloudfront
403	https://d2xsxph8kpxj0f.cloudfront.net/310419663032080159/2quXz2C2n5hMfqc8hNVW3h/sprite_collector_light_kick_d5059dad.png	legacy-cloudfront
403	https://d2xsxph8kpxj0f.cloudfront.net/310419663032080159/2quXz2C2n5hMfqc8hNVW3h/sprite_collector_light_punch_955b8529.png	legacy-cloudfront
403	https://d2xsxph8kpxj0f.cloudfront.net/310419663032080159/2quXz2C2n5hMfqc8hNVW3h/sprite_collector_attack_e9d6b69e.png	legacy-cloudfront
403	https://d2xsxph8kpxj0f.cloudfront.net/310419663032080159/2quXz2C2n5hMfqc8hNVW3h/sprite_collector_block_fe1d6aa0.png	legacy-cloudfront
403	https://d2xsxph8kpxj0f.cloudfront.net/310419663032080159/2quXz2C2n5hMfqc8hNVW3h/sprite_collector_medium_punch_f6d4d2e3.png	legacy-cloudfront
403	https://d2xsxph8kpxj0f.cloudfront.net/310419663032080159/2quXz2C2n5hMfqc8hNVW3h/sprite_authority_walk_fwd_dbde6357.png	legacy-cloudfront
403	https://d2xsxph8kpxj0f.cloudfront.net/310419663032080159/2quXz2C2n5hMfqc8hNVW3h/sprite_collector_jump_a67b6e09.png	legacy-cloudfront
403	https://d2xsxph8kpxj0f.cloudfront.net/310419663032080159/2quXz2C2n5hMfqc8hNVW3h/sprite_collector_jump_attack_33b4d3e6.png	legacy-cloudfront
403	https://d2xsxph8kpxj0f.cloudfront.net/310419663032080159/2quXz2C2n5hMfqc8hNVW3h/sprite_collector_special_21f0a615.png	legacy-cloudfront
403	https://d2xsxph8kpxj0f.cloudfront.net/310419663032080159/2quXz2C2n5hMfqc8hNVW3h/sprite_collector_sweep_9a3407e2.png	legacy-cloudfront
403	https://d2xsxph8kpxj0f.cloudfront.net/310419663032080159/2quXz2C2n5hMfqc8hNVW3h/sprite_collector_grab_918096aa.png	legacy-cloudfront
403	https://d2xsxph8kpxj0f.cloudfront.net/310419663032080159/2quXz2C2n5hMfqc8hNVW3h/sprite_collector_walk_fwd_313377e7.png	legacy-cloudfront
403	https://d2xsxph8kpxj0f.cloudfront.net/310419663032080159/2quXz2C2n5hMfqc8hNVW3h/sprite_collector_dizzy_35ddd2cd.png	legacy-cloudfront
403	https://d2xsxph8kpxj0f.cloudfront.net/310419663032080159/2quXz2C2n5hMfqc8hNVW3h/sprite_collector_heavy_kick_48f3fc2d.png	legacy-cloudfront
403	https://d2xsxph8kpxj0f.cloudfront.net/310419663032080159/2quXz2C2n5hMfqc8hNVW3h/sprite_collector_crouch_kick_ab10b365.png	legacy-cloudfront
403	https://d2xsxph8kpxj0f.cloudfront.net/310419663032080159/2quXz2C2n5hMfqc8hNVW3h/sprite_collector_hit_3a2ccff6.png	legacy-cloudfront
403	https://d2xsxph8kpxj0f.cloudfront.net/310419663032080159/2quXz2C2n5hMfqc8hNVW3h/sprite_collector_taunt_a440e8df.png	legacy-cloudfront
403	https://d2xsxph8kpxj0f.cloudfront.net/310419663032080159/2quXz2C2n5hMfqc8hNVW3h/sprite_collector_knockdown_7ef5274a.png	legacy-cloudfront
403	https://d2xsxph8kpxj0f.cloudfront.net/310419663032080159/2quXz2C2n5hMfqc8hNVW3h/sprite_degen_victory_40143896.png	legacy-cloudfront
403	https://d2xsxph8kpxj0f.cloudfront.net/310419663032080159/2quXz2C2n5hMfqc8hNVW3h/sprite_collector_walk_back_ef978586.png	legacy-cloudfront
403	https://d2xsxph8kpxj0f.cloudfront.net/310419663032080159/2quXz2C2n5hMfqc8hNVW3h/sprite_draelmon_attack_46e47d4d.png	legacy-cloudfront
403	https://d2xsxph8kpxj0f.cloudfront.net/310419663032080159/2quXz2C2n5hMfqc8hNVW3h/sprite_degen_ko_3a88b75d.png	legacy-cloudfront
403	https://d2xsxph8kpxj0f.cloudfront.net/310419663032080159/2quXz2C2n5hMfqc8hNVW3h/sprite_collector_victory_08d3cc21.png	legacy-cloudfront
403	https://d2xsxph8kpxj0f.cloudfront.net/310419663032080159/2quXz2C2n5hMfqc8hNVW3h/sprite_collector_medium_kick_498db964.png	legacy-cloudfront
403	https://d2xsxph8kpxj0f.cloudfront.net/310419663032080159/2quXz2C2n5hMfqc8hNVW3h/sprite_degen_idle_177b17ff.png	legacy-cloudfront
403	https://d2xsxph8kpxj0f.cloudfront.net/310419663032080159/2quXz2C2n5hMfqc8hNVW3h/sprite_draelmon_ko_1ec608ea.png	legacy-cloudfront
403	https://d2xsxph8kpxj0f.cloudfront.net/310419663032080159/2quXz2C2n5hMfqc8hNVW3h/sprite_degen_attack_229618b2.png	legacy-cloudfront
403	https://d2xsxph8kpxj0f.cloudfront.net/310419663032080159/2quXz2C2n5hMfqc8hNVW3h/sprite_dreamer_attack_250939d8.png	legacy-cloudfront
403	https://d2xsxph8kpxj0f.cloudfront.net/310419663032080159/2quXz2C2n5hMfqc8hNVW3h/sprite_degen_block_f4d8bdc8.png	legacy-cloudfront
403	https://d2xsxph8kpxj0f.cloudfront.net/310419663032080159/2quXz2C2n5hMfqc8hNVW3h/sprite_degen_hit_8a282caf.png	legacy-cloudfront
403	https://d2xsxph8kpxj0f.cloudfront.net/310419663032080159/2quXz2C2n5hMfqc8hNVW3h/sprite_dreamer_block_7c61cfa3.png	legacy-cloudfront
403	https://d2xsxph8kpxj0f.cloudfront.net/310419663032080159/2quXz2C2n5hMfqc8hNVW3h/sprite_dreamer_idle_78e0426e.png	legacy-cloudfront
403	https://d2xsxph8kpxj0f.cloudfront.net/310419663032080159/2quXz2C2n5hMfqc8hNVW3h/sprite_draelmon_block_4d213909.png	legacy-cloudfront
403	https://d2xsxph8kpxj0f.cloudfront.net/310419663032080159/2quXz2C2n5hMfqc8hNVW3h/sprite_engineer_block_77fab509.png	legacy-cloudfront
403	https://d2xsxph8kpxj0f.cloudfront.net/310419663032080159/2quXz2C2n5hMfqc8hNVW3h/sprite_dreamer_victory_8e2091c1.png	legacy-cloudfront
403	https://d2xsxph8kpxj0f.cloudfront.net/310419663032080159/2quXz2C2n5hMfqc8hNVW3h/sprite_enigma_block_b4dd6d7d.png	legacy-cloudfront
403	https://d2xsxph8kpxj0f.cloudfront.net/310419663032080159/2quXz2C2n5hMfqc8hNVW3h/sprite_draelmon_hit_495156c6.png	legacy-cloudfront
403	https://d2xsxph8kpxj0f.cloudfront.net/310419663032080159/2quXz2C2n5hMfqc8hNVW3h/sprite_draelmon_victory_b83b9c52.png	legacy-cloudfront
403	https://d2xsxph8kpxj0f.cloudfront.net/310419663032080159/2quXz2C2n5hMfqc8hNVW3h/sprite_enigma_crouch_kick_fa2ad446.png	legacy-cloudfront
403	https://d2xsxph8kpxj0f.cloudfront.net/310419663032080159/2quXz2C2n5hMfqc8hNVW3h/sprite_dreamer_hit_d141de7f.png	legacy-cloudfront
403	https://d2xsxph8kpxj0f.cloudfront.net/310419663032080159/2quXz2C2n5hMfqc8hNVW3h/sprite_engineer_hit_698b0661.png	legacy-cloudfront
403	https://d2xsxph8kpxj0f.cloudfront.net/310419663032080159/2quXz2C2n5hMfqc8hNVW3h/sprite_draelmon_idle_fbda4939.png	legacy-cloudfront
403	https://d2xsxph8kpxj0f.cloudfront.net/310419663032080159/2quXz2C2n5hMfqc8hNVW3h/sprite_enigma_crouch-J5kBPku3PjQwQTNgWmLuai.png	legacy-cloudfront
403	https://d2xsxph8kpxj0f.cloudfront.net/310419663032080159/2quXz2C2n5hMfqc8hNVW3h/sprite_dreamer_ko_0a60ee30.png	legacy-cloudfront
403	https://d2xsxph8kpxj0f.cloudfront.net/310419663032080159/2quXz2C2n5hMfqc8hNVW3h/sprite_engineer_idle_95e18f41.png	legacy-cloudfront
403	https://d2xsxph8kpxj0f.cloudfront.net/310419663032080159/2quXz2C2n5hMfqc8hNVW3h/sprite_engineer_attack_a234f150.png	legacy-cloudfront
403	https://d2xsxph8kpxj0f.cloudfront.net/310419663032080159/2quXz2C2n5hMfqc8hNVW3h/sprite_enigma_knockdown_6067ad4c.png	legacy-cloudfront
403	https://d2xsxph8kpxj0f.cloudfront.net/310419663032080159/2quXz2C2n5hMfqc8hNVW3h/sprite_enigma_idle_3a055f6f.png	legacy-cloudfront
403	https://d2xsxph8kpxj0f.cloudfront.net/310419663032080159/2quXz2C2n5hMfqc8hNVW3h/sprite_engineer_victory_fa890110.png	legacy-cloudfront
403	https://d2xsxph8kpxj0f.cloudfront.net/310419663032080159/2quXz2C2n5hMfqc8hNVW3h/sprite_enigma_heavy_punch-NLJQZyK4MXyiLb7wEwxb3b.png	legacy-cloudfront
403	https://d2xsxph8kpxj0f.cloudfront.net/310419663032080159/2quXz2C2n5hMfqc8hNVW3h/sprite_enigma_dizzy_e1763122.png	legacy-cloudfront
403	https://d2xsxph8kpxj0f.cloudfront.net/310419663032080159/2quXz2C2n5hMfqc8hNVW3h/sprite_enigma_walk_fwd-77tXf93mDxT5t4b87k9fdL.png	legacy-cloudfront
403	https://d2xsxph8kpxj0f.cloudfront.net/310419663032080159/2quXz2C2n5hMfqc8hNVW3h/sprite_enigma_attack_5fca073c.png	legacy-cloudfront
403	https://d2xsxph8kpxj0f.cloudfront.net/310419663032080159/2quXz2C2n5hMfqc8hNVW3h/sprite_engineer_ko_86ca8415.png	legacy-cloudfront
403	https://d2xsxph8kpxj0f.cloudfront.net/310419663032080159/2quXz2C2n5hMfqc8hNVW3h/sprite_enigma_jump_26b76a2a.png	legacy-cloudfront
403	https://d2xsxph8kpxj0f.cloudfront.net/310419663032080159/2quXz2C2n5hMfqc8hNVW3h/sprite_enigma_jump_attack_8e28ae5b.png	legacy-cloudfront
403	https://d2xsxph8kpxj0f.cloudfront.net/310419663032080159/2quXz2C2n5hMfqc8hNVW3h/sprite_enigma_crouch_punch_b49ba0de.png	legacy-cloudfront
403	https://d2xsxph8kpxj0f.cloudfront.net/310419663032080159/2quXz2C2n5hMfqc8hNVW3h/sprite_enigma_hit_6eff60dc.png	legacy-cloudfront
403	https://d2xsxph8kpxj0f.cloudfront.net/310419663032080159/2quXz2C2n5hMfqc8hNVW3h/sprite_enigma_heavy_kick-9SdeUKX5RiivT6CL59KPCZ.png	legacy-cloudfront
403	https://d2xsxph8kpxj0f.cloudfront.net/310419663032080159/2quXz2C2n5hMfqc8hNVW3h/sprite_enigma_grab_678015e4.png	legacy-cloudfront
403	https://d2xsxph8kpxj0f.cloudfront.net/310419663032080159/2quXz2C2n5hMfqc8hNVW3h/sprite_enigma_dash-hjt3KKTqMpCRfF6eqWMWd5.png	legacy-cloudfront
403	https://d2xsxph8kpxj0f.cloudfront.net/310419663032080159/2quXz2C2n5hMfqc8hNVW3h/sprite_enigma_medium_kick-QKZ826b9dVMLnS8AyE2uzL.png	legacy-cloudfront
403	https://d2xsxph8kpxj0f.cloudfront.net/310419663032080159/2quXz2C2n5hMfqc8hNVW3h/sprite_enigma_medium_punch-8rGXtWMU72qtNDofAwo66H.png	legacy-cloudfront
403	https://d2xsxph8kpxj0f.cloudfront.net/310419663032080159/2quXz2C2n5hMfqc8hNVW3h/sprite_enigma_ko_c09a22ac.png	legacy-cloudfront
403	https://d2xsxph8kpxj0f.cloudfront.net/310419663032080159/2quXz2C2n5hMfqc8hNVW3h/sprite_enigma_victory_c5851ae8.png	legacy-cloudfront
403	https://d2xsxph8kpxj0f.cloudfront.net/310419663032080159/2quXz2C2n5hMfqc8hNVW3h/sprite_enigma_light_kick-ccezG7kXjCpzFnhgGfQ9sP.png	legacy-cloudfront
403	https://d2xsxph8kpxj0f.cloudfront.net/310419663032080159/2quXz2C2n5hMfqc8hNVW3h/sprite_eyes_idle_9238e541.png	legacy-cloudfront
403	https://d2xsxph8kpxj0f.cloudfront.net/310419663032080159/2quXz2C2n5hMfqc8hNVW3h/sprite_enigma_sweep_3afb9ce8.png	legacy-cloudfront
403	https://d2xsxph8kpxj0f.cloudfront.net/310419663032080159/2quXz2C2n5hMfqc8hNVW3h/sprite_eyes_attack_0e8cb738.png	legacy-cloudfront
403	https://d2xsxph8kpxj0f.cloudfront.net/310419663032080159/2quXz2C2n5hMfqc8hNVW3h/sprite_enigma_special_bf1dae02.png	legacy-cloudfront
403	https://d2xsxph8kpxj0f.cloudfront.net/310419663032080159/2quXz2C2n5hMfqc8hNVW3h/sprite_eyes_victory_fc850bdf.png	legacy-cloudfront
403	https://d2xsxph8kpxj0f.cloudfront.net/310419663032080159/2quXz2C2n5hMfqc8hNVW3h/sprite_enigma_light_punch-ACkYYHYAtpUnBKrrzBqqdV.png	legacy-cloudfront
403	https://d2xsxph8kpxj0f.cloudfront.net/310419663032080159/2quXz2C2n5hMfqc8hNVW3h/sprite_forgotten_hit_a1287b39.png	legacy-cloudfront
403	https://d2xsxph8kpxj0f.cloudfront.net/310419663032080159/2quXz2C2n5hMfqc8hNVW3h/sprite_enigma_taunt_397409b5.png	legacy-cloudfront
403	https://d2xsxph8kpxj0f.cloudfront.net/310419663032080159/2quXz2C2n5hMfqc8hNVW3h/sprite_enigma_walk_back-JHTKpzKo6LFUo82HAvtXxD.png	legacy-cloudfront
403	https://d2xsxph8kpxj0f.cloudfront.net/310419663032080159/2quXz2C2n5hMfqc8hNVW3h/sprite_eyes_hit_bb7c18cd.png	legacy-cloudfront
403	https://d2xsxph8kpxj0f.cloudfront.net/310419663032080159/2quXz2C2n5hMfqc8hNVW3h/sprite_game-master_ko_744bfbb8.png	legacy-cloudfront
403	https://d2xsxph8kpxj0f.cloudfront.net/310419663032080159/2quXz2C2n5hMfqc8hNVW3h/sprite_fenra_attack_599bf076.png	legacy-cloudfront
403	https://d2xsxph8kpxj0f.cloudfront.net/310419663032080159/2quXz2C2n5hMfqc8hNVW3h/sprite_forgotten_block_c4238cff.png	legacy-cloudfront
403	https://d2xsxph8kpxj0f.cloudfront.net/310419663032080159/2quXz2C2n5hMfqc8hNVW3h/sprite_fenra_idle_ae52a366.png	legacy-cloudfront
403	https://d2xsxph8kpxj0f.cloudfront.net/310419663032080159/2quXz2C2n5hMfqc8hNVW3h/sprite_eyes_block_c20450d0.png	legacy-cloudfront
403	https://d2xsxph8kpxj0f.cloudfront.net/310419663032080159/2quXz2C2n5hMfqc8hNVW3h/sprite_eyes_ko_e10cf91a.png	legacy-cloudfront
403	https://d2xsxph8kpxj0f.cloudfront.net/310419663032080159/2quXz2C2n5hMfqc8hNVW3h/sprite_fenra_block_9c88c2fb.png	legacy-cloudfront
403	https://d2xsxph8kpxj0f.cloudfront.net/310419663032080159/2quXz2C2n5hMfqc8hNVW3h/sprite_forgotten_idle_6abc791f.png	legacy-cloudfront
403	https://d2xsxph8kpxj0f.cloudfront.net/310419663032080159/2quXz2C2n5hMfqc8hNVW3h/sprite_fenra_ko_e12007d6.png	legacy-cloudfront
403	https://d2xsxph8kpxj0f.cloudfront.net/310419663032080159/2quXz2C2n5hMfqc8hNVW3h/sprite_fenra_victory_46f02bd9.png	legacy-cloudfront
403	https://d2xsxph8kpxj0f.cloudfront.net/310419663032080159/2quXz2C2n5hMfqc8hNVW3h/sprite_fenra_hit_5839eea4.png	legacy-cloudfront
403	https://d2xsxph8kpxj0f.cloudfront.net/310419663032080159/2quXz2C2n5hMfqc8hNVW3h/sprite_forgotten_ko_b0df28d3.png	legacy-cloudfront
403	https://d2xsxph8kpxj0f.cloudfront.net/310419663032080159/2quXz2C2n5hMfqc8hNVW3h/sprite_game_master_crouch_f506c0b1.png	legacy-cloudfront
403	https://d2xsxph8kpxj0f.cloudfront.net/310419663032080159/2quXz2C2n5hMfqc8hNVW3h/sprite_forgotten_attack_b57715ad.png	legacy-cloudfront
403	https://d2xsxph8kpxj0f.cloudfront.net/310419663032080159/2quXz2C2n5hMfqc8hNVW3h/sprite_forgotten_victory_764c0b61.png	legacy-cloudfront
403	https://d2xsxph8kpxj0f.cloudfront.net/310419663032080159/2quXz2C2n5hMfqc8hNVW3h/sprite_game-master_attack_a98c500d.png	legacy-cloudfront
403	https://d2xsxph8kpxj0f.cloudfront.net/310419663032080159/2quXz2C2n5hMfqc8hNVW3h/sprite_game-master_hit_eb842a79.png	legacy-cloudfront
403	https://d2xsxph8kpxj0f.cloudfront.net/310419663032080159/2quXz2C2n5hMfqc8hNVW3h/sprite_game-master_idle_8ae48ac0.png	legacy-cloudfront
403	https://d2xsxph8kpxj0f.cloudfront.net/310419663032080159/2quXz2C2n5hMfqc8hNVW3h/sprite_game_master_heavy_punch_aa799aff.png	legacy-cloudfront
403	https://d2xsxph8kpxj0f.cloudfront.net/310419663032080159/2quXz2C2n5hMfqc8hNVW3h/sprite_game-master_block_91ec4acb.png	legacy-cloudfront
403	https://d2xsxph8kpxj0f.cloudfront.net/310419663032080159/2quXz2C2n5hMfqc8hNVW3h/sprite_game-master_victory_937ba7d2.png	legacy-cloudfront
403	https://d2xsxph8kpxj0f.cloudfront.net/310419663032080159/2quXz2C2n5hMfqc8hNVW3h/sprite_game_master_crouch_kick_7481c085.png	legacy-cloudfront
403	https://d2xsxph8kpxj0f.cloudfront.net/310419663032080159/2quXz2C2n5hMfqc8hNVW3h/sprite_game_master_light_kick_a6ed8c1c.png	legacy-cloudfront
403	https://d2xsxph8kpxj0f.cloudfront.net/310419663032080159/2quXz2C2n5hMfqc8hNVW3h/sprite_game_master_heavy_kick_07ef6018.png	legacy-cloudfront
403	https://d2xsxph8kpxj0f.cloudfront.net/310419663032080159/2quXz2C2n5hMfqc8hNVW3h/sprite_game_master_jump_attack_b5b692fb.png	legacy-cloudfront
403	https://d2xsxph8kpxj0f.cloudfront.net/310419663032080159/2quXz2C2n5hMfqc8hNVW3h/sprite_game_master_dash_844ae6b5.png	legacy-cloudfront
403	https://d2xsxph8kpxj0f.cloudfront.net/310419663032080159/2quXz2C2n5hMfqc8hNVW3h/sprite_game_master_crouch_punch_fb771373.png	legacy-cloudfront
403	https://d2xsxph8kpxj0f.cloudfront.net/310419663032080159/2quXz2C2n5hMfqc8hNVW3h/sprite_game_master_dizzy_105c3ab9.png	legacy-cloudfront
403	https://d2xsxph8kpxj0f.cloudfront.net/310419663032080159/2quXz2C2n5hMfqc8hNVW3h/sprite_game_master_grab_ccf64d95.png	legacy-cloudfront
403	https://d2xsxph8kpxj0f.cloudfront.net/310419663032080159/2quXz2C2n5hMfqc8hNVW3h/sprite_game_master_light_punch_6b3db152.png	legacy-cloudfront
403	https://d2xsxph8kpxj0f.cloudfront.net/310419663032080159/2quXz2C2n5hMfqc8hNVW3h/sprite_host_attack_94121d04.png	legacy-cloudfront
403	https://d2xsxph8kpxj0f.cloudfront.net/310419663032080159/2quXz2C2n5hMfqc8hNVW3h/sprite_game_master_jump_c7d89a0e.png	legacy-cloudfront
403	https://d2xsxph8kpxj0f.cloudfront.net/310419663032080159/2quXz2C2n5hMfqc8hNVW3h/sprite_game_master_knockdown_28bd318f.png	legacy-cloudfront
403	https://d2xsxph8kpxj0f.cloudfront.net/310419663032080159/2quXz2C2n5hMfqc8hNVW3h/sprite_game_master_special_c44b00ea.png	legacy-cloudfront
403	https://d2xsxph8kpxj0f.cloudfront.net/310419663032080159/2quXz2C2n5hMfqc8hNVW3h/sprite_host_crouch_punch_39b2ea2c.png	legacy-cloudfront
403	https://d2xsxph8kpxj0f.cloudfront.net/310419663032080159/2quXz2C2n5hMfqc8hNVW3h/sprite_game_master_taunt_3efed4be.png	legacy-cloudfront
403	https://d2xsxph8kpxj0f.cloudfront.net/310419663032080159/2quXz2C2n5hMfqc8hNVW3h/sprite_game_master_medium_punch_20267fc8.png	legacy-cloudfront
403	https://d2xsxph8kpxj0f.cloudfront.net/310419663032080159/2quXz2C2n5hMfqc8hNVW3h/sprite_game_master_medium_kick_229bad4d.png	legacy-cloudfront
403	https://d2xsxph8kpxj0f.cloudfront.net/310419663032080159/2quXz2C2n5hMfqc8hNVW3h/sprite_game_master_sweep_317877e9.png	legacy-cloudfront
403	https://d2xsxph8kpxj0f.cloudfront.net/310419663032080159/2quXz2C2n5hMfqc8hNVW3h/sprite_host_block_a3313369.png	legacy-cloudfront
403	https://d2xsxph8kpxj0f.cloudfront.net/310419663032080159/2quXz2C2n5hMfqc8hNVW3h/sprite_host_crouch_28ba9067.png	legacy-cloudfront
403	https://d2xsxph8kpxj0f.cloudfront.net/310419663032080159/2quXz2C2n5hMfqc8hNVW3h/sprite_host_dizzy_fe6bbb8c.png	legacy-cloudfront
403	https://d2xsxph8kpxj0f.cloudfront.net/310419663032080159/2quXz2C2n5hMfqc8hNVW3h/sprite_host_crouch_kick_27bd964b.png	legacy-cloudfront
403	https://d2xsxph8kpxj0f.cloudfront.net/310419663032080159/2quXz2C2n5hMfqc8hNVW3h/sprite_game_master_walk_back_2eb7c6a6.png	legacy-cloudfront
403	https://d2xsxph8kpxj0f.cloudfront.net/310419663032080159/2quXz2C2n5hMfqc8hNVW3h/sprite_game_master_walk_fwd_4cf6a523.png	legacy-cloudfront
403	https://d2xsxph8kpxj0f.cloudfront.net/310419663032080159/2quXz2C2n5hMfqc8hNVW3h/sprite_host_jump_attack_1197b6a8.png	legacy-cloudfront
403	https://d2xsxph8kpxj0f.cloudfront.net/310419663032080159/2quXz2C2n5hMfqc8hNVW3h/sprite_host_idle_58db1cc0.png	legacy-cloudfront
403	https://d2xsxph8kpxj0f.cloudfront.net/310419663032080159/2quXz2C2n5hMfqc8hNVW3h/sprite_host_dash_160a6e87.png	legacy-cloudfront
403	https://d2xsxph8kpxj0f.cloudfront.net/310419663032080159/2quXz2C2n5hMfqc8hNVW3h/sprite_host_heavy_kick_e7601d76.png	legacy-cloudfront
403	https://d2xsxph8kpxj0f.cloudfront.net/310419663032080159/2quXz2C2n5hMfqc8hNVW3h/sprite_host_medium_punch_236c5c28.png	legacy-cloudfront
403	https://d2xsxph8kpxj0f.cloudfront.net/310419663032080159/2quXz2C2n5hMfqc8hNVW3h/sprite_host_grab_7ad30cd7.png	legacy-cloudfront
403	https://d2xsxph8kpxj0f.cloudfront.net/310419663032080159/2quXz2C2n5hMfqc8hNVW3h/sprite_host_heavy_punch_6968f9e4.png	legacy-cloudfront
403	https://d2xsxph8kpxj0f.cloudfront.net/310419663032080159/2quXz2C2n5hMfqc8hNVW3h/sprite_host_jump_2a57c4a3.png	legacy-cloudfront
403	https://d2xsxph8kpxj0f.cloudfront.net/310419663032080159/2quXz2C2n5hMfqc8hNVW3h/sprite_host_knockdown_02a0a805.png	legacy-cloudfront
403	https://d2xsxph8kpxj0f.cloudfront.net/310419663032080159/2quXz2C2n5hMfqc8hNVW3h/sprite_host_medium_kick_8393b074.png	legacy-cloudfront
403	https://d2xsxph8kpxj0f.cloudfront.net/310419663032080159/2quXz2C2n5hMfqc8hNVW3h/sprite_host_hit_0c99503d.png	legacy-cloudfront
403	https://d2xsxph8kpxj0f.cloudfront.net/310419663032080159/2quXz2C2n5hMfqc8hNVW3h/sprite_inventor_block_ed8981ae.png	legacy-cloudfront
403	https://d2xsxph8kpxj0f.cloudfront.net/310419663032080159/2quXz2C2n5hMfqc8hNVW3h/sprite_host_ko_493cf379.png	legacy-cloudfront
403	https://d2xsxph8kpxj0f.cloudfront.net/310419663032080159/2quXz2C2n5hMfqc8hNVW3h/sprite_host_light_kick_d8f522c4.png	legacy-cloudfront
403	https://d2xsxph8kpxj0f.cloudfront.net/310419663032080159/2quXz2C2n5hMfqc8hNVW3h/sprite_ithrael_victory_bb7ed7ca.png	legacy-cloudfront
403	https://d2xsxph8kpxj0f.cloudfront.net/310419663032080159/2quXz2C2n5hMfqc8hNVW3h/sprite_host_victory_900788dd.png	legacy-cloudfront
403	https://d2xsxph8kpxj0f.cloudfront.net/310419663032080159/2quXz2C2n5hMfqc8hNVW3h/sprite_host_sweep_44593609.png	legacy-cloudfront
403	https://d2xsxph8kpxj0f.cloudfront.net/310419663032080159/2quXz2C2n5hMfqc8hNVW3h/sprite_host_walk_fwd_27b5e1b8.png	legacy-cloudfront
403	https://d2xsxph8kpxj0f.cloudfront.net/310419663032080159/2quXz2C2n5hMfqc8hNVW3h/sprite_inventor_attack_c3ceef5d.png	legacy-cloudfront
403	https://d2xsxph8kpxj0f.cloudfront.net/310419663032080159/2quXz2C2n5hMfqc8hNVW3h/sprite_inventor_idle_503bfec3.png	legacy-cloudfront
403	https://d2xsxph8kpxj0f.cloudfront.net/310419663032080159/2quXz2C2n5hMfqc8hNVW3h/sprite_host_taunt_acc76418.png	legacy-cloudfront
403	https://d2xsxph8kpxj0f.cloudfront.net/310419663032080159/2quXz2C2n5hMfqc8hNVW3h/sprite_host_light_punch_70197053.png	legacy-cloudfront
403	https://d2xsxph8kpxj0f.cloudfront.net/310419663032080159/2quXz2C2n5hMfqc8hNVW3h/sprite_jailer_attack_5009c334.png	legacy-cloudfront
403	https://d2xsxph8kpxj0f.cloudfront.net/310419663032080159/2quXz2C2n5hMfqc8hNVW3h/sprite_host_walk_back_f4988717.png	legacy-cloudfront
403	https://d2xsxph8kpxj0f.cloudfront.net/310419663032080159/2quXz2C2n5hMfqc8hNVW3h/sprite_jailer_block_f24098e2.png	legacy-cloudfront
403	https://d2xsxph8kpxj0f.cloudfront.net/310419663032080159/2quXz2C2n5hMfqc8hNVW3h/sprite_host_special_3396ea8d.png	legacy-cloudfront
403	https://d2xsxph8kpxj0f.cloudfront.net/310419663032080159/2quXz2C2n5hMfqc8hNVW3h/sprite_inventor_ko_674bad1a.png	legacy-cloudfront
403	https://d2xsxph8kpxj0f.cloudfront.net/310419663032080159/2quXz2C2n5hMfqc8hNVW3h/sprite_inventor_hit_b22897a8.png	legacy-cloudfront
403	https://d2xsxph8kpxj0f.cloudfront.net/310419663032080159/2quXz2C2n5hMfqc8hNVW3h/sprite_jailer_grab_48075fd6.png	legacy-cloudfront
403	https://d2xsxph8kpxj0f.cloudfront.net/310419663032080159/2quXz2C2n5hMfqc8hNVW3h/sprite_jailer_jump_36162b99.png	legacy-cloudfront
403	https://d2xsxph8kpxj0f.cloudfront.net/310419663032080159/2quXz2C2n5hMfqc8hNVW3h/sprite_ithrael_attack_7746b192.png	legacy-cloudfront
403	https://d2xsxph8kpxj0f.cloudfront.net/310419663032080159/2quXz2C2n5hMfqc8hNVW3h/sprite_jailer_heavy_kick_4735e382.png	legacy-cloudfront
403	https://d2xsxph8kpxj0f.cloudfront.net/310419663032080159/2quXz2C2n5hMfqc8hNVW3h/sprite_ithrael_block_58b19a78.png	legacy-cloudfront
403	https://d2xsxph8kpxj0f.cloudfront.net/310419663032080159/2quXz2C2n5hMfqc8hNVW3h/sprite_jailer_crouch_kick_7507db81.png	legacy-cloudfront
403	https://d2xsxph8kpxj0f.cloudfront.net/310419663032080159/2quXz2C2n5hMfqc8hNVW3h/sprite_jailer_light_punch_a0e50ddd.png	legacy-cloudfront
403	https://d2xsxph8kpxj0f.cloudfront.net/310419663032080159/2quXz2C2n5hMfqc8hNVW3h/sprite_ithrael_idle_0a337810.png	legacy-cloudfront
403	https://d2xsxph8kpxj0f.cloudfront.net/310419663032080159/2quXz2C2n5hMfqc8hNVW3h/sprite_ithrael_hit_c2ddb1e9.png	legacy-cloudfront
403	https://d2xsxph8kpxj0f.cloudfront.net/310419663032080159/2quXz2C2n5hMfqc8hNVW3h/sprite_jailer_idle_79b80ce8.png	legacy-cloudfront
403	https://d2xsxph8kpxj0f.cloudfront.net/310419663032080159/2quXz2C2n5hMfqc8hNVW3h/sprite_inventor_victory_f6445167.png	legacy-cloudfront
403	https://d2xsxph8kpxj0f.cloudfront.net/310419663032080159/2quXz2C2n5hMfqc8hNVW3h/sprite_ithrael_ko_b3d65e8d.png	legacy-cloudfront
403	https://d2xsxph8kpxj0f.cloudfront.net/310419663032080159/2quXz2C2n5hMfqc8hNVW3h/sprite_jailer_hit_46eae29b.png	legacy-cloudfront
403	https://d2xsxph8kpxj0f.cloudfront.net/310419663032080159/2quXz2C2n5hMfqc8hNVW3h/sprite_jailer_heavy_punch_673d6cca.png	legacy-cloudfront
403	https://d2xsxph8kpxj0f.cloudfront.net/310419663032080159/2quXz2C2n5hMfqc8hNVW3h/sprite_jailer_dash_9645f7c9.png	legacy-cloudfront
403	https://d2xsxph8kpxj0f.cloudfront.net/310419663032080159/2quXz2C2n5hMfqc8hNVW3h/sprite_jailer_medium_kick_e0bb46eb.png	legacy-cloudfront
403	https://d2xsxph8kpxj0f.cloudfront.net/310419663032080159/2quXz2C2n5hMfqc8hNVW3h/sprite_jailer_crouch_dfff17fa.png	legacy-cloudfront
403	https://d2xsxph8kpxj0f.cloudfront.net/310419663032080159/2quXz2C2n5hMfqc8hNVW3h/sprite_meme_block_82ce7d05.png	legacy-cloudfront
403	https://d2xsxph8kpxj0f.cloudfront.net/310419663032080159/2quXz2C2n5hMfqc8hNVW3h/sprite_jailer_crouch_punch_7e2c7194.png	legacy-cloudfront
403	https://d2xsxph8kpxj0f.cloudfront.net/310419663032080159/2quXz2C2n5hMfqc8hNVW3h/sprite_jailer_special_7e8ef54c.png	legacy-cloudfront
403	https://d2xsxph8kpxj0f.cloudfront.net/310419663032080159/2quXz2C2n5hMfqc8hNVW3h/sprite_jailer_light_kick_cffd0041.png	legacy-cloudfront
403	https://d2xsxph8kpxj0f.cloudfront.net/310419663032080159/2quXz2C2n5hMfqc8hNVW3h/sprite_jailer_knockdown_6f24de0c.png	legacy-cloudfront
403	https://d2xsxph8kpxj0f.cloudfront.net/310419663032080159/2quXz2C2n5hMfqc8hNVW3h/sprite_jailer_dizzy_22a4aed4.png	legacy-cloudfront
403	https://d2xsxph8kpxj0f.cloudfront.net/310419663032080159/2quXz2C2n5hMfqc8hNVW3h/sprite_jailer_sweep_2ce37dd7.png	legacy-cloudfront
403	https://d2xsxph8kpxj0f.cloudfront.net/310419663032080159/2quXz2C2n5hMfqc8hNVW3h/sprite_jailer_medium_punch_0ec5dfd5.png	legacy-cloudfront
403	https://d2xsxph8kpxj0f.cloudfront.net/310419663032080159/2quXz2C2n5hMfqc8hNVW3h/sprite_jailer_victory_2e0f0f32.png	legacy-cloudfront
403	https://d2xsxph8kpxj0f.cloudfront.net/310419663032080159/2quXz2C2n5hMfqc8hNVW3h/sprite_jailer_ko_a52adcf0.png	legacy-cloudfront
403	https://d2xsxph8kpxj0f.cloudfront.net/310419663032080159/2quXz2C2n5hMfqc8hNVW3h/sprite_jailer_jump_attack_683b2e83.png	legacy-cloudfront
403	https://d2xsxph8kpxj0f.cloudfront.net/310419663032080159/2quXz2C2n5hMfqc8hNVW3h/sprite_jailer_walk_fwd_19257e6d.png	legacy-cloudfront
403	https://d2xsxph8kpxj0f.cloudfront.net/310419663032080159/2quXz2C2n5hMfqc8hNVW3h/sprite_knowledge_attack_c278b34b.png	legacy-cloudfront
403	https://d2xsxph8kpxj0f.cloudfront.net/310419663032080159/2quXz2C2n5hMfqc8hNVW3h/sprite_judge_victory_69f67651.png	legacy-cloudfront
403	https://d2xsxph8kpxj0f.cloudfront.net/310419663032080159/2quXz2C2n5hMfqc8hNVW3h/sprite_knowledge_idle_731f684d.png	legacy-cloudfront
403	https://d2xsxph8kpxj0f.cloudfront.net/310419663032080159/2quXz2C2n5hMfqc8hNVW3h/sprite_judge_block_3eb07d65.png	legacy-cloudfront
403	https://d2xsxph8kpxj0f.cloudfront.net/310419663032080159/2quXz2C2n5hMfqc8hNVW3h/sprite_jailer_walk_back_224224dc.png	legacy-cloudfront
403	https://d2xsxph8kpxj0f.cloudfront.net/310419663032080159/2quXz2C2n5hMfqc8hNVW3h/sprite_jailer_taunt_b6804833.png	legacy-cloudfront
403	https://d2xsxph8kpxj0f.cloudfront.net/310419663032080159/2quXz2C2n5hMfqc8hNVW3h/sprite_judge_idle_d676e148.png	legacy-cloudfront
403	https://d2xsxph8kpxj0f.cloudfront.net/310419663032080159/2quXz2C2n5hMfqc8hNVW3h/sprite_meme_grab_b77e2251.png	legacy-cloudfront
403	https://d2xsxph8kpxj0f.cloudfront.net/310419663032080159/2quXz2C2n5hMfqc8hNVW3h/sprite_meme_light_kick_994936f9.png	legacy-cloudfront
403	https://d2xsxph8kpxj0f.cloudfront.net/310419663032080159/2quXz2C2n5hMfqc8hNVW3h/sprite_judge_attack_d2cbdfc7.png	legacy-cloudfront
403	https://d2xsxph8kpxj0f.cloudfront.net/310419663032080159/2quXz2C2n5hMfqc8hNVW3h/sprite_meme_knockdown_7de1d79d.png	legacy-cloudfront
403	https://d2xsxph8kpxj0f.cloudfront.net/310419663032080159/2quXz2C2n5hMfqc8hNVW3h/sprite_knowledge_victory_abbf1f38.png	legacy-cloudfront
403	https://d2xsxph8kpxj0f.cloudfront.net/310419663032080159/2quXz2C2n5hMfqc8hNVW3h/sprite_judge_hit_bdf016dd.png	legacy-cloudfront
403	https://d2xsxph8kpxj0f.cloudfront.net/310419663032080159/2quXz2C2n5hMfqc8hNVW3h/sprite_judge_ko_4de5cb89.png	legacy-cloudfront
403	https://d2xsxph8kpxj0f.cloudfront.net/310419663032080159/2quXz2C2n5hMfqc8hNVW3h/sprite_meme_ko_da9d53a8.png	legacy-cloudfront
403	https://d2xsxph8kpxj0f.cloudfront.net/310419663032080159/2quXz2C2n5hMfqc8hNVW3h/sprite_meme_hit_368a54a9.png	legacy-cloudfront
403	https://d2xsxph8kpxj0f.cloudfront.net/310419663032080159/2quXz2C2n5hMfqc8hNVW3h/sprite_knowledge_block_b2ee2d30.png	legacy-cloudfront
403	https://d2xsxph8kpxj0f.cloudfront.net/310419663032080159/2quXz2C2n5hMfqc8hNVW3h/sprite_knowledge_ko_981821c4.png	legacy-cloudfront
403	https://d2xsxph8kpxj0f.cloudfront.net/310419663032080159/2quXz2C2n5hMfqc8hNVW3h/sprite_meme_attack_064a2569.png	legacy-cloudfront
403	https://d2xsxph8kpxj0f.cloudfront.net/310419663032080159/2quXz2C2n5hMfqc8hNVW3h/sprite_meme_medium_kick_36243468.png	legacy-cloudfront
403	https://d2xsxph8kpxj0f.cloudfront.net/310419663032080159/2quXz2C2n5hMfqc8hNVW3h/sprite_meme_crouch_punch_134626a1.png	legacy-cloudfront
403	https://d2xsxph8kpxj0f.cloudfront.net/310419663032080159/2quXz2C2n5hMfqc8hNVW3h/sprite_meme_heavy_kick_26228817.png	legacy-cloudfront
403	https://d2xsxph8kpxj0f.cloudfront.net/310419663032080159/2quXz2C2n5hMfqc8hNVW3h/sprite_meme_dash_8aab8d4e.png	legacy-cloudfront
403	https://d2xsxph8kpxj0f.cloudfront.net/310419663032080159/2quXz2C2n5hMfqc8hNVW3h/sprite_meme_taunt_e0571c07.png	legacy-cloudfront
403	https://d2xsxph8kpxj0f.cloudfront.net/310419663032080159/2quXz2C2n5hMfqc8hNVW3h/sprite_knowledge_hit_00df2e38.png	legacy-cloudfront
403	https://d2xsxph8kpxj0f.cloudfront.net/310419663032080159/2quXz2C2n5hMfqc8hNVW3h/sprite_meme_heavy_punch_a678b76c.png	legacy-cloudfront
403	https://d2xsxph8kpxj0f.cloudfront.net/310419663032080159/2quXz2C2n5hMfqc8hNVW3h/sprite_meme_crouch_761cecbc.png	legacy-cloudfront
403	https://d2xsxph8kpxj0f.cloudfront.net/310419663032080159/2quXz2C2n5hMfqc8hNVW3h/sprite_meme_jump_c94f64c7.png	legacy-cloudfront
403	https://d2xsxph8kpxj0f.cloudfront.net/310419663032080159/2quXz2C2n5hMfqc8hNVW3h/sprite_meme_crouch_kick_bd502051.png	legacy-cloudfront
403	https://d2xsxph8kpxj0f.cloudfront.net/310419663032080159/2quXz2C2n5hMfqc8hNVW3h/sprite_meme_light_punch_76b0839f.png	legacy-cloudfront
403	https://d2xsxph8kpxj0f.cloudfront.net/310419663032080159/2quXz2C2n5hMfqc8hNVW3h/sprite_meme_sweep_96d4572a.png	legacy-cloudfront
403	https://d2xsxph8kpxj0f.cloudfront.net/310419663032080159/2quXz2C2n5hMfqc8hNVW3h/sprite_meme_idle_8003ac16.png	legacy-cloudfront
403	https://d2xsxph8kpxj0f.cloudfront.net/310419663032080159/2quXz2C2n5hMfqc8hNVW3h/sprite_meme_medium_punch_032389a1.png	legacy-cloudfront
403	https://d2xsxph8kpxj0f.cloudfront.net/310419663032080159/2quXz2C2n5hMfqc8hNVW3h/sprite_meme_jump_attack_5642b522.png	legacy-cloudfront
403	https://d2xsxph8kpxj0f.cloudfront.net/310419663032080159/2quXz2C2n5hMfqc8hNVW3h/sprite_meme_dizzy_a6b29b30.png	legacy-cloudfront
403	https://d2xsxph8kpxj0f.cloudfront.net/310419663032080159/2quXz2C2n5hMfqc8hNVW3h/sprite_meme_special_1efb9e68.png	legacy-cloudfront
403	https://d2xsxph8kpxj0f.cloudfront.net/310419663032080159/2quXz2C2n5hMfqc8hNVW3h/sprite_molgrath_block_4c8fa80d.png	legacy-cloudfront
403	https://d2xsxph8kpxj0f.cloudfront.net/310419663032080159/2quXz2C2n5hMfqc8hNVW3h/sprite_meme_walk_fwd_4002d434.png	legacy-cloudfront
403	https://d2xsxph8kpxj0f.cloudfront.net/310419663032080159/2quXz2C2n5hMfqc8hNVW3h/sprite_molgrath_attack_6499961b.png	legacy-cloudfront
403	https://d2xsxph8kpxj0f.cloudfront.net/310419663032080159/2quXz2C2n5hMfqc8hNVW3h/sprite_meme_victory_182435d8.png	legacy-cloudfront
403	https://d2xsxph8kpxj0f.cloudfront.net/310419663032080159/2quXz2C2n5hMfqc8hNVW3h/sprite_molgrath_hit_5d5fa521.png	legacy-cloudfront
403	https://d2xsxph8kpxj0f.cloudfront.net/310419663032080159/2quXz2C2n5hMfqc8hNVW3h/sprite_meme_walk_back_e17ee9c2.png	legacy-cloudfront
403	https://d2xsxph8kpxj0f.cloudfront.net/310419663032080159/2quXz2C2n5hMfqc8hNVW3h/sprite_molgrath_victory_39c12733.png	legacy-cloudfront
403	https://d2xsxph8kpxj0f.cloudfront.net/310419663032080159/2quXz2C2n5hMfqc8hNVW3h/sprite_nykoth_block_19b4eeff.png	legacy-cloudfront
403	https://d2xsxph8kpxj0f.cloudfront.net/310419663032080159/2quXz2C2n5hMfqc8hNVW3h/sprite_molgrath_ko_7509d896.png	legacy-cloudfront
403	https://d2xsxph8kpxj0f.cloudfront.net/310419663032080159/2quXz2C2n5hMfqc8hNVW3h/sprite_nykoth_idle_423470af.png	legacy-cloudfront
403	https://d2xsxph8kpxj0f.cloudfront.net/310419663032080159/2quXz2C2n5hMfqc8hNVW3h/sprite_molgrath_idle_b74c1a6c.png	legacy-cloudfront
403	https://d2xsxph8kpxj0f.cloudfront.net/310419663032080159/2quXz2C2n5hMfqc8hNVW3h/sprite_nykoth_attack_c251a233.png	legacy-cloudfront
403	https://d2xsxph8kpxj0f.cloudfront.net/310419663032080159/2quXz2C2n5hMfqc8hNVW3h/sprite_nykoth_ko_5c722ad9.png	legacy-cloudfront
403	https://d2xsxph8kpxj0f.cloudfront.net/310419663032080159/2quXz2C2n5hMfqc8hNVW3h/sprite_oracle_hit_7abd0d56.png	legacy-cloudfront
403	https://d2xsxph8kpxj0f.cloudfront.net/310419663032080159/2quXz2C2n5hMfqc8hNVW3h/sprite_nykoth_hit_d5181326.png	legacy-cloudfront
403	https://d2xsxph8kpxj0f.cloudfront.net/310419663032080159/2quXz2C2n5hMfqc8hNVW3h/sprite_oracle_attack_1b49a101.png	legacy-cloudfront
403	https://d2xsxph8kpxj0f.cloudfront.net/310419663032080159/2quXz2C2n5hMfqc8hNVW3h/sprite_oracle_block_e7a6732b.png	legacy-cloudfront
403	https://d2xsxph8kpxj0f.cloudfront.net/310419663032080159/2quXz2C2n5hMfqc8hNVW3h/sprite_nykoth_victory_a9ad8257.png	legacy-cloudfront
403	https://d2xsxph8kpxj0f.cloudfront.net/310419663032080159/2quXz2C2n5hMfqc8hNVW3h/sprite_resurrectionist_ko_1e07f990.png	legacy-cloudfront
403	https://d2xsxph8kpxj0f.cloudfront.net/310419663032080159/2quXz2C2n5hMfqc8hNVW3h/sprite_resurrectionist_hit_64add1d7.png	legacy-cloudfront
403	https://d2xsxph8kpxj0f.cloudfront.net/310419663032080159/2quXz2C2n5hMfqc8hNVW3h/sprite_resurrectionist_attack_f1809ba5.png	legacy-cloudfront
403	https://d2xsxph8kpxj0f.cloudfront.net/310419663032080159/2quXz2C2n5hMfqc8hNVW3h/sprite_oracle_idle_b9526377.png	legacy-cloudfront
403	https://d2xsxph8kpxj0f.cloudfront.net/310419663032080159/2quXz2C2n5hMfqc8hNVW3h/sprite_oracle_ko_bba1b0a8.png	legacy-cloudfront
403	https://d2xsxph8kpxj0f.cloudfront.net/310419663032080159/2quXz2C2n5hMfqc8hNVW3h/sprite_resurrectionist_idle_28d9e4bd.png	legacy-cloudfront
403	https://d2xsxph8kpxj0f.cloudfront.net/310419663032080159/2quXz2C2n5hMfqc8hNVW3h/sprite_oracle_victory_cdd27cea.png	legacy-cloudfront
403	https://d2xsxph8kpxj0f.cloudfront.net/310419663032080159/2quXz2C2n5hMfqc8hNVW3h/sprite_seer_ko_e24d02db.png	legacy-cloudfront
403	https://d2xsxph8kpxj0f.cloudfront.net/310419663032080159/2quXz2C2n5hMfqc8hNVW3h/sprite_seer_attack_eefceaf7.png	legacy-cloudfront
403	https://d2xsxph8kpxj0f.cloudfront.net/310419663032080159/2quXz2C2n5hMfqc8hNVW3h/sprite_resurrectionist_victory_9d116648.png	legacy-cloudfront
403	https://d2xsxph8kpxj0f.cloudfront.net/310419663032080159/2quXz2C2n5hMfqc8hNVW3h/sprite_seer_idle_60eca86e.png	legacy-cloudfront
403	https://d2xsxph8kpxj0f.cloudfront.net/310419663032080159/2quXz2C2n5hMfqc8hNVW3h/sprite_seer_block_31d0b801.png	legacy-cloudfront
403	https://d2xsxph8kpxj0f.cloudfront.net/310419663032080159/2quXz2C2n5hMfqc8hNVW3h/sprite_resurrectionist_block_9dc8b6d4.png	legacy-cloudfront
403	https://d2xsxph8kpxj0f.cloudfront.net/310419663032080159/2quXz2C2n5hMfqc8hNVW3h/sprite_seer_hit_a37807fb.png	legacy-cloudfront
403	https://d2xsxph8kpxj0f.cloudfront.net/310419663032080159/2quXz2C2n5hMfqc8hNVW3h/sprite_seer_victory_2a694f20.png	legacy-cloudfront
403	https://d2xsxph8kpxj0f.cloudfront.net/310419663032080159/2quXz2C2n5hMfqc8hNVW3h/sprite_shadow-tongue_attack_ddfc8f91.png	legacy-cloudfront
403	https://d2xsxph8kpxj0f.cloudfront.net/310419663032080159/2quXz2C2n5hMfqc8hNVW3h/sprite_shadow-tongue_idle_1d6aa2c4.png	legacy-cloudfront
403	https://d2xsxph8kpxj0f.cloudfront.net/310419663032080159/2quXz2C2n5hMfqc8hNVW3h/sprite_shadow-tongue_ko_ea598646.png	legacy-cloudfront
403	https://d2xsxph8kpxj0f.cloudfront.net/310419663032080159/2quXz2C2n5hMfqc8hNVW3h/sprite_shadow-tongue_block_d583a6aa.png	legacy-cloudfront
403	https://d2xsxph8kpxj0f.cloudfront.net/310419663032080159/2quXz2C2n5hMfqc8hNVW3h/sprite_shadow_tongue_crouch_kick_8298f8c9.png	legacy-cloudfront
403	https://d2xsxph8kpxj0f.cloudfront.net/310419663032080159/2quXz2C2n5hMfqc8hNVW3h/sprite_shadow_tongue_dizzy_10d08e62.png	legacy-cloudfront
403	https://d2xsxph8kpxj0f.cloudfront.net/310419663032080159/2quXz2C2n5hMfqc8hNVW3h/sprite_shadow_tongue_crouch_a22da01e.png	legacy-cloudfront
403	https://d2xsxph8kpxj0f.cloudfront.net/310419663032080159/2quXz2C2n5hMfqc8hNVW3h/sprite_shadow_tongue_crouch_punch_ef154599.png	legacy-cloudfront
403	https://d2xsxph8kpxj0f.cloudfront.net/310419663032080159/2quXz2C2n5hMfqc8hNVW3h/sprite_shadow_tongue_jump_90738de1.png	legacy-cloudfront
403	https://d2xsxph8kpxj0f.cloudfront.net/310419663032080159/2quXz2C2n5hMfqc8hNVW3h/sprite_shadow_tongue_heavy_kick_6b20951b.png	legacy-cloudfront
403	https://d2xsxph8kpxj0f.cloudfront.net/310419663032080159/2quXz2C2n5hMfqc8hNVW3h/sprite_shadow-tongue_victory_42f4694c.png	legacy-cloudfront
403	https://d2xsxph8kpxj0f.cloudfront.net/310419663032080159/2quXz2C2n5hMfqc8hNVW3h/sprite_shadow_tongue_knockdown_2df21bc9.png	legacy-cloudfront
403	https://d2xsxph8kpxj0f.cloudfront.net/310419663032080159/2quXz2C2n5hMfqc8hNVW3h/sprite_shadow-tongue_hit_f0290884.png	legacy-cloudfront
403	https://d2xsxph8kpxj0f.cloudfront.net/310419663032080159/2quXz2C2n5hMfqc8hNVW3h/sprite_shadow_tongue_dash_3868f039.png	legacy-cloudfront
403	https://d2xsxph8kpxj0f.cloudfront.net/310419663032080159/2quXz2C2n5hMfqc8hNVW3h/sprite_shadow_tongue_grab_cd3db686.png	legacy-cloudfront
403	https://d2xsxph8kpxj0f.cloudfront.net/310419663032080159/2quXz2C2n5hMfqc8hNVW3h/sprite_shadow_tongue_light_punch_01375a25.png	legacy-cloudfront
403	https://d2xsxph8kpxj0f.cloudfront.net/310419663032080159/2quXz2C2n5hMfqc8hNVW3h/sprite_shadow_tongue_walk_back_dddd60ce.png	legacy-cloudfront
403	https://d2xsxph8kpxj0f.cloudfront.net/310419663032080159/2quXz2C2n5hMfqc8hNVW3h/sprite_shadow_tongue_taunt_53a56854.png	legacy-cloudfront
403	https://d2xsxph8kpxj0f.cloudfront.net/310419663032080159/2quXz2C2n5hMfqc8hNVW3h/sprite_shadow_tongue_medium_punch_bd31d371.png	legacy-cloudfront
403	https://d2xsxph8kpxj0f.cloudfront.net/310419663032080159/2quXz2C2n5hMfqc8hNVW3h/sprite_shadow_tongue_heavy_punch_8ba0d700.png	legacy-cloudfront
403	https://d2xsxph8kpxj0f.cloudfront.net/310419663032080159/2quXz2C2n5hMfqc8hNVW3h/sprite_silence_attack_ca8ccd89.png	legacy-cloudfront
403	https://d2xsxph8kpxj0f.cloudfront.net/310419663032080159/2quXz2C2n5hMfqc8hNVW3h/sprite_shadow_tongue_jump_attack_143af388.png	legacy-cloudfront
403	https://d2xsxph8kpxj0f.cloudfront.net/310419663032080159/2quXz2C2n5hMfqc8hNVW3h/sprite_silence_hit_0496f3c4.png	legacy-cloudfront
403	https://d2xsxph8kpxj0f.cloudfront.net/310419663032080159/2quXz2C2n5hMfqc8hNVW3h/sprite_shadow_tongue_special_08d73fee.png	legacy-cloudfront
403	https://d2xsxph8kpxj0f.cloudfront.net/310419663032080159/2quXz2C2n5hMfqc8hNVW3h/sprite_shadow_tongue_medium_kick_be78ad07.png	legacy-cloudfront
403	https://d2xsxph8kpxj0f.cloudfront.net/310419663032080159/2quXz2C2n5hMfqc8hNVW3h/sprite_shadow_tongue_light_kick_4cafc02b.png	legacy-cloudfront
403	https://d2xsxph8kpxj0f.cloudfront.net/310419663032080159/2quXz2C2n5hMfqc8hNVW3h/sprite_silence_block_fa9c787f.png	legacy-cloudfront
403	https://d2xsxph8kpxj0f.cloudfront.net/310419663032080159/2quXz2C2n5hMfqc8hNVW3h/sprite_silence_ko_910973f8.png	legacy-cloudfront
403	https://d2xsxph8kpxj0f.cloudfront.net/310419663032080159/2quXz2C2n5hMfqc8hNVW3h/sprite_silence_idle_ba65aa82.png	legacy-cloudfront
403	https://d2xsxph8kpxj0f.cloudfront.net/310419663032080159/2quXz2C2n5hMfqc8hNVW3h/sprite_silence_victory_79de7ed2.png	legacy-cloudfront
403	https://d2xsxph8kpxj0f.cloudfront.net/310419663032080159/2quXz2C2n5hMfqc8hNVW3h/sprite_source_dash_cbb2b894.png	legacy-cloudfront
403	https://d2xsxph8kpxj0f.cloudfront.net/310419663032080159/2quXz2C2n5hMfqc8hNVW3h/sprite_shadow_tongue_walk_fwd_8be232a5.png	legacy-cloudfront
403	https://d2xsxph8kpxj0f.cloudfront.net/310419663032080159/2quXz2C2n5hMfqc8hNVW3h/sprite_source_heavy_kick_f5796198.png	legacy-cloudfront
403	https://d2xsxph8kpxj0f.cloudfront.net/310419663032080159/2quXz2C2n5hMfqc8hNVW3h/sprite_source_crouch_punch_fbf99337.png	legacy-cloudfront
403	https://d2xsxph8kpxj0f.cloudfront.net/310419663032080159/2quXz2C2n5hMfqc8hNVW3h/sprite_source_crouch_kick_946ca959.png	legacy-cloudfront
403	https://d2xsxph8kpxj0f.cloudfront.net/310419663032080159/2quXz2C2n5hMfqc8hNVW3h/sprite_shadow_tongue_sweep_0c30a81d.png	legacy-cloudfront
403	https://d2xsxph8kpxj0f.cloudfront.net/310419663032080159/2quXz2C2n5hMfqc8hNVW3h/sprite_source_grab_8bb46393.png	legacy-cloudfront
403	https://d2xsxph8kpxj0f.cloudfront.net/310419663032080159/2quXz2C2n5hMfqc8hNVW3h/sprite_source_hit_a0015fbe.png	legacy-cloudfront
403	https://d2xsxph8kpxj0f.cloudfront.net/310419663032080159/2quXz2C2n5hMfqc8hNVW3h/sprite_source_knockdown_554bab73.png	legacy-cloudfront
403	https://d2xsxph8kpxj0f.cloudfront.net/310419663032080159/2quXz2C2n5hMfqc8hNVW3h/sprite_source_attack_6eb83b01.png	legacy-cloudfront
403	https://d2xsxph8kpxj0f.cloudfront.net/310419663032080159/2quXz2C2n5hMfqc8hNVW3h/sprite_source_crouch_8f6838ef.png	legacy-cloudfront
403	https://d2xsxph8kpxj0f.cloudfront.net/310419663032080159/2quXz2C2n5hMfqc8hNVW3h/sprite_source_light_kick_ae3f7e2d.png	legacy-cloudfront
403	https://d2xsxph8kpxj0f.cloudfront.net/310419663032080159/2quXz2C2n5hMfqc8hNVW3h/sprite_source_heavy_punch_65ada094.png	legacy-cloudfront
403	https://d2xsxph8kpxj0f.cloudfront.net/310419663032080159/2quXz2C2n5hMfqc8hNVW3h/sprite_source_block_8efc9c03.png	legacy-cloudfront
403	https://d2xsxph8kpxj0f.cloudfront.net/310419663032080159/2quXz2C2n5hMfqc8hNVW3h/sprite_source_idle_899c637f.png	legacy-cloudfront
403	https://d2xsxph8kpxj0f.cloudfront.net/310419663032080159/2quXz2C2n5hMfqc8hNVW3h/sprite_source_ko_bc43ff01.png	legacy-cloudfront
403	https://d2xsxph8kpxj0f.cloudfront.net/310419663032080159/2quXz2C2n5hMfqc8hNVW3h/sprite_source_dizzy_2a4e21ac.png	legacy-cloudfront
403	https://d2xsxph8kpxj0f.cloudfront.net/310419663032080159/2quXz2C2n5hMfqc8hNVW3h/sprite_source_sweep_f1a732a9.png	legacy-cloudfront
403	https://d2xsxph8kpxj0f.cloudfront.net/310419663032080159/2quXz2C2n5hMfqc8hNVW3h/sprite_source_taunt_dbfe00f8.png	legacy-cloudfront
403	https://d2xsxph8kpxj0f.cloudfront.net/310419663032080159/2quXz2C2n5hMfqc8hNVW3h/sprite_source_special_d3ffc8ac.png	legacy-cloudfront
403	https://d2xsxph8kpxj0f.cloudfront.net/310419663032080159/2quXz2C2n5hMfqc8hNVW3h/sprite_source_medium_kick_52767efe.png	legacy-cloudfront
403	https://d2xsxph8kpxj0f.cloudfront.net/310419663032080159/2quXz2C2n5hMfqc8hNVW3h/sprite_source_medium_punch_bce2700b.png	legacy-cloudfront
403	https://d2xsxph8kpxj0f.cloudfront.net/310419663032080159/2quXz2C2n5hMfqc8hNVW3h/sprite_source_jump_66acdf24.png	legacy-cloudfront
403	https://d2xsxph8kpxj0f.cloudfront.net/310419663032080159/2quXz2C2n5hMfqc8hNVW3h/sprite_source_jump_attack_493a9fd8.png	legacy-cloudfront
403	https://d2xsxph8kpxj0f.cloudfront.net/310419663032080159/2quXz2C2n5hMfqc8hNVW3h/sprite_source_victory_2134d38f.png	legacy-cloudfront
403	https://d2xsxph8kpxj0f.cloudfront.net/310419663032080159/2quXz2C2n5hMfqc8hNVW3h/sprite_source_walk_back_1fc72922.png	legacy-cloudfront
403	https://d2xsxph8kpxj0f.cloudfront.net/310419663032080159/2quXz2C2n5hMfqc8hNVW3h/sprite_storm_hit_6772e4d6.png	legacy-cloudfront
403	https://d2xsxph8kpxj0f.cloudfront.net/310419663032080159/2quXz2C2n5hMfqc8hNVW3h/sprite_sylvex_hit_e1e8c677.png	legacy-cloudfront
403	https://d2xsxph8kpxj0f.cloudfront.net/310419663032080159/2quXz2C2n5hMfqc8hNVW3h/sprite_varkul_attack_2184e98f.png	legacy-cloudfront
403	https://d2xsxph8kpxj0f.cloudfront.net/310419663032080159/2quXz2C2n5hMfqc8hNVW3h/sprite_storm_block_1f7818a3.png	legacy-cloudfront
403	https://d2xsxph8kpxj0f.cloudfront.net/310419663032080159/2quXz2C2n5hMfqc8hNVW3h/sprite_source_light_punch_683f8552.png	legacy-cloudfront
403	https://d2xsxph8kpxj0f.cloudfront.net/310419663032080159/2quXz2C2n5hMfqc8hNVW3h/sprite_sylvex_idle_a5f88e58.png	legacy-cloudfront
403	https://d2xsxph8kpxj0f.cloudfront.net/310419663032080159/2quXz2C2n5hMfqc8hNVW3h/sprite_storm_attack_da6809a7.png	legacy-cloudfront
403	https://d2xsxph8kpxj0f.cloudfront.net/310419663032080159/2quXz2C2n5hMfqc8hNVW3h/sprite_storm_victory_087424c1.png	legacy-cloudfront
403	https://d2xsxph8kpxj0f.cloudfront.net/310419663032080159/2quXz2C2n5hMfqc8hNVW3h/sprite_sylvex_attack_d96e5e36.png	legacy-cloudfront
403	https://d2xsxph8kpxj0f.cloudfront.net/310419663032080159/2quXz2C2n5hMfqc8hNVW3h/sprite_source_walk_fwd_0ea82dcd.png	legacy-cloudfront
403	https://d2xsxph8kpxj0f.cloudfront.net/310419663032080159/2quXz2C2n5hMfqc8hNVW3h/sprite_varkul_idle_7be364af.png	legacy-cloudfront
403	https://d2xsxph8kpxj0f.cloudfront.net/310419663032080159/2quXz2C2n5hMfqc8hNVW3h/sprite_storm_idle_ab1c8ec7.png	legacy-cloudfront
403	https://d2xsxph8kpxj0f.cloudfront.net/310419663032080159/2quXz2C2n5hMfqc8hNVW3h/sprite_vexahlia_idle_bc7f7c66.png	legacy-cloudfront
403	https://d2xsxph8kpxj0f.cloudfront.net/310419663032080159/2quXz2C2n5hMfqc8hNVW3h/sprite_storm_ko_e3ecd3e4.png	legacy-cloudfront
403	https://d2xsxph8kpxj0f.cloudfront.net/310419663032080159/2quXz2C2n5hMfqc8hNVW3h/sprite_varkul_block_b98257d6.png	legacy-cloudfront
403	https://d2xsxph8kpxj0f.cloudfront.net/310419663032080159/2quXz2C2n5hMfqc8hNVW3h/sprite_watcher_crouch_punch_a039410a.png	legacy-cloudfront
403	https://d2xsxph8kpxj0f.cloudfront.net/310419663032080159/2quXz2C2n5hMfqc8hNVW3h/sprite_sylvex_victory_a7e06940.png	legacy-cloudfront
403	https://d2xsxph8kpxj0f.cloudfront.net/310419663032080159/2quXz2C2n5hMfqc8hNVW3h/sprite_sylvex_block_b9e1eb76.png	legacy-cloudfront
403	https://d2xsxph8kpxj0f.cloudfront.net/310419663032080159/2quXz2C2n5hMfqc8hNVW3h/sprite_sylvex_ko_1db14ff1.png	legacy-cloudfront
403	https://d2xsxph8kpxj0f.cloudfront.net/310419663032080159/2quXz2C2n5hMfqc8hNVW3h/sprite_watcher_heavy_punch_108e3de1.png	legacy-cloudfront
403	https://d2xsxph8kpxj0f.cloudfront.net/310419663032080159/2quXz2C2n5hMfqc8hNVW3h/sprite_varkul_ko_2f51ef28.png	legacy-cloudfront
403	https://d2xsxph8kpxj0f.cloudfront.net/310419663032080159/2quXz2C2n5hMfqc8hNVW3h/sprite_varkul_victory_6a68827d.png	legacy-cloudfront
403	https://d2xsxph8kpxj0f.cloudfront.net/310419663032080159/2quXz2C2n5hMfqc8hNVW3h/sprite_vexahlia_hit_546b1d5e.png	legacy-cloudfront
403	https://d2xsxph8kpxj0f.cloudfront.net/310419663032080159/2quXz2C2n5hMfqc8hNVW3h/sprite_vexahlia_attack_2fe2c0e7.png	legacy-cloudfront
403	https://d2xsxph8kpxj0f.cloudfront.net/310419663032080159/2quXz2C2n5hMfqc8hNVW3h/sprite_vexahlia_ko_7f4729d5.png	legacy-cloudfront
403	https://d2xsxph8kpxj0f.cloudfront.net/310419663032080159/2quXz2C2n5hMfqc8hNVW3h/sprite_varkul_hit_29b7538d.png	legacy-cloudfront
403	https://d2xsxph8kpxj0f.cloudfront.net/310419663032080159/2quXz2C2n5hMfqc8hNVW3h/sprite_watcher_attack_f47745e6.png	legacy-cloudfront
403	https://d2xsxph8kpxj0f.cloudfront.net/310419663032080159/2quXz2C2n5hMfqc8hNVW3h/sprite_vexahlia_victory_b11ef8e8.png	legacy-cloudfront
403	https://d2xsxph8kpxj0f.cloudfront.net/310419663032080159/2quXz2C2n5hMfqc8hNVW3h/sprite_watcher_light_kick_aad8b247.png	legacy-cloudfront
403	https://d2xsxph8kpxj0f.cloudfront.net/310419663032080159/2quXz2C2n5hMfqc8hNVW3h/sprite_watcher_jump_attack_2e85186b.png	legacy-cloudfront
403	https://d2xsxph8kpxj0f.cloudfront.net/310419663032080159/2quXz2C2n5hMfqc8hNVW3h/sprite_watcher_dash_5ad4fbc3.png	legacy-cloudfront
403	https://d2xsxph8kpxj0f.cloudfront.net/310419663032080159/2quXz2C2n5hMfqc8hNVW3h/sprite_watcher_idle_5fcc345b.png	legacy-cloudfront
403	https://d2xsxph8kpxj0f.cloudfront.net/310419663032080159/2quXz2C2n5hMfqc8hNVW3h/sprite_watcher_crouch_kick_559a5877.png	legacy-cloudfront
403	https://d2xsxph8kpxj0f.cloudfront.net/310419663032080159/2quXz2C2n5hMfqc8hNVW3h/sprite_watcher_grab_9e995339.png	legacy-cloudfront
403	https://d2xsxph8kpxj0f.cloudfront.net/310419663032080159/2quXz2C2n5hMfqc8hNVW3h/sprite_watcher_dizzy_238dea8e.png	legacy-cloudfront
403	https://d2xsxph8kpxj0f.cloudfront.net/310419663032080159/2quXz2C2n5hMfqc8hNVW3h/sprite_vexahlia_block_32ea846e.png	legacy-cloudfront
403	https://d2xsxph8kpxj0f.cloudfront.net/310419663032080159/2quXz2C2n5hMfqc8hNVW3h/sprite_watcher_jump_ca3bdeb4.png	legacy-cloudfront
403	https://d2xsxph8kpxj0f.cloudfront.net/310419663032080159/2quXz2C2n5hMfqc8hNVW3h/sprite_watcher_block_72347f4e.png	legacy-cloudfront
403	https://d2xsxph8kpxj0f.cloudfront.net/310419663032080159/2quXz2C2n5hMfqc8hNVW3h/sprite_watcher_medium_kick_189167a5.png	legacy-cloudfront
403	https://d2xsxph8kpxj0f.cloudfront.net/310419663032080159/2quXz2C2n5hMfqc8hNVW3h/sprite_watcher_ko_79f6aca1.png	legacy-cloudfront
403	https://d2xsxph8kpxj0f.cloudfront.net/310419663032080159/2quXz2C2n5hMfqc8hNVW3h/sprite_watcher_heavy_kick_83133413.png	legacy-cloudfront
403	https://d2xsxph8kpxj0f.cloudfront.net/310419663032080159/2quXz2C2n5hMfqc8hNVW3h/sprite_watcher_knockdown_6b4a17f0.png	legacy-cloudfront
403	https://d2xsxph8kpxj0f.cloudfront.net/310419663032080159/2quXz2C2n5hMfqc8hNVW3h/sprite_watcher_crouch_6bd0b1df.png	legacy-cloudfront
403	https://d2xsxph8kpxj0f.cloudfront.net/310419663032080159/2quXz2C2n5hMfqc8hNVW3h/sprite_watcher_hit_07dd0ab3.png	legacy-cloudfront
403	https://d2xsxph8kpxj0f.cloudfront.net/310419663032080159/2quXz2C2n5hMfqc8hNVW3h/sprite_watcher_light_punch_a0b94b35.png	legacy-cloudfront
403	https://d2xsxph8kpxj0f.cloudfront.net/310419663032080159/2quXz2C2n5hMfqc8hNVW3h/sprite_watcher_sweep_15b92c5a.png	legacy-cloudfront
403	https://d2xsxph8kpxj0f.cloudfront.net/310419663032080159/2quXz2C2n5hMfqc8hNVW3h/sprite_watcher_medium_punch_ea1fb210.png	legacy-cloudfront
403	https://d2xsxph8kpxj0f.cloudfront.net/310419663032080159/2quXz2C2n5hMfqc8hNVW3h/sprite_watcher_special_a55aedda.png	legacy-cloudfront
403	https://d2xsxph8kpxj0f.cloudfront.net/310419663032080159/2quXz2C2n5hMfqc8hNVW3h/sprite_wolf_attack_401439d6.png	legacy-cloudfront
403	https://d2xsxph8kpxj0f.cloudfront.net/310419663032080159/2quXz2C2n5hMfqc8hNVW3h/sprite_watcher_walk_back_cfe0eebb.png	legacy-cloudfront
403	https://d2xsxph8kpxj0f.cloudfront.net/310419663032080159/2quXz2C2n5hMfqc8hNVW3h/sprite_watcher_victory_ffa01ec4.png	legacy-cloudfront
403	https://d2xsxph8kpxj0f.cloudfront.net/310419663032080159/2quXz2C2n5hMfqc8hNVW3h/sprite_wolf_victory_a9ec1cc1.png	legacy-cloudfront
403	https://d2xsxph8kpxj0f.cloudfront.net/310419663032080159/2quXz2C2n5hMfqc8hNVW3h/sprite_wolf_block_87c713b2.png	legacy-cloudfront
403	https://d2xsxph8kpxj0f.cloudfront.net/310419663032080159/2quXz2C2n5hMfqc8hNVW3h/sprite_wraith-calder_victory_1da316f6.png	legacy-cloudfront
403	https://d2xsxph8kpxj0f.cloudfront.net/310419663032080159/2quXz2C2n5hMfqc8hNVW3h/sprite_wolf_idle_65f34087.png	legacy-cloudfront
403	https://d2xsxph8kpxj0f.cloudfront.net/310419663032080159/2quXz2C2n5hMfqc8hNVW3h/sprite_xethraal_block_111b97a3.png	legacy-cloudfront
403	https://d2xsxph8kpxj0f.cloudfront.net/310419663032080159/2quXz2C2n5hMfqc8hNVW3h/sprite_wraith-calder_ko_d142d2ba.png	legacy-cloudfront
403	https://d2xsxph8kpxj0f.cloudfront.net/310419663032080159/2quXz2C2n5hMfqc8hNVW3h/sprite_wraith-calder_attack_28022774.png	legacy-cloudfront
403	https://d2xsxph8kpxj0f.cloudfront.net/310419663032080159/2quXz2C2n5hMfqc8hNVW3h/sprite_wraith-calder_hit_a32e22b2.png	legacy-cloudfront
403	https://d2xsxph8kpxj0f.cloudfront.net/310419663032080159/2quXz2C2n5hMfqc8hNVW3h/sprite_watcher_walk_fwd_2c92c6aa.png	legacy-cloudfront
403	https://d2xsxph8kpxj0f.cloudfront.net/310419663032080159/2quXz2C2n5hMfqc8hNVW3h/sprite_wolf_ko_c43a5c14.png	legacy-cloudfront
403	https://d2xsxph8kpxj0f.cloudfront.net/310419663032080159/2quXz2C2n5hMfqc8hNVW3h/stockfish-18-lite-single_6ceefd43.js	legacy-cloudfront
403	https://d2xsxph8kpxj0f.cloudfront.net/310419663032080159/2quXz2C2n5hMfqc8hNVW3h/sprite_wolf_hit_33a12fa9.png	legacy-cloudfront
403	https://d2xsxph8kpxj0f.cloudfront.net/310419663032080159/2quXz2C2n5hMfqc8hNVW3h/sprite_xethraal_victory_f255645f.png	legacy-cloudfront
403	https://d2xsxph8kpxj0f.cloudfront.net/310419663032080159/2quXz2C2n5hMfqc8hNVW3h/sprite_watcher_taunt_8bd5de28.png	legacy-cloudfront
403	https://d2xsxph8kpxj0f.cloudfront.net/310419663032080159/2quXz2C2n5hMfqc8hNVW3h/sprite_xethraal_ko_0e1a84e7.png	legacy-cloudfront
403	https://d2xsxph8kpxj0f.cloudfront.net/310419663032080159/2quXz2C2n5hMfqc8hNVW3h/sprite_xethraal_hit_f32b6ba8.png	legacy-cloudfront
403	https://d2xsxph8kpxj0f.cloudfront.net/310419663032080159/2quXz2C2n5hMfqc8hNVW3h/sprite_wraith-calder_block_623f2d1a.png	legacy-cloudfront
403	https://d2xsxph8kpxj0f.cloudfront.net/310419663032080159/2quXz2C2n5hMfqc8hNVW3h/station-dock_84c26932.png	legacy-cloudfront
403	https://d2xsxph8kpxj0f.cloudfront.net/310419663032080159/2quXz2C2n5hMfqc8hNVW3h/sprite_xethraal_idle_83ebc41c.png	legacy-cloudfront
403	https://d2xsxph8kpxj0f.cloudfront.net/310419663032080159/2quXz2C2n5hMfqc8hNVW3h/storm_crouch_kick-FFNK5oP8CPk8DM7qZwVT4f.png	legacy-cloudfront
403	https://d2xsxph8kpxj0f.cloudfront.net/310419663032080159/2quXz2C2n5hMfqc8hNVW3h/storm_dizzy-Z5UQmUA8ZEd6dWLtUcvVaP.png	legacy-cloudfront
403	https://d2xsxph8kpxj0f.cloudfront.net/310419663032080159/2quXz2C2n5hMfqc8hNVW3h/sprite_wraith-calder_idle_14fb4636.png	legacy-cloudfront
403	https://d2xsxph8kpxj0f.cloudfront.net/310419663032080159/2quXz2C2n5hMfqc8hNVW3h/storm_light_kick-eTspBsRdnbQ8zidfKiuwJc.png	legacy-cloudfront
403	https://d2xsxph8kpxj0f.cloudfront.net/310419663032080159/2quXz2C2n5hMfqc8hNVW3h/sprite_xethraal_attack_a647268f.png	legacy-cloudfront
403	https://d2xsxph8kpxj0f.cloudfront.net/310419663032080159/2quXz2C2n5hMfqc8hNVW3h/storm_grab-CGLH4m9AkgUsfdApbuDX6F.png	legacy-cloudfront
403	https://d2xsxph8kpxj0f.cloudfront.net/310419663032080159/2quXz2C2n5hMfqc8hNVW3h/storm_dash-MFNyz3pKeKeEHq69diyYnK.png	legacy-cloudfront
403	https://d2xsxph8kpxj0f.cloudfront.net/310419663032080159/2quXz2C2n5hMfqc8hNVW3h/storm_crouch_punch-F3vXo2AsLarHrrFDYXn29E.png	legacy-cloudfront
403	https://d2xsxph8kpxj0f.cloudfront.net/310419663032080159/2quXz2C2n5hMfqc8hNVW3h/storm_special-Ry2Py5ygKQ2AJKpgTwTGqL.png	legacy-cloudfront
403	https://d2xsxph8kpxj0f.cloudfront.net/310419663032080159/2quXz2C2n5hMfqc8hNVW3h/storm_heavy_kick-4yLdKjbLufhx2JyLfpbtkm.png	legacy-cloudfront
403	https://d2xsxph8kpxj0f.cloudfront.net/310419663032080159/2quXz2C2n5hMfqc8hNVW3h/storm_light_punch-C3WN3GL2HZzcwSHpfqYaa5.png	legacy-cloudfront
403	https://d2xsxph8kpxj0f.cloudfront.net/310419663032080159/2quXz2C2n5hMfqc8hNVW3h/sweep_9d6848d8.png	legacy-cloudfront
403	https://d2xsxph8kpxj0f.cloudfront.net/310419663032080159/2quXz2C2n5hMfqc8hNVW3h/storm_heavy_punch-dbECKai3xKqNSb27STP9Ui.png	legacy-cloudfront
403	https://d2xsxph8kpxj0f.cloudfront.net/310419663032080159/2quXz2C2n5hMfqc8hNVW3h/storm_taunt-SGP65kcvmJXrve6CMHo9xJ.png	legacy-cloudfront
403	https://d2xsxph8kpxj0f.cloudfront.net/310419663032080159/2quXz2C2n5hMfqc8hNVW3h/storm_crouch-GMW9PT4gToaFWTCr6jjK4g.png	legacy-cloudfront
403	https://d2xsxph8kpxj0f.cloudfront.net/310419663032080159/2quXz2C2n5hMfqc8hNVW3h/storm_knockdown-ELD689pfFD6bASXfWqg3EY.png	legacy-cloudfront
403	https://d2xsxph8kpxj0f.cloudfront.net/310419663032080159/2quXz2C2n5hMfqc8hNVW3h/sweep_7ef6a1a3.png	legacy-cloudfront
403	https://d2xsxph8kpxj0f.cloudfront.net/310419663032080159/2quXz2C2n5hMfqc8hNVW3h/storm_walk_back-3tC6gANDXsmx8t8yigAbhF.png	legacy-cloudfront
403	https://d2xsxph8kpxj0f.cloudfront.net/310419663032080159/2quXz2C2n5hMfqc8hNVW3h/storm_walk_fwd-Y82afMcxgpajchNarMd8rb.png	legacy-cloudfront
403	https://d2xsxph8kpxj0f.cloudfront.net/310419663032080159/2quXz2C2n5hMfqc8hNVW3h/storm_jump-eDQBgqNzAWTPmpLATqbqh5.png	legacy-cloudfront
403	https://d2xsxph8kpxj0f.cloudfront.net/310419663032080159/2quXz2C2n5hMfqc8hNVW3h/storm_medium_punch-kYgf4FFrzWtvCKDLvKY62j.png	legacy-cloudfront
403	https://d2xsxph8kpxj0f.cloudfront.net/310419663032080159/2quXz2C2n5hMfqc8hNVW3h/sweep_c6ce95e2.png	legacy-cloudfront
403	https://d2xsxph8kpxj0f.cloudfront.net/310419663032080159/2quXz2C2n5hMfqc8hNVW3h/sweep_78731f1b.png	legacy-cloudfront
403	https://d2xsxph8kpxj0f.cloudfront.net/310419663032080159/2quXz2C2n5hMfqc8hNVW3h/sylvex_crouch_kick-gaaNVfQKVkzWFWHvbVwqX4.png	legacy-cloudfront
403	https://d2xsxph8kpxj0f.cloudfront.net/310419663032080159/2quXz2C2n5hMfqc8hNVW3h/storm_medium_kick-dbKBTaLmSgRGd2f2UocLkg.png	legacy-cloudfront
403	https://d2xsxph8kpxj0f.cloudfront.net/310419663032080159/2quXz2C2n5hMfqc8hNVW3h/storm_jump_attack-SKNJ7BKz5x5G6Zh9DuyQxf.png	legacy-cloudfront
403	https://d2xsxph8kpxj0f.cloudfront.net/310419663032080159/2quXz2C2n5hMfqc8hNVW3h/storm_sweep-UhQK5BeUCeKE2dzoERLRj9.png	legacy-cloudfront
403	https://d2xsxph8kpxj0f.cloudfront.net/310419663032080159/2quXz2C2n5hMfqc8hNVW3h/sylvex_crouch-YVXH92BqxaX4qpkSMaP5Vt.png	legacy-cloudfront
403	https://d2xsxph8kpxj0f.cloudfront.net/310419663032080159/2quXz2C2n5hMfqc8hNVW3h/sylvex_walk_fwd-CHLnc6hhm4qTjdkkj2dRbM.png	legacy-cloudfront
403	https://d2xsxph8kpxj0f.cloudfront.net/310419663032080159/2quXz2C2n5hMfqc8hNVW3h/synthesis-chamber_b0262d0c.png	legacy-cloudfront
403	https://d2xsxph8kpxj0f.cloudfront.net/310419663032080159/2quXz2C2n5hMfqc8hNVW3h/the_collector_portrait-LmPdTXHDjBTaVNhZoS6Li3.webp	legacy-cloudfront
403	https://d2xsxph8kpxj0f.cloudfront.net/310419663032080159/2quXz2C2n5hMfqc8hNVW3h/sylvex_crouch_punch-K5yUmsxLfFineY8hrMYSJP.png	legacy-cloudfront
403	https://d2xsxph8kpxj0f.cloudfront.net/310419663032080159/2quXz2C2n5hMfqc8hNVW3h/sylvex_dash-VstVhHosJzrsZKKBnoru6S.png	legacy-cloudfront
403	https://d2xsxph8kpxj0f.cloudfront.net/310419663032080159/2quXz2C2n5hMfqc8hNVW3h/sylvex_knockdown-cTpWVnrF8Z5UnoCPwDfSSn.png	legacy-cloudfront
403	https://d2xsxph8kpxj0f.cloudfront.net/310419663032080159/2quXz2C2n5hMfqc8hNVW3h/sylvex_heavy_kick-QfTUHyHgAyypq9rkaJ9thz.png	legacy-cloudfront
403	https://d2xsxph8kpxj0f.cloudfront.net/310419663032080159/2quXz2C2n5hMfqc8hNVW3h/sylvex_medium_kick-M2riFbGCsevFspdWY8NNea.png	legacy-cloudfront
403	https://d2xsxph8kpxj0f.cloudfront.net/310419663032080159/2quXz2C2n5hMfqc8hNVW3h/sylvex_dizzy-n4gWpJvoEtam5fWi2pwLyw.png	legacy-cloudfront
403	https://d2xsxph8kpxj0f.cloudfront.net/310419663032080159/2quXz2C2n5hMfqc8hNVW3h/sylvex_grab-SJpvfyFFbJLhDxmnBvYjt9.png	legacy-cloudfront
403	https://d2xsxph8kpxj0f.cloudfront.net/310419663032080159/2quXz2C2n5hMfqc8hNVW3h/sylvex_special-evVHCkww4M2ZWELwEn5Lzx.png	legacy-cloudfront
403	https://d2xsxph8kpxj0f.cloudfront.net/310419663032080159/2quXz2C2n5hMfqc8hNVW3h/sylvex_light_kick-Qgye34bnZkBV9g6gnvWK92.png	legacy-cloudfront
403	https://d2xsxph8kpxj0f.cloudfront.net/310419663032080159/2quXz2C2n5hMfqc8hNVW3h/taunt_3e00bc34.png	legacy-cloudfront
403	https://d2xsxph8kpxj0f.cloudfront.net/310419663032080159/2quXz2C2n5hMfqc8hNVW3h/sylvex_jump_attack-kb2QeUcyHypQcMzMWMuTYR.png	legacy-cloudfront
403	https://d2xsxph8kpxj0f.cloudfront.net/310419663032080159/2quXz2C2n5hMfqc8hNVW3h/sylvex_taunt-TMnxpE8Pqm5zvLZLNxWsjr.png	legacy-cloudfront
403	https://d2xsxph8kpxj0f.cloudfront.net/310419663032080159/2quXz2C2n5hMfqc8hNVW3h/sylvex_jump-VPUcqE4Fsy3rtx2FtW3bhk.png	legacy-cloudfront
403	https://d2xsxph8kpxj0f.cloudfront.net/310419663032080159/2quXz2C2n5hMfqc8hNVW3h/sylvex_light_punch-C2t32MyJZo5umogX6NxukU.png	legacy-cloudfront
403	https://d2xsxph8kpxj0f.cloudfront.net/310419663032080159/2quXz2C2n5hMfqc8hNVW3h/sylvex_medium_punch-QdCFr6TVGGvJdWd7jwVHhA.png	legacy-cloudfront
403	https://d2xsxph8kpxj0f.cloudfront.net/310419663032080159/2quXz2C2n5hMfqc8hNVW3h/sylvex_heavy_punch-6jrYE4dqTc5JJvgLRS9jKa.png	legacy-cloudfront
403	https://d2xsxph8kpxj0f.cloudfront.net/310419663032080159/2quXz2C2n5hMfqc8hNVW3h/the_engineer_story_1065e1b0.avif	legacy-cloudfront
403	https://d2xsxph8kpxj0f.cloudfront.net/310419663032080159/2quXz2C2n5hMfqc8hNVW3h/terminus_bg-DX47zzMZ5k3JdifSRVmKhR.webp	legacy-cloudfront
403	https://d2xsxph8kpxj0f.cloudfront.net/310419663032080159/2quXz2C2n5hMfqc8hNVW3h/sylvex_sweep-b6j4xDEcux6wY4qULS6HDd.png	legacy-cloudfront
403	https://d2xsxph8kpxj0f.cloudfront.net/310419663032080159/2quXz2C2n5hMfqc8hNVW3h/sylvex_walk_back-iKEHmpEWQ5ssPuYnhemFZG.png	legacy-cloudfront
403	https://d2xsxph8kpxj0f.cloudfront.net/310419663032080159/2quXz2C2n5hMfqc8hNVW3h/taunt_78b2eb0d.png	legacy-cloudfront
403	https://d2xsxph8kpxj0f.cloudfront.net/310419663032080159/2quXz2C2n5hMfqc8hNVW3h/v2_Z1TheAntiquarian_1b9e74b2.png	legacy-cloudfront
403	https://d2xsxph8kpxj0f.cloudfront.net/310419663032080159/2quXz2C2n5hMfqc8hNVW3h/taunt_afe57d31.png	legacy-cloudfront
403	https://d2xsxph8kpxj0f.cloudfront.net/310419663032080159/2quXz2C2n5hMfqc8hNVW3h/thaloria_bg-M7SWZHAJwr8fcXgRRMMax4.webp	legacy-cloudfront
403	https://d2xsxph8kpxj0f.cloudfront.net/310419663032080159/2quXz2C2n5hMfqc8hNVW3h/v2_TV1TheSource_1eed24b0.png	legacy-cloudfront
403	https://d2xsxph8kpxj0f.cloudfront.net/310419663032080159/2quXz2C2n5hMfqc8hNVW3h/the_oracle_story_cec1ee35.avif	legacy-cloudfront
403	https://d2xsxph8kpxj0f.cloudfront.net/310419663032080159/2quXz2C2n5hMfqc8hNVW3h/v2_I1IronLion_8d58aeec.png	legacy-cloudfront
403	https://d2xsxph8kpxj0f.cloudfront.net/310419663032080159/2quXz2C2n5hMfqc8hNVW3h/taunt_7ec85998.png	legacy-cloudfront
403	https://d2xsxph8kpxj0f.cloudfront.net/310419663032080159/2quXz2C2n5hMfqc8hNVW3h/v2_A1Architect_9a200cb7.png	legacy-cloudfront
403	https://d2xsxph8kpxj0f.cloudfront.net/310419663032080159/2quXz2C2n5hMfqc8hNVW3h/varkul_crouch_kick-bUmbBtmiQv8yKgxXF7Bgh8.png	legacy-cloudfront
403	https://d2xsxph8kpxj0f.cloudfront.net/310419663032080159/2quXz2C2n5hMfqc8hNVW3h/varkul_crouch-ZmJoTjzBavKJ2F6TrXkeES.png	legacy-cloudfront
403	https://d2xsxph8kpxj0f.cloudfront.net/310419663032080159/2quXz2C2n5hMfqc8hNVW3h/v2_A12TheHuman_0fff52d8.png	legacy-cloudfront
403	https://d2xsxph8kpxj0f.cloudfront.net/310419663032080159/2quXz2C2n5hMfqc8hNVW3h/varkul_crouch_punch-9ZpAbYz7T2fKgwYXg6jAR2.png	legacy-cloudfront
403	https://d2xsxph8kpxj0f.cloudfront.net/310419663032080159/2quXz2C2n5hMfqc8hNVW3h/the_human_portrait.png	legacy-cloudfront
403	https://d2xsxph8kpxj0f.cloudfront.net/310419663032080159/2quXz2C2n5hMfqc8hNVW3h/the_warden_portrait.png	legacy-cloudfront
403	https://d2xsxph8kpxj0f.cloudfront.net/310419663032080159/2quXz2C2n5hMfqc8hNVW3h/the_watcher_portrait-YSS689tnGNySPvPUAfgEZr.webp	legacy-cloudfront
403	https://d2xsxph8kpxj0f.cloudfront.net/310419663032080159/2quXz2C2n5hMfqc8hNVW3h/varkul_dash-2whVTd9RqVdJopgcV8pMQr.png	legacy-cloudfront
403	https://d2xsxph8kpxj0f.cloudfront.net/310419663032080159/2quXz2C2n5hMfqc8hNVW3h/varkul_dizzy-PQX9vxqbj3QcXVvU3soeqt.png	legacy-cloudfront
403	https://d2xsxph8kpxj0f.cloudfront.net/310419663032080159/2quXz2C2n5hMfqc8hNVW3h/varkul_grab-7AbGRybCNXUUazaHE4nKwW.png	legacy-cloudfront
403	https://d2xsxph8kpxj0f.cloudfront.net/310419663032080159/2quXz2C2n5hMfqc8hNVW3h/varkul_heavy_kick-WgCyUER42C4bLJbwiR2CzM.png	legacy-cloudfront
403	https://d2xsxph8kpxj0f.cloudfront.net/310419663032080159/2quXz2C2n5hMfqc8hNVW3h/v2_N1TheDreamer_1e277d21.png	legacy-cloudfront
403	https://d2xsxph8kpxj0f.cloudfront.net/310419663032080159/2quXz2C2n5hMfqc8hNVW3h/varkul_jump-n34HrDmQshQmNnce9Rmo7f.png	legacy-cloudfront
403	https://d2xsxph8kpxj0f.cloudfront.net/310419663032080159/2quXz2C2n5hMfqc8hNVW3h/varkul_heavy_punch-Arx7egDjjssb63Nje4b8xW.png	legacy-cloudfront
403	https://d2xsxph8kpxj0f.cloudfront.net/310419663032080159/2quXz2C2n5hMfqc8hNVW3h/varkul_light_punch-NQTE57WKtwMxYpm6bGXZb5.png	legacy-cloudfront
403	https://d2xsxph8kpxj0f.cloudfront.net/310419663032080159/2quXz2C2n5hMfqc8hNVW3h/varkul_knockdown-GyfJjGBKJM4s3MARfCi7zV.png	legacy-cloudfront
403	https://d2xsxph8kpxj0f.cloudfront.net/310419663032080159/2quXz2C2n5hMfqc8hNVW3h/varkul_light_kick-8DV8VoiqdMrMtx9fZEkviF.png	legacy-cloudfront
403	https://d2xsxph8kpxj0f.cloudfront.net/310419663032080159/2quXz2C2n5hMfqc8hNVW3h/varkul_jump_attack-TFk3eYtDAD6GnfQcihpYk9.png	legacy-cloudfront
403	https://d2xsxph8kpxj0f.cloudfront.net/310419663032080159/2quXz2C2n5hMfqc8hNVW3h/varkul_medium_kick-mcvsodoSpiavaEXkEMHCD3.png	legacy-cloudfront
403	https://d2xsxph8kpxj0f.cloudfront.net/310419663032080159/2quXz2C2n5hMfqc8hNVW3h/varkul_special-Kp2mB4zn3EX7QNfw2oEWbg.png	legacy-cloudfront
403	https://d2xsxph8kpxj0f.cloudfront.net/310419663032080159/2quXz2C2n5hMfqc8hNVW3h/varkul_taunt-j22psg98ETSzbKDgebhgNd.png	legacy-cloudfront
403	https://d2xsxph8kpxj0f.cloudfront.net/310419663032080159/2quXz2C2n5hMfqc8hNVW3h/varkul_medium_punch-nfMBQDqf3jEo2fNkZEjZLJ.png	legacy-cloudfront
403	https://d2xsxph8kpxj0f.cloudfront.net/310419663032080159/2quXz2C2n5hMfqc8hNVW3h/varkul_walk_back-FpvpJBVQHPdaEoucDvvYCR.png	legacy-cloudfront
403	https://d2xsxph8kpxj0f.cloudfront.net/310419663032080159/2quXz2C2n5hMfqc8hNVW3h/vexahlia_crouch-kv6LqEk9c5Q6KM2w56RQFk.png	legacy-cloudfront
403	https://d2xsxph8kpxj0f.cloudfront.net/310419663032080159/2quXz2C2n5hMfqc8hNVW3h/vexahlia_dizzy-B6TUXUApUVHEXWrpHYzcHU.png	legacy-cloudfront
403	https://d2xsxph8kpxj0f.cloudfront.net/310419663032080159/2quXz2C2n5hMfqc8hNVW3h/varkul_sweep-VsRV4JEgS5DaY9Z5wdVSbU.png	legacy-cloudfront
403	https://d2xsxph8kpxj0f.cloudfront.net/310419663032080159/2quXz2C2n5hMfqc8hNVW3h/vexahlia_grab-mwn4s6t4tJSdnbcuyh4Snj.png	legacy-cloudfront
403	https://d2xsxph8kpxj0f.cloudfront.net/310419663032080159/2quXz2C2n5hMfqc8hNVW3h/vexahlia_heavy_kick-fqs7bTKDAimtTbbT59yUbr.png	legacy-cloudfront
403	https://d2xsxph8kpxj0f.cloudfront.net/310419663032080159/2quXz2C2n5hMfqc8hNVW3h/varkul_walk_fwd-mzB4emP4GaeiA89koBdfwv.png	legacy-cloudfront
403	https://d2xsxph8kpxj0f.cloudfront.net/310419663032080159/2quXz2C2n5hMfqc8hNVW3h/vexahlia_knockdown-ebMsd4JovtEeWethmtaUqp.png	legacy-cloudfront
403	https://d2xsxph8kpxj0f.cloudfront.net/310419663032080159/2quXz2C2n5hMfqc8hNVW3h/vexahlia_heavy_punch-2VBT85kftmhPsEQbi4CByg.png	legacy-cloudfront
403	https://d2xsxph8kpxj0f.cloudfront.net/310419663032080159/2quXz2C2n5hMfqc8hNVW3h/vexahlia_crouch_punch-YUpRnYuwVmM4XZUmg3NU44.png	legacy-cloudfront
403	https://d2xsxph8kpxj0f.cloudfront.net/310419663032080159/2quXz2C2n5hMfqc8hNVW3h/vexahlia_light_punch-JybxhVpn5iW3HGMgD7LLuW.png	legacy-cloudfront
403	https://d2xsxph8kpxj0f.cloudfront.net/310419663032080159/2quXz2C2n5hMfqc8hNVW3h/vexahlia_jump_attack-njvDyxuGU5kKuLqaPxJAXG.png	legacy-cloudfront
403	https://d2xsxph8kpxj0f.cloudfront.net/310419663032080159/2quXz2C2n5hMfqc8hNVW3h/vexahlia_walk_fwd-XKTP6VUBmBJevg3VtsvhM8.png	legacy-cloudfront
403	https://d2xsxph8kpxj0f.cloudfront.net/310419663032080159/2quXz2C2n5hMfqc8hNVW3h/vexahlia_dash-ZK2x245efY9wb5F7s6eBdF.png	legacy-cloudfront
403	https://d2xsxph8kpxj0f.cloudfront.net/310419663032080159/2quXz2C2n5hMfqc8hNVW3h/vexahlia_crouch_kick-VSQf2b4CUfwSYCnQiZLNDx.png	legacy-cloudfront
403	https://d2xsxph8kpxj0f.cloudfront.net/310419663032080159/2quXz2C2n5hMfqc8hNVW3h/vexahlia_jump-FZmvRHKbcPqYmbipjhLjbH.png	legacy-cloudfront
403	https://d2xsxph8kpxj0f.cloudfront.net/310419663032080159/2quXz2C2n5hMfqc8hNVW3h/vexahlia_medium_punch-RQtJvpcZkrCttv2wqHhTwR.png	legacy-cloudfront
403	https://d2xsxph8kpxj0f.cloudfront.net/310419663032080159/2quXz2C2n5hMfqc8hNVW3h/vexahlia_medium_kick-4H2gbb4yhXWZiKZeYxUbLJ.png	legacy-cloudfront
403	https://d2xsxph8kpxj0f.cloudfront.net/310419663032080159/2quXz2C2n5hMfqc8hNVW3h/vexahlia_light_kick-NQwZfSWgsZLdpUXEyocqL3.png	legacy-cloudfront
403	https://d2xsxph8kpxj0f.cloudfront.net/310419663032080159/2quXz2C2n5hMfqc8hNVW3h/victory_053257aa.png	legacy-cloudfront
403	https://d2xsxph8kpxj0f.cloudfront.net/310419663032080159/2quXz2C2n5hMfqc8hNVW3h/vexahlia_sweep-TbtGfqGQwb4QrvMNKJW9eM.png	legacy-cloudfront
403	https://d2xsxph8kpxj0f.cloudfront.net/310419663032080159/2quXz2C2n5hMfqc8hNVW3h/victory_788156d3.png	legacy-cloudfront
403	https://d2xsxph8kpxj0f.cloudfront.net/310419663032080159/2quXz2C2n5hMfqc8hNVW3h/w_king_39464539.png	legacy-cloudfront
403	https://d2xsxph8kpxj0f.cloudfront.net/310419663032080159/2quXz2C2n5hMfqc8hNVW3h/walkBack_20735779.png	legacy-cloudfront
403	https://d2xsxph8kpxj0f.cloudfront.net/310419663032080159/2quXz2C2n5hMfqc8hNVW3h/w_bishop_bc3e0527.png	legacy-cloudfront
403	https://d2xsxph8kpxj0f.cloudfront.net/310419663032080159/2quXz2C2n5hMfqc8hNVW3h/vexahlia_special-GVv4Jt9NXaFDBmQCqEu6PU.png	legacy-cloudfront
403	https://d2xsxph8kpxj0f.cloudfront.net/310419663032080159/2quXz2C2n5hMfqc8hNVW3h/w_rook_bcad7106.png	legacy-cloudfront
403	https://d2xsxph8kpxj0f.cloudfront.net/310419663032080159/2quXz2C2n5hMfqc8hNVW3h/vexahlia_walk_back-24PDYjXGxGAmDvcS6pkFaN.png	legacy-cloudfront
403	https://d2xsxph8kpxj0f.cloudfront.net/310419663032080159/2quXz2C2n5hMfqc8hNVW3h/walkBack_42e1b4a5.png	legacy-cloudfront
403	https://d2xsxph8kpxj0f.cloudfront.net/310419663032080159/2quXz2C2n5hMfqc8hNVW3h/w_queen_88b2ab3c.png	legacy-cloudfront
403	https://d2xsxph8kpxj0f.cloudfront.net/310419663032080159/2quXz2C2n5hMfqc8hNVW3h/vexahlia_taunt-SUrY7MkjabWKKbnTn7w8Bm.png	legacy-cloudfront
403	https://d2xsxph8kpxj0f.cloudfront.net/310419663032080159/2quXz2C2n5hMfqc8hNVW3h/w_pawn_c03d0c0d.png	legacy-cloudfront
403	https://d2xsxph8kpxj0f.cloudfront.net/310419663032080159/2quXz2C2n5hMfqc8hNVW3h/walkForward_24fc0ea5.png	legacy-cloudfront
403	https://d2xsxph8kpxj0f.cloudfront.net/310419663032080159/2quXz2C2n5hMfqc8hNVW3h/victory_6f483ad0.png	legacy-cloudfront
403	https://d2xsxph8kpxj0f.cloudfront.net/310419663032080159/2quXz2C2n5hMfqc8hNVW3h/w_knight_c5046f32.png	legacy-cloudfront
403	https://d2xsxph8kpxj0f.cloudfront.net/310419663032080159/2quXz2C2n5hMfqc8hNVW3h/victory_67008cbc.png	legacy-cloudfront
403	https://d2xsxph8kpxj0f.cloudfront.net/310419663032080159/2quXz2C2n5hMfqc8hNVW3h/walkBack_d2b64750.png	legacy-cloudfront
403	https://d2xsxph8kpxj0f.cloudfront.net/310419663032080159/2quXz2C2n5hMfqc8hNVW3h/walkForward_0c133afe.png	legacy-cloudfront
403	https://d2xsxph8kpxj0f.cloudfront.net/310419663032080159/2quXz2C2n5hMfqc8hNVW3h/walkForward_ac182b2b.png	legacy-cloudfront
403	https://d2xsxph8kpxj0f.cloudfront.net/310419663032080159/2quXz2C2n5hMfqc8hNVW3h/walkBack_68e7a11f.png	legacy-cloudfront
403	https://d2xsxph8kpxj0f.cloudfront.net/310419663032080159/2quXz2C2n5hMfqc8hNVW3h/walkForward_ffed7812.png	legacy-cloudfront
403	https://d2xsxph8kpxj0f.cloudfront.net/310419663032080159/2quXz2C2n5hMfqc8hNVW3h/warlord_spritesheet-Rn8XDZdk9qW4zzEg3VuroZ.webp	legacy-cloudfront
403	https://d2xsxph8kpxj0f.cloudfront.net/310419663032080159/2quXz2C2n5hMfqc8hNVW3h/war-room_69f201e0.png	legacy-cloudfront
403	https://d2xsxph8kpxj0f.cloudfront.net/310419663032080159/2quXz2C2n5hMfqc8hNVW3h/wolf_crouch_kick-43zrcZFFDFNwHr8B8N4XJP.png	legacy-cloudfront
403	https://d2xsxph8kpxj0f.cloudfront.net/310419663032080159/2quXz2C2n5hMfqc8hNVW3h/wolf_dash-SWvJvz3AbyEsNxBMLWBbCV.png	legacy-cloudfront
403	https://d2xsxph8kpxj0f.cloudfront.net/310419663032080159/2quXz2C2n5hMfqc8hNVW3h/white_oracle_portrait.png	legacy-cloudfront
403	https://d2xsxph8kpxj0f.cloudfront.net/310419663032080159/2quXz2C2n5hMfqc8hNVW3h/wolf_dizzy-QsKF5WBFmvwEewBNFpDkH6.png	legacy-cloudfront
403	https://d2xsxph8kpxj0f.cloudfront.net/310419663032080159/2quXz2C2n5hMfqc8hNVW3h/wolf_knockdown-SyMEoPcAeEMyD42SZ9Rebm.png	legacy-cloudfront
403	https://d2xsxph8kpxj0f.cloudfront.net/310419663032080159/2quXz2C2n5hMfqc8hNVW3h/wolf_crouch-FtPYkR28VvedfmqdjaYnyR.png	legacy-cloudfront
403	https://d2xsxph8kpxj0f.cloudfront.net/310419663032080159/2quXz2C2n5hMfqc8hNVW3h/wolf_crouch_punch-iUEcHuVGAZSDaWbvagEosy.png	legacy-cloudfront
403	https://d2xsxph8kpxj0f.cloudfront.net/310419663032080159/2quXz2C2n5hMfqc8hNVW3h/wolf_grab-ibGbx3Er6W4rzybcYAbZrB.png	legacy-cloudfront
403	https://d2xsxph8kpxj0f.cloudfront.net/310419663032080159/2quXz2C2n5hMfqc8hNVW3h/wolf_heavy_punch-bMf7o23RpHSXXQ4v25Y4rr.png	legacy-cloudfront
403	https://d2xsxph8kpxj0f.cloudfront.net/310419663032080159/2quXz2C2n5hMfqc8hNVW3h/wolf_medium_punch-jvBN3e3Z8y28oDkpBsZio5.png	legacy-cloudfront
403	https://d2xsxph8kpxj0f.cloudfront.net/310419663032080159/2quXz2C2n5hMfqc8hNVW3h/wolf_light_kick-emG5MkdgbyZJkRbRNTh7sn.png	legacy-cloudfront
403	https://d2xsxph8kpxj0f.cloudfront.net/310419663032080159/2quXz2C2n5hMfqc8hNVW3h/wolf_jump_attack-cYSPC8sNzZ82DEAivSYG6f.png	legacy-cloudfront
403	https://d2xsxph8kpxj0f.cloudfront.net/310419663032080159/2quXz2C2n5hMfqc8hNVW3h/wolf_jump-GhY3rxw3HUgDnUtzRc6WXD.png	legacy-cloudfront
403	https://d2xsxph8kpxj0f.cloudfront.net/310419663032080159/2quXz2C2n5hMfqc8hNVW3h/wolf_taunt-ngTUu3FejggzBhu9gcoGiU.png	legacy-cloudfront
403	https://d2xsxph8kpxj0f.cloudfront.net/310419663032080159/2quXz2C2n5hMfqc8hNVW3h/wolf_walk_fwd-J88eM9GeUGYdSaQGcndijd.png	legacy-cloudfront
403	https://d2xsxph8kpxj0f.cloudfront.net/310419663032080159/2quXz2C2n5hMfqc8hNVW3h/wolf_light_punch-ZNHTgHMqYaqkxUhaSozWZk.png	legacy-cloudfront
403	https://d2xsxph8kpxj0f.cloudfront.net/310419663032080159/2quXz2C2n5hMfqc8hNVW3h/wolf_special-5oe9Pv68HsKR9teaNdDScR.png	legacy-cloudfront
403	https://d2xsxph8kpxj0f.cloudfront.net/310419663032080159/2quXz2C2n5hMfqc8hNVW3h/wraith_calder_walk_back-6EvEqhQHDuLfZLzTCmxLXr.png	legacy-cloudfront
403	https://d2xsxph8kpxj0f.cloudfront.net/310419663032080159/2quXz2C2n5hMfqc8hNVW3h/wraith_calder_jump-8mNoPQRsTuVwXyZaBcDeFg.png	legacy-cloudfront
403	https://d2xsxph8kpxj0f.cloudfront.net/310419663032080159/2quXz2C2n5hMfqc8hNVW3h/wolf_heavy_kick-8gzWntCM7HuWnGjPv45GEL.png	legacy-cloudfront
403	https://d2xsxph8kpxj0f.cloudfront.net/310419663032080159/2quXz2C2n5hMfqc8hNVW3h/wolf_medium_kick-N496K3j39AxbvLi6mxLLbY.png	legacy-cloudfront
403	https://d2xsxph8kpxj0f.cloudfront.net/310419663032080159/2quXz2C2n5hMfqc8hNVW3h/wraith_calder_crouch_kick-3nBxVJxfVdJhSJzBHBhJvA.png	legacy-cloudfront
403	https://d2xsxph8kpxj0f.cloudfront.net/310419663032080159/2quXz2C2n5hMfqc8hNVW3h/wraith_calder_grab-8e5Nc7pFZp6KfP2osixffr.png	legacy-cloudfront
403	https://d2xsxph8kpxj0f.cloudfront.net/310419663032080159/2quXz2C2n5hMfqc8hNVW3h/wraith_calder_walk_fwd-3FcFwdBJyRcwCNnQgHhBnM.png	legacy-cloudfront
403	https://d2xsxph8kpxj0f.cloudfront.net/310419663032080159/2quXz2C2n5hMfqc8hNVW3h/wolf_sweep-atbAMEhz79G4A55UCzybUe.png	legacy-cloudfront
403	https://d2xsxph8kpxj0f.cloudfront.net/310419663032080159/2quXz2C2n5hMfqc8hNVW3h/wraith_calder_crouch-6xBqxFWcjmUYVxJPLVVxQQ.png	legacy-cloudfront
403	https://d2xsxph8kpxj0f.cloudfront.net/310419663032080159/2quXz2C2n5hMfqc8hNVW3h/wolf_walk_back-7vn7p5mzgKF9wfBZ4dzUot.png	legacy-cloudfront
403	https://d2xsxph8kpxj0f.cloudfront.net/310419663032080159/2quXz2C2n5hMfqc8hNVW3h/wraith_calder_fight_intro_a2881ffd.mp4	legacy-cloudfront
403	https://d2xsxph8kpxj0f.cloudfront.net/310419663032080159/2quXz2C2n5hMfqc8hNVW3h/wraith_calder_dizzy-YUezFXaTYbJBQVrnuBQcgq.png	legacy-cloudfront
403	https://d2xsxph8kpxj0f.cloudfront.net/310419663032080159/2quXz2C2n5hMfqc8hNVW3h/wraith_calder_dash-2XBJCpqfLzxLqhAhHzqxcP.png	legacy-cloudfront
403	https://d2xsxph8kpxj0f.cloudfront.net/310419663032080159/2quXz2C2n5hMfqc8hNVW3h/wraith_calder_taunt-NabGv8sG77BmL5KuFTty7j.png	legacy-cloudfront
403	https://d2xsxph8kpxj0f.cloudfront.net/310419663032080159/2quXz2C2n5hMfqc8hNVW3h/wraith_calder_jump_attack-9nOpPQRsTuVwXyZaBcDeFg.png	legacy-cloudfront
403	https://d2xsxph8kpxj0f.cloudfront.net/310419663032080159/2quXz2C2n5hMfqc8hNVW3h/wraith_calder_heavy_kick-3BxvWJxfVdJhSJzBHBhJvA.png	legacy-cloudfront
403	https://d2xsxph8kpxj0f.cloudfront.net/310419663032080159/2quXz2C2n5hMfqc8hNVW3h/wraith_calder_crouch_punch-5jQxPMnLzRjhNPQCqPnPbH.png	legacy-cloudfront
403	https://d2xsxph8kpxj0f.cloudfront.net/310419663032080159/2quXz2C2n5hMfqc8hNVW3h/wraith_calder_heavy_punch-5nHQjxkqgSLhFTEz7aCPfR.png	legacy-cloudfront
403	https://d2xsxph8kpxj0f.cloudfront.net/310419663032080159/2quXz2C2n5hMfqc8hNVW3h/wraith_calder_light_kick-3uTvqVJvRXqFGsrTzJGPH2.png	legacy-cloudfront
403	https://d2xsxph8kpxj0f.cloudfront.net/310419663032080159/2quXz2C2n5hMfqc8hNVW3h/xethraal_dash-GuecDdURFr9FXBbVyNsqvV.png	legacy-cloudfront
403	https://d2xsxph8kpxj0f.cloudfront.net/310419663032080159/2quXz2C2n5hMfqc8hNVW3h/wraith_calder_medium_punch-3MNqoSLhVtqbzXrjfLcSxH.png	legacy-cloudfront
403	https://d2xsxph8kpxj0f.cloudfront.net/310419663032080159/2quXz2C2n5hMfqc8hNVW3h/wraith_calder_light_punch-5f2hnCCdSvqTHLwQbhCJPP.png	legacy-cloudfront
403	https://d2xsxph8kpxj0f.cloudfront.net/310419663032080159/2quXz2C2n5hMfqc8hNVW3h/xethraal_crouch_kick-UxpU42sCbDZyUqUUDccrnP.png	legacy-cloudfront
403	https://d2xsxph8kpxj0f.cloudfront.net/310419663032080159/2quXz2C2n5hMfqc8hNVW3h/xethraal_crouch_punch-UCrymcCfnpKEpkVMLT73ij.png	legacy-cloudfront
403	https://d2xsxph8kpxj0f.cloudfront.net/310419663032080159/2quXz2C2n5hMfqc8hNVW3h/xethraal_dizzy-dCnBkS2bxbiWURt3T3zGNv.png	legacy-cloudfront
403	https://d2xsxph8kpxj0f.cloudfront.net/310419663032080159/2quXz2C2n5hMfqc8hNVW3h/xethraal_grab-nC9ZtzADumbyMi45yMpobR.png	legacy-cloudfront
403	https://d2xsxph8kpxj0f.cloudfront.net/310419663032080159/2quXz2C2n5hMfqc8hNVW3h/wraith_calder_sweep-7kLmNPQRsTuVwXyZaBcDeF.png	legacy-cloudfront
403	https://d2xsxph8kpxj0f.cloudfront.net/310419663032080159/2quXz2C2n5hMfqc8hNVW3h/wraith_calder_medium_kick-4vPKdJHMKWYJQCVkqrGdAJ.png	legacy-cloudfront
403	https://d2xsxph8kpxj0f.cloudfront.net/310419663032080159/2quXz2C2n5hMfqc8hNVW3h/wraith_calder_knockdown-d4dMDRPo2H4VtBvKFNdvUP.png	legacy-cloudfront
403	https://d2xsxph8kpxj0f.cloudfront.net/310419663032080159/2quXz2C2n5hMfqc8hNVW3h/wraith_calder_special-WUMZ2X4HgNJUXeSANUxasR.png	legacy-cloudfront
403	https://d2xsxph8kpxj0f.cloudfront.net/310419663032080159/2quXz2C2n5hMfqc8hNVW3h/xethraal_walk_fwd-DcEoAdgLYrNyjWjXJj6taK.png	legacy-cloudfront
403	https://d2xsxph8kpxj0f.cloudfront.net/310419663032080159/2quXz2C2n5hMfqc8hNVW3h/xethraal_jump-TkHZwnu8fug7m5hTXSZ6ta.png	legacy-cloudfront
403	https://d2xsxph8kpxj0f.cloudfront.net/310419663032080159/2quXz2C2n5hMfqc8hNVW3h/xethraal_crouch-asHQa2TodhNpoViT9KLAos.png	legacy-cloudfront
403	https://d2xsxph8kpxj0f.cloudfront.net/310419663032080159/2quXz2C2n5hMfqc8hNVW3h/xethraal_light_kick-53pNb8S4ZacVUgpGHsi7sx.png	legacy-cloudfront
403	https://d2xsxph8kpxj0f.cloudfront.net/310419663032080159/2quXz2C2n5hMfqc8hNVW3h/xethraal_knockdown-h3jXZT2yTM5kw5Uwig4xAS.png	legacy-cloudfront
403	https://d2xsxph8kpxj0f.cloudfront.net/310419663032080159/2quXz2C2n5hMfqc8hNVW3h/xethraal_light_punch-MjLunpPjnvPpi9gua2DUct.png	legacy-cloudfront
403	https://d2xsxph8kpxj0f.cloudfront.net/310419663032080159/2quXz2C2n5hMfqc8hNVW3h/xethraal_taunt-RFRJSYApicssTUXVih8t3K.png	legacy-cloudfront
403	https://d2xsxph8kpxj0f.cloudfront.net/310419663032080159/2quXz2C2n5hMfqc8hNVW3h/xethraal_heavy_punch-AHRjSwiqzUqLaJuppT3e3a.png	legacy-cloudfront
403	https://d2xsxph8kpxj0f.cloudfront.net/310419663032080159/2quXz2C2n5hMfqc8hNVW3h/xethraal_walk_back-oQXxtntiUnQL65xNgfWSNQ.png	legacy-cloudfront
403	https://d2xsxph8kpxj0f.cloudfront.net/310419663032080159/2quXz2C2n5hMfqc8hNVW3h/xethraal_medium_punch-RrkkdN8KSjCDatAwUpxiB7.png	legacy-cloudfront
403	https://d2xsxph8kpxj0f.cloudfront.net/310419663032080159/2quXz2C2n5hMfqc8hNVW3h/xethraal_heavy_kick-8Lrju4WHeVWhKwefTLWwyn.png	legacy-cloudfront
403	https://d2xsxph8kpxj0f.cloudfront.net/310419663032080159/2quXz2C2n5hMfqc8hNVW3h/xethraal_medium_kick-EwBP5kkKrWNcgUxxbvxcjp.png	legacy-cloudfront
403	https://d2xsxph8kpxj0f.cloudfront.net/310419663032080159/2quXz2C2n5hMfqc8hNVW3h/xethraal_jump_attack-dz2UfHUVHrn3bMxWTxshTz.png	legacy-cloudfront
403	https://d2xsxph8kpxj0f.cloudfront.net/310419663032080159/2quXz2C2n5hMfqc8hNVW3h/xethraal_sweep-NDKYTmEViippb6Nz8ezkkz.png	legacy-cloudfront
403	https://d2xsxph8kpxj0f.cloudfront.net/310419663032080159/2quXz2C2n5hMfqc8hNVW3h/xethraal_special-6zvwvPSGGAZy2NRNtXXggC.png	legacy-cloudfront
